# n,x,y,z,residue_mod3
1,1.00000,0.00000,0.00000,1
2,1.08787,0.90363,0.11552,2
3,0.78779,1.54252,0.18310,0
4,0.36691,1.96606,0.23105,1
5,-0.08638,2.23440,0.26824,2
6,-0.53685,2.38993,0.29863,0
7,-0.96935,2.46178,0.32432,1
8,-1.37743,2.47036,0.34657,2
9,-1.75876,2.43038,0.36620,0
10,-2.11304,2.35267,0.38376,1
11,-2.44094,2.24540,0.39965,2
12,-2.74364,2.11482,0.41415,0
13,-3.02252,1.96579,0.42749,1
14,-3.27905,1.80217,0.43984,2
15,-3.51467,1.62699,0.45134,0
16,-3.73075,1.44275,0.46210,1
17,-3.92861,1.25142,0.47220,2
18,-4.10946,1.05466,0.48173,0
19,-4.27446,0.85382,0.49074,1
20,-4.42465,0.65000,0.49929,2
21,-4.56100,0.44413,0.50742,0
22,-4.68442,0.23700,0.51517,1
23,-4.79574,0.02925,0.52258,2
24,-4.89572,-0.17858,0.52968,0
25,-4.98508,-0.38603,0.53648,1
26,-5.06445,-0.59271,0.54302,2
27,-5.13446,-0.79830,0.54931,0
28,-5.19567,-1.00253,0.55537,1
29,-5.24858,-1.20516,0.56122,2
30,-5.29369,-1.40600,0.56687,0
31,-5.33145,-1.60489,0.57233,1
32,-5.36227,-1.80169,0.57762,2
33,-5.38654,-1.99630,0.58275,0
34,-5.40463,-2.18861,0.58773,1
35,-5.41687,-2.37856,0.59256,2
36,-5.42358,-2.56609,0.59725,0
37,-5.42506,-2.75114,0.60182,1
38,-5.42158,-2.93368,0.60626,2
39,-5.41341,-3.11368,0.61059,0
40,-5.40079,-3.29112,0.61481,1
41,-5.38395,-3.46599,0.61893,2
42,-5.36310,-3.63829,0.62294,0
43,-5.33845,-3.80801,0.62687,1
44,-5.31020,-3.97515,0.63070,2
45,-5.27851,-4.13973,0.63444,0
46,-5.24356,-4.30175,0.63811,1
47,-5.20552,-4.46123,0.64169,2
48,-5.16453,-4.61819,0.64520,0
49,-5.12074,-4.77264,0.64864,1
50,-5.07428,-4.92460,0.65200,2
51,-5.02528,-5.07411,0.65530,0
52,-4.97387,-5.22117,0.65854,1
53,-4.92015,-5.36583,0.66172,2
54,-4.86425,-5.50809,0.66483,0
55,-4.80626,-5.64799,0.66789,1
56,-4.74629,-5.78556,0.67089,2
57,-4.68442,-5.92083,0.67384,0
58,-4.62075,-6.05381,0.67674,1
59,-4.55536,-6.18455,0.67959,2
60,-4.48834,-6.31306,0.68239,0
61,-4.41976,-6.43939,0.68515,1
62,-4.34969,-6.56355,0.68786,2
63,-4.27821,-6.68557,0.69052,0
64,-4.20538,-6.80549,0.69315,1
65,-4.13127,-6.92334,0.69573,2
66,-4.05594,-7.03913,0.69828,0
67,-3.97944,-7.15291,0.70078,1
68,-3.90183,-7.26469,0.70325,2
69,-3.82317,-7.37451,0.70568,0
70,-3.74350,-7.48239,0.70808,1
71,-3.66288,-7.58837,0.71045,2
72,-3.58135,-7.69246,0.71278,0
73,-3.49895,-7.79470,0.71508,1
74,-3.41574,-7.89511,0.71734,2
75,-3.33174,-7.99372,0.71958,0
76,-3.24701,-8.09055,0.72179,1
77,-3.16157,-8.18563,0.72397,2
78,-3.07547,-8.27898,0.72612,0
79,-2.98873,-8.37063,0.72824,1
80,-2.90139,-8.46061,0.73034,2
81,-2.81349,-8.54893,0.73241,0
82,-2.72505,-8.63563,0.73445,1
83,-2.63611,-8.72072,0.73647,2
84,-2.54669,-8.80423,0.73847,0
85,-2.45681,-8.88617,0.74044,1
86,-2.36651,-8.96658,0.74239,2
87,-2.27581,-9.04548,0.74432,0
88,-2.18474,-9.12288,0.74622,1
89,-2.09331,-9.19881,0.74811,2
90,-2.00155,-9.27328,0.74997,0
91,-1.90948,-9.34633,0.75181,1
92,-1.81713,-9.41796,0.75363,2
93,-1.72450,-9.48821,0.75543,0
94,-1.63163,-9.55708,0.75722,1
95,-1.53852,-9.62460,0.75898,2
96,-1.44521,-9.69079,0.76072,0
97,-1.35169,-9.75566,0.76245,1
98,-1.25800,-9.81924,0.76416,2
99,-1.16414,-9.88154,0.76585,0
100,-1.07013,-9.94258,0.76753,1
101,-0.97600,-10.00237,0.76919,2
102,-0.88174,-10.06094,0.77083,0
103,-0.78737,-10.11830,0.77245,1
104,-0.69291,-10.17447,0.77407,2
105,-0.59837,-10.22946,0.77566,0
106,-0.50377,-10.28330,0.77724,1
107,-0.40911,-10.33599,0.77880,2
108,-0.31440,-10.38755,0.78036,0
109,-0.21966,-10.43800,0.78189,1
110,-0.12490,-10.48734,0.78341,2
111,-0.03012,-10.53561,0.78492,0
112,0.06466,-10.58281,0.78642,1
113,0.15943,-10.62895,0.78790,2
114,0.25419,-10.67405,0.78937,0
115,0.34892,-10.71813,0.79082,1
116,0.44363,-10.76119,0.79227,2
117,0.53828,-10.80325,0.79370,0
118,0.63289,-10.84433,0.79511,1
119,0.72745,-10.88443,0.79652,2
120,0.82194,-10.92357,0.79792,0
121,0.91635,-10.96177,0.79930,1
122,1.01069,-10.99902,0.80067,2
123,1.10495,-11.03536,0.80203,0
124,1.19911,-11.07078,0.80338,1
125,1.29318,-11.10530,0.80472,2
126,1.38714,-11.13893,0.80605,0
127,1.48099,-11.17169,0.80736,1
128,1.57473,-11.20358,0.80867,2
129,1.66835,-11.23462,0.80997,0
130,1.76184,-11.26481,0.81126,1
131,1.85521,-11.29417,0.81253,2
132,1.94843,-11.32270,0.81380,0
133,2.04152,-11.35043,0.81506,1
134,2.13446,-11.37735,0.81631,2
135,2.22726,-11.40348,0.81755,0
136,2.31990,-11.42883,0.81878,1
137,2.41239,-11.45340,0.82000,2
138,2.50471,-11.47721,0.82121,0
139,2.59687,-11.50027,0.82241,1
140,2.68886,-11.52259,0.82361,2
141,2.78069,-11.54417,0.82479,0
142,2.87233,-11.56502,0.82597,1
143,2.96380,-11.58516,0.82714,2
144,3.05509,-11.60459,0.82830,0
145,3.14619,-11.62332,0.82946,1
146,3.23711,-11.64136,0.83060,2
147,3.32783,-11.65871,0.83174,0
148,3.41836,-11.67539,0.83287,1
149,3.50870,-11.69141,0.83399,2
150,3.59884,-11.70676,0.83511,0
151,3.68879,-11.72147,0.83621,1
152,3.77852,-11.73553,0.83731,2
153,3.86806,-11.74896,0.83841,0
154,3.95739,-11.76176,0.83949,1
155,4.04650,-11.77395,0.84057,2
156,4.13541,-11.78551,0.84164,0
157,4.22411,-11.79648,0.84271,1
158,4.31259,-11.80684,0.84377,2
159,4.40086,-11.81662,0.84482,0
160,4.48891,-11.82581,0.84586,1
161,4.57674,-11.83442,0.84690,2
162,4.66434,-11.84246,0.84793,0
163,4.75173,-11.84994,0.84896,1
164,4.83889,-11.85686,0.84998,2
165,4.92583,-11.86323,0.85099,0
166,5.01254,-11.86905,0.85200,1
167,5.09903,-11.87434,0.85300,2
168,5.18528,-11.87909,0.85399,0
169,5.27131,-11.88332,0.85498,1
170,5.35711,-11.88703,0.85597,2
171,5.44267,-11.89022,0.85694,0
172,5.52800,-11.89291,0.85792,1
173,5.61310,-11.89509,0.85888,2
174,5.69796,-11.89677,0.85984,0
175,5.78259,-11.89797,0.86080,1
176,5.86698,-11.89868,0.86175,2
177,5.95114,-11.89891,0.86269,0
178,6.03505,-11.89866,0.86363,1
179,6.11873,-11.89795,0.86456,2
180,6.20217,-11.89677,0.86549,0
181,6.28538,-11.89513,0.86642,1
182,6.36834,-11.89303,0.86733,2
183,6.45106,-11.89049,0.86825,0
184,6.53354,-11.88751,0.86916,1
185,6.61578,-11.88408,0.87006,2
186,6.69778,-11.88023,0.87096,0
187,6.77953,-11.87594,0.87185,1
188,6.86105,-11.87123,0.87274,2
189,6.94232,-11.86610,0.87362,0
190,7.02335,-11.86055,0.87450,1
191,7.10413,-11.85459,0.87538,2
192,7.18467,-11.84823,0.87625,0
193,7.26497,-11.84146,0.87712,1
194,7.34502,-11.83430,0.87798,2
195,7.42483,-11.82674,0.87883,0
196,7.50440,-11.81880,0.87969,1
197,7.58372,-11.81047,0.88053,2
198,7.66280,-11.80176,0.88138,0
199,7.74163,-11.79267,0.88222,1
200,7.82022,-11.78321,0.88305,2
201,7.89857,-11.77339,0.88388,0
202,7.97667,-11.76320,0.88471,1
203,8.05452,-11.75265,0.88553,2
204,8.13213,-11.74174,0.88635,0
205,8.20950,-11.73048,0.88717,1
206,8.28662,-11.71887,0.88798,2
207,8.36350,-11.70691,0.88879,0
208,8.44014,-11.69462,0.88959,1
209,8.51653,-11.68198,0.89039,2
210,8.59267,-11.66902,0.89118,0
211,8.66858,-11.65572,0.89198,1
212,8.74424,-11.64209,0.89276,2
213,8.81966,-11.62814,0.89355,0
214,8.89483,-11.61387,0.89433,1
215,8.96976,-11.59928,0.89511,2
216,9.04445,-11.58438,0.89588,0
217,9.11890,-11.56917,0.89665,1
218,9.19310,-11.55365,0.89742,2
219,9.26706,-11.53783,0.89818,0
220,9.34079,-11.52171,0.89894,1
221,9.41427,-11.50529,0.89969,2
222,9.48750,-11.48857,0.90045,0
223,9.56050,-11.47156,0.90120,1
224,9.63326,-11.45427,0.90194,2
225,9.70578,-11.43669,0.90268,0
226,9.77806,-11.41883,0.90342,1
227,9.85010,-11.40068,0.90416,2
228,9.92190,-11.38227,0.90489,0
229,9.99346,-11.36357,0.90562,1
230,10.06478,-11.34461,0.90635,2
231,10.13587,-11.32538,0.90707,0
232,10.20671,-11.30588,0.90779,1
233,10.27733,-11.28612,0.90851,2
234,10.34770,-11.26610,0.90922,0
235,10.41784,-11.24583,0.90993,1
236,10.48774,-11.22530,0.91064,2
237,10.55741,-11.20451,0.91134,0
238,10.62684,-11.18348,0.91205,1
239,10.69604,-11.16220,0.91274,2
240,10.76500,-11.14068,0.91344,0
241,10.83373,-11.11892,0.91413,1
242,10.90223,-11.09691,0.91482,2
243,10.97049,-11.07467,0.91551,0
244,11.03852,-11.05220,0.91619,1
245,11.10632,-11.02949,0.91688,2
246,11.17389,-11.00655,0.91756,0
247,11.24123,-10.98339,0.91823,1
248,11.30834,-10.96000,0.91890,2
249,11.37521,-10.93638,0.91958,0
250,11.44186,-10.91255,0.92024,1
251,11.50828,-10.88850,0.92091,2
252,11.57447,-10.86423,0.92157,0
253,11.64044,-10.83975,0.92223,1
254,11.70617,-10.81506,0.92289,2
255,11.77168,-10.79016,0.92354,0
256,11.83697,-10.76505,0.92420,1
257,11.90202,-10.73973,0.92485,2
258,11.96686,-10.71421,0.92549,0
259,12.03146,-10.68849,0.92614,1
260,12.09585,-10.66258,0.92678,2
261,12.16000,-10.63646,0.92742,0
262,12.22394,-10.61015,0.92806,1
263,12.28765,-10.58364,0.92869,2
264,12.35115,-10.55695,0.92932,0
265,12.41442,-10.53006,0.92995,1
266,12.47747,-10.50299,0.93058,2
267,12.54029,-10.47573,0.93121,0
268,12.60290,-10.44829,0.93183,1
269,12.66529,-10.42067,0.93245,2
270,12.72746,-10.39287,0.93307,0
271,12.78942,-10.36489,0.93369,1
272,12.85115,-10.33673,0.93430,2
273,12.91267,-10.30839,0.93491,0
274,12.97397,-10.27989,0.93552,1
275,13.03505,-10.25121,0.93613,2
276,13.09592,-10.22237,0.93673,0
277,13.15658,-10.19335,0.93734,1
278,13.21702,-10.16417,0.93794,2
279,13.27725,-10.13483,0.93854,0
280,13.33726,-10.10532,0.93913,1
281,13.39706,-10.07565,0.93973,2
282,13.45665,-10.04583,0.94032,0
283,13.51603,-10.01584,0.94091,1
284,13.57519,-9.98570,0.94150,2
285,13.63415,-9.95540,0.94208,0
286,13.69289,-9.92495,0.94267,1
287,13.75143,-9.89435,0.94325,2
288,13.80976,-9.86360,0.94383,0
289,13.86788,-9.83270,0.94440,1
290,13.92579,-9.80165,0.94498,2
291,13.98350,-9.77046,0.94555,0
292,14.04099,-9.73912,0.94613,1
293,14.09829,-9.70764,0.94670,2
294,14.15538,-9.67602,0.94726,0
295,14.21226,-9.64426,0.94783,1
296,14.26894,-9.61236,0.94839,2
297,14.32541,-9.58032,0.94896,0
298,14.38169,-9.54815,0.94952,1
299,14.43776,-9.51584,0.95007,2
300,14.49362,-9.48340,0.95063,0
301,14.54929,-9.45083,0.95119,1
302,14.60476,-9.41813,0.95174,2
303,14.66002,-9.38529,0.95229,0
304,14.71509,-9.35233,0.95284,1
305,14.76996,-9.31925,0.95339,2
306,14.82463,-9.28604,0.95393,0
307,14.87910,-9.25270,0.95447,1
308,14.93337,-9.21924,0.95502,2
309,14.98745,-9.18567,0.95556,0
310,15.04133,-9.15197,0.95610,1
311,15.09501,-9.11815,0.95663,2
312,15.14850,-9.08421,0.95717,0
313,15.20180,-9.05016,0.95770,1
314,15.25490,-9.01599,0.95823,2
315,15.30781,-8.98171,0.95876,0
316,15.36052,-8.94731,0.95929,1
317,15.41304,-8.91280,0.95982,2
318,15.46538,-8.87818,0.96034,0
319,15.51752,-8.84346,0.96087,1
320,15.56946,-8.80862,0.96139,2
321,15.62122,-8.77367,0.96191,0
322,15.67279,-8.73862,0.96243,1
323,15.72417,-8.70347,0.96294,2
324,15.77537,-8.66821,0.96346,0
325,15.82637,-8.63284,0.96397,1
326,15.87719,-8.59738,0.96448,2
327,15.92782,-8.56181,0.96499,0
328,15.97826,-8.52614,0.96550,1
329,16.02852,-8.49037,0.96601,2
330,16.07860,-8.45451,0.96652,0
331,16.12849,-8.41855,0.96702,1
332,16.17819,-8.38249,0.96752,2
333,16.22771,-8.34634,0.96802,0
334,16.27705,-8.31009,0.96852,1
335,16.32621,-8.27375,0.96902,2
336,16.37518,-8.23732,0.96952,0
337,16.42397,-8.20080,0.97001,1
338,16.47259,-8.16418,0.97051,2
339,16.52102,-8.12748,0.97100,0
340,16.56927,-8.09069,0.97149,1
341,16.61734,-8.05381,0.97198,2
342,16.66524,-8.01685,0.97247,0
343,16.71296,-7.97979,0.97296,1
344,16.76049,-7.94266,0.97344,2
345,16.80786,-7.90544,0.97392,0
346,16.85504,-7.86814,0.97441,1
347,16.90205,-7.83075,0.97489,2
348,16.94888,-7.79329,0.97537,0
349,16.99554,-7.75574,0.97585,1
350,17.04203,-7.71811,0.97632,2
351,17.08834,-7.68041,0.97680,0
352,17.13448,-7.64263,0.97727,1
353,17.18044,-7.60477,0.97774,2
354,17.22623,-7.56683,0.97822,0
355,17.27185,-7.52882,0.97869,1
356,17.31730,-7.49073,0.97916,2
357,17.36258,-7.45257,0.97962,0
358,17.40769,-7.41434,0.98009,1
359,17.45263,-7.37603,0.98055,2
360,17.49739,-7.33765,0.98102,0
361,17.54199,-7.29921,0.98148,1
362,17.58643,-7.26069,0.98194,2
363,17.63069,-7.22210,0.98240,0
364,17.67479,-7.18345,0.98286,1
365,17.71872,-7.14472,0.98332,2
366,17.76248,-7.10593,0.98377,0
367,17.80608,-7.06708,0.98423,1
368,17.84951,-7.02815,0.98468,2
369,17.89278,-6.98917,0.98513,0
370,17.93588,-6.95011,0.98558,1
371,17.97882,-6.91100,0.98603,2
372,18.02160,-6.87182,0.98648,0
373,18.06421,-6.83258,0.98693,1
374,18.10667,-6.79328,0.98738,2
375,18.14896,-6.75392,0.98782,0
376,18.19108,-6.71450,0.98826,1
377,18.23305,-6.67502,0.98871,2
378,18.27486,-6.63548,0.98915,0
379,18.31651,-6.59588,0.98959,1
380,18.35799,-6.55622,0.99003,2
381,18.39932,-6.51651,0.99047,0
382,18.44049,-6.47674,0.99090,1
383,18.48151,-6.43692,0.99134,2
384,18.52236,-6.39704,0.99177,0
385,18.56306,-6.35711,0.99221,1
386,18.60360,-6.31712,0.99264,2
387,18.64399,-6.27708,0.99307,0
388,18.68422,-6.23699,0.99350,1
389,18.72429,-6.19684,0.99393,2
390,18.76421,-6.15665,0.99436,0
391,18.80398,-6.11640,0.99478,1
392,18.84359,-6.07611,0.99521,2
393,18.88305,-6.03576,0.99563,0
394,18.92236,-5.99537,0.99606,1
395,18.96151,-5.95493,0.99648,2
396,19.00051,-5.91444,0.99690,0
397,19.03936,-5.87390,0.99732,1
398,19.07806,-5.83332,0.99774,2
399,19.11661,-5.79269,0.99816,0
400,19.15501,-5.75201,0.99858,1
401,19.19326,-5.71129,0.99899,2
402,19.23136,-5.67053,0.99941,0
403,19.26931,-5.62972,0.99982,1
404,19.30711,-5.58887,1.00024,2
405,19.34477,-5.54798,1.00065,0
406,19.38227,-5.50704,1.00106,1
407,19.41963,-5.46606,1.00147,2
408,19.45685,-5.42504,1.00188,0
409,19.49392,-5.38398,1.00229,1
410,19.53084,-5.34288,1.00269,2
411,19.56761,-5.30174,1.00310,0
412,19.60425,-5.26056,1.00350,1
413,19.64073,-5.21934,1.00391,2
414,19.67708,-5.17809,1.00431,0
415,19.71328,-5.13679,1.00471,1
416,19.74934,-5.09546,1.00511,2
417,19.78525,-5.05409,1.00551,0
418,19.82102,-5.01269,1.00591,1
419,19.85665,-4.97125,1.00631,2
420,19.89214,-4.92977,1.00671,0
421,19.92749,-4.88826,1.00711,1
422,19.96270,-4.84671,1.00750,2
423,19.99777,-4.80514,1.00790,0
424,20.03269,-4.76352,1.00829,1
425,20.06748,-4.72188,1.00868,2
426,20.10213,-4.68020,1.00907,0
427,20.13664,-4.63849,1.00946,1
428,20.17102,-4.59674,1.00985,2
429,20.20525,-4.55497,1.01024,0
430,20.23935,-4.51316,1.01063,1
431,20.27331,-4.47133,1.01102,2
432,20.30714,-4.42946,1.01140,0
433,20.34083,-4.38757,1.01179,1
434,20.37438,-4.34564,1.01217,2
435,20.40780,-4.30369,1.01256,0
436,20.44108,-4.26171,1.01294,1
437,20.47423,-4.21970,1.01332,2
438,20.50725,-4.17766,1.01370,0
439,20.54013,-4.13560,1.01408,1
440,20.57288,-4.09350,1.01446,2
441,20.60549,-4.05139,1.01484,0
442,20.63797,-4.00924,1.01522,1
443,20.67032,-3.96707,1.01559,2
444,20.70254,-3.92488,1.01597,0
445,20.73463,-3.88266,1.01635,1
446,20.76659,-3.84041,1.01672,2
447,20.79842,-3.79815,1.01709,0
448,20.83011,-3.75585,1.01747,1
449,20.86168,-3.71354,1.01784,2
450,20.89312,-3.67120,1.01821,0
451,20.92442,-3.62884,1.01858,1
452,20.95560,-3.58645,1.01895,2
453,20.98666,-3.54405,1.01932,0
454,21.01758,-3.50162,1.01968,1
455,21.04838,-3.45917,1.02005,2
456,21.07904,-3.41670,1.02042,0
457,21.10959,-3.37421,1.02078,1
458,21.14000,-3.33170,1.02114,2
459,21.17029,-3.28917,1.02151,0
460,21.20046,-3.24662,1.02187,1
461,21.23050,-3.20406,1.02223,2
462,21.26041,-3.16147,1.02259,0
463,21.29020,-3.11886,1.02295,1
464,21.31987,-3.07624,1.02331,2
465,21.34941,-3.03360,1.02367,0
466,21.37883,-2.99094,1.02403,1
467,21.40812,-2.94826,1.02439,2
468,21.43730,-2.90557,1.02474,0
469,21.46635,-2.86286,1.02510,1
470,21.49528,-2.82013,1.02546,2
471,21.52408,-2.77739,1.02581,0
472,21.55277,-2.73463,1.02616,1
473,21.58133,-2.69186,1.02652,2
474,21.60978,-2.64907,1.02687,0
475,21.63810,-2.60627,1.02722,1
476,21.66630,-2.56345,1.02757,2
477,21.69439,-2.52062,1.02792,0
478,21.72235,-2.47777,1.02827,1
479,21.75020,-2.43491,1.02862,2
480,21.77793,-2.39204,1.02896,0
481,21.80554,-2.34915,1.02931,1
482,21.83303,-2.30625,1.02966,2
483,21.86040,-2.26334,1.03000,0
484,21.88766,-2.22042,1.03035,1
485,21.91480,-2.17749,1.03069,2
486,21.94183,-2.13454,1.03103,0
487,21.96873,-2.09158,1.03138,1
488,21.99553,-2.04862,1.03172,2
489,22.02220,-2.00564,1.03206,0
490,22.04876,-1.96265,1.03240,1
491,22.07521,-1.91965,1.03274,2
492,22.10154,-1.87664,1.03308,0
493,22.12776,-1.83362,1.03342,1
494,22.15387,-1.79059,1.03376,2
495,22.17986,-1.74755,1.03409,0
496,22.20574,-1.70450,1.03443,1
497,22.23150,-1.66145,1.03477,2
498,22.25715,-1.61838,1.03510,0
499,22.28269,-1.57531,1.03543,1
500,22.30812,-1.53223,1.03577,2
501,22.33344,-1.48914,1.03610,0
502,22.35864,-1.44605,1.03643,1
503,22.38374,-1.40295,1.03677,2
504,22.40872,-1.35984,1.03710,0
505,22.43360,-1.31672,1.03743,1
506,22.45836,-1.27360,1.03776,2
507,22.48301,-1.23047,1.03809,0
508,22.50756,-1.18733,1.03841,1
509,22.53200,-1.14419,1.03874,2
510,22.55632,-1.10105,1.03907,0
511,22.58054,-1.05790,1.03939,1
512,22.60465,-1.01474,1.03972,2
513,22.62866,-0.97158,1.04005,0
514,22.65255,-0.92841,1.04037,1
515,22.67634,-0.88524,1.04069,2
516,22.70002,-0.84207,1.04102,0
517,22.72360,-0.79889,1.04134,1
518,22.74706,-0.75571,1.04166,2
519,22.77043,-0.71252,1.04198,0
520,22.79368,-0.66933,1.04230,1
521,22.81683,-0.62614,1.04263,2
522,22.83988,-0.58295,1.04294,0
523,22.86282,-0.53975,1.04326,1
524,22.88566,-0.49655,1.04358,2
525,22.90839,-0.45335,1.04390,0
526,22.93102,-0.41014,1.04422,1
527,22.95355,-0.36694,1.04453,2
528,22.97597,-0.32373,1.04485,0
529,22.99829,-0.28052,1.04516,1
530,23.02051,-0.23731,1.04548,2
531,23.04262,-0.19410,1.04579,0
532,23.06463,-0.15089,1.04611,1
533,23.08654,-0.10767,1.04642,2
534,23.10835,-0.06446,1.04673,0
535,23.13006,-0.02125,1.04704,1
536,23.15166,0.02197,1.04736,2
537,23.17317,0.06518,1.04767,0
538,23.19457,0.10839,1.04798,1
539,23.21588,0.15161,1.04829,2
540,23.23708,0.19482,1.04859,0
541,23.25819,0.23803,1.04890,1
542,23.27919,0.28124,1.04921,2
543,23.30010,0.32445,1.04952,0
544,23.32091,0.36766,1.04982,1
545,23.34162,0.41087,1.05013,2
546,23.36223,0.45407,1.05044,0
547,23.38274,0.49727,1.05074,1
548,23.40316,0.54047,1.05105,2
549,23.42348,0.58367,1.05135,0
550,23.44370,0.62687,1.05165,1
551,23.46382,0.67006,1.05196,2
552,23.48385,0.71325,1.05226,0
553,23.50378,0.75644,1.05256,1
554,23.52362,0.79963,1.05286,2
555,23.54336,0.84281,1.05316,0
556,23.56300,0.88599,1.05346,1
557,23.58255,0.92916,1.05376,2
558,23.60200,0.97233,1.05406,0
559,23.62136,1.01550,1.05436,1
560,23.64063,1.05866,1.05466,2
561,23.65980,1.10182,1.05495,0
562,23.67887,1.14497,1.05525,1
563,23.69786,1.18812,1.05555,2
564,23.71674,1.23127,1.05584,0
565,23.73554,1.27441,1.05614,1
566,23.75424,1.31754,1.05643,2
567,23.77285,1.36067,1.05673,0
568,23.79137,1.40380,1.05702,1
569,23.80980,1.44692,1.05731,2
570,23.82813,1.49003,1.05761,0
571,23.84637,1.53314,1.05790,1
572,23.86452,1.57624,1.05819,2
573,23.88258,1.61934,1.05848,0
574,23.90055,1.66243,1.05877,1
575,23.91843,1.70551,1.05906,2
576,23.93622,1.74859,1.05935,0
577,23.95391,1.79166,1.05964,1
578,23.97152,1.83472,1.05993,2
579,23.98904,1.87778,1.06022,0
580,24.00647,1.92083,1.06050,1
581,24.02381,1.96387,1.06079,2
582,24.04106,2.00691,1.06108,0
583,24.05822,2.04993,1.06136,1
584,24.07529,2.09295,1.06165,2
585,24.09227,2.13597,1.06194,0
586,24.10917,2.17897,1.06222,1
587,24.12598,2.22197,1.06250,2
588,24.14270,2.26496,1.06279,0
589,24.15933,2.30794,1.06307,1
590,24.17588,2.35091,1.06335,2
591,24.19234,2.39388,1.06364,0
592,24.20871,2.43683,1.06392,1
593,24.22500,2.47978,1.06420,2
594,24.24120,2.52272,1.06448,0
595,24.25732,2.56564,1.06476,1
596,24.27335,2.60857,1.06504,2
597,24.28929,2.65148,1.06532,0
598,24.30515,2.69438,1.06560,1
599,24.32092,2.73727,1.06588,2
600,24.33661,2.78015,1.06615,0
601,24.35222,2.82303,1.06643,1
602,24.36774,2.86589,1.06671,2
603,24.38317,2.90874,1.06699,0
604,24.39853,2.95159,1.06726,1
605,24.41380,2.99442,1.06754,2
606,24.42898,3.03724,1.06781,0
607,24.44408,3.08005,1.06809,1
608,24.45910,3.12286,1.06836,2
609,24.47404,3.16565,1.06864,0
610,24.48890,3.20843,1.06891,1
611,24.50367,3.25120,1.06918,2
612,24.51836,3.29396,1.06946,0
613,24.53297,3.33671,1.06973,1
614,24.54749,3.37944,1.07000,2
615,24.56194,3.42217,1.07027,0
616,24.57630,3.46488,1.07054,1
617,24.59058,3.50759,1.07081,2
618,24.60479,3.55028,1.07108,0
619,24.61891,3.59296,1.07135,1
620,24.63295,3.63563,1.07162,2
621,24.64691,3.67828,1.07189,0
622,24.66079,3.72093,1.07216,1
623,24.67459,3.76356,1.07242,2
624,24.68832,3.80618,1.07269,0
625,24.70196,3.84879,1.07296,1
626,24.71552,3.89139,1.07323,2
627,24.72901,3.93397,1.07349,0
628,24.74242,3.97654,1.07376,1
629,24.75574,4.01910,1.07402,2
630,24.76899,4.06165,1.07429,0
631,24.78217,4.10418,1.07455,1
632,24.79526,4.14670,1.07481,2
633,24.80828,4.18921,1.07508,0
634,24.82122,4.23170,1.07534,1
635,24.83408,4.27418,1.07560,2
636,24.84686,4.31665,1.07587,0
637,24.85957,4.35910,1.07613,1
638,24.87220,4.40154,1.07639,2
639,24.88476,4.44397,1.07665,0
640,24.89724,4.48638,1.07691,1
641,24.90964,4.52878,1.07717,2
642,24.92197,4.57117,1.07743,0
643,24.93422,4.61354,1.07769,1
644,24.94639,4.65590,1.07795,2
645,24.95850,4.69825,1.07821,0
646,24.97052,4.74058,1.07847,1
647,24.98247,4.78289,1.07872,2
648,24.99435,4.82519,1.07898,0
649,25.00615,4.86748,1.07924,1
650,25.01788,4.90976,1.07950,2
651,25.02953,4.95201,1.07975,0
652,25.04111,4.99426,1.08001,1
653,25.05262,5.03649,1.08026,2
654,25.06405,5.07870,1.08052,0
655,25.07541,5.12090,1.08077,1
656,25.08670,5.16309,1.08103,2
657,25.09791,5.20526,1.08128,0
658,25.10906,5.24741,1.08153,1
659,25.12012,5.28955,1.08179,2
660,25.13112,5.33167,1.08204,0
661,25.14205,5.37378,1.08229,1
662,25.15290,5.41588,1.08254,2
663,25.16368,5.45795,1.08280,0
664,25.17439,5.50002,1.08305,1
665,25.18503,5.54206,1.08330,2
666,25.19559,5.58409,1.08355,0
667,25.20609,5.62611,1.08380,1
668,25.21651,5.66811,1.08405,2
669,25.22687,5.71009,1.08430,0
670,25.23715,5.75206,1.08455,1
671,25.24736,5.79401,1.08479,2
672,25.25751,5.83595,1.08504,0
673,25.26758,5.87787,1.08529,1
674,25.27758,5.91977,1.08554,2
675,25.28752,5.96166,1.08579,0
676,25.29738,6.00353,1.08603,1
677,25.30718,6.04539,1.08628,2
678,25.31691,6.08722,1.08652,0
679,25.32656,6.12905,1.08677,1
680,25.33615,6.17085,1.08702,2
681,25.34567,6.21264,1.08726,0
682,25.35513,6.25441,1.08750,1
683,25.36451,6.29616,1.08775,2
684,25.37383,6.33790,1.08799,0
685,25.38307,6.37962,1.08824,1
686,25.39225,6.42133,1.08848,2
687,25.40137,6.46301,1.08872,0
688,25.41041,6.50468,1.08896,1
689,25.41939,6.54633,1.08921,2
690,25.42830,6.58797,1.08945,0
691,25.43715,6.62959,1.08969,1
692,25.44593,6.67119,1.08993,2
693,25.45464,6.71277,1.09017,0
694,25.46329,6.75434,1.09041,1
695,25.47187,6.79588,1.09065,2
696,25.48038,6.83742,1.09089,0
697,25.48883,6.87893,1.09113,1
698,25.49721,6.92042,1.09137,2
699,25.50553,6.96190,1.09161,0
700,25.51378,7.00336,1.09185,1
701,25.52197,7.04480,1.09208,2
702,25.53009,7.08623,1.09232,0
703,25.53815,7.12763,1.09256,1
704,25.54614,7.16902,1.09280,2
705,25.55407,7.21039,1.09303,0
706,25.56193,7.25174,1.09327,1
707,25.56973,7.29307,1.09351,2
708,25.57747,7.33439,1.09374,0
709,25.58514,7.37569,1.09398,1
710,25.59275,7.41696,1.09421,2
711,25.60029,7.45822,1.09445,0
712,25.60777,7.49947,1.09468,1
713,25.61519,7.54069,1.09491,2
714,25.62255,7.58189,1.09515,0
715,25.62984,7.62308,1.09538,1
716,25.63707,7.66425,1.09561,2
717,25.64424,7.70540,1.09585,0
718,25.65134,7.74653,1.09608,1
719,25.65838,7.78764,1.09631,2
720,25.66537,7.82873,1.09654,0
721,25.67228,7.86980,1.09677,1
722,25.67914,7.91086,1.09700,2
723,25.68594,7.95189,1.09723,0
724,25.69267,7.99291,1.09747,1
725,25.69934,8.03391,1.09770,2
726,25.70596,8.07489,1.09793,0
727,25.71251,8.11585,1.09815,1
728,25.71900,8.15679,1.09838,2
729,25.72543,8.19771,1.09861,0
730,25.73180,8.23861,1.09884,1
731,25.73810,8.27949,1.09907,2
732,25.74435,8.32035,1.09930,0
733,25.75054,8.36120,1.09952,1
734,25.75667,8.40202,1.09975,2
735,25.76274,8.44283,1.09998,0
736,25.76875,8.48361,1.10021,1
737,25.77470,8.52438,1.10043,2
738,25.78059,8.56512,1.10066,0
739,25.78642,8.60585,1.10088,1
740,25.79219,8.64655,1.10111,2
741,25.79790,8.68724,1.10133,0
742,25.80356,8.72791,1.10156,1
743,25.80915,8.76855,1.10178,2
744,25.81469,8.80918,1.10201,0
745,25.82017,8.84979,1.10223,1
746,25.82559,8.89038,1.10245,2
747,25.83095,8.93094,1.10268,0
748,25.83626,8.97149,1.10290,1
749,25.84151,9.01202,1.10312,2
750,25.84670,9.05253,1.10335,0
751,25.85183,9.09301,1.10357,1
752,25.85690,9.13348,1.10379,2
753,25.86192,9.17393,1.10401,0
754,25.86688,9.21435,1.10423,1
755,25.87179,9.25476,1.10445,2
756,25.87664,9.29515,1.10467,0
757,25.88143,9.33551,1.10489,1
758,25.88616,9.37586,1.10511,2
759,25.89084,9.41618,1.10533,0
760,25.89546,9.45649,1.10555,1
761,25.90003,9.49677,1.10577,2
762,25.90454,9.53704,1.10599,0
763,25.90899,9.57728,1.10621,1
764,25.91339,9.61750,1.10643,2
765,25.91773,9.65770,1.10665,0
766,25.92202,9.69788,1.10686,1
767,25.92625,9.73804,1.10708,2
768,25.93043,9.77818,1.10730,0
769,25.93455,9.81830,1.10752,1
770,25.93862,9.85840,1.10773,2
771,25.94263,9.89848,1.10795,0
772,25.94659,9.93854,1.10816,1
773,25.95049,9.97857,1.10838,2
774,25.95434,10.01859,1.10860,0
775,25.95814,10.05858,1.10881,1
776,25.96188,10.09856,1.10903,2
777,25.96557,10.13851,1.10924,0
778,25.96920,10.17844,1.10945,1
779,25.97278,10.21835,1.10967,2
780,25.97631,10.25824,1.10988,0
781,25.97978,10.29811,1.11010,1
782,25.98320,10.33795,1.11031,2
783,25.98657,10.37778,1.11052,0
784,25.98988,10.41759,1.11073,1
785,25.99314,10.45737,1.11095,2
786,25.99635,10.49713,1.11116,0
787,25.99951,10.53687,1.11137,1
788,26.00261,10.57659,1.11158,2
789,26.00566,10.61629,1.11179,0
790,26.00866,10.65597,1.11201,1
791,26.01161,10.69562,1.11222,2
792,26.01450,10.73526,1.11243,0
793,26.01734,10.77487,1.11264,1
794,26.02013,10.81446,1.11285,2
795,26.02287,10.85403,1.11306,0
796,26.02556,10.89358,1.11327,1
797,26.02820,10.93311,1.11348,2
798,26.03078,10.97262,1.11368,0
799,26.03332,11.01210,1.11389,1
800,26.03580,11.05156,1.11410,2
801,26.03823,11.09100,1.11431,0
802,26.04062,11.13042,1.11452,1
803,26.04295,11.16982,1.11473,2
804,26.04523,11.20920,1.11493,0
805,26.04746,11.24855,1.11514,1
806,26.04964,11.28789,1.11535,2
807,26.05177,11.32720,1.11555,0
808,26.05385,11.36649,1.11576,1
809,26.05588,11.40575,1.11597,2
810,26.05786,11.44500,1.11617,0
811,26.05979,11.48422,1.11638,1
812,26.06167,11.52343,1.11658,2
813,26.06350,11.56261,1.11679,0
814,26.06528,11.60177,1.11699,1
815,26.06702,11.64090,1.11720,2
816,26.06870,11.68002,1.11740,0
817,26.07034,11.71911,1.11761,1
818,26.07192,11.75818,1.11781,2
819,26.07346,11.79723,1.11801,0
820,26.07495,11.83626,1.11822,1
821,26.07639,11.87526,1.11842,2
822,26.07778,11.91424,1.11862,0
823,26.07913,11.95321,1.11883,1
824,26.08042,11.99214,1.11903,2
825,26.08167,12.03106,1.11923,0
826,26.08287,12.06996,1.11943,1
827,26.08402,12.10883,1.11963,2
828,26.08513,12.14768,1.11984,0
829,26.08619,12.18651,1.12004,1
830,26.08719,12.22531,1.12024,2
831,26.08816,12.26410,1.12044,0
832,26.08907,12.30286,1.12064,1
833,26.08994,12.34160,1.12084,2
834,26.09076,12.38032,1.12104,0
835,26.09153,12.41901,1.12124,1
836,26.09226,12.45768,1.12144,2
837,26.09294,12.49633,1.12164,0
838,26.09358,12.53496,1.12184,1
839,26.09416,12.57357,1.12204,2
840,26.09471,12.61215,1.12223,0
841,26.09520,12.65071,1.12243,1
842,26.09565,12.68925,1.12263,2
843,26.09605,12.72777,1.12283,0
844,26.09641,12.76626,1.12303,1
845,26.09672,12.80473,1.12322,2
846,26.09699,12.84318,1.12342,0
847,26.09721,12.88161,1.12362,1
848,26.09738,12.92001,1.12381,2
849,26.09751,12.95840,1.12401,0
850,26.09759,12.99675,1.12421,1
851,26.09763,13.03509,1.12440,2
852,26.09763,13.07341,1.12460,0
853,26.09757,13.11170,1.12479,1
854,26.09748,13.14997,1.12499,2
855,26.09734,13.18821,1.12518,0
856,26.09715,13.22644,1.12538,1
857,26.09692,13.26464,1.12557,2
858,26.09665,13.30282,1.12577,0
859,26.09633,13.34098,1.12596,1
860,26.09597,13.37911,1.12616,2
861,26.09556,13.41722,1.12635,0
862,26.09511,13.45531,1.12654,1
863,26.09461,13.49338,1.12674,2
864,26.09407,13.53142,1.12693,0
865,26.09349,13.56944,1.12712,1
866,26.09286,13.60744,1.12731,2
867,26.09220,13.64541,1.12751,0
868,26.09148,13.68337,1.12770,1
869,26.09073,13.72130,1.12789,2
870,26.08993,13.75920,1.12808,0
871,26.08908,13.79709,1.12827,1
872,26.08820,13.83495,1.12846,2
873,26.08727,13.87279,1.12866,0
874,26.08630,13.91061,1.12885,1
875,26.08529,13.94840,1.12904,2
876,26.08423,13.98617,1.12923,0
877,26.08313,14.02392,1.12942,1
878,26.08199,14.06164,1.12961,2
879,26.08081,14.09935,1.12980,0
880,26.07958,14.13703,1.12999,1
881,26.07831,14.17468,1.13018,2
882,26.07700,14.21232,1.13037,0
883,26.07565,14.24993,1.13055,1
884,26.07426,14.28752,1.13074,2
885,26.07282,14.32508,1.13093,0
886,26.07134,14.36263,1.13112,1
887,26.06983,14.40015,1.13131,2
888,26.06827,14.43764,1.13150,0
889,26.06666,14.47512,1.13168,1
890,26.06502,14.51257,1.13187,2
891,26.06334,14.55000,1.13206,0
892,26.06161,14.58740,1.13224,1
893,26.05985,14.62478,1.13243,2
894,26.05804,14.66214,1.13262,0
895,26.05620,14.69948,1.13280,1
896,26.05431,14.73679,1.13299,2
897,26.05238,14.77408,1.13318,0
898,26.05041,14.81135,1.13336,1
899,26.04840,14.84860,1.13355,2
900,26.04635,14.88582,1.13373,0
901,26.04426,14.92302,1.13392,1
902,26.04213,14.96019,1.13410,2
903,26.03996,14.99735,1.13429,0
904,26.03775,15.03448,1.13447,1
905,26.03550,15.07158,1.13466,2
906,26.03321,15.10867,1.13484,0
907,26.03088,15.14573,1.13502,1
908,26.02852,15.18276,1.13521,2
909,26.02611,15.21978,1.13539,0
910,26.02366,15.25677,1.13557,1
911,26.02117,15.29374,1.13576,2
912,26.01865,15.33069,1.13594,0
913,26.01608,15.36761,1.13612,1
914,26.01348,15.40451,1.13631,2
915,26.01084,15.44138,1.13649,0
916,26.00816,15.47824,1.13667,1
917,26.00543,15.51507,1.13685,2
918,26.00268,15.55188,1.13703,0
919,25.99988,15.58866,1.13721,1
920,25.99704,15.62542,1.13740,2
921,25.99417,15.66216,1.13758,0
922,25.99125,15.69887,1.13776,1
923,25.98830,15.73557,1.13794,2
924,25.98531,15.77224,1.13812,0
925,25.98229,15.80888,1.13830,1
926,25.97922,15.84550,1.13848,2
927,25.97612,15.88210,1.13866,0
928,25.97298,15.91868,1.13884,1
929,25.96980,15.95523,1.13902,2
930,25.96658,15.99176,1.13920,0
931,25.96333,16.02827,1.13938,1
932,25.96004,16.06476,1.13956,2
933,25.95671,16.10122,1.13973,0
934,25.95334,16.13765,1.13991,1
935,25.94994,16.17407,1.14009,2
936,25.94650,16.21046,1.14027,0
937,25.94302,16.24683,1.14045,1
938,25.93951,16.28317,1.14062,2
939,25.93596,16.31950,1.14080,0
940,25.93237,16.35580,1.14098,1
941,25.92875,16.39207,1.14116,2
942,25.92509,16.42833,1.14133,0
943,25.92139,16.46455,1.14151,1
944,25.91766,16.50076,1.14169,2
945,25.91389,16.53694,1.14186,0
946,25.91008,16.57310,1.14204,1
947,25.90624,16.60924,1.14222,2
948,25.90236,16.64536,1.14239,0
949,25.89844,16.68145,1.14257,1
950,25.89449,16.71751,1.14274,2
951,25.89051,16.75356,1.14292,0
952,25.88648,16.78958,1.14309,1
953,25.88242,16.82558,1.14327,2
954,25.87833,16.86155,1.14344,0
955,25.87420,16.89751,1.14362,1
956,25.87004,16.93343,1.14379,2
957,25.86584,16.96934,1.14397,0
958,25.86160,17.00522,1.14414,1
959,25.85733,17.04108,1.14432,2
960,25.85303,17.07692,1.14449,0
961,25.84868,17.11273,1.14466,1
962,25.84431,17.14852,1.14484,2
963,25.83990,17.18429,1.14501,0
964,25.83545,17.22003,1.14518,1
965,25.83097,17.25575,1.14535,2
966,25.82646,17.29145,1.14553,0
967,25.82191,17.32712,1.14570,1
968,25.81732,17.36277,1.14587,2
969,25.81270,17.39840,1.14604,0
970,25.80805,17.43400,1.14622,1
971,25.80336,17.46958,1.14639,2
972,25.79864,17.50514,1.14656,0
973,25.79389,17.54068,1.14673,1
974,25.78910,17.57619,1.14690,2
975,25.78427,17.61168,1.14707,0
976,25.77942,17.64714,1.14724,1
977,25.77453,17.68259,1.14741,2
978,25.76960,17.71801,1.14758,0
979,25.76464,17.75340,1.14776,1
980,25.75965,17.78877,1.14793,2
981,25.75462,17.82412,1.14810,0
982,25.74956,17.85945,1.14827,1
983,25.74447,17.89475,1.14843,2
984,25.73935,17.93003,1.14860,0
985,25.73419,17.96529,1.14877,1
986,25.72899,18.00052,1.14894,2
987,25.72377,18.03574,1.14911,0
988,25.71851,18.07092,1.14928,1
989,25.71322,18.10609,1.14945,2
990,25.70789,18.14123,1.14962,0
991,25.70254,18.17635,1.14979,1
992,25.69715,18.21144,1.14995,2
993,25.69172,18.24651,1.15012,0
994,25.68627,18.28156,1.15029,1
995,25.68078,18.31659,1.15046,2
996,25.67526,18.35159,1.15062,0
997,25.66971,18.38657,1.15079,1
998,25.66413,18.42153,1.15096,2
999,25.65851,18.45646,1.15113,0
1000,25.65286,18.49137,1.15129,1
1001,25.64718,18.52626,1.15146,2
1002,25.64147,18.56112,1.15163,0
1003,25.63572,18.59596,1.15179,1
1004,25.62994,18.63078,1.15196,2
1005,25.62414,18.66557,1.15212,0
1006,25.61830,18.70035,1.15229,1
1007,25.61242,18.73509,1.15246,2
1008,25.60652,18.76982,1.15262,0
1009,25.60059,18.80452,1.15279,1
1010,25.59462,18.83920,1.15295,2
1011,25.58862,18.87386,1.15312,0
1012,25.58259,18.90849,1.15328,1
1013,25.57653,18.94310,1.15345,2
1014,25.57044,18.97769,1.15361,0
1015,25.56432,19.01225,1.15377,1
1016,25.55816,19.04679,1.15394,2
1017,25.55198,19.08131,1.15410,0
1018,25.54576,19.11580,1.15427,1
1019,25.53952,19.15027,1.15443,2
1020,25.53324,19.18472,1.15459,0
1021,25.52693,19.21915,1.15476,1
1022,25.52060,19.25355,1.15492,2
1023,25.51423,19.28793,1.15508,0
1024,25.50783,19.32229,1.15525,1
1025,25.50140,19.35662,1.15541,2
1026,25.49494,19.39093,1.15557,0
1027,25.48845,19.42522,1.15573,1
1028,25.48193,19.45948,1.15590,2
1029,25.47538,19.49372,1.15606,0
1030,25.46880,19.52794,1.15622,1
1031,25.46219,19.56213,1.15638,2
1032,25.45554,19.59631,1.15654,0
1033,25.44887,19.63046,1.15670,1
1034,25.44217,19.66458,1.15687,2
1035,25.43544,19.69868,1.15703,0
1036,25.42868,19.73276,1.15719,1
1037,25.42190,19.76682,1.15735,2
1038,25.41508,19.80086,1.15751,0
1039,25.40823,19.83487,1.15767,1
1040,25.40135,19.86886,1.15783,2
1041,25.39444,19.90282,1.15799,0
1042,25.38751,19.93676,1.15815,1
1043,25.38054,19.97068,1.15831,2
1044,25.37355,20.00458,1.15847,0
1045,25.36652,20.03845,1.15863,1
1046,25.35947,20.07230,1.15879,2
1047,25.35239,20.10613,1.15895,0
1048,25.34528,20.13993,1.15911,1
1049,25.33814,20.17372,1.15927,2
1050,25.33097,20.20748,1.15942,0
1051,25.32377,20.24121,1.15958,1
1052,25.31655,20.27492,1.15974,2
1053,25.30929,20.30861,1.15990,0
1054,25.30201,20.34228,1.16006,1
1055,25.29470,20.37593,1.16022,2
1056,25.28736,20.40955,1.16037,0
1057,25.27999,20.44315,1.16053,1
1058,25.27259,20.47672,1.16069,2
1059,25.26517,20.51027,1.16085,0
1060,25.25771,20.54380,1.16100,1
1061,25.25023,20.57731,1.16116,2
1062,25.24272,20.61080,1.16132,0
1063,25.23519,20.64426,1.16148,1
1064,25.22762,20.67770,1.16163,2
1065,25.22003,20.71111,1.16179,0
1066,25.21241,20.74450,1.16194,1
1067,25.20476,20.77787,1.16210,2
1068,25.19708,20.81122,1.16226,0
1069,25.18938,20.84455,1.16241,1
1070,25.18165,20.87785,1.16257,2
1071,25.17389,20.91113,1.16272,0
1072,25.16611,20.94438,1.16288,1
1073,25.15829,20.97762,1.16304,2
1074,25.15045,21.01083,1.16319,0
1075,25.14258,21.04401,1.16335,1
1076,25.13469,21.07718,1.16350,2
1077,25.12677,21.11032,1.16366,0
1078,25.11882,21.14344,1.16381,1
1079,25.11084,21.17654,1.16396,2
1080,25.10284,21.20961,1.16412,0
1081,25.09481,21.24266,1.16427,1
1082,25.08675,21.27569,1.16443,2
1083,25.07867,21.30870,1.16458,0
1084,25.07055,21.34168,1.16474,1
1085,25.06242,21.37464,1.16489,2
1086,25.05425,21.40758,1.16504,0
1087,25.04606,21.44049,1.16520,1
1088,25.03785,21.47339,1.16535,2
1089,25.02960,21.50626,1.16550,0
1090,25.02133,21.53910,1.16566,1
1091,25.01304,21.57193,1.16581,2
1092,25.00471,21.60473,1.16596,0
1093,24.99637,21.63751,1.16611,1
1094,24.98799,21.67026,1.16627,2
1095,24.97959,21.70300,1.16642,0
1096,24.97116,21.73571,1.16657,1
1097,24.96271,21.76840,1.16672,2
1098,24.95423,21.80106,1.16687,0
1099,24.94573,21.83371,1.16703,1
1100,24.93720,21.86633,1.16718,2
1101,24.92864,21.89893,1.16733,0
1102,24.92006,21.93150,1.16748,1
1103,24.91145,21.96405,1.16763,2
1104,24.90282,21.99658,1.16778,0
1105,24.89416,22.02909,1.16793,1
1106,24.88547,22.06158,1.16808,2
1107,24.87676,22.09404,1.16823,0
1108,24.86803,22.12648,1.16839,1
1109,24.85927,22.15890,1.16854,2
1110,24.85048,22.19129,1.16869,0
1111,24.84167,22.22367,1.16884,1
1112,24.83284,22.25602,1.16899,2
1113,24.82398,22.28834,1.16914,0
1114,24.81509,22.32065,1.16929,1
1115,24.80618,22.35293,1.16943,2
1116,24.79724,22.38519,1.16958,0
1117,24.78828,22.41743,1.16973,1
1118,24.77930,22.44964,1.16988,2
1119,24.77028,22.48184,1.17003,0
1120,24.76125,22.51401,1.17018,1
1121,24.75219,22.54616,1.17033,2
1122,24.74310,22.57828,1.17048,0
1123,24.73400,22.61038,1.17063,1
1124,24.72486,22.64246,1.17077,2
1125,24.71570,22.67452,1.17092,0
1126,24.70652,22.70656,1.17107,1
1127,24.69731,22.73857,1.17122,2
1128,24.68808,22.77056,1.17137,0
1129,24.67883,22.80253,1.17151,1
1130,24.66955,22.83448,1.17166,2
1131,24.66024,22.86640,1.17181,0
1132,24.65092,22.89830,1.17196,1
1133,24.64156,22.93018,1.17210,2
1134,24.63219,22.96204,1.17225,0
1135,24.62279,22.99388,1.17240,1
1136,24.61336,23.02569,1.17254,2
1137,24.60392,23.05748,1.17269,0
1138,24.59445,23.08925,1.17284,1
1139,24.58495,23.12099,1.17298,2
1140,24.57543,23.15271,1.17313,0
1141,24.56589,23.18442,1.17328,1
1142,24.55632,23.21609,1.17342,2
1143,24.54673,23.24775,1.17357,0
1144,24.53712,23.27938,1.17371,1
1145,24.52748,23.31100,1.17386,2
1146,24.51782,23.34259,1.17401,0
1147,24.50814,23.37415,1.17415,1
1148,24.49843,23.40570,1.17430,2
1149,24.48870,23.43722,1.17444,0
1150,24.47895,23.46872,1.17459,1
1151,24.46917,23.50020,1.17473,2
1152,24.45938,23.53166,1.17488,0
1153,24.44955,23.56309,1.17502,1
1154,24.43971,23.59451,1.17516,2
1155,24.42984,23.62590,1.17531,0
1156,24.41995,23.65726,1.17545,1
1157,24.41003,23.68861,1.17560,2
1158,24.40010,23.71993,1.17574,0
1159,24.39014,23.75123,1.17589,1
1160,24.38016,23.78251,1.17603,2
1161,24.37015,23.81377,1.17617,0
1162,24.36012,23.84501,1.17632,1
1163,24.35007,23.87622,1.17646,2
1164,24.34000,23.90741,1.17660,0
1165,24.32991,23.93858,1.17675,1
1166,24.31979,23.96973,1.17689,2
1167,24.30965,24.00085,1.17703,0
1168,24.29949,24.03196,1.17717,1
1169,24.28930,24.06304,1.17732,2
1170,24.27910,24.09410,1.17746,0
1171,24.26887,24.12513,1.17760,1
1172,24.25862,24.15615,1.17774,2
1173,24.24834,24.18714,1.17789,0
1174,24.23805,24.21811,1.17803,1
1175,24.22773,24.24906,1.17817,2
1176,24.21739,24.27999,1.17831,0
1177,24.20703,24.31089,1.17845,1
1178,24.19665,24.34178,1.17860,2
1179,24.18625,24.37264,1.17874,0
1180,24.17582,24.40348,1.17888,1
1181,24.16537,24.43429,1.17902,2
1182,24.15490,24.46509,1.17916,0
1183,24.14441,24.49586,1.17930,1
1184,24.13390,24.52662,1.17944,2
1185,24.12337,24.55735,1.17958,0
1186,24.11281,24.58805,1.17972,1
1187,24.10223,24.61874,1.17986,2
1188,24.09163,24.64940,1.18000,0
1189,24.08102,24.68005,1.18014,1
1190,24.07037,24.71067,1.18028,2
1191,24.05971,24.74127,1.18042,0
1192,24.04903,24.77184,1.18056,1
1193,24.03832,24.80240,1.18070,2
1194,24.02760,24.83293,1.18084,0
1195,24.01685,24.86344,1.18098,1
1196,24.00608,24.89393,1.18112,2
1197,23.99529,24.92440,1.18126,0
1198,23.98448,24.95485,1.18140,1
1199,23.97365,24.98527,1.18154,2
1200,23.96280,25.01568,1.18168,0
1201,23.95193,25.04606,1.18182,1
1202,23.94104,25.07642,1.18196,2
1203,23.93012,25.10676,1.18210,0
1204,23.91919,25.13707,1.18223,1
1205,23.90823,25.16737,1.18237,2
1206,23.89726,25.19764,1.18251,0
1207,23.88626,25.22789,1.18265,1
1208,23.87525,25.25812,1.18279,2
1209,23.86421,25.28833,1.18292,0
1210,23.85315,25.31851,1.18306,1
1211,23.84207,25.34868,1.18320,2
1212,23.83097,25.37882,1.18334,0
1213,23.81986,25.40894,1.18348,1
1214,23.80872,25.43904,1.18361,2
1215,23.79756,25.46912,1.18375,0
1216,23.78638,25.49918,1.18389,1
1217,23.77518,25.52921,1.18402,2
1218,23.76396,25.55923,1.18416,0
1219,23.75272,25.58922,1.18430,1
1220,23.74146,25.61919,1.18443,2
1221,23.73018,25.64914,1.18457,0
1222,23.71888,25.67907,1.18471,1
1223,23.70757,25.70897,1.18484,2
1224,23.69623,25.73886,1.18498,0
1225,23.68487,25.76872,1.18512,1
1226,23.67349,25.79856,1.18525,2
1227,23.66209,25.82838,1.18539,0
1228,23.65067,25.85818,1.18552,1
1229,23.63924,25.88796,1.18566,2
1230,23.62778,25.91772,1.18579,0
1231,23.61630,25.94745,1.18593,1
1232,23.60481,25.97716,1.18607,2
1233,23.59329,26.00686,1.18620,0
1234,23.58176,26.03653,1.18634,1
1235,23.57020,26.06617,1.18647,2
1236,23.55863,26.09580,1.18661,0
1237,23.54704,26.12541,1.18674,1
1238,23.53543,26.15499,1.18688,2
1239,23.52380,26.18456,1.18701,0
1240,23.51215,26.21410,1.18714,1
1241,23.50048,26.24362,1.18728,2
1242,23.48879,26.27312,1.18741,0
1243,23.47708,26.30260,1.18755,1
1244,23.46535,26.33206,1.18768,2
1245,23.45361,26.36149,1.18782,0
1246,23.44184,26.39091,1.18795,1
1247,23.43006,26.42030,1.18808,2
1248,23.41826,26.44967,1.18822,0
1249,23.40644,26.47902,1.18835,1
1250,23.39460,26.50835,1.18848,2
1251,23.38274,26.53766,1.18862,0
1252,23.37086,26.56695,1.18875,1
1253,23.35897,26.59621,1.18888,2
1254,23.34706,26.62546,1.18902,0
1255,23.33512,26.65468,1.18915,1
1256,23.32317,26.68388,1.18928,2
1257,23.31120,26.71307,1.18941,0
1258,23.29921,26.74223,1.18955,1
1259,23.28721,26.77137,1.18968,2
1260,23.27518,26.80048,1.18981,0
1261,23.26314,26.82958,1.18994,1
1262,23.25108,26.85866,1.19008,2
1263,23.23900,26.88771,1.19021,0
1264,23.22690,26.91674,1.19034,1
1265,23.21478,26.94576,1.19047,2
1266,23.20265,26.97475,1.19060,0
1267,23.19050,27.00372,1.19073,1
1268,23.17833,27.03267,1.19087,2
1269,23.16614,27.06160,1.19100,0
1270,23.15393,27.09050,1.19113,1
1271,23.14171,27.11939,1.19126,2
1272,23.12947,27.14826,1.19139,0
1273,23.11721,27.17710,1.19152,1
1274,23.10493,27.20592,1.19165,2
1275,23.09263,27.23473,1.19178,0
1276,23.08032,27.26351,1.19191,1
1277,23.06799,27.29227,1.19204,2
1278,23.05564,27.32101,1.19218,0
1279,23.04327,27.34973,1.19231,1
1280,23.03089,27.37843,1.19244,2
1281,23.01849,27.40710,1.19257,0
1282,23.00607,27.43576,1.19270,1
1283,22.99363,27.46440,1.19283,2
1284,22.98117,27.49301,1.19296,0
1285,22.96870,27.52160,1.19309,1
1286,22.95621,27.55018,1.19322,2
1287,22.94371,27.57873,1.19334,0
1288,22.93118,27.60726,1.19347,1
1289,22.91864,27.63577,1.19360,2
1290,22.90608,27.66426,1.19373,0
1291,22.89351,27.69273,1.19386,1
1292,22.88092,27.72118,1.19399,2
1293,22.86831,27.74960,1.19412,0
1294,22.85568,27.77801,1.19425,1
1295,22.84304,27.80640,1.19438,2
1296,22.83038,27.83476,1.19451,0
1297,22.81770,27.86311,1.19463,1
1298,22.80500,27.89143,1.19476,2
1299,22.79229,27.91973,1.19489,0
1300,22.77956,27.94801,1.19502,1
1301,22.76682,27.97628,1.19515,2
1302,22.75405,28.00452,1.19528,0
1303,22.74128,28.03274,1.19540,1
1304,22.72848,28.06094,1.19553,2
1305,22.71567,28.08912,1.19566,0
1306,22.70284,28.11728,1.19579,1
1307,22.68999,28.14541,1.19591,2
1308,22.67713,28.17353,1.19604,0
1309,22.66425,28.20163,1.19617,1
1310,22.65135,28.22970,1.19630,2
1311,22.63844,28.25776,1.19642,0
1312,22.62551,28.28579,1.19655,1
1313,22.61257,28.31381,1.19668,2
1314,22.59961,28.34180,1.19681,0
1315,22.58663,28.36978,1.19693,1
1316,22.57364,28.39773,1.19706,2
1317,22.56063,28.42566,1.19719,0
1318,22.54760,28.45357,1.19731,1
1319,22.53456,28.48146,1.19744,2
1320,22.52150,28.50933,1.19756,0
1321,22.50842,28.53719,1.19769,1
1322,22.49533,28.56502,1.19782,2
1323,22.48222,28.59282,1.19794,0
1324,22.46910,28.62061,1.19807,1
1325,22.45596,28.64838,1.19819,2
1326,22.44280,28.67613,1.19832,0
1327,22.42963,28.70386,1.19845,1
1328,22.41645,28.73157,1.19857,2
1329,22.40324,28.75925,1.19870,0
1330,22.39002,28.78692,1.19882,1
1331,22.37679,28.81457,1.19895,2
1332,22.36354,28.84219,1.19907,0
1333,22.35027,28.86980,1.19920,1
1334,22.33699,28.89739,1.19932,2
1335,22.32369,28.92495,1.19945,0
1336,22.31038,28.95250,1.19957,1
1337,22.29705,28.98002,1.19970,2
1338,22.28370,29.00753,1.19982,0
1339,22.27034,29.03501,1.19995,1
1340,22.25697,29.06247,1.20007,2
1341,22.24358,29.08992,1.20020,0
1342,22.23017,29.11734,1.20032,1
1343,22.21675,29.14474,1.20044,2
1344,22.20331,29.17213,1.20057,0
1345,22.18986,29.19949,1.20069,1
1346,22.17639,29.22683,1.20082,2
1347,22.16291,29.25416,1.20094,0
1348,22.14941,29.28146,1.20106,1
1349,22.13589,29.30874,1.20119,2
1350,22.12236,29.33600,1.20131,0
1351,22.10882,29.36324,1.20143,1
1352,22.09526,29.39047,1.20156,2
1353,22.08168,29.41767,1.20168,0
1354,22.06809,29.44485,1.20180,1
1355,22.05449,29.47201,1.20193,2
1356,22.04087,29.49915,1.20205,0
1357,22.02723,29.52628,1.20217,1
1358,22.01358,29.55338,1.20229,2
1359,21.99992,29.58046,1.20242,0
1360,21.98624,29.60752,1.20254,1
1361,21.97255,29.63456,1.20266,2
1362,21.95884,29.66158,1.20278,0
1363,21.94511,29.68858,1.20291,1
1364,21.93137,29.71557,1.20303,2
1365,21.91762,29.74253,1.20315,0
1366,21.90385,29.76947,1.20327,1
1367,21.89007,29.79639,1.20340,2
1368,21.87627,29.82329,1.20352,0
1369,21.86246,29.85017,1.20364,1
1370,21.84863,29.87704,1.20376,2
1371,21.83479,29.90388,1.20388,0
1372,21.82094,29.93070,1.20400,1
1373,21.80706,29.95750,1.20413,2
1374,21.79318,29.98428,1.20425,0
1375,21.77928,30.01105,1.20437,1
1376,21.76537,30.03779,1.20449,2
1377,21.75144,30.06451,1.20461,0
1378,21.73750,30.09122,1.20473,1
1379,21.72354,30.11790,1.20485,2
1380,21.70957,30.14456,1.20497,0
1381,21.69558,30.17121,1.20509,1
1382,21.68158,30.19783,1.20521,2
1383,21.66757,30.22443,1.20534,0
1384,21.65354,30.25102,1.20546,1
1385,21.63950,30.27758,1.20558,2
1386,21.62544,30.30413,1.20570,0
1387,21.61137,30.33065,1.20582,1
1388,21.59729,30.35716,1.20594,2
1389,21.58319,30.38364,1.20606,0
1390,21.56908,30.41011,1.20618,1
1391,21.55495,30.43656,1.20630,2
1392,21.54081,30.46298,1.20642,0
1393,21.52666,30.48939,1.20654,1
1394,21.51249,30.51578,1.20666,2
1395,21.49831,30.54215,1.20677,0
1396,21.48412,30.56849,1.20689,1
1397,21.46991,30.59482,1.20701,2
1398,21.45568,30.62113,1.20713,0
1399,21.44145,30.64742,1.20725,1
1400,21.42720,30.67369,1.20737,2
1401,21.41293,30.69994,1.20749,0
1402,21.39865,30.72617,1.20761,1
1403,21.38436,30.75238,1.20773,2
1404,21.37006,30.77857,1.20785,0
1405,21.35574,30.80475,1.20797,1
1406,21.34141,30.83090,1.20808,2
1407,21.32706,30.85703,1.20820,0
1408,21.31270,30.88315,1.20832,1
1409,21.29833,30.90924,1.20844,2
1410,21.28395,30.93531,1.20856,0
1411,21.26955,30.96137,1.20868,1
1412,21.25513,30.98741,1.20879,2
1413,21.24071,31.01342,1.20891,0
1414,21.22627,31.03942,1.20903,1
1415,21.21182,31.06540,1.20915,2
1416,21.19735,31.09135,1.20927,0
1417,21.18287,31.11729,1.20938,1
1418,21.16838,31.14321,1.20950,2
1419,21.15388,31.16911,1.20962,0
1420,21.13936,31.19499,1.20974,1
1421,21.12483,31.22085,1.20985,2
1422,21.11028,31.24670,1.20997,0
1423,21.09572,31.27252,1.21009,1
1424,21.08115,31.29832,1.21020,2
1425,21.06657,31.32411,1.21032,0
1426,21.05197,31.34987,1.21044,1
1427,21.03736,31.37562,1.21055,2
1428,21.02274,31.40134,1.21067,0
1429,21.00811,31.42705,1.21079,1
1430,20.99346,31.45274,1.21090,2
1431,20.97880,31.47841,1.21102,0
1432,20.96412,31.50406,1.21114,1
1433,20.94944,31.52969,1.21125,2
1434,20.93474,31.55530,1.21137,0
1435,20.92002,31.58089,1.21149,1
1436,20.90530,31.60646,1.21160,2
1437,20.89056,31.63202,1.21172,0
1438,20.87581,31.65755,1.21183,1
1439,20.86105,31.68306,1.21195,2
1440,20.84627,31.70856,1.21207,0
1441,20.83149,31.73404,1.21218,1
1442,20.81669,31.75950,1.21230,2
1443,20.80187,31.78493,1.21241,0
1444,20.78705,31.81035,1.21253,1
1445,20.77221,31.83575,1.21264,2
1446,20.75736,31.86114,1.21276,0
1447,20.74250,31.88650,1.21287,1
1448,20.72762,31.91184,1.21299,2
1449,20.71273,31.93717,1.21310,0
1450,20.69784,31.96247,1.21322,1
1451,20.68292,31.98776,1.21333,2
1452,20.66800,32.01303,1.21345,0
1453,20.65306,32.03827,1.21356,1
1454,20.63811,32.06350,1.21368,2
1455,20.62315,32.08871,1.21379,0
1456,20.60818,32.11391,1.21391,1
1457,20.59319,32.13908,1.21402,2
1458,20.57820,32.16423,1.21414,0
1459,20.56319,32.18937,1.21425,1
1460,20.54817,32.21448,1.21437,2
1461,20.53313,32.23958,1.21448,0
1462,20.51809,32.26466,1.21459,1
1463,20.50303,32.28972,1.21471,2
1464,20.48796,32.31476,1.21482,0
1465,20.47288,32.33978,1.21494,1
1466,20.45778,32.36478,1.21505,2
1467,20.44268,32.38977,1.21516,0
1468,20.42756,32.41473,1.21528,1
1469,20.41243,32.43968,1.21539,2
1470,20.39729,32.46460,1.21550,0
1471,20.38214,32.48951,1.21562,1
1472,20.36697,32.51440,1.21573,2
1473,20.35180,32.53927,1.21584,0
1474,20.33661,32.56413,1.21596,1
1475,20.32141,32.58896,1.21607,2
1476,20.30620,32.61378,1.21618,0
1477,20.29097,32.63857,1.21629,1
1478,20.27574,32.66335,1.21641,2
1479,20.26049,32.68811,1.21652,0
1480,20.24524,32.71285,1.21663,1
1481,20.22997,32.73757,1.21675,2
1482,20.21468,32.76227,1.21686,0
1483,20.19939,32.78696,1.21697,1
1484,20.18409,32.81162,1.21708,2
1485,20.16877,32.83627,1.21720,0
1486,20.15345,32.86090,1.21731,1
1487,20.13811,32.88551,1.21742,2
1488,20.12276,32.91010,1.21753,0
1489,20.10740,32.93467,1.21764,1
1490,20.09202,32.95923,1.21776,2
1491,20.07664,32.98376,1.21787,0
1492,20.06125,33.00828,1.21798,1
1493,20.04584,33.03278,1.21809,2
1494,20.03042,33.05726,1.21820,0
1495,20.01499,33.08172,1.21831,1
1496,19.99955,33.10616,1.21843,2
1497,19.98410,33.13058,1.21854,0
1498,19.96864,33.15499,1.21865,1
1499,19.95317,33.17938,1.21876,2
1500,19.93768,33.20375,1.21887,0
1501,19.92219,33.22810,1.21898,1
1502,19.90668,33.25243,1.21909,2
1503,19.89116,33.27674,1.21920,0
1504,19.87564,33.30104,1.21931,1
1505,19.86010,33.32531,1.21942,2
1506,19.84455,33.34957,1.21954,0
1507,19.82898,33.37381,1.21965,1
1508,19.81341,33.39803,1.21976,2
1509,19.79783,33.42224,1.21987,0
1510,19.78223,33.44642,1.21998,1
1511,19.76663,33.47059,1.22009,2
1512,19.75101,33.49474,1.22020,0
1513,19.73539,33.51887,1.22031,1
1514,19.71975,33.54298,1.22042,2
1515,19.70410,33.56707,1.22053,0
1516,19.68844,33.59115,1.22064,1
1517,19.67277,33.61521,1.22075,2
1518,19.65709,33.63924,1.22086,0
1519,19.64140,33.66326,1.22097,1
1520,19.62570,33.68727,1.22108,2
1521,19.60999,33.71125,1.22119,0
1522,19.59427,33.73522,1.22130,1
1523,19.57853,33.75916,1.22141,2
1524,19.56279,33.78309,1.22152,0
1525,19.54703,33.80700,1.22162,1
1526,19.53127,33.83090,1.22173,2
1527,19.51549,33.85477,1.22184,0
1528,19.49971,33.87863,1.22195,1
1529,19.48391,33.90247,1.22206,2
1530,19.46810,33.92629,1.22217,0
1531,19.45229,33.95009,1.22228,1
1532,19.43646,33.97387,1.22239,2
1533,19.42062,33.99764,1.22250,0
1534,19.40477,34.02139,1.22261,1
1535,19.38892,34.04512,1.22271,2
1536,19.37305,34.06883,1.22282,0
1537,19.35717,34.09252,1.22293,1
1538,19.34128,34.11620,1.22304,2
1539,19.32538,34.13986,1.22315,0
1540,19.30947,34.16350,1.22326,1
1541,19.29355,34.18712,1.22336,2
1542,19.27762,34.21072,1.22347,0
1543,19.26168,34.23431,1.22358,1
1544,19.24573,34.25787,1.22369,2
1545,19.22977,34.28142,1.22380,0
1546,19.21380,34.30496,1.22390,1
1547,19.19782,34.32847,1.22401,2
1548,19.18183,34.35197,1.22412,0
1549,19.16583,34.37544,1.22423,1
1550,19.14982,34.39890,1.22434,2
1551,19.13380,34.42235,1.22444,0
1552,19.11777,34.44577,1.22455,1
1553,19.10172,34.46918,1.22466,2
1554,19.08567,34.49256,1.22476,0
1555,19.06961,34.51594,1.22487,1
1556,19.05354,34.53929,1.22498,2
1557,19.03746,34.56262,1.22509,0
1558,19.02138,34.58594,1.22519,1
1559,19.00528,34.60924,1.22530,2
1560,18.98917,34.63252,1.22541,0
1561,18.97305,34.65579,1.22551,1
1562,18.95692,34.67903,1.22562,2
1563,18.94078,34.70226,1.22573,0
1564,18.92463,34.72547,1.22583,1
1565,18.90847,34.74866,1.22594,2
1566,18.89231,34.77184,1.22605,0
1567,18.87613,34.79500,1.22615,1
1568,18.85994,34.81813,1.22626,2
1569,18.84375,34.84126,1.22637,0
1570,18.82754,34.86436,1.22647,1
1571,18.81133,34.88745,1.22658,2
1572,18.79510,34.91052,1.22668,0
1573,18.77887,34.93357,1.22679,1
1574,18.76262,34.95660,1.22690,2
1575,18.74637,34.97962,1.22700,0
1576,18.73011,35.00262,1.22711,1
1577,18.71384,35.02560,1.22721,2
1578,18.69755,35.04856,1.22732,0
1579,18.68126,35.07150,1.22742,1
1580,18.66496,35.09443,1.22753,2
1581,18.64865,35.11734,1.22764,0
1582,18.63233,35.14024,1.22774,1
1583,18.61601,35.16311,1.22785,2
1584,18.59967,35.18597,1.22795,0
1585,18.58332,35.20881,1.22806,1
1586,18.56696,35.23163,1.22816,2
1587,18.55060,35.25444,1.22827,0
1588,18.53422,35.27722,1.22837,1
1589,18.51784,35.29999,1.22848,2
1590,18.50145,35.32275,1.22858,0
1591,18.48505,35.34548,1.22869,1
1592,18.46863,35.36820,1.22879,2
1593,18.45221,35.39090,1.22890,0
1594,18.43578,35.41358,1.22900,1
1595,18.41935,35.43625,1.22910,2
1596,18.40290,35.45890,1.22921,0
1597,18.38644,35.48153,1.22931,1
1598,18.36998,35.50414,1.22942,2
1599,18.35350,35.52674,1.22952,0
1600,18.33702,35.54931,1.22963,1
1601,18.32053,35.57188,1.22973,2
1602,18.30402,35.59442,1.22983,0
1603,18.28751,35.61695,1.22994,1
1604,18.27100,35.63945,1.23004,2
1605,18.25447,35.66195,1.23015,0
1606,18.23793,35.68442,1.23025,1
1607,18.22138,35.70688,1.23035,2
1608,18.20483,35.72932,1.23046,0
1609,18.18827,35.75174,1.23056,1
1610,18.17169,35.77415,1.23066,2
1611,18.15511,35.79653,1.23077,0
1612,18.13852,35.81891,1.23087,1
1613,18.12193,35.84126,1.23098,2
1614,18.10532,35.86360,1.23108,0
1615,18.08870,35.88591,1.23118,1
1616,18.07208,35.90822,1.23128,2
1617,18.05544,35.93050,1.23139,0
1618,18.03880,35.95277,1.23149,1
1619,18.02215,35.97502,1.23159,2
1620,18.00549,35.99725,1.23170,0
1621,17.98883,36.01947,1.23180,1
1622,17.97215,36.04167,1.23190,2
1623,17.95546,36.06385,1.23201,0
1624,17.93877,36.08601,1.23211,1
1625,17.92207,36.10816,1.23221,2
1626,17.90536,36.13029,1.23231,0
1627,17.88864,36.15241,1.23242,1
1628,17.87191,36.17450,1.23252,2
1629,17.85518,36.19658,1.23262,0
1630,17.83843,36.21864,1.23272,1
1631,17.82168,36.24069,1.23282,2
1632,17.80492,36.26272,1.23293,0
1633,17.78815,36.28473,1.23303,1
1634,17.77138,36.30672,1.23313,2
1635,17.75459,36.32870,1.23323,0
1636,17.73780,36.35066,1.23333,1
1637,17.72099,36.37260,1.23344,2
1638,17.70418,36.39453,1.23354,0
1639,17.68736,36.41644,1.23364,1
1640,17.67054,36.43833,1.23374,2
1641,17.65370,36.46021,1.23384,0
1642,17.63686,36.48207,1.23395,1
1643,17.62001,36.50391,1.23405,2
1644,17.60315,36.52573,1.23415,0
1645,17.58628,36.54754,1.23425,1
1646,17.56940,36.56933,1.23435,2
1647,17.55252,36.59111,1.23445,0
1648,17.53563,36.61286,1.23455,1
1649,17.51873,36.63460,1.23465,2
1650,17.50182,36.65633,1.23476,0
1651,17.48490,36.67803,1.23486,1
1652,17.46798,36.69972,1.23496,2
1653,17.45104,36.72140,1.23506,0
1654,17.43410,36.74305,1.23516,1
1655,17.41716,36.76469,1.23526,2
1656,17.40020,36.78632,1.23536,0
1657,17.38324,36.80792,1.23546,1
1658,17.36626,36.82951,1.23556,2
1659,17.34928,36.85108,1.23566,0
1660,17.33230,36.87264,1.23576,1
1661,17.31530,36.89418,1.23586,2
1662,17.29830,36.91570,1.23596,0
1663,17.28128,36.93721,1.23606,1
1664,17.26427,36.95870,1.23616,2
1665,17.24724,36.98017,1.23626,0
1666,17.23020,37.00162,1.23636,1
1667,17.21316,37.02306,1.23646,2
1668,17.19611,37.04448,1.23656,0
1669,17.17905,37.06589,1.23666,1
1670,17.16199,37.08728,1.23676,2
1671,17.14491,37.10865,1.23686,0
1672,17.12783,37.13001,1.23696,1
1673,17.11074,37.15135,1.23706,2
1674,17.09365,37.17267,1.23716,0
1675,17.07654,37.19397,1.23726,1
1676,17.05943,37.21526,1.23736,2
1677,17.04231,37.23654,1.23746,0
1678,17.02518,37.25779,1.23756,1
1679,17.00805,37.27903,1.23766,2
1680,16.99091,37.30026,1.23776,0
1681,16.97376,37.32146,1.23786,1
1682,16.95660,37.34265,1.23796,2
1683,16.93944,37.36383,1.23806,0
1684,16.92227,37.38498,1.23815,1
1685,16.90509,37.40612,1.23825,2
1686,16.88790,37.42725,1.23835,0
1687,16.87070,37.44836,1.23845,1
1688,16.85350,37.46945,1.23855,2
1689,16.83629,37.49052,1.23865,0
1690,16.81908,37.51158,1.23875,1
1691,16.80185,37.53262,1.23885,2
1692,16.78462,37.55365,1.23894,0
1693,16.76738,37.57466,1.23904,1
1694,16.75014,37.59565,1.23914,2
1695,16.73289,37.61663,1.23924,0
1696,16.71562,37.63759,1.23934,1
1697,16.69836,37.65853,1.23944,2
1698,16.68108,37.67946,1.23953,0
1699,16.66380,37.70037,1.23963,1
1700,16.64651,37.72126,1.23973,2
1701,16.62921,37.74214,1.23983,0
1702,16.61191,37.76300,1.23993,1
1703,16.59460,37.78385,1.24002,2
1704,16.57728,37.80468,1.24012,0
1705,16.55996,37.82549,1.24022,1
1706,16.54262,37.84629,1.24032,2
1707,16.52528,37.86707,1.24042,0
1708,16.50794,37.88783,1.24051,1
1709,16.49058,37.90858,1.24061,2
1710,16.47322,37.92931,1.24071,0
1711,16.45586,37.95003,1.24081,1
1712,16.43848,37.97073,1.24090,2
1713,16.42110,37.99141,1.24100,0
1714,16.40371,38.01208,1.24110,1
1715,16.38632,38.03273,1.24119,2
1716,16.36891,38.05337,1.24129,0
1717,16.35150,38.07399,1.24139,1
1718,16.33409,38.09459,1.24149,2
1719,16.31666,38.11517,1.24158,0
1720,16.29923,38.13574,1.24168,1
1721,16.28180,38.15630,1.24178,2
1722,16.26435,38.17684,1.24187,0
1723,16.24690,38.19736,1.24197,1
1724,16.22944,38.21786,1.24207,2
1725,16.21198,38.23835,1.24216,0
1726,16.19451,38.25883,1.24226,1
1727,16.17703,38.27929,1.24236,2
1728,16.15954,38.29973,1.24245,0
1729,16.14205,38.32015,1.24255,1
1730,16.12455,38.34056,1.24265,2
1731,16.10705,38.36096,1.24274,0
1732,16.08954,38.38133,1.24284,1
1733,16.07202,38.40170,1.24293,2
1734,16.05449,38.42204,1.24303,0
1735,16.03696,38.44237,1.24313,1
1736,16.01942,38.46269,1.24322,2
1737,16.00188,38.48298,1.24332,0
1738,15.98432,38.50326,1.24342,1
1739,15.96677,38.52353,1.24351,2
1740,15.94920,38.54378,1.24361,0
1741,15.93163,38.56401,1.24370,1
1742,15.91405,38.58423,1.24380,2
1743,15.89647,38.60443,1.24389,0
1744,15.87887,38.62462,1.24399,1
1745,15.86128,38.64479,1.24408,2
1746,15.84367,38.66495,1.24418,0
1747,15.82606,38.68509,1.24428,1
1748,15.80844,38.70521,1.24437,2
1749,15.79082,38.72532,1.24447,0
1750,15.77319,38.74541,1.24456,1
1751,15.75555,38.76548,1.24466,2
1752,15.73791,38.78554,1.24475,0
1753,15.72026,38.80559,1.24485,1
1754,15.70260,38.82561,1.24494,2
1755,15.68494,38.84563,1.24504,0
1756,15.66727,38.86562,1.24513,1
1757,15.64960,38.88560,1.24523,2
1758,15.63191,38.90557,1.24532,0
1759,15.61423,38.92552,1.24542,1
1760,15.59653,38.94545,1.24551,2
1761,15.57883,38.96537,1.24561,0
1762,15.56113,38.98527,1.24570,1
1763,15.54341,39.00516,1.24580,2
1764,15.52569,39.02503,1.24589,0
1765,15.50797,39.04488,1.24598,1
1766,15.49024,39.06472,1.24608,2
1767,15.47250,39.08455,1.24617,0
1768,15.45475,39.10435,1.24627,1
1769,15.43700,39.12415,1.24636,2
1770,15.41925,39.14392,1.24646,0
1771,15.40149,39.16369,1.24655,1
1772,15.38372,39.18343,1.24664,2
1773,15.36594,39.20316,1.24674,0
1774,15.34816,39.22288,1.24683,1
1775,15.33037,39.24257,1.24693,2
1776,15.31258,39.26226,1.24702,0
1777,15.29478,39.28193,1.24711,1
1778,15.27698,39.30158,1.24721,2
1779,15.25916,39.32121,1.24730,0
1780,15.24135,39.34084,1.24739,1
1781,15.22352,39.36044,1.24749,2
1782,15.20570,39.38003,1.24758,0
1783,15.18786,39.39961,1.24768,1
1784,15.17002,39.41916,1.24777,2
1785,15.15217,39.43871,1.24786,0
1786,15.13432,39.45824,1.24796,1
1787,15.11646,39.47775,1.24805,2
1788,15.09859,39.49725,1.24814,0
1789,15.08072,39.51673,1.24824,1
1790,15.06285,39.53619,1.24833,2
1791,15.04496,39.55565,1.24842,0
1792,15.02707,39.57508,1.24851,1
1793,15.00918,39.59450,1.24861,2
1794,14.99128,39.61391,1.24870,0
1795,14.97337,39.63329,1.24879,1
1796,14.95546,39.65267,1.24889,2
1797,14.93754,39.67203,1.24898,0
1798,14.91962,39.69137,1.24907,1
1799,14.90169,39.71070,1.24916,2
1800,14.88376,39.73001,1.24926,0
1801,14.86582,39.74931,1.24935,1
1802,14.84787,39.76859,1.24944,2
1803,14.82992,39.78786,1.24953,0
1804,14.81196,39.80711,1.24963,1
1805,14.79400,39.82634,1.24972,2
1806,14.77603,39.84556,1.24981,0
1807,14.75805,39.86477,1.24990,1
1808,14.74007,39.88396,1.25000,2
1809,14.72209,39.90314,1.25009,0
1810,14.70409,39.92229,1.25018,1
1811,14.68610,39.94144,1.25027,2
1812,14.66809,39.96057,1.25036,0
1813,14.65008,39.97968,1.25046,1
1814,14.63207,39.99878,1.25055,2
1815,14.61405,40.01787,1.25064,0
1816,14.59603,40.03693,1.25073,1
1817,14.57799,40.05599,1.25082,2
1818,14.55996,40.07502,1.25092,0
1819,14.54192,40.09405,1.25101,1
1820,14.52387,40.11306,1.25110,2
1821,14.50582,40.13205,1.25119,0
1822,14.48776,40.15103,1.25128,1
1823,14.46969,40.16999,1.25137,2
1824,14.45163,40.18894,1.25146,0
1825,14.43355,40.20787,1.25156,1
1826,14.41547,40.22678,1.25165,2
1827,14.39739,40.24569,1.25174,0
1828,14.37929,40.26457,1.25183,1
1829,14.36120,40.28345,1.25192,2
1830,14.34310,40.30230,1.25201,0
1831,14.32499,40.32114,1.25210,1
1832,14.30688,40.33997,1.25219,2
1833,14.28876,40.35878,1.25228,0
1834,14.27064,40.37758,1.25238,1
1835,14.25251,40.39636,1.25247,2
1836,14.23438,40.41513,1.25256,0
1837,14.21624,40.43388,1.25265,1
1838,14.19809,40.45262,1.25274,2
1839,14.17994,40.47134,1.25283,0
1840,14.16179,40.49005,1.25292,1
1841,14.14363,40.50874,1.25301,2
1842,14.12546,40.52741,1.25310,0
1843,14.10729,40.54608,1.25319,1
1844,14.08912,40.56472,1.25328,2
1845,14.07094,40.58336,1.25337,0
1846,14.05275,40.60197,1.25346,1
1847,14.03456,40.62057,1.25355,2
1848,14.01637,40.63916,1.25364,0
1849,13.99816,40.65773,1.25373,1
1850,13.97996,40.67629,1.25382,2
1851,13.96175,40.69484,1.25391,0
1852,13.94353,40.71336,1.25400,1
1853,13.92531,40.73188,1.25409,2
1854,13.90708,40.75038,1.25418,0
1855,13.88885,40.76886,1.25427,1
1856,13.87061,40.78733,1.25436,2
1857,13.85237,40.80578,1.25445,0
1858,13.83412,40.82422,1.25454,1
1859,13.81587,40.84265,1.25463,2
1860,13.79762,40.86105,1.25472,0
1861,13.77935,40.87945,1.25481,1
1862,13.76109,40.89783,1.25490,2
1863,13.74282,40.91619,1.25499,0
1864,13.72454,40.93455,1.25508,1
1865,13.70626,40.95288,1.25517,2
1866,13.68797,40.97120,1.25526,0
1867,13.66968,40.98951,1.25535,1
1868,13.65138,41.00780,1.25544,2
1869,13.63308,41.02608,1.25553,0
1870,13.61478,41.04434,1.25562,1
1871,13.59647,41.06259,1.25570,2
1872,13.57815,41.08082,1.25579,0
1873,13.55983,41.09904,1.25588,1
1874,13.54150,41.11724,1.25597,2
1875,13.52317,41.13543,1.25606,0
1876,13.50484,41.15361,1.25615,1
1877,13.48650,41.17177,1.25624,2
1878,13.46815,41.18991,1.25633,0
1879,13.44980,41.20804,1.25642,1
1880,13.43145,41.22616,1.25650,2
1881,13.41309,41.24426,1.25659,0
1882,13.39473,41.26235,1.25668,1
1883,13.37636,41.28042,1.25677,2
1884,13.35799,41.29848,1.25686,0
1885,13.33961,41.31652,1.25695,1
1886,13.32122,41.33455,1.25704,2
1887,13.30284,41.35256,1.25712,0
1888,13.28445,41.37056,1.25721,1
1889,13.26605,41.38855,1.25730,2
1890,13.24765,41.40652,1.25739,0
1891,13.22924,41.42448,1.25748,1
1892,13.21083,41.44242,1.25756,2
1893,13.19242,41.46034,1.25765,0
1894,13.17400,41.47826,1.25774,1
1895,13.15557,41.49616,1.25783,2
1896,13.13714,41.51404,1.25792,0
1897,13.11871,41.53191,1.25800,1
1898,13.10027,41.54976,1.25809,2
1899,13.08183,41.56760,1.25818,0
1900,13.06338,41.58543,1.25827,1
1901,13.04493,41.60324,1.25836,2
1902,13.02647,41.62104,1.25844,0
1903,13.00801,41.63882,1.25853,1
1904,12.98955,41.65659,1.25862,2
1905,12.97108,41.67435,1.25871,0
1906,12.95261,41.69209,1.25879,1
1907,12.93413,41.70981,1.25888,2
1908,12.91564,41.72752,1.25897,0
1909,12.89716,41.74522,1.25906,1
1910,12.87866,41.76290,1.25914,2
1911,12.86017,41.78057,1.25923,0
1912,12.84167,41.79822,1.25932,1
1913,12.82316,41.81586,1.25940,2
1914,12.80465,41.83349,1.25949,0
1915,12.78614,41.85110,1.25958,1
1916,12.76762,41.86870,1.25967,2
1917,12.74910,41.88628,1.25975,0
1918,12.73057,41.90385,1.25984,1
1919,12.71204,41.92140,1.25993,2
1920,12.69351,41.93894,1.26001,0
1921,12.67497,41.95647,1.26010,1
1922,12.65642,41.97398,1.26019,2
1923,12.63787,41.99148,1.26027,0
1924,12.61932,42.00896,1.26036,1
1925,12.60076,42.02643,1.26045,2
1926,12.58220,42.04388,1.26053,0
1927,12.56364,42.06132,1.26062,1
1928,12.54507,42.07875,1.26071,2
1929,12.52649,42.09616,1.26079,0
1930,12.50792,42.11356,1.26088,1
1931,12.48933,42.13095,1.26097,2
1932,12.47075,42.14831,1.26105,0
1933,12.45216,42.16567,1.26114,1
1934,12.43356,42.18301,1.26122,2
1935,12.41496,42.20034,1.26131,0
1936,12.39636,42.21765,1.26140,1
1937,12.37775,42.23495,1.26148,2
1938,12.35914,42.25224,1.26157,0
1939,12.34053,42.26951,1.26165,1
1940,12.32191,42.28677,1.26174,2
1941,12.30328,42.30401,1.26183,0
1942,12.28466,42.32124,1.26191,1
1943,12.26602,42.33845,1.26200,2
1944,12.24739,42.35565,1.26208,0
1945,12.22875,42.37284,1.26217,1
1946,12.21010,42.39001,1.26226,2
1947,12.19146,42.40717,1.26234,0
1948,12.17280,42.42432,1.26243,1
1949,12.15415,42.44145,1.26251,2
1950,12.13549,42.45857,1.26260,0
1951,12.11682,42.47567,1.26268,1
1952,12.09816,42.49276,1.26277,2
1953,12.07949,42.50983,1.26285,0
1954,12.06081,42.52690,1.26294,1
1955,12.04213,42.54394,1.26302,2
1956,12.02345,42.56098,1.26311,0
1957,12.00476,42.57800,1.26319,1
1958,11.98607,42.59500,1.26328,2
1959,11.96737,42.61199,1.26336,0
1960,11.94867,42.62897,1.26345,1
1961,11.92997,42.64594,1.26353,2
1962,11.91126,42.66289,1.26362,0
1963,11.89255,42.67982,1.26370,1
1964,11.87384,42.69675,1.26379,2
1965,11.85512,42.71365,1.26387,0
1966,11.83639,42.73055,1.26396,1
1967,11.81767,42.74743,1.26404,2
1968,11.79894,42.76430,1.26413,0
1969,11.78020,42.78115,1.26421,1
1970,11.76147,42.79799,1.26430,2
1971,11.74272,42.81482,1.26438,0
1972,11.72398,42.83163,1.26447,1
1973,11.70523,42.84843,1.26455,2
1974,11.68648,42.86521,1.26464,0
1975,11.66772,42.88198,1.26472,1
1976,11.64896,42.89874,1.26480,2
1977,11.63019,42.91548,1.26489,0
1978,11.61143,42.93221,1.26497,1
1979,11.59266,42.94893,1.26506,2
1980,11.57388,42.96563,1.26514,0
1981,11.55510,42.98232,1.26523,1
1982,11.53632,42.99899,1.26531,2
1983,11.51753,43.01565,1.26539,0
1984,11.49874,43.03230,1.26548,1
1985,11.47995,43.04893,1.26556,2
1986,11.46115,43.06555,1.26565,0
1987,11.44235,43.08216,1.26573,1
1988,11.42355,43.09875,1.26581,2
1989,11.40474,43.11533,1.26590,0
1990,11.38593,43.13190,1.26598,1
1991,11.36711,43.14845,1.26607,2
1992,11.34829,43.16499,1.26615,0
1993,11.32947,43.18151,1.26623,1
1994,11.31064,43.19802,1.26632,2
1995,11.29181,43.21452,1.26640,0
1996,11.27298,43.23101,1.26648,1
1997,11.25414,43.24748,1.26657,2
1998,11.23530,43.26393,1.26665,0
1999,11.21646,43.28038,1.26673,1
2000,11.19761,43.29681,1.26682,2
2001,11.17876,43.31322,1.26690,0
2002,11.15991,43.32963,1.26698,1
2003,11.14105,43.34601,1.26707,2
2004,11.12219,43.36239,1.26715,0
2005,11.10332,43.37875,1.26723,1
2006,11.08446,43.39510,1.26732,2
2007,11.06558,43.41144,1.26740,0
2008,11.04671,43.42776,1.26748,1
2009,11.02783,43.44407,1.26757,2
2010,11.00895,43.46036,1.26765,0
2011,10.99006,43.47664,1.26773,1
2012,10.97118,43.49291,1.26781,2
2013,10.95228,43.50917,1.26790,0
2014,10.93339,43.52541,1.26798,1
2015,10.91449,43.54163,1.26806,2
2016,10.89559,43.55785,1.26815,0
2017,10.87668,43.57405,1.26823,1
2018,10.85777,43.59024,1.26831,2
2019,10.83886,43.60641,1.26839,0
2020,10.81995,43.62257,1.26848,1
2021,10.80103,43.63872,1.26856,2
2022,10.78210,43.65485,1.26864,0
2023,10.76318,43.67097,1.26872,1
2024,10.74425,43.68708,1.26881,2
2025,10.72532,43.70318,1.26889,0
2026,10.70638,43.71926,1.26897,1
2027,10.68744,43.73532,1.26905,2
2028,10.66850,43.75138,1.26913,0
2029,10.64956,43.76742,1.26922,1
2030,10.63061,43.78345,1.26930,2
2031,10.61166,43.79946,1.26938,0
2032,10.59270,43.81546,1.26946,1
2033,10.57375,43.83145,1.26954,2
2034,10.55478,43.84742,1.26963,0
2035,10.53582,43.86338,1.26971,1
2036,10.51685,43.87933,1.26979,2
2037,10.49788,43.89527,1.26987,0
2038,10.47891,43.91119,1.26995,1
2039,10.45993,43.92710,1.27004,2
2040,10.44095,43.94299,1.27012,0
2041,10.42197,43.95887,1.27020,1
2042,10.40298,43.97474,1.27028,2
2043,10.38399,43.99060,1.27036,0
2044,10.36500,44.00644,1.27044,1
2045,10.34600,44.02227,1.27053,2
2046,10.32701,44.03809,1.27061,0
2047,10.30800,44.05389,1.27069,1
2048,10.28900,44.06968,1.27077,2
2049,10.26999,44.08545,1.27085,0
2050,10.25098,44.10122,1.27093,1
2051,10.23197,44.11697,1.27101,2
2052,10.21295,44.13271,1.27110,0
2053,10.19393,44.14843,1.27118,1
2054,10.17491,44.16414,1.27126,2
2055,10.15588,44.17984,1.27134,0
2056,10.13685,44.19552,1.27142,1
2057,10.11782,44.21119,1.27150,2
2058,10.09878,44.22685,1.27158,0
2059,10.07974,44.24250,1.27166,1
2060,10.06070,44.25813,1.27174,2
2061,10.04166,44.27375,1.27182,0
2062,10.02261,44.28936,1.27191,1
2063,10.00356,44.30495,1.27199,2
2064,9.98451,44.32053,1.27207,0
2065,9.96545,44.33610,1.27215,1
2066,9.94639,44.35165,1.27223,2
2067,9.92733,44.36720,1.27231,0
2068,9.90827,44.38272,1.27239,1
2069,9.88920,44.39824,1.27247,2
2070,9.87013,44.41374,1.27255,0
2071,9.85106,44.42923,1.27263,1
2072,9.83198,44.44471,1.27271,2
2073,9.81290,44.46017,1.27279,0
2074,9.79382,44.47562,1.27287,1
2075,9.77474,44.49106,1.27295,2
2076,9.75565,44.50649,1.27303,0
2077,9.73656,44.52190,1.27311,1
2078,9.71746,44.53730,1.27319,2
2079,9.69837,44.55268,1.27327,0
2080,9.67927,44.56806,1.27335,1
2081,9.66017,44.58342,1.27343,2
2082,9.64106,44.59877,1.27351,0
2083,9.62196,44.61410,1.27359,1
2084,9.60285,44.62942,1.27367,2
2085,9.58373,44.64473,1.27375,0
2086,9.56462,44.66003,1.27383,1
2087,9.54550,44.67531,1.27391,2
2088,9.52638,44.69058,1.27399,0
2089,9.50726,44.70584,1.27407,1
2090,9.48813,44.72108,1.27415,2
2091,9.46900,44.73632,1.27423,0
2092,9.44987,44.75154,1.27431,1
2093,9.43073,44.76674,1.27439,2
2094,9.41160,44.78194,1.27447,0
2095,9.39246,44.79712,1.27455,1
2096,9.37331,44.81229,1.27463,2
2097,9.35417,44.82744,1.27471,0
2098,9.33502,44.84258,1.27479,1
2099,9.31587,44.85771,1.27487,2
2100,9.29672,44.87283,1.27495,0
2101,9.27756,44.88794,1.27503,1
2102,9.25840,44.90303,1.27511,2
2103,9.23924,44.91811,1.27519,0
2104,9.22008,44.93317,1.27527,1
2105,9.20091,44.94823,1.27535,2
2106,9.18174,44.96327,1.27542,0
2107,9.16257,44.97830,1.27550,1
2108,9.14340,44.99331,1.27558,2
2109,9.12422,45.00832,1.27566,0
2110,9.10504,45.02331,1.27574,1
2111,9.08586,45.03829,1.27582,2
2112,9.06668,45.05325,1.27590,0
2113,9.04749,45.06820,1.27598,1
2114,9.02830,45.08314,1.27606,2
2115,9.00911,45.09807,1.27614,0
2116,8.98991,45.11299,1.27621,1
2117,8.97072,45.12789,1.27629,2
2118,8.95152,45.14278,1.27637,0
2119,8.93232,45.15765,1.27645,1
2120,8.91311,45.17252,1.27653,2
2121,8.89390,45.18737,1.27661,0
2122,8.87469,45.20221,1.27669,1
2123,8.85548,45.21704,1.27676,2
2124,8.83627,45.23185,1.27684,0
2125,8.81705,45.24665,1.27692,1
2126,8.79783,45.26144,1.27700,2
2127,8.77861,45.27622,1.27708,0
2128,8.75939,45.29098,1.27716,1
2129,8.74016,45.30573,1.27723,2
2130,8.72093,45.32047,1.27731,0
2131,8.70170,45.33520,1.27739,1
2132,8.68247,45.34991,1.27747,2
2133,8.66323,45.36462,1.27755,0
2134,8.64399,45.37931,1.27763,1
2135,8.62475,45.39398,1.27770,2
2136,8.60551,45.40865,1.27778,0
2137,8.58626,45.42330,1.27786,1
2138,8.56701,45.43794,1.27794,2
2139,8.54776,45.45257,1.27802,0
2140,8.52851,45.46718,1.27809,1
2141,8.50926,45.48178,1.27817,2
2142,8.49000,45.49637,1.27825,0
2143,8.47074,45.51095,1.27833,1
2144,8.45148,45.52551,1.27840,2
2145,8.43221,45.54007,1.27848,0
2146,8.41295,45.55461,1.27856,1
2147,8.39368,45.56914,1.27864,2
2148,8.37441,45.58365,1.27872,0
2149,8.35514,45.59815,1.27879,1
2150,8.33586,45.61265,1.27887,2
2151,8.31658,45.62712,1.27895,0
2152,8.29730,45.64159,1.27903,1
2153,8.27802,45.65604,1.27910,2
2154,8.25874,45.67049,1.27918,0
2155,8.23945,45.68492,1.27926,1
2156,8.22016,45.69933,1.27933,2
2157,8.20087,45.71374,1.27941,0
2158,8.18158,45.72813,1.27949,1
2159,8.16228,45.74251,1.27957,2
2160,8.14298,45.75688,1.27964,0
2161,8.12368,45.77123,1.27972,1
2162,8.10438,45.78558,1.27980,2
2163,8.08508,45.79991,1.27988,0
2164,8.06577,45.81423,1.27995,1
2165,8.04646,45.82853,1.28003,2
2166,8.02715,45.84283,1.28011,0
2167,8.00784,45.85711,1.28018,1
2168,7.98852,45.87138,1.28026,2
2169,7.96921,45.88564,1.28034,0
2170,7.94989,45.89988,1.28041,1
2171,7.93057,45.91412,1.28049,2
2172,7.91124,45.92834,1.28057,0
2173,7.89192,45.94255,1.28064,1
2174,7.87259,45.95674,1.28072,2
2175,7.85326,45.97093,1.28080,0
2176,7.83393,45.98510,1.28087,1
2177,7.81459,45.99926,1.28095,2
2178,7.79526,46.01341,1.28103,0
2179,7.77592,46.02755,1.28110,1
2180,7.75658,46.04167,1.28118,2
2181,7.73724,46.05578,1.28126,0
2182,7.71789,46.06988,1.28133,1
2183,7.69855,46.08397,1.28141,2
2184,7.67920,46.09805,1.28149,0
2185,7.65985,46.11211,1.28156,1
2186,7.64050,46.12616,1.28164,2
2187,7.62114,46.14020,1.28171,0
2188,7.60179,46.15423,1.28179,1
2189,7.58243,46.16824,1.28187,2
2190,7.56307,46.18225,1.28194,0
2191,7.54371,46.19624,1.28202,1
2192,7.52434,46.21022,1.28209,2
2193,7.50498,46.22419,1.28217,0
2194,7.48561,46.23814,1.28225,1
2195,7.46624,46.25208,1.28232,2
2196,7.44687,46.26602,1.28240,0
2197,7.42749,46.27993,1.28247,1
2198,7.40812,46.29384,1.28255,2
2199,7.38874,46.30774,1.28263,0
2200,7.36936,46.32162,1.28270,1
2201,7.34998,46.33549,1.28278,2
2202,7.33060,46.34935,1.28285,0
2203,7.31121,46.36320,1.28293,1
2204,7.29182,46.37703,1.28300,2
2205,7.27244,46.39086,1.28308,0
2206,7.25304,46.40467,1.28316,1
2207,7.23365,46.41847,1.28323,2
2208,7.21426,46.43226,1.28331,0
2209,7.19486,46.44603,1.28338,1
2210,7.17546,46.45980,1.28346,2
2211,7.15606,46.47355,1.28353,0
2212,7.13666,46.48729,1.28361,1
2213,7.11726,46.50102,1.28368,2
2214,7.09785,46.51473,1.28376,0
2215,7.07844,46.52844,1.28383,1
2216,7.05904,46.54213,1.28391,2
2217,7.03962,46.55581,1.28399,0
2218,7.02021,46.56948,1.28406,1
2219,7.00080,46.58314,1.28414,2
2220,6.98138,46.59678,1.28421,0
2221,6.96196,46.61042,1.28429,1
2222,6.94254,46.62404,1.28436,2
2223,6.92312,46.63765,1.28444,0
2224,6.90370,46.65125,1.28451,1
2225,6.88427,46.66483,1.28459,2
2226,6.86485,46.67841,1.28466,0
2227,6.84542,46.69197,1.28474,1
2228,6.82599,46.70552,1.28481,2
2229,6.80656,46.71906,1.28488,0
2230,6.78712,46.73259,1.28496,1
2231,6.76769,46.74611,1.28503,2
2232,6.74825,46.75961,1.28511,0
2233,6.72881,46.77310,1.28518,1
2234,6.70937,46.78658,1.28526,2
2235,6.68993,46.80005,1.28533,0
2236,6.67048,46.81351,1.28541,1
2237,6.65104,46.82695,1.28548,2
2238,6.63159,46.84039,1.28556,0
2239,6.61214,46.85381,1.28563,1
2240,6.59269,46.86722,1.28571,2
2241,6.57324,46.88062,1.28578,0
2242,6.55379,46.89401,1.28585,1
2243,6.53433,46.90738,1.28593,2
2244,6.51487,46.92075,1.28600,0
2245,6.49542,46.93410,1.28608,1
2246,6.47595,46.94744,1.28615,2
2247,6.45649,46.96077,1.28623,0
2248,6.43703,46.97408,1.28630,1
2249,6.41756,46.98739,1.28637,2
2250,6.39810,47.00068,1.28645,0
2251,6.37863,47.01397,1.28652,1
2252,6.35916,47.02724,1.28660,2
2253,6.33969,47.04050,1.28667,0
2254,6.32022,47.05374,1.28674,1
2255,6.30074,47.06698,1.28682,2
2256,6.28127,47.08021,1.28689,0
2257,6.26179,47.09342,1.28697,1
2258,6.24231,47.10662,1.28704,2
2259,6.22283,47.11981,1.28711,0
2260,6.20335,47.13299,1.28719,1
2261,6.18386,47.14615,1.28726,2
2262,6.16438,47.15931,1.28733,0
2263,6.14489,47.17245,1.28741,1
2264,6.12540,47.18559,1.28748,2
2265,6.10591,47.19871,1.28756,0
2266,6.08642,47.21181,1.28763,1
2267,6.06693,47.22491,1.28770,2
2268,6.04743,47.23800,1.28778,0
2269,6.02794,47.25107,1.28785,1
2270,6.00844,47.26414,1.28792,2
2271,5.98894,47.27719,1.28800,0
2272,5.96944,47.29023,1.28807,1
2273,5.94994,47.30326,1.28814,2
2274,5.93044,47.31628,1.28822,0
2275,5.91094,47.32928,1.28829,1
2276,5.89143,47.34228,1.28836,2
2277,5.87192,47.35526,1.28844,0
2278,5.85241,47.36823,1.28851,1
2279,5.83290,47.38119,1.28858,2
2280,5.81339,47.39414,1.28866,0
2281,5.79388,47.40708,1.28873,1
2282,5.77437,47.42000,1.28880,2
2283,5.75485,47.43292,1.28887,0
2284,5.73533,47.44582,1.28895,1
2285,5.71582,47.45871,1.28902,2
2286,5.69630,47.47159,1.28909,0
2287,5.67677,47.48446,1.28917,1
2288,5.65725,47.49732,1.28924,2
2289,5.63773,47.51017,1.28931,0
2290,5.61820,47.52300,1.28938,1
2291,5.59868,47.53583,1.28946,2
2292,5.57915,47.54864,1.28953,0
2293,5.55962,47.56144,1.28960,1
2294,5.54009,47.57423,1.28968,2
2295,5.52056,47.58701,1.28975,0
2296,5.50103,47.59978,1.28982,1
2297,5.48149,47.61253,1.28989,2
2298,5.46196,47.62528,1.28997,0
2299,5.44242,47.63801,1.29004,1
2300,5.42288,47.65073,1.29011,2
2301,5.40334,47.66344,1.29018,0
2302,5.38380,47.67614,1.29026,1
2303,5.36426,47.68883,1.29033,2
2304,5.34471,47.70151,1.29040,0
2305,5.32517,47.71418,1.29047,1
2306,5.30562,47.72683,1.29054,2
2307,5.28608,47.73947,1.29062,0
2308,5.26653,47.75211,1.29069,1
2309,5.24698,47.76473,1.29076,2
2310,5.22743,47.77734,1.29083,0
2311,5.20788,47.78994,1.29091,1
2312,5.18832,47.80252,1.29098,2
2313,5.16877,47.81510,1.29105,0
2314,5.14921,47.82767,1.29112,1
2315,5.12966,47.84022,1.29119,2
2316,5.11010,47.85276,1.29127,0
2317,5.09054,47.86529,1.29134,1
2318,5.07098,47.87781,1.29141,2
2319,5.05142,47.89032,1.29148,0
2320,5.03186,47.90282,1.29155,1
2321,5.01229,47.91531,1.29163,2
2322,4.99273,47.92779,1.29170,0
2323,4.97316,47.94025,1.29177,1
2324,4.95359,47.95271,1.29184,2
2325,4.93402,47.96515,1.29191,0
2326,4.91445,47.97758,1.29198,1
2327,4.89488,47.99000,1.29206,2
2328,4.87531,48.00241,1.29213,0
2329,4.85574,48.01481,1.29220,1
2330,4.83616,48.02720,1.29227,2
2331,4.81659,48.03957,1.29234,0
2332,4.79701,48.05194,1.29241,1
2333,4.77744,48.06429,1.29249,2
2334,4.75786,48.07663,1.29256,0
2335,4.73828,48.08897,1.29263,1
2336,4.71870,48.10129,1.29270,2
2337,4.69911,48.11360,1.29277,0
2338,4.67953,48.12590,1.29284,1
2339,4.65995,48.13819,1.29291,2
2340,4.64036,48.15046,1.29298,0
2341,4.62078,48.16273,1.29306,1
2342,4.60119,48.17498,1.29313,2
2343,4.58160,48.18723,1.29320,0
2344,4.56201,48.19946,1.29327,1
2345,4.54242,48.21168,1.29334,2
2346,4.52283,48.22389,1.29341,0
2347,4.50324,48.23609,1.29348,1
2348,4.48364,48.24828,1.29355,2
2349,4.46405,48.26046,1.29362,0
2350,4.44445,48.27263,1.29370,1
2351,4.42486,48.28479,1.29377,2
2352,4.40526,48.29693,1.29384,0
2353,4.38566,48.30907,1.29391,1
2354,4.36606,48.32119,1.29398,2
2355,4.34646,48.33330,1.29405,0
2356,4.32686,48.34541,1.29412,1
2357,4.30726,48.35750,1.29419,2
2358,4.28766,48.36958,1.29426,0
2359,4.26805,48.38165,1.29433,1
2360,4.24845,48.39371,1.29440,2
2361,4.22884,48.40575,1.29447,0
2362,4.20923,48.41779,1.29454,1
2363,4.18962,48.42982,1.29461,2
2364,4.17002,48.44183,1.29469,0
2365,4.15041,48.45384,1.29476,1
2366,4.13079,48.46583,1.29483,2
2367,4.11118,48.47781,1.29490,0
2368,4.09157,48.48978,1.29497,1
2369,4.07196,48.50174,1.29504,2
2370,4.05234,48.51369,1.29511,0
2371,4.03273,48.52563,1.29518,1
2372,4.01311,48.53756,1.29525,2
2373,3.99349,48.54948,1.29532,0
2374,3.97387,48.56139,1.29539,1
2375,3.95426,48.57328,1.29546,2
2376,3.93464,48.58517,1.29553,0
2377,3.91502,48.59704,1.29560,1
2378,3.89539,48.60891,1.29567,2
2379,3.87577,48.62076,1.29574,0
2380,3.85615,48.63260,1.29581,1
2381,3.83652,48.64444,1.29588,2
2382,3.81690,48.65626,1.29595,0
2383,3.79727,48.66807,1.29602,1
2384,3.77765,48.67987,1.29609,2
2385,3.75802,48.69166,1.29616,0
2386,3.73839,48.70343,1.29623,1
2387,3.71876,48.71520,1.29630,2
2388,3.69913,48.72696,1.29637,0
2389,3.67950,48.73870,1.29644,1
2390,3.65987,48.75044,1.29651,2
2391,3.64024,48.76216,1.29658,0
2392,3.62060,48.77388,1.29665,1
2393,3.60097,48.78558,1.29672,2
2394,3.58133,48.79727,1.29679,0
2395,3.56170,48.80896,1.29686,1
2396,3.54206,48.82063,1.29693,2
2397,3.52243,48.83229,1.29700,0
2398,3.50279,48.84394,1.29707,1
2399,3.48315,48.85558,1.29713,2
2400,3.46351,48.86721,1.29720,0
2401,3.44387,48.87883,1.29727,1
2402,3.42423,48.89044,1.29734,2
2403,3.40459,48.90203,1.29741,0
2404,3.38494,48.91362,1.29748,1
2405,3.36530,48.92520,1.29755,2
2406,3.34566,48.93676,1.29762,0
2407,3.32601,48.94832,1.29769,1
2408,3.30637,48.95986,1.29776,2
2409,3.28672,48.97139,1.29783,0
2410,3.26707,48.98292,1.29790,1
2411,3.24743,48.99443,1.29797,2
2412,3.22778,49.00593,1.29804,0
2413,3.20813,49.01742,1.29810,1
2414,3.18848,49.02891,1.29817,2
2415,3.16883,49.04038,1.29824,0
2416,3.14918,49.05184,1.29831,1
2417,3.12953,49.06329,1.29838,2
2418,3.10988,49.07473,1.29845,0
2419,3.09022,49.08615,1.29852,1
2420,3.07057,49.09757,1.29859,2
2421,3.05092,49.10898,1.29866,0
2422,3.03126,49.12038,1.29872,1
2423,3.01161,49.13176,1.29879,2
2424,2.99195,49.14314,1.29886,0
2425,2.97229,49.15451,1.29893,1
2426,2.95264,49.16586,1.29900,2
2427,2.93298,49.17721,1.29907,0
2428,2.91332,49.18854,1.29914,1
2429,2.89366,49.19987,1.29921,2
2430,2.87400,49.21118,1.29927,0
2431,2.85434,49.22248,1.29934,1
2432,2.83468,49.23377,1.29941,2
2433,2.81502,49.24506,1.29948,0
2434,2.79535,49.25633,1.29955,1
2435,2.77569,49.26759,1.29962,2
2436,2.75603,49.27884,1.29969,0
2437,2.73636,49.29008,1.29975,1
2438,2.71670,49.30131,1.29982,2
2439,2.69703,49.31253,1.29989,0
2440,2.67737,49.32374,1.29996,1
2441,2.65770,49.33494,1.30003,2
2442,2.63804,49.34613,1.30010,0
2443,2.61837,49.35731,1.30016,1
2444,2.59870,49.36848,1.30023,2
2445,2.57903,49.37964,1.30030,0
2446,2.55936,49.39079,1.30037,1
2447,2.53969,49.40192,1.30044,2
2448,2.52002,49.41305,1.30050,0
2449,2.50035,49.42417,1.30057,1
2450,2.48068,49.43527,1.30064,2
2451,2.46101,49.44637,1.30071,0
2452,2.44134,49.45746,1.30078,1
2453,2.42166,49.46853,1.30084,2
2454,2.40199,49.47960,1.30091,0
2455,2.38232,49.49065,1.30098,1
2456,2.36264,49.50170,1.30105,2
2457,2.34297,49.51273,1.30112,0
2458,2.32329,49.52375,1.30118,1
2459,2.30362,49.53477,1.30125,2
2460,2.28394,49.54577,1.30132,0
2461,2.26427,49.55677,1.30139,1
2462,2.24459,49.56775,1.30145,2
2463,2.22491,49.57872,1.30152,0
2464,2.20523,49.58969,1.30159,1
2465,2.18555,49.60064,1.30166,2
2466,2.16588,49.61158,1.30173,0
2467,2.14620,49.62251,1.30179,1
2468,2.12652,49.63344,1.30186,2
2469,2.10684,49.64435,1.30193,0
2470,2.08716,49.65525,1.30200,1
2471,2.06747,49.66614,1.30206,2
2472,2.04779,49.67702,1.30213,0
2473,2.02811,49.68789,1.30220,1
2474,2.00843,49.69875,1.30227,2
2475,1.98875,49.70961,1.30233,0
2476,1.96906,49.72045,1.30240,1
2477,1.94938,49.73128,1.30247,2
2478,1.92970,49.74210,1.30253,0
2479,1.91001,49.75291,1.30260,1
2480,1.89033,49.76371,1.30267,2
2481,1.87064,49.77450,1.30274,0
2482,1.85096,49.78528,1.30280,1
2483,1.83127,49.79605,1.30287,2
2484,1.81158,49.80681,1.30294,0
2485,1.79190,49.81756,1.30300,1
2486,1.77221,49.82830,1.30307,2
2487,1.75252,49.83903,1.30314,0
2488,1.73284,49.84975,1.30321,1
2489,1.71315,49.86046,1.30327,2
2490,1.69346,49.87116,1.30334,0
2491,1.67377,49.88185,1.30341,1
2492,1.65408,49.89252,1.30347,2
2493,1.63439,49.90319,1.30354,0
2494,1.61470,49.91385,1.30361,1
2495,1.59501,49.92450,1.30367,2
2496,1.57532,49.93514,1.30374,0
2497,1.55563,49.94577,1.30381,1
2498,1.53594,49.95639,1.30387,2
2499,1.51625,49.96700,1.30394,0
2500,1.49656,49.97760,1.30401,1
2501,1.47687,49.98819,1.30407,2
2502,1.45717,49.99877,1.30414,0
2503,1.43748,50.00934,1.30421,1
2504,1.41779,50.01989,1.30427,2
2505,1.39810,50.03044,1.30434,0
2506,1.37840,50.04098,1.30441,1
2507,1.35871,50.05151,1.30447,2
2508,1.33901,50.06203,1.30454,0
2509,1.31932,50.07254,1.30461,1
2510,1.29963,50.08304,1.30467,2
2511,1.27993,50.09353,1.30474,0
2512,1.26024,50.10401,1.30481,1
2513,1.24054,50.11448,1.30487,2
2514,1.22085,50.12494,1.30494,0
2515,1.20115,50.13539,1.30500,1
2516,1.18145,50.14583,1.30507,2
2517,1.16176,50.15626,1.30514,0
2518,1.14206,50.16668,1.30520,1
2519,1.12237,50.17709,1.30527,2
2520,1.10267,50.18749,1.30534,0
2521,1.08297,50.19788,1.30540,1
2522,1.06327,50.20826,1.30547,2
2523,1.04358,50.21863,1.30553,0
2524,1.02388,50.22899,1.30560,1
2525,1.00418,50.23934,1.30567,2
2526,0.98448,50.24968,1.30573,0
2527,0.96479,50.26002,1.30580,1
2528,0.94509,50.27034,1.30586,2
2529,0.92539,50.28065,1.30593,0
2530,0.90569,50.29095,1.30600,1
2531,0.88599,50.30124,1.30606,2
2532,0.86629,50.31152,1.30613,0
2533,0.84659,50.32180,1.30619,1
2534,0.82689,50.33206,1.30626,2
2535,0.80719,50.34231,1.30632,0
2536,0.78749,50.35256,1.30639,1
2537,0.76779,50.36279,1.30646,2
2538,0.74809,50.37301,1.30652,0
2539,0.72839,50.38323,1.30659,1
2540,0.70869,50.39343,1.30665,2
2541,0.68899,50.40362,1.30672,0
2542,0.66929,50.41381,1.30678,1
2543,0.64959,50.42398,1.30685,2
2544,0.62989,50.43415,1.30692,0
2545,0.61019,50.44430,1.30698,1
2546,0.59049,50.45445,1.30705,2
2547,0.57079,50.46458,1.30711,0
2548,0.55109,50.47471,1.30718,1
2549,0.53138,50.48483,1.30724,2
2550,0.51168,50.49493,1.30731,0
2551,0.49198,50.50503,1.30737,1
2552,0.47228,50.51512,1.30744,2
2553,0.45258,50.52519,1.30750,0
2554,0.43288,50.53526,1.30757,1
2555,0.41317,50.54532,1.30763,2
2556,0.39347,50.55537,1.30770,0
2557,0.37377,50.56541,1.30776,1
2558,0.35407,50.57544,1.30783,2
2559,0.33436,50.58545,1.30790,0
2560,0.31466,50.59546,1.30796,1
2561,0.29496,50.60546,1.30803,2
2562,0.27526,50.61545,1.30809,0
2563,0.25555,50.62544,1.30816,1
2564,0.23585,50.63541,1.30822,2
2565,0.21615,50.64537,1.30829,0
2566,0.19645,50.65532,1.30835,1
2567,0.17674,50.66526,1.30842,2
2568,0.15704,50.67519,1.30848,0
2569,0.13734,50.68512,1.30855,1
2570,0.11764,50.69503,1.30861,2
2571,0.09793,50.70493,1.30868,0
2572,0.07823,50.71483,1.30874,1
2573,0.05853,50.72471,1.30880,2
2574,0.03882,50.73459,1.30887,0
2575,0.01912,50.74445,1.30893,1
2576,-0.00058,50.75431,1.30900,2
2577,-0.02028,50.76416,1.30906,0
2578,-0.03999,50.77399,1.30913,1
2579,-0.05969,50.78382,1.30919,2
2580,-0.07939,50.79364,1.30926,0
2581,-0.09910,50.80345,1.30932,1
2582,-0.11880,50.81325,1.30939,2
2583,-0.13850,50.82303,1.30945,0
2584,-0.15820,50.83281,1.30952,1
2585,-0.17791,50.84258,1.30958,2
2586,-0.19761,50.85234,1.30964,0
2587,-0.21731,50.86210,1.30971,1
2588,-0.23701,50.87184,1.30977,2
2589,-0.25672,50.88157,1.30984,0
2590,-0.27642,50.89129,1.30990,1
2591,-0.29612,50.90101,1.30997,2
2592,-0.31582,50.91071,1.31003,0
2593,-0.33553,50.92040,1.31010,1
2594,-0.35523,50.93009,1.31016,2
2595,-0.37493,50.93976,1.31022,0
2596,-0.39463,50.94943,1.31029,1
2597,-0.41434,50.95908,1.31035,2
2598,-0.43404,50.96873,1.31042,0
2599,-0.45374,50.97837,1.31048,1
2600,-0.47344,50.98800,1.31054,2
2601,-0.49314,50.99762,1.31061,0
2602,-0.51285,51.00722,1.31067,1
2603,-0.53255,51.01682,1.31074,2
2604,-0.55225,51.02641,1.31080,0
2605,-0.57195,51.03600,1.31086,1
2606,-0.59165,51.04557,1.31093,2
2607,-0.61135,51.05513,1.31099,0
2608,-0.63105,51.06468,1.31106,1
2609,-0.65075,51.07423,1.31112,2
2610,-0.67045,51.08376,1.31118,0
2611,-0.69016,51.09328,1.31125,1
2612,-0.70986,51.10280,1.31131,2
2613,-0.72956,51.11231,1.31138,0
2614,-0.74926,51.12180,1.31144,1
2615,-0.76896,51.13129,1.31150,2
2616,-0.78866,51.14077,1.31157,0
2617,-0.80836,51.15024,1.31163,1
2618,-0.82806,51.15969,1.31169,2
2619,-0.84776,51.16914,1.31176,0
2620,-0.86746,51.17858,1.31182,1
2621,-0.88716,51.18802,1.31189,2
2622,-0.90685,51.19744,1.31195,0
2623,-0.92655,51.20685,1.31201,1
2624,-0.94625,51.21625,1.31208,2
2625,-0.96595,51.22565,1.31214,0
2626,-0.98565,51.23503,1.31220,1
2627,-1.00535,51.24441,1.31227,2
2628,-1.02505,51.25377,1.31233,0
2629,-1.04474,51.26313,1.31239,1
2630,-1.06444,51.27248,1.31246,2
2631,-1.08414,51.28182,1.31252,0
2632,-1.10384,51.29114,1.31258,1
2633,-1.12353,51.30046,1.31265,2
2634,-1.14323,51.30978,1.31271,0
2635,-1.16293,51.31908,1.31277,1
2636,-1.18262,51.32837,1.31284,2
2637,-1.20232,51.33765,1.31290,0
2638,-1.22202,51.34692,1.31296,1
2639,-1.24171,51.35619,1.31303,2
2640,-1.26141,51.36544,1.31309,0
2641,-1.28110,51.37469,1.31315,1
2642,-1.30080,51.38393,1.31322,2
2643,-1.32049,51.39315,1.31328,0
2644,-1.34019,51.40237,1.31334,1
2645,-1.35988,51.41158,1.31340,2
2646,-1.37958,51.42078,1.31347,0
2647,-1.39927,51.42997,1.31353,1
2648,-1.41896,51.43915,1.31359,2
2649,-1.43866,51.44833,1.31366,0
2650,-1.45835,51.45749,1.31372,1
2651,-1.47804,51.46664,1.31378,2
2652,-1.49774,51.47579,1.31384,0
2653,-1.51743,51.48492,1.31391,1
2654,-1.53712,51.49405,1.31397,2
2655,-1.55681,51.50317,1.31403,0
2656,-1.57650,51.51228,1.31410,1
2657,-1.59619,51.52138,1.31416,2
2658,-1.61589,51.53047,1.31422,0
2659,-1.63558,51.53955,1.31428,1
2660,-1.65527,51.54862,1.31435,2
2661,-1.67496,51.55768,1.31441,0
2662,-1.69465,51.56674,1.31447,1
2663,-1.71434,51.57578,1.31453,2
2664,-1.73403,51.58482,1.31460,0
2665,-1.75372,51.59384,1.31466,1
2666,-1.77340,51.60286,1.31472,2
2667,-1.79309,51.61187,1.31478,0
2668,-1.81278,51.62087,1.31485,1
2669,-1.83247,51.62986,1.31491,2
2670,-1.85216,51.63884,1.31497,0
2671,-1.87184,51.64781,1.31503,1
2672,-1.89153,51.65677,1.31510,2
2673,-1.91122,51.66573,1.31516,0
2674,-1.93090,51.67467,1.31522,1
2675,-1.95059,51.68361,1.31528,2
2676,-1.97027,51.69253,1.31535,0
2677,-1.98996,51.70145,1.31541,1
2678,-2.00964,51.71036,1.31547,2
2679,-2.02933,51.71926,1.31553,0
2680,-2.04901,51.72815,1.31560,1
2681,-2.06869,51.73703,1.31566,2
2682,-2.08838,51.74590,1.31572,0
2683,-2.10806,51.75477,1.31578,1
2684,-2.12774,51.76362,1.31584,2
2685,-2.14743,51.77247,1.31591,0
2686,-2.16711,51.78131,1.31597,1
2687,-2.18679,51.79013,1.31603,2
2688,-2.20647,51.79895,1.31609,0
2689,-2.22615,51.80776,1.31615,1
2690,-2.24583,51.81656,1.31622,2
2691,-2.26551,51.82536,1.31628,0
2692,-2.28519,51.83414,1.31634,1
2693,-2.30487,51.84291,1.31640,2
2694,-2.32455,51.85168,1.31646,0
2695,-2.34423,51.86043,1.31653,1
2696,-2.36390,51.86918,1.31659,2
2697,-2.38358,51.87792,1.31665,0
2698,-2.40326,51.88665,1.31671,1
2699,-2.42294,51.89537,1.31677,2
2700,-2.44261,51.90408,1.31683,0
2701,-2.46229,51.91278,1.31690,1
2702,-2.48196,51.92148,1.31696,2
2703,-2.50164,51.93016,1.31702,0
2704,-2.52131,51.93884,1.31708,1
2705,-2.54099,51.94751,1.31714,2
2706,-2.56066,51.95616,1.31720,0
2707,-2.58033,51.96481,1.31727,1
2708,-2.60001,51.97345,1.31733,2
2709,-2.61968,51.98209,1.31739,0
2710,-2.63935,51.99071,1.31745,1
2711,-2.65902,51.99932,1.31751,2
2712,-2.67869,52.00793,1.31757,0
2713,-2.69836,52.01652,1.31764,1
2714,-2.71803,52.02511,1.31770,2
2715,-2.73770,52.03369,1.31776,0
2716,-2.75737,52.04226,1.31782,1
2717,-2.77704,52.05082,1.31788,2
2718,-2.79671,52.05937,1.31794,0
2719,-2.81638,52.06792,1.31800,1
2720,-2.83605,52.07645,1.31806,2
2721,-2.85571,52.08498,1.31813,0
2722,-2.87538,52.09349,1.31819,1
2723,-2.89504,52.10200,1.31825,2
2724,-2.91471,52.11050,1.31831,0
2725,-2.93437,52.11899,1.31837,1
2726,-2.95404,52.12748,1.31843,2
2727,-2.97370,52.13595,1.31849,0
2728,-2.99337,52.14441,1.31855,1
2729,-3.01303,52.15287,1.31862,2
2730,-3.03269,52.16131,1.31868,0
2731,-3.05235,52.16975,1.31874,1
2732,-3.07202,52.17818,1.31880,2
2733,-3.09168,52.18660,1.31886,0
2734,-3.11134,52.19501,1.31892,1
2735,-3.13100,52.20342,1.31898,2
2736,-3.15066,52.21181,1.31904,0
2737,-3.17031,52.22020,1.31910,1
2738,-3.18997,52.22858,1.31916,2
2739,-3.20963,52.23694,1.31922,0
2740,-3.22929,52.24530,1.31929,1
2741,-3.24894,52.25365,1.31935,2
2742,-3.26860,52.26200,1.31941,0
2743,-3.28826,52.27033,1.31947,1
2744,-3.30791,52.27865,1.31953,2
2745,-3.32757,52.28697,1.31959,0
2746,-3.34722,52.29528,1.31965,1
2747,-3.36687,52.30358,1.31971,2
2748,-3.38653,52.31187,1.31977,0
2749,-3.40618,52.32015,1.31983,1
2750,-3.42583,52.32842,1.31989,2
2751,-3.44548,52.33669,1.31995,0
2752,-3.46513,52.34494,1.32001,1
2753,-3.48478,52.35319,1.32007,2
2754,-3.50443,52.36143,1.32013,0
2755,-3.52408,52.36966,1.32020,1
2756,-3.54373,52.37788,1.32026,2
2757,-3.56337,52.38609,1.32032,0
2758,-3.58302,52.39429,1.32038,1
2759,-3.60267,52.40249,1.32044,2
2760,-3.62231,52.41067,1.32050,0
2761,-3.64196,52.41885,1.32056,1
2762,-3.66160,52.42702,1.32062,2
2763,-3.68125,52.43518,1.32068,0
2764,-3.70089,52.44334,1.32074,1
2765,-3.72053,52.45148,1.32080,2
2766,-3.74018,52.45961,1.32086,0
2767,-3.75982,52.46774,1.32092,1
2768,-3.77946,52.47586,1.32098,2
2769,-3.79910,52.48397,1.32104,0
2770,-3.81874,52.49207,1.32110,1
2771,-3.83838,52.50016,1.32116,2
2772,-3.85802,52.50824,1.32122,0
2773,-3.87766,52.51632,1.32128,1
2774,-3.89729,52.52439,1.32134,2
2775,-3.91693,52.53244,1.32140,0
2776,-3.93657,52.54049,1.32146,1
2777,-3.95620,52.54853,1.32152,2
2778,-3.97584,52.55657,1.32158,0
2779,-3.99547,52.56459,1.32164,1
2780,-4.01510,52.57261,1.32170,2
2781,-4.03474,52.58061,1.32176,0
2782,-4.05437,52.58861,1.32182,1
2783,-4.07400,52.59660,1.32188,2
2784,-4.09363,52.60458,1.32194,0
2785,-4.11326,52.61256,1.32200,1
2786,-4.13289,52.62052,1.32206,2
2787,-4.15252,52.62848,1.32212,0
2788,-4.17215,52.63642,1.32218,1
2789,-4.19178,52.64436,1.32224,2
2790,-4.21140,52.65229,1.32230,0
2791,-4.23103,52.66022,1.32236,1
2792,-4.25065,52.66813,1.32242,2
2793,-4.27028,52.67604,1.32248,0
2794,-4.28990,52.68393,1.32254,1
2795,-4.30953,52.69182,1.32260,2
2796,-4.32915,52.69970,1.32266,0
2797,-4.34877,52.70757,1.32272,1
2798,-4.36839,52.71544,1.32278,2
2799,-4.38801,52.72329,1.32284,0
2800,-4.40763,52.73114,1.32290,1
2801,-4.42725,52.73897,1.32296,2
2802,-4.44687,52.74680,1.32301,0
2803,-4.46649,52.75463,1.32307,1
2804,-4.48611,52.76244,1.32313,2
2805,-4.50572,52.77024,1.32319,0
2806,-4.52534,52.77804,1.32325,1
2807,-4.54495,52.78583,1.32331,2
2808,-4.56457,52.79360,1.32337,0
2809,-4.58418,52.80138,1.32343,1
2810,-4.60379,52.80914,1.32349,2
2811,-4.62341,52.81689,1.32355,0
2812,-4.64302,52.82464,1.32361,1
2813,-4.66263,52.83238,1.32367,2
2814,-4.68224,52.84010,1.32373,0
2815,-4.70185,52.84783,1.32379,1
2816,-4.72146,52.85554,1.32385,2
2817,-4.74106,52.86324,1.32390,0
2818,-4.76067,52.87094,1.32396,1
2819,-4.78028,52.87862,1.32402,2
2820,-4.79988,52.88630,1.32408,0
2821,-4.81949,52.89397,1.32414,1
2822,-4.83909,52.90164,1.32420,2
2823,-4.85869,52.90929,1.32426,0
2824,-4.87830,52.91694,1.32432,1
2825,-4.89790,52.92457,1.32438,2
2826,-4.91750,52.93220,1.32444,0
2827,-4.93710,52.93982,1.32450,1
2828,-4.95670,52.94744,1.32455,2
2829,-4.97630,52.95504,1.32461,0
2830,-4.99589,52.96264,1.32467,1
2831,-5.01549,52.97023,1.32473,2
2832,-5.03509,52.97781,1.32479,0
2833,-5.05468,52.98538,1.32485,1
2834,-5.07428,52.99294,1.32491,2
2835,-5.09387,53.00050,1.32497,0
2836,-5.11346,53.00804,1.32502,1
2837,-5.13306,53.01558,1.32508,2
2838,-5.15265,53.02311,1.32514,0
2839,-5.17224,53.03063,1.32520,1
2840,-5.19183,53.03815,1.32526,2
2841,-5.21142,53.04565,1.32532,0
2842,-5.23101,53.05315,1.32538,1
2843,-5.25059,53.06064,1.32544,2
2844,-5.27018,53.06812,1.32549,0
2845,-5.28977,53.07559,1.32555,1
2846,-5.30935,53.08306,1.32561,2
2847,-5.32893,53.09051,1.32567,0
2848,-5.34852,53.09796,1.32573,1
2849,-5.36810,53.10540,1.32579,2
2850,-5.38768,53.11283,1.32585,0
2851,-5.40726,53.12026,1.32590,1
2852,-5.42684,53.12767,1.32596,2
2853,-5.44642,53.13508,1.32602,0
2854,-5.46600,53.14248,1.32608,1
2855,-5.48558,53.14987,1.32614,2
2856,-5.50516,53.15725,1.32620,0
2857,-5.52473,53.16462,1.32625,1
2858,-5.54431,53.17199,1.32631,2
2859,-5.56388,53.17935,1.32637,0
2860,-5.58345,53.18670,1.32643,1
2861,-5.60303,53.19404,1.32649,2
2862,-5.62260,53.20138,1.32655,0
2863,-5.64217,53.20870,1.32660,1
2864,-5.66174,53.21602,1.32666,2
2865,-5.68131,53.22333,1.32672,0
2866,-5.70088,53.23063,1.32678,1
2867,-5.72044,53.23792,1.32684,2
2868,-5.74001,53.24521,1.32690,0
2869,-5.75957,53.25249,1.32695,1
2870,-5.77914,53.25976,1.32701,2
2871,-5.79870,53.26702,1.32707,0
2872,-5.81827,53.27427,1.32713,1
2873,-5.83783,53.28151,1.32719,2
2874,-5.85739,53.28875,1.32724,0
2875,-5.87695,53.29598,1.32730,1
2876,-5.89651,53.30320,1.32736,2
2877,-5.91607,53.31041,1.32742,0
2878,-5.93562,53.31762,1.32748,1
2879,-5.95518,53.32481,1.32753,2
2880,-5.97474,53.33200,1.32759,0
2881,-5.99429,53.33918,1.32765,1
2882,-6.01385,53.34636,1.32771,2
2883,-6.03340,53.35352,1.32776,0
2884,-6.05295,53.36068,1.32782,1
2885,-6.07250,53.36782,1.32788,2
2886,-6.09205,53.37497,1.32794,0
2887,-6.11160,53.38210,1.32800,1
2888,-6.13115,53.38922,1.32805,2
2889,-6.15070,53.39634,1.32811,0
2890,-6.17025,53.40345,1.32817,1
2891,-6.18979,53.41055,1.32823,2
2892,-6.20934,53.41764,1.32828,0
2893,-6.22888,53.42472,1.32834,1
2894,-6.24842,53.43180,1.32840,2
2895,-6.26796,53.43887,1.32846,0
2896,-6.28751,53.44593,1.32851,1
2897,-6.30705,53.45298,1.32857,2
2898,-6.32659,53.46003,1.32863,0
2899,-6.34612,53.46706,1.32869,1
2900,-6.36566,53.47409,1.32874,2
2901,-6.38520,53.48111,1.32880,0
2902,-6.40473,53.48812,1.32886,1
2903,-6.42427,53.49513,1.32892,2
2904,-6.44380,53.50213,1.32897,0
2905,-6.46333,53.50911,1.32903,1
2906,-6.48286,53.51610,1.32909,2
2907,-6.50240,53.52307,1.32915,0
2908,-6.52193,53.53003,1.32920,1
2909,-6.54145,53.53699,1.32926,2
2910,-6.56098,53.54394,1.32932,0
2911,-6.58051,53.55088,1.32938,1
2912,-6.60003,53.55781,1.32943,2
2913,-6.61956,53.56474,1.32949,0
2914,-6.63908,53.57166,1.32955,1
2915,-6.65861,53.57857,1.32960,2
2916,-6.67813,53.58547,1.32966,0
2917,-6.69765,53.59236,1.32972,1
2918,-6.71717,53.59925,1.32978,2
2919,-6.73669,53.60613,1.32983,0
2920,-6.75621,53.61300,1.32989,1
2921,-6.77572,53.61986,1.32995,2
2922,-6.79524,53.62672,1.33000,0
2923,-6.81475,53.63356,1.33006,1
2924,-6.83427,53.64040,1.33012,2
2925,-6.85378,53.64723,1.33017,0
2926,-6.87329,53.65406,1.33023,1
2927,-6.89280,53.66087,1.33029,2
2928,-6.91231,53.66768,1.33035,0
2929,-6.93182,53.67448,1.33040,1
2930,-6.95133,53.68127,1.33046,2
2931,-6.97084,53.68806,1.33052,0
2932,-6.99034,53.69483,1.33057,1
2933,-7.00985,53.70160,1.33063,2
2934,-7.02935,53.70836,1.33069,0
2935,-7.04886,53.71512,1.33074,1
2936,-7.06836,53.72186,1.33080,2
2937,-7.08786,53.72860,1.33086,0
2938,-7.10736,53.73533,1.33091,1
2939,-7.12686,53.74205,1.33097,2
2940,-7.14635,53.74876,1.33103,0
2941,-7.16585,53.75547,1.33108,1
2942,-7.18535,53.76217,1.33114,2
2943,-7.20484,53.76886,1.33120,0
2944,-7.22434,53.77554,1.33125,1
2945,-7.24383,53.78222,1.33131,2
2946,-7.26332,53.78889,1.33137,0
2947,-7.28281,53.79555,1.33142,1
2948,-7.30230,53.80220,1.33148,2
2949,-7.32179,53.80884,1.33154,0
2950,-7.34128,53.81548,1.33159,1
2951,-7.36076,53.82211,1.33165,2
2952,-7.38025,53.82873,1.33171,0
2953,-7.39973,53.83534,1.33176,1
2954,-7.41921,53.84195,1.33182,2
2955,-7.43870,53.84854,1.33188,0
2956,-7.45818,53.85514,1.33193,1
2957,-7.47766,53.86172,1.33199,2
2958,-7.49714,53.86829,1.33204,0
2959,-7.51661,53.87486,1.33210,1
2960,-7.53609,53.88142,1.33216,2
2961,-7.55557,53.88797,1.33221,0
2962,-7.57504,53.89452,1.33227,1
2963,-7.59451,53.90105,1.33233,2
2964,-7.61399,53.90758,1.33238,0
2965,-7.63346,53.91410,1.33244,1
2966,-7.65293,53.92061,1.33249,2
2967,-7.67240,53.92712,1.33255,0
2968,-7.69187,53.93362,1.33261,1
2969,-7.71133,53.94011,1.33266,2
2970,-7.73080,53.94659,1.33272,0
2971,-7.75026,53.95307,1.33278,1
2972,-7.76973,53.95953,1.33283,2
2973,-7.78919,53.96599,1.33289,0
2974,-7.80865,53.97245,1.33294,1
2975,-7.82811,53.97889,1.33300,2
2976,-7.84757,53.98533,1.33306,0
2977,-7.86703,53.99176,1.33311,1
2978,-7.88649,53.99818,1.33317,2
2979,-7.90594,54.00459,1.33322,0
2980,-7.92540,54.01100,1.33328,1
2981,-7.94485,54.01740,1.33334,2
2982,-7.96430,54.02379,1.33339,0
2983,-7.98375,54.03017,1.33345,1
2984,-8.00320,54.03655,1.33350,2
2985,-8.02265,54.04292,1.33356,0
2986,-8.04210,54.04928,1.33361,1
2987,-8.06155,54.05563,1.33367,2
2988,-8.08099,54.06198,1.33373,0
2989,-8.10044,54.06832,1.33378,1
2990,-8.11988,54.07465,1.33384,2
2991,-8.13933,54.08097,1.33389,0
2992,-8.15877,54.08729,1.33395,1
2993,-8.17821,54.09359,1.33401,2
2994,-8.19765,54.09989,1.33406,0
2995,-8.21708,54.10619,1.33412,1
2996,-8.23652,54.11247,1.33417,2
2997,-8.25596,54.11875,1.33423,0
2998,-8.27539,54.12502,1.33428,1
2999,-8.29482,54.13128,1.33434,2
3000,-8.31426,54.13754,1.33439,0
3001,-8.33369,54.14379,1.33445,1
3002,-8.35312,54.15003,1.33451,2
3003,-8.37255,54.15626,1.33456,0
3004,-8.39197,54.16249,1.33462,1
3005,-8.41140,54.16870,1.33467,2
3006,-8.43082,54.17491,1.33473,0
3007,-8.45025,54.18112,1.33478,1
3008,-8.46967,54.18731,1.33484,2
3009,-8.48909,54.19350,1.33489,0
3010,-8.50851,54.19968,1.33495,1
3011,-8.52793,54.20585,1.33500,2
3012,-8.54735,54.21202,1.33506,0
3013,-8.56677,54.21817,1.33512,1
3014,-8.58618,54.22433,1.33517,2
3015,-8.60560,54.23047,1.33523,0
3016,-8.62501,54.23660,1.33528,1
3017,-8.64442,54.24273,1.33534,2
3018,-8.66383,54.24885,1.33539,0
3019,-8.68324,54.25497,1.33545,1
3020,-8.70265,54.26107,1.33550,2
3021,-8.72206,54.26717,1.33556,0
3022,-8.74147,54.27326,1.33561,1
3023,-8.76087,54.27934,1.33567,2
3024,-8.78028,54.28542,1.33572,0
3025,-8.79968,54.29149,1.33578,1
3026,-8.81908,54.29755,1.33583,2
3027,-8.83848,54.30360,1.33589,0
3028,-8.85788,54.30965,1.33594,1
3029,-8.87728,54.31569,1.33600,2
3030,-8.89667,54.32172,1.33605,0
3031,-8.91607,54.32774,1.33611,1
3032,-8.93546,54.33376,1.33616,2
3033,-8.95486,54.33977,1.33622,0
3034,-8.97425,54.34577,1.33627,1
3035,-8.99364,54.35177,1.33633,2
3036,-9.01303,54.35775,1.33638,0
3037,-9.03242,54.36373,1.33644,1
3038,-9.05180,54.36971,1.33649,2
3039,-9.07119,54.37567,1.33655,0
3040,-9.09057,54.38163,1.33660,1
3041,-9.10996,54.38758,1.33666,2
3042,-9.12934,54.39352,1.33671,0
3043,-9.14872,54.39946,1.33677,1
3044,-9.16810,54.40539,1.33682,2
3045,-9.18748,54.41131,1.33688,0
3046,-9.20685,54.41722,1.33693,1
3047,-9.22623,54.42313,1.33699,2
3048,-9.24561,54.42903,1.33704,0
3049,-9.26498,54.43492,1.33709,1
3050,-9.28435,54.44080,1.33715,2
3051,-9.30372,54.44668,1.33720,0
3052,-9.32309,54.45255,1.33726,1
3053,-9.34246,54.45841,1.33731,2
3054,-9.36183,54.46427,1.33737,0
3055,-9.38119,54.47011,1.33742,1
3056,-9.40056,54.47595,1.33748,2
3057,-9.41992,54.48179,1.33753,0
3058,-9.43928,54.48761,1.33759,1
3059,-9.45864,54.49343,1.33764,2
3060,-9.47800,54.49924,1.33770,0
3061,-9.49736,54.50505,1.33775,1
3062,-9.51672,54.51084,1.33780,2
3063,-9.53607,54.51663,1.33786,0
3064,-9.55543,54.52242,1.33791,1
3065,-9.57478,54.52819,1.33797,2
3066,-9.59413,54.53396,1.33802,0
3067,-9.61348,54.53972,1.33808,1
3068,-9.63283,54.54547,1.33813,2
3069,-9.65218,54.55122,1.33818,0
3070,-9.67153,54.55696,1.33824,1
3071,-9.69087,54.56269,1.33829,2
3072,-9.71022,54.56841,1.33835,0
3073,-9.72956,54.57413,1.33840,1
3074,-9.74890,54.57984,1.33846,2
3075,-9.76824,54.58554,1.33851,0
3076,-9.78758,54.59124,1.33856,1
3077,-9.80692,54.59693,1.33862,2
3078,-9.82626,54.60261,1.33867,0
3079,-9.84559,54.60828,1.33873,1
3080,-9.86493,54.61395,1.33878,2
3081,-9.88426,54.61961,1.33883,0
3082,-9.90359,54.62526,1.33889,1
3083,-9.92292,54.63090,1.33894,2
3084,-9.94225,54.63654,1.33900,0
3085,-9.96158,54.64217,1.33905,1
3086,-9.98090,54.64780,1.33911,2
3087,-10.00023,54.65341,1.33916,0
3088,-10.01955,54.65902,1.33921,1
3089,-10.03887,54.66462,1.33927,2
3090,-10.05819,54.67022,1.33932,0
3091,-10.07751,54.67581,1.33937,1
3092,-10.09683,54.68139,1.33943,2
3093,-10.11615,54.68696,1.33948,0
3094,-10.13546,54.69253,1.33954,1
3095,-10.15478,54.69809,1.33959,2
3096,-10.17409,54.70364,1.33964,0
3097,-10.19340,54.70918,1.33970,1
3098,-10.21271,54.71472,1.33975,2
3099,-10.23202,54.72025,1.33981,0
3100,-10.25133,54.72577,1.33986,1
3101,-10.27063,54.73129,1.33991,2
3102,-10.28994,54.73680,1.33997,0
3103,-10.30924,54.74230,1.34002,1
3104,-10.32855,54.74780,1.34007,2
3105,-10.34785,54.75328,1.34013,0
3106,-10.36715,54.75876,1.34018,1
3107,-10.38644,54.76424,1.34024,2
3108,-10.40574,54.76970,1.34029,0
3109,-10.42504,54.77516,1.34034,1
3110,-10.44433,54.78062,1.34040,2
3111,-10.46362,54.78606,1.34045,0
3112,-10.48291,54.79150,1.34050,1
3113,-10.50220,54.79693,1.34056,2
3114,-10.52149,54.80236,1.34061,0
3115,-10.54078,54.80777,1.34066,1
3116,-10.56007,54.81318,1.34072,2
3117,-10.57935,54.81859,1.34077,0
3118,-10.59863,54.82398,1.34082,1
3119,-10.61792,54.82937,1.34088,2
3120,-10.63720,54.83475,1.34093,0
3121,-10.65648,54.84013,1.34098,1
3122,-10.67575,54.84549,1.34104,2
3123,-10.69503,54.85086,1.34109,0
3124,-10.71431,54.85621,1.34114,1
3125,-10.73358,54.86156,1.34120,2
3126,-10.75285,54.86689,1.34125,0
3127,-10.77212,54.87223,1.34130,1
3128,-10.79139,54.87755,1.34136,2
3129,-10.81066,54.88287,1.34141,0
3130,-10.82993,54.88818,1.34146,1
3131,-10.84919,54.89349,1.34152,2
3132,-10.86846,54.89879,1.34157,0
3133,-10.88772,54.90408,1.34162,1
3134,-10.90698,54.90936,1.34168,2
3135,-10.92624,54.91464,1.34173,0
3136,-10.94550,54.91991,1.34178,1
3137,-10.96476,54.92517,1.34184,2
3138,-10.98401,54.93042,1.34189,0
3139,-11.00327,54.93567,1.34194,1
3140,-11.02252,54.94091,1.34200,2
3141,-11.04177,54.94615,1.34205,0
3142,-11.06102,54.95138,1.34210,1
3143,-11.08027,54.95660,1.34216,2
3144,-11.09952,54.96181,1.34221,0
3145,-11.11876,54.96702,1.34226,1
3146,-11.13801,54.97222,1.34231,2
3147,-11.15725,54.97741,1.34237,0
3148,-11.17649,54.98260,1.34242,1
3149,-11.19573,54.98778,1.34247,2
3150,-11.21497,54.99295,1.34253,0
3151,-11.23421,54.99811,1.34258,1
3152,-11.25345,55.00327,1.34263,2
3153,-11.27268,55.00842,1.34268,0
3154,-11.29191,55.01357,1.34274,1
3155,-11.31115,55.01871,1.34279,2
3156,-11.33038,55.02384,1.34284,0
3157,-11.34961,55.02896,1.34290,1
3158,-11.36883,55.03408,1.34295,2
3159,-11.38806,55.03919,1.34300,0
3160,-11.40728,55.04429,1.34305,1
3161,-11.42651,55.04939,1.34311,2
3162,-11.44573,55.05448,1.34316,0
3163,-11.46495,55.05956,1.34321,1
3164,-11.48417,55.06463,1.34327,2
3165,-11.50339,55.06970,1.34332,0
3166,-11.52260,55.07476,1.34337,1
3167,-11.54182,55.07982,1.34342,2
3168,-11.56103,55.08487,1.34348,0
3169,-11.58024,55.08991,1.34353,1
3170,-11.59945,55.09494,1.34358,2
3171,-11.61866,55.09997,1.34363,0
3172,-11.63787,55.10499,1.34369,1
3173,-11.65708,55.11000,1.34374,2
3174,-11.67628,55.11501,1.34379,0
3175,-11.69548,55.12001,1.34384,1
3176,-11.71469,55.12500,1.34390,2
3177,-11.73389,55.12999,1.34395,0
3178,-11.75308,55.13497,1.34400,1
3179,-11.77228,55.13994,1.34405,2
3180,-11.79148,55.14491,1.34411,0
3181,-11.81067,55.14987,1.34416,1
3182,-11.82987,55.15482,1.34421,2
3183,-11.84906,55.15977,1.34426,0
3184,-11.86825,55.16471,1.34432,1
3185,-11.88744,55.16964,1.34437,2
3186,-11.90662,55.17456,1.34442,0
3187,-11.92581,55.17948,1.34447,1
3188,-11.94499,55.18439,1.34452,2
3189,-11.96418,55.18930,1.34458,0
3190,-11.98336,55.19420,1.34463,1
3191,-12.00254,55.19909,1.34468,2
3192,-12.02171,55.20397,1.34473,0
3193,-12.04089,55.20885,1.34479,1
3194,-12.06007,55.21372,1.34484,2
3195,-12.07924,55.21858,1.34489,0
3196,-12.09841,55.22344,1.34494,1
3197,-12.11758,55.22829,1.34499,2
3198,-12.13675,55.23314,1.34505,0
3199,-12.15592,55.23797,1.34510,1
3200,-12.17509,55.24280,1.34515,2
3201,-12.19425,55.24763,1.34520,0
3202,-12.21342,55.25244,1.34526,1
3203,-12.23258,55.25725,1.34531,2
3204,-12.25174,55.26206,1.34536,0
3205,-12.27090,55.26685,1.34541,1
3206,-12.29006,55.27164,1.34546,2
3207,-12.30921,55.27643,1.34552,0
3208,-12.32837,55.28120,1.34557,1
3209,-12.34752,55.28597,1.34562,2
3210,-12.36667,55.29074,1.34567,0
3211,-12.38582,55.29549,1.34572,1
3212,-12.40497,55.30024,1.34577,2
3213,-12.42412,55.30498,1.34583,0
3214,-12.44326,55.30972,1.34588,1
3215,-12.46241,55.31445,1.34593,2
3216,-12.48155,55.31917,1.34598,0
3217,-12.50069,55.32389,1.34603,1
3218,-12.51983,55.32860,1.34609,2
3219,-12.53897,55.33330,1.34614,0
3220,-12.55810,55.33800,1.34619,1
3221,-12.57724,55.34269,1.34624,2
3222,-12.59637,55.34737,1.34629,0
3223,-12.61550,55.35205,1.34634,1
3224,-12.63463,55.35672,1.34640,2
3225,-12.65376,55.36138,1.34645,0
3226,-12.67289,55.36604,1.34650,1
3227,-12.69202,55.37068,1.34655,2
3228,-12.71114,55.37533,1.34660,0
3229,-12.73026,55.37996,1.34665,1
3230,-12.74938,55.38459,1.34671,2
3231,-12.76850,55.38922,1.34676,0
3232,-12.78762,55.39383,1.34681,1
3233,-12.80674,55.39844,1.34686,2
3234,-12.82585,55.40305,1.34691,0
3235,-12.84497,55.40764,1.34696,1
3236,-12.86408,55.41223,1.34702,2
3237,-12.88319,55.41682,1.34707,0
3238,-12.90230,55.42139,1.34712,1
3239,-12.92141,55.42596,1.34717,2
3240,-12.94051,55.43053,1.34722,0
3241,-12.95962,55.43508,1.34727,1
3242,-12.97872,55.43963,1.34732,2
3243,-12.99782,55.44418,1.34738,0
3244,-13.01692,55.44871,1.34743,1
3245,-13.03602,55.45324,1.34748,2
3246,-13.05512,55.45777,1.34753,0
3247,-13.07421,55.46228,1.34758,1
3248,-13.09331,55.46680,1.34763,2
3249,-13.11240,55.47130,1.34768,0
3250,-13.13149,55.47580,1.34774,1
3251,-13.15058,55.48029,1.34779,2
3252,-13.16966,55.48477,1.34784,0
3253,-13.18875,55.48925,1.34789,1
3254,-13.20783,55.49372,1.34794,2
3255,-13.22692,55.49819,1.34799,0
3256,-13.24600,55.50264,1.34804,1
3257,-13.26508,55.50710,1.34809,2
3258,-13.28416,55.51154,1.34814,0
3259,-13.30323,55.51598,1.34820,1
3260,-13.32231,55.52041,1.34825,2
3261,-13.34138,55.52484,1.34830,0
3262,-13.36045,55.52926,1.34835,1
3263,-13.37952,55.53367,1.34840,2
3264,-13.39859,55.53807,1.34845,0
3265,-13.41766,55.54247,1.34850,1
3266,-13.43672,55.54687,1.34855,2
3267,-13.45579,55.55125,1.34860,0
3268,-13.47485,55.55563,1.34866,1
3269,-13.49391,55.56001,1.34871,2
3270,-13.51297,55.56437,1.34876,0
3271,-13.53203,55.56873,1.34881,1
3272,-13.55108,55.57309,1.34886,2
3273,-13.57014,55.57744,1.34891,0
3274,-13.58919,55.58178,1.34896,1
3275,-13.60824,55.58611,1.34901,2
3276,-13.62729,55.59044,1.34906,0
3277,-13.64634,55.59476,1.34911,1
3278,-13.66539,55.59908,1.34916,2
3279,-13.68443,55.60338,1.34922,0
3280,-13.70347,55.60769,1.34927,1
3281,-13.72252,55.61198,1.34932,2
3282,-13.74156,55.61627,1.34937,0
3283,-13.76059,55.62055,1.34942,1
3284,-13.77963,55.62483,1.34947,2
3285,-13.79867,55.62910,1.34952,0
3286,-13.81770,55.63336,1.34957,1
3287,-13.83673,55.63762,1.34962,2
3288,-13.85576,55.64187,1.34967,0
3289,-13.87479,55.64612,1.34972,1
3290,-13.89382,55.65035,1.34977,2
3291,-13.91284,55.65458,1.34982,0
3292,-13.93187,55.65881,1.34988,1
3293,-13.95089,55.66303,1.34993,2
3294,-13.96991,55.66724,1.34998,0
3295,-13.98893,55.67145,1.35003,1
3296,-14.00795,55.67564,1.35008,2
3297,-14.02697,55.67984,1.35013,0
3298,-14.04598,55.68402,1.35018,1
3299,-14.06499,55.68820,1.35023,2
3300,-14.08400,55.69238,1.35028,0
3301,-14.10301,55.69654,1.35033,1
3302,-14.12202,55.70070,1.35038,2
3303,-14.14103,55.70486,1.35043,0
3304,-14.16003,55.70901,1.35048,1
3305,-14.17904,55.71315,1.35053,2
3306,-14.19804,55.71728,1.35058,0
3307,-14.21704,55.72141,1.35063,1
3308,-14.23604,55.72554,1.35068,2
3309,-14.25503,55.72965,1.35073,0
3310,-14.27403,55.73376,1.35078,1
3311,-14.29302,55.73786,1.35083,2
3312,-14.31201,55.74196,1.35088,0
3313,-14.33100,55.74605,1.35093,1
3314,-14.34999,55.75014,1.35099,2
3315,-14.36898,55.75421,1.35104,0
3316,-14.38796,55.75829,1.35109,1
3317,-14.40695,55.76235,1.35114,2
3318,-14.42593,55.76641,1.35119,0
3319,-14.44491,55.77046,1.35124,1
3320,-14.46389,55.77451,1.35129,2
3321,-14.48286,55.77855,1.35134,0
3322,-14.50184,55.78258,1.35139,1
3323,-14.52081,55.78661,1.35144,2
3324,-14.53979,55.79063,1.35149,0
3325,-14.55876,55.79465,1.35154,1
3326,-14.57772,55.79866,1.35159,2
3327,-14.59669,55.80266,1.35164,0
3328,-14.61566,55.80665,1.35169,1
3329,-14.63462,55.81064,1.35174,2
3330,-14.65358,55.81463,1.35179,0
3331,-14.67254,55.81860,1.35184,1
3332,-14.69150,55.82257,1.35189,2
3333,-14.71046,55.82654,1.35194,0
3334,-14.72942,55.83050,1.35199,1
3335,-14.74837,55.83445,1.35204,2
3336,-14.76732,55.83839,1.35209,0
3337,-14.78627,55.84233,1.35214,1
3338,-14.80522,55.84627,1.35219,2
3339,-14.82417,55.85019,1.35224,0
3340,-14.84311,55.85411,1.35229,1
3341,-14.86206,55.85803,1.35234,2
3342,-14.88100,55.86194,1.35239,0
3343,-14.89994,55.86584,1.35244,1
3344,-14.91888,55.86973,1.35249,2
3345,-14.93782,55.87362,1.35254,0
3346,-14.95675,55.87750,1.35259,1
3347,-14.97569,55.88138,1.35264,2
3348,-14.99462,55.88525,1.35269,0
3349,-15.01355,55.88912,1.35274,1
3350,-15.03248,55.89297,1.35279,2
3351,-15.05141,55.89683,1.35284,0
3352,-15.07033,55.90067,1.35289,1
3353,-15.08926,55.90451,1.35294,2
3354,-15.10818,55.90834,1.35298,0
3355,-15.12710,55.91217,1.35303,1
3356,-15.14602,55.91599,1.35308,2
3357,-15.16494,55.91981,1.35313,0
3358,-15.18385,55.92361,1.35318,1
3359,-15.20276,55.92742,1.35323,2
3360,-15.22168,55.93121,1.35328,0
3361,-15.24059,55.93500,1.35333,1
3362,-15.25950,55.93879,1.35338,2
3363,-15.27840,55.94256,1.35343,0
3364,-15.29731,55.94633,1.35348,1
3365,-15.31621,55.95010,1.35353,2
3366,-15.33511,55.95386,1.35358,0
3367,-15.35401,55.95761,1.35363,1
3368,-15.37291,55.96136,1.35368,2
3369,-15.39181,55.96510,1.35373,0
3370,-15.41071,55.96883,1.35378,1
3371,-15.42960,55.97256,1.35383,2
3372,-15.44849,55.97628,1.35388,0
3373,-15.46738,55.98000,1.35393,1
3374,-15.48627,55.98371,1.35398,2
3375,-15.50516,55.98741,1.35403,0
3376,-15.52404,55.99111,1.35407,1
3377,-15.54293,55.99480,1.35412,2
3378,-15.56181,55.99848,1.35417,0
3379,-15.58069,56.00216,1.35422,1
3380,-15.59956,56.00584,1.35427,2
3381,-15.61844,56.00950,1.35432,0
3382,-15.63732,56.01316,1.35437,1
3383,-15.65619,56.01682,1.35442,2
3384,-15.67506,56.02046,1.35447,0
3385,-15.69393,56.02411,1.35452,1
3386,-15.71280,56.02774,1.35457,2
3387,-15.73166,56.03137,1.35462,0
3388,-15.75053,56.03500,1.35467,1
3389,-15.76939,56.03861,1.35472,2
3390,-15.78825,56.04223,1.35476,0
3391,-15.80711,56.04583,1.35481,1
3392,-15.82597,56.04943,1.35486,2
3393,-15.84483,56.05302,1.35491,0
3394,-15.86368,56.05661,1.35496,1
3395,-15.88253,56.06019,1.35501,2
3396,-15.90138,56.06377,1.35506,0
3397,-15.92023,56.06734,1.35511,1
3398,-15.93908,56.07090,1.35516,2
3399,-15.95793,56.07446,1.35521,0
3400,-15.97677,56.07801,1.35526,1
3401,-15.99561,56.08155,1.35530,2
3402,-16.01445,56.08509,1.35535,0
3403,-16.03329,56.08862,1.35540,1
3404,-16.05213,56.09215,1.35545,2
3405,-16.07096,56.09567,1.35550,0
3406,-16.08980,56.09918,1.35555,1
3407,-16.10863,56.10269,1.35560,2
3408,-16.12746,56.10619,1.35565,0
3409,-16.14629,56.10969,1.35570,1
3410,-16.16511,56.11318,1.35574,2
3411,-16.18394,56.11667,1.35579,0
3412,-16.20276,56.12014,1.35584,1
3413,-16.22158,56.12362,1.35589,2
3414,-16.24040,56.12708,1.35594,0
3415,-16.25922,56.13054,1.35599,1
3416,-16.27804,56.13400,1.35604,2
3417,-16.29685,56.13744,1.35609,0
3418,-16.31566,56.14089,1.35614,1
3419,-16.33448,56.14432,1.35618,2
3420,-16.35328,56.14775,1.35623,0
3421,-16.37209,56.15118,1.35628,1
3422,-16.39090,56.15459,1.35633,2
3423,-16.40970,56.15801,1.35638,0
3424,-16.42850,56.16141,1.35643,1
3425,-16.44730,56.16481,1.35648,2
3426,-16.46610,56.16821,1.35652,0
3427,-16.48490,56.17159,1.35657,1
3428,-16.50369,56.17498,1.35662,2
3429,-16.52249,56.17835,1.35667,0
3430,-16.54128,56.18172,1.35672,1
3431,-16.56007,56.18509,1.35677,2
3432,-16.57886,56.18845,1.35682,0
3433,-16.59764,56.19180,1.35686,1
3434,-16.61643,56.19514,1.35691,2
3435,-16.63521,56.19849,1.35696,0
3436,-16.65399,56.20182,1.35701,1
3437,-16.67277,56.20515,1.35706,2
3438,-16.69155,56.20847,1.35711,0
3439,-16.71033,56.21179,1.35716,1
3440,-16.72910,56.21510,1.35720,2
3441,-16.74787,56.21840,1.35725,0
3442,-16.76664,56.22170,1.35730,1
3443,-16.78541,56.22499,1.35735,2
3444,-16.80418,56.22828,1.35740,0
3445,-16.82294,56.23156,1.35745,1
3446,-16.84171,56.23484,1.35749,2
3447,-16.86047,56.23811,1.35754,0
3448,-16.87923,56.24137,1.35759,1
3449,-16.89799,56.24463,1.35764,2
3450,-16.91674,56.24788,1.35769,0
3451,-16.93550,56.25112,1.35774,1
3452,-16.95425,56.25436,1.35778,2
3453,-16.97300,56.25760,1.35783,0
3454,-16.99175,56.26082,1.35788,1
3455,-17.01050,56.26405,1.35793,2
3456,-17.02924,56.26726,1.35798,0
3457,-17.04799,56.27047,1.35803,1
3458,-17.06673,56.27368,1.35807,2
3459,-17.08547,56.27688,1.35812,0
3460,-17.10421,56.28007,1.35817,1
3461,-17.12294,56.28325,1.35822,2
3462,-17.14168,56.28644,1.35827,0
3463,-17.16041,56.28961,1.35832,1
3464,-17.17914,56.29278,1.35836,2
3465,-17.19787,56.29594,1.35841,0
3466,-17.21660,56.29910,1.35846,1
3467,-17.23533,56.30225,1.35851,2
3468,-17.25405,56.30540,1.35856,0
3469,-17.27277,56.30854,1.35860,1
3470,-17.29149,56.31167,1.35865,2
3471,-17.31021,56.31480,1.35870,0
3472,-17.32893,56.31792,1.35875,1
3473,-17.34765,56.32104,1.35880,2
3474,-17.36636,56.32415,1.35884,0
3475,-17.38507,56.32725,1.35889,1
3476,-17.40378,56.33035,1.35894,2
3477,-17.42249,56.33344,1.35899,0
3478,-17.44119,56.33653,1.35904,1
3479,-17.45990,56.33961,1.35908,2
3480,-17.47860,56.34269,1.35913,0
3481,-17.49730,56.34576,1.35918,1
3482,-17.51600,56.34882,1.35923,2
3483,-17.53470,56.35188,1.35927,0
3484,-17.55339,56.35493,1.35932,1
3485,-17.57209,56.35798,1.35937,2
3486,-17.59078,56.36102,1.35942,0
3487,-17.60947,56.36405,1.35947,1
3488,-17.62816,56.36708,1.35951,2
3489,-17.64684,56.37011,1.35956,0
3490,-17.66553,56.37312,1.35961,1
3491,-17.68421,56.37614,1.35966,2
3492,-17.70289,56.37914,1.35970,0
3493,-17.72157,56.38214,1.35975,1
3494,-17.74025,56.38514,1.35980,2
3495,-17.75892,56.38812,1.35985,0
3496,-17.77760,56.39111,1.35990,1
3497,-17.79627,56.39408,1.35994,2
3498,-17.81494,56.39706,1.35999,0
3499,-17.83361,56.40002,1.36004,1
3500,-17.85227,56.40298,1.36009,2
3501,-17.87094,56.40594,1.36013,0
3502,-17.88960,56.40888,1.36018,1
3503,-17.90826,56.41183,1.36023,2
3504,-17.92692,56.41476,1.36028,0
3505,-17.94558,56.41769,1.36032,1
3506,-17.96423,56.42062,1.36037,2
3507,-17.98289,56.42354,1.36042,0
3508,-18.00154,56.42645,1.36047,1
3509,-18.02019,56.42936,1.36051,2
3510,-18.03884,56.43226,1.36056,0
3511,-18.05748,56.43516,1.36061,1
3512,-18.07613,56.43805,1.36066,2
3513,-18.09477,56.44094,1.36070,0
3514,-18.11341,56.44382,1.36075,1
3515,-18.13205,56.44669,1.36080,2
3516,-18.15069,56.44956,1.36085,0
3517,-18.16932,56.45242,1.36089,1
3518,-18.18796,56.45528,1.36094,2
3519,-18.20659,56.45813,1.36099,0
3520,-18.22522,56.46097,1.36104,1
3521,-18.24385,56.46381,1.36108,2
3522,-18.26247,56.46665,1.36113,0
3523,-18.28110,56.46947,1.36118,1
3524,-18.29972,56.47230,1.36123,2
3525,-18.31834,56.47511,1.36127,0
3526,-18.33696,56.47792,1.36132,1
3527,-18.35558,56.48073,1.36137,2
3528,-18.37419,56.48353,1.36141,0
3529,-18.39280,56.48632,1.36146,1
3530,-18.41141,56.48911,1.36151,2
3531,-18.43002,56.49190,1.36156,0
3532,-18.44863,56.49467,1.36160,1
3533,-18.46724,56.49744,1.36165,2
3534,-18.48584,56.50021,1.36170,0
3535,-18.50444,56.50297,1.36174,1
3536,-18.52304,56.50572,1.36179,2
3537,-18.54164,56.50847,1.36184,0
3538,-18.56024,56.51122,1.36189,1
3539,-18.57883,56.51395,1.36193,2
3540,-18.59743,56.51669,1.36198,0
3541,-18.61602,56.51941,1.36203,1
3542,-18.63461,56.52213,1.36207,2
3543,-18.65319,56.52485,1.36212,0
3544,-18.67178,56.52756,1.36217,1
3545,-18.69036,56.53026,1.36222,2
3546,-18.70894,56.53296,1.36226,0
3547,-18.72752,56.53565,1.36231,1
3548,-18.74610,56.53834,1.36236,2
3549,-18.76468,56.54102,1.36240,0
3550,-18.78325,56.54369,1.36245,1
3551,-18.80183,56.54636,1.36250,2
3552,-18.82040,56.54903,1.36254,0
3553,-18.83896,56.55169,1.36259,1
3554,-18.85753,56.55434,1.36264,2
3555,-18.87610,56.55699,1.36269,0
3556,-18.89466,56.55963,1.36273,1
3557,-18.91322,56.56227,1.36278,2
3558,-18.93178,56.56490,1.36283,0
3559,-18.95034,56.56752,1.36287,1
3560,-18.96889,56.57014,1.36292,2
3561,-18.98745,56.57276,1.36297,0
3562,-19.00600,56.57537,1.36301,1
3563,-19.02455,56.57797,1.36306,2
3564,-19.04310,56.58057,1.36311,0
3565,-19.06164,56.58316,1.36315,1
3566,-19.08019,56.58574,1.36320,2
3567,-19.09873,56.58832,1.36325,0
3568,-19.11727,56.59090,1.36329,1
3569,-19.13581,56.59347,1.36334,2
3570,-19.15435,56.59603,1.36339,0
3571,-19.17288,56.59859,1.36343,1
3572,-19.19141,56.60115,1.36348,2
3573,-19.20995,56.60369,1.36353,0
3574,-19.22847,56.60623,1.36357,1
3575,-19.24700,56.60877,1.36362,2
3576,-19.26553,56.61130,1.36367,0
3577,-19.28405,56.61383,1.36371,1
3578,-19.30257,56.61635,1.36376,2
3579,-19.32109,56.61886,1.36381,0
3580,-19.33961,56.62137,1.36385,1
3581,-19.35813,56.62387,1.36390,2
3582,-19.37664,56.62637,1.36395,0
3583,-19.39515,56.62886,1.36399,1
3584,-19.41366,56.63135,1.36404,2
3585,-19.43217,56.63383,1.36409,0
3586,-19.45068,56.63631,1.36413,1
3587,-19.46918,56.63878,1.36418,2
3588,-19.48769,56.64124,1.36423,0
3589,-19.50619,56.64370,1.36427,1
3590,-19.52469,56.64615,1.36432,2
3591,-19.54318,56.64860,1.36436,0
3592,-19.56168,56.65104,1.36441,1
3593,-19.58017,56.65348,1.36446,2
3594,-19.59866,56.65591,1.36450,0
3595,-19.61715,56.65834,1.36455,1
3596,-19.63564,56.66076,1.36460,2
3597,-19.65413,56.66317,1.36464,0
3598,-19.67261,56.66558,1.36469,1
3599,-19.69109,56.66799,1.36474,2
3600,-19.70957,56.67039,1.36478,0
3601,-19.72805,56.67278,1.36483,1
3602,-19.74653,56.67517,1.36487,2
3603,-19.76500,56.67755,1.36492,0
3604,-19.78348,56.67993,1.36497,1
3605,-19.80195,56.68230,1.36501,2
3606,-19.82042,56.68466,1.36506,0
3607,-19.83888,56.68702,1.36511,1
3608,-19.85735,56.68938,1.36515,2
3609,-19.87581,56.69173,1.36520,0
3610,-19.89427,56.69407,1.36524,1
3611,-19.91273,56.69641,1.36529,2
3612,-19.93119,56.69875,1.36534,0
3613,-19.94964,56.70107,1.36538,1
3614,-19.96810,56.70340,1.36543,2
3615,-19.98655,56.70571,1.36547,0
3616,-20.00500,56.70802,1.36552,1
3617,-20.02345,56.71033,1.36557,2
3618,-20.04189,56.71263,1.36561,0
3619,-20.06034,56.71493,1.36566,1
3620,-20.07878,56.71722,1.36570,2
3621,-20.09722,56.71950,1.36575,0
3622,-20.11566,56.72178,1.36580,1
3623,-20.13409,56.72405,1.36584,2
3624,-20.15253,56.72632,1.36589,0
3625,-20.17096,56.72859,1.36593,1
3626,-20.18939,56.73084,1.36598,2
3627,-20.20782,56.73310,1.36603,0
3628,-20.22624,56.73534,1.36607,1
3629,-20.24467,56.73758,1.36612,2
3630,-20.26309,56.73982,1.36616,0
3631,-20.28151,56.74205,1.36621,1
3632,-20.29993,56.74428,1.36626,2
3633,-20.31835,56.74649,1.36630,0
3634,-20.33676,56.74871,1.36635,1
3635,-20.35518,56.75092,1.36639,2
3636,-20.37359,56.75312,1.36644,0
3637,-20.39200,56.75532,1.36649,1
3638,-20.41041,56.75751,1.36653,2
3639,-20.42881,56.75970,1.36658,0
3640,-20.44721,56.76188,1.36662,1
3641,-20.46562,56.76406,1.36667,2
3642,-20.48402,56.76623,1.36671,0
3643,-20.50241,56.76840,1.36676,1
3644,-20.52081,56.77056,1.36681,2
3645,-20.53920,56.77271,1.36685,0
3646,-20.55760,56.77486,1.36690,1
3647,-20.57599,56.77701,1.36694,2
3648,-20.59437,56.77915,1.36699,0
3649,-20.61276,56.78128,1.36703,1
3650,-20.63114,56.78341,1.36708,2
3651,-20.64953,56.78554,1.36713,0
3652,-20.66791,56.78765,1.36717,1
3653,-20.68629,56.78977,1.36722,2
3654,-20.70466,56.79187,1.36726,0
3655,-20.72304,56.79398,1.36731,1
3656,-20.74141,56.79607,1.36735,2
3657,-20.75978,56.79817,1.36740,0
3658,-20.77815,56.80025,1.36745,1
3659,-20.79652,56.80233,1.36749,2
3660,-20.81488,56.80441,1.36754,0
3661,-20.83324,56.80648,1.36758,1
3662,-20.85160,56.80854,1.36763,2
3663,-20.86996,56.81060,1.36767,0
3664,-20.88832,56.81266,1.36772,1
3665,-20.90668,56.81471,1.36776,2
3666,-20.92503,56.81675,1.36781,0
3667,-20.94338,56.81879,1.36785,1
3668,-20.96173,56.82082,1.36790,2
3669,-20.98008,56.82285,1.36795,0
3670,-20.99842,56.82487,1.36799,1
3671,-21.01677,56.82689,1.36804,2
3672,-21.03511,56.82890,1.36808,0
3673,-21.05345,56.83091,1.36813,1
3674,-21.07178,56.83291,1.36817,2
3675,-21.09012,56.83491,1.36822,0
3676,-21.10845,56.83690,1.36826,1
3677,-21.12679,56.83889,1.36831,2
3678,-21.14511,56.84087,1.36835,0
3679,-21.16344,56.84284,1.36840,1
3680,-21.18177,56.84481,1.36844,2
3681,-21.20009,56.84678,1.36849,0
3682,-21.21841,56.84874,1.36854,1
3683,-21.23673,56.85069,1.36858,2
3684,-21.25505,56.85264,1.36863,0
3685,-21.27337,56.85458,1.36867,1
3686,-21.29168,56.85652,1.36872,2
3687,-21.31000,56.85846,1.36876,0
3688,-21.32831,56.86039,1.36881,1
3689,-21.34661,56.86231,1.36885,2
3690,-21.36492,56.86423,1.36890,0
3691,-21.38322,56.86614,1.36894,1
3692,-21.40153,56.86805,1.36899,2
3693,-21.41983,56.86995,1.36903,0
3694,-21.43813,56.87185,1.36908,1
3695,-21.45642,56.87374,1.36912,2
3696,-21.47472,56.87562,1.36917,0
3697,-21.49301,56.87750,1.36921,1
3698,-21.51130,56.87938,1.36926,2
3699,-21.52959,56.88125,1.36930,0
3700,-21.54788,56.88312,1.36935,1
3701,-21.56616,56.88498,1.36939,2
3702,-21.58444,56.88683,1.36944,0
3703,-21.60272,56.88868,1.36948,1
3704,-21.62100,56.89053,1.36953,2
3705,-21.63928,56.89237,1.36957,0
3706,-21.65755,56.89420,1.36962,1
3707,-21.67583,56.89603,1.36966,2
3708,-21.69410,56.89786,1.36971,0
3709,-21.71237,56.89968,1.36975,1
3710,-21.73063,56.90149,1.36980,2
3711,-21.74890,56.90330,1.36984,0
3712,-21.76716,56.90510,1.36989,1
3713,-21.78542,56.90690,1.36993,2
3714,-21.80368,56.90869,1.36998,0
3715,-21.82194,56.91048,1.37002,1
3716,-21.84019,56.91227,1.37007,2
3717,-21.85845,56.91404,1.37011,0
3718,-21.87670,56.91582,1.37016,1
3719,-21.89495,56.91758,1.37020,2
3720,-21.91319,56.91935,1.37025,0
3721,-21.93144,56.92110,1.37029,1
3722,-21.94968,56.92285,1.37034,2
3723,-21.96792,56.92460,1.37038,0
3724,-21.98616,56.92634,1.37043,1
3725,-22.00440,56.92808,1.37047,2
3726,-22.02264,56.92981,1.37052,0
3727,-22.04087,56.93154,1.37056,1
3728,-22.05910,56.93326,1.37060,2
3729,-22.07733,56.93498,1.37065,0
3730,-22.09556,56.93669,1.37069,1
3731,-22.11378,56.93839,1.37074,2
3732,-22.13201,56.94009,1.37078,0
3733,-22.15023,56.94179,1.37083,1
3734,-22.16845,56.94348,1.37087,2
3735,-22.18666,56.94517,1.37092,0
3736,-22.20488,56.94685,1.37096,1
3737,-22.22309,56.94852,1.37101,2
3738,-22.24131,56.95019,1.37105,0
3739,-22.25951,56.95186,1.37110,1
3740,-22.27772,56.95352,1.37114,2
3741,-22.29593,56.95517,1.37118,0
3742,-22.31413,56.95682,1.37123,1
3743,-22.33233,56.95847,1.37127,2
3744,-22.35053,56.96011,1.37132,0
3745,-22.36873,56.96174,1.37136,1
3746,-22.38693,56.96337,1.37141,2
3747,-22.40512,56.96499,1.37145,0
3748,-22.42331,56.96661,1.37150,1
3749,-22.44150,56.96823,1.37154,2
3750,-22.45969,56.96984,1.37159,0
3751,-22.47787,56.97144,1.37163,1
3752,-22.49606,56.97304,1.37167,2
3753,-22.51424,56.97464,1.37172,0
3754,-22.53242,56.97622,1.37176,1
3755,-22.55060,56.97781,1.37181,2
3756,-22.56877,56.97939,1.37185,0
3757,-22.58695,56.98096,1.37190,1
3758,-22.60512,56.98253,1.37194,2
3759,-22.62329,56.98409,1.37198,0
3760,-22.64145,56.98565,1.37203,1
3761,-22.65962,56.98721,1.37207,2
3762,-22.67778,56.98875,1.37212,0
3763,-22.69594,56.99030,1.37216,1
3764,-22.71410,56.99184,1.37221,2
3765,-22.73226,56.99337,1.37225,0
3766,-22.75042,56.99490,1.37229,1
3767,-22.76857,56.99642,1.37234,2
3768,-22.78672,56.99794,1.37238,0
3769,-22.80487,56.99945,1.37243,1
3770,-22.82302,57.00096,1.37247,2
3771,-22.84117,57.00247,1.37252,0
3772,-22.85931,57.00396,1.37256,1
3773,-22.87745,57.00546,1.37260,2
3774,-22.89559,57.00695,1.37265,0
3775,-22.91373,57.00843,1.37269,1
3776,-22.93186,57.00991,1.37274,2
3777,-22.95000,57.01138,1.37278,0
3778,-22.96813,57.01285,1.37283,1
3779,-22.98626,57.01431,1.37287,2
3780,-23.00438,57.01577,1.37291,0
3781,-23.02251,57.01723,1.37296,1
3782,-23.04063,57.01867,1.37300,2
3783,-23.05875,57.02012,1.37305,0
3784,-23.07687,57.02156,1.37309,1
3785,-23.09499,57.02299,1.37313,2
3786,-23.11311,57.02442,1.37318,0
3787,-23.13122,57.02584,1.37322,1
3788,-23.14933,57.02726,1.37327,2
3789,-23.16744,57.02867,1.37331,0
3790,-23.18555,57.03008,1.37335,1
3791,-23.20365,57.03149,1.37340,2
3792,-23.22176,57.03289,1.37344,0
3793,-23.23986,57.03428,1.37349,1
3794,-23.25796,57.03567,1.37353,2
3795,-23.27605,57.03705,1.37357,0
3796,-23.29415,57.03843,1.37362,1
3797,-23.31224,57.03980,1.37366,2
3798,-23.33033,57.04117,1.37370,0
3799,-23.34842,57.04254,1.37375,1
3800,-23.36651,57.04390,1.37379,2
3801,-23.38460,57.04525,1.37384,0
3802,-23.40268,57.04660,1.37388,1
3803,-23.42076,57.04794,1.37392,2
3804,-23.43884,57.04928,1.37397,0
3805,-23.45692,57.05062,1.37401,1
3806,-23.47499,57.05195,1.37406,2
3807,-23.49306,57.05327,1.37410,0
3808,-23.51113,57.05459,1.37414,1
3809,-23.52920,57.05591,1.37419,2
3810,-23.54727,57.05722,1.37423,0
3811,-23.56533,57.05852,1.37427,1
3812,-23.58340,57.05982,1.37432,2
3813,-23.60146,57.06112,1.37436,0
3814,-23.61952,57.06241,1.37441,1
3815,-23.63757,57.06369,1.37445,2
3816,-23.65563,57.06497,1.37449,0
3817,-23.67368,57.06625,1.37454,1
3818,-23.69173,57.06752,1.37458,2
3819,-23.70978,57.06879,1.37462,0
3820,-23.72783,57.07005,1.37467,1
3821,-23.74587,57.07130,1.37471,2
3822,-23.76391,57.07255,1.37475,0
3823,-23.78195,57.07380,1.37480,1
3824,-23.79999,57.07504,1.37484,2
3825,-23.81803,57.07628,1.37489,0
3826,-23.83606,57.07751,1.37493,1
3827,-23.85410,57.07874,1.37497,2
3828,-23.87213,57.07996,1.37502,0
3829,-23.89015,57.08117,1.37506,1
3830,-23.90818,57.08239,1.37510,2
3831,-23.92620,57.08359,1.37515,0
3832,-23.94423,57.08480,1.37519,1
3833,-23.96225,57.08599,1.37523,2
3834,-23.98027,57.08719,1.37528,0
3835,-23.99828,57.08837,1.37532,1
3836,-24.01630,57.08956,1.37536,2
3837,-24.03431,57.09074,1.37541,0
3838,-24.05232,57.09191,1.37545,1
3839,-24.07032,57.09308,1.37549,2
3840,-24.08833,57.09424,1.37554,0
3841,-24.10633,57.09540,1.37558,1
3842,-24.12434,57.09655,1.37562,2
3843,-24.14234,57.09770,1.37567,0
3844,-24.16033,57.09885,1.37571,1
3845,-24.17833,57.09999,1.37575,2
3846,-24.19632,57.10112,1.37580,0
3847,-24.21431,57.10225,1.37584,1
3848,-24.23230,57.10338,1.37588,2
3849,-24.25029,57.10450,1.37593,0
3850,-24.26828,57.10561,1.37597,1
3851,-24.28626,57.10672,1.37601,2
3852,-24.30424,57.10783,1.37606,0
3853,-24.32222,57.10893,1.37610,1
3854,-24.34020,57.11002,1.37614,2
3855,-24.35817,57.11111,1.37619,0
3856,-24.37615,57.11220,1.37623,1
3857,-24.39412,57.11328,1.37627,2
3858,-24.41209,57.11436,1.37632,0
3859,-24.43005,57.11543,1.37636,1
3860,-24.44802,57.11650,1.37640,2
3861,-24.46598,57.11756,1.37645,0
3862,-24.48394,57.11862,1.37649,1
3863,-24.50190,57.11967,1.37653,2
3864,-24.51986,57.12072,1.37658,0
3865,-24.53781,57.12176,1.37662,1
3866,-24.55576,57.12280,1.37666,2
3867,-24.57371,57.12384,1.37671,0
3868,-24.59166,57.12486,1.37675,1
3869,-24.60961,57.12589,1.37679,2
3870,-24.62755,57.12691,1.37683,0
3871,-24.64550,57.12792,1.37688,1
3872,-24.66344,57.12893,1.37692,2
3873,-24.68137,57.12994,1.37696,0
3874,-24.69931,57.13094,1.37701,1
3875,-24.71724,57.13193,1.37705,2
3876,-24.73518,57.13292,1.37709,0
3877,-24.75311,57.13391,1.37714,1
3878,-24.77103,57.13489,1.37718,2
3879,-24.78896,57.13587,1.37722,0
3880,-24.80688,57.13684,1.37727,1
3881,-24.82481,57.13781,1.37731,2
3882,-24.84273,57.13877,1.37735,0
3883,-24.86064,57.13973,1.37739,1
3884,-24.87856,57.14068,1.37744,2
3885,-24.89647,57.14163,1.37748,0
3886,-24.91438,57.14257,1.37752,1
3887,-24.93229,57.14351,1.37757,2
3888,-24.95020,57.14444,1.37761,0
3889,-24.96811,57.14537,1.37765,1
3890,-24.98601,57.14630,1.37769,2
3891,-25.00391,57.14722,1.37774,0
3892,-25.02181,57.14813,1.37778,1
3893,-25.03971,57.14904,1.37782,2
3894,-25.05760,57.14995,1.37787,0
3895,-25.07549,57.15085,1.37791,1
3896,-25.09338,57.15175,1.37795,2
3897,-25.11127,57.15264,1.37799,0
3898,-25.12916,57.15352,1.37804,1
3899,-25.14704,57.15441,1.37808,2
3900,-25.16493,57.15528,1.37812,0
3901,-25.18281,57.15616,1.37816,1
3902,-25.20069,57.15702,1.37821,2
3903,-25.21856,57.15789,1.37825,0
3904,-25.23644,57.15875,1.37829,1
3905,-25.25431,57.15960,1.37834,2
3906,-25.27218,57.16045,1.37838,0
3907,-25.29005,57.16129,1.37842,1
3908,-25.30791,57.16213,1.37846,2
3909,-25.32578,57.16297,1.37851,0
3910,-25.34364,57.16380,1.37855,1
3911,-25.36150,57.16463,1.37859,2
3912,-25.37936,57.16545,1.37863,0
3913,-25.39721,57.16626,1.37868,1
3914,-25.41506,57.16708,1.37872,2
3915,-25.43292,57.16788,1.37876,0
3916,-25.45076,57.16869,1.37880,1
3917,-25.46861,57.16948,1.37885,2
3918,-25.48646,57.17028,1.37889,0
3919,-25.50430,57.17106,1.37893,1
3920,-25.52214,57.17185,1.37897,2
3921,-25.53998,57.17263,1.37902,0
3922,-25.55782,57.17340,1.37906,1
3923,-25.57565,57.17417,1.37910,2
3924,-25.59349,57.17494,1.37914,0
3925,-25.61132,57.17570,1.37919,1
3926,-25.62914,57.17645,1.37923,2
3927,-25.64697,57.17721,1.37927,0
3928,-25.66480,57.17795,1.37931,1
3929,-25.68262,57.17869,1.37936,2
3930,-25.70044,57.17943,1.37940,0
3931,-25.71826,57.18017,1.37944,1
3932,-25.73607,57.18089,1.37948,2
3933,-25.75389,57.18162,1.37953,0
3934,-25.77170,57.18234,1.37957,1
3935,-25.78951,57.18305,1.37961,2
3936,-25.80732,57.18376,1.37965,0
3937,-25.82512,57.18447,1.37970,1
3938,-25.84293,57.18517,1.37974,2
3939,-25.86073,57.18586,1.37978,0
3940,-25.87853,57.18655,1.37982,1
3941,-25.89632,57.18724,1.37986,2
3942,-25.91412,57.18792,1.37991,0
3943,-25.93191,57.18860,1.37995,1
3944,-25.94970,57.18927,1.37999,2
3945,-25.96749,57.18994,1.38003,0
3946,-25.98528,57.19060,1.38008,1
3947,-26.00306,57.19126,1.38012,2
3948,-26.02085,57.19192,1.38016,0
3949,-26.03863,57.19257,1.38020,1
3950,-26.05641,57.19321,1.38025,2
3951,-26.07418,57.19385,1.38029,0
3952,-26.09196,57.19449,1.38033,1
3953,-26.10973,57.19512,1.38037,2
3954,-26.12750,57.19575,1.38041,0
3955,-26.14527,57.19637,1.38046,1
3956,-26.16303,57.19699,1.38050,2
3957,-26.18080,57.19760,1.38054,0
3958,-26.19856,57.19821,1.38058,1
3959,-26.21632,57.19882,1.38062,2
3960,-26.23408,57.19942,1.38067,0
3961,-26.25183,57.20001,1.38071,1
3962,-26.26959,57.20060,1.38075,2
3963,-26.28734,57.20119,1.38079,0
3964,-26.30509,57.20177,1.38083,1
3965,-26.32284,57.20235,1.38088,2
3966,-26.34058,57.20292,1.38092,0
3967,-26.35832,57.20349,1.38096,1
3968,-26.37606,57.20405,1.38100,2
3969,-26.39380,57.20461,1.38104,0
3970,-26.41154,57.20516,1.38109,1
3971,-26.42927,57.20571,1.38113,2
3972,-26.44701,57.20626,1.38117,0
3973,-26.46474,57.20680,1.38121,1
3974,-26.48247,57.20733,1.38125,2
3975,-26.50019,57.20786,1.38130,0
3976,-26.51792,57.20839,1.38134,1
3977,-26.53564,57.20891,1.38138,2
3978,-26.55336,57.20943,1.38142,0
3979,-26.57108,57.20995,1.38146,1
3980,-26.58879,57.21045,1.38151,2
3981,-26.60651,57.21096,1.38155,0
3982,-26.62422,57.21146,1.38159,1
3983,-26.64193,57.21195,1.38163,2
3984,-26.65964,57.21244,1.38167,0
3985,-26.67734,57.21293,1.38172,1
3986,-26.69504,57.21341,1.38176,2
3987,-26.71274,57.21389,1.38180,0
3988,-26.73044,57.21436,1.38184,1
3989,-26.74814,57.21483,1.38188,2
3990,-26.76584,57.21530,1.38192,0
3991,-26.78353,57.21575,1.38197,1
3992,-26.80122,57.21621,1.38201,2
3993,-26.81891,57.21666,1.38205,0
3994,-26.83659,57.21711,1.38209,1
3995,-26.85428,57.21755,1.38213,2
3996,-26.87196,57.21798,1.38217,0
3997,-26.88964,57.21842,1.38222,1
3998,-26.90732,57.21884,1.38226,2
3999,-26.92499,57.21927,1.38230,0
4000,-26.94267,57.21969,1.38234,1
4001,-26.96034,57.22010,1.38238,2
4002,-26.97801,57.22051,1.38242,0
4003,-26.99568,57.22092,1.38247,1
4004,-27.01334,57.22132,1.38251,2
4005,-27.03101,57.22172,1.38255,0
4006,-27.04867,57.22211,1.38259,1
4007,-27.06633,57.22250,1.38263,2
4008,-27.08398,57.22288,1.38267,0
4009,-27.10164,57.22326,1.38272,1
4010,-27.11929,57.22363,1.38276,2
4011,-27.13694,57.22400,1.38280,0
4012,-27.15459,57.22437,1.38284,1
4013,-27.17224,57.22473,1.38288,2
4014,-27.18988,57.22509,1.38292,0
4015,-27.20752,57.22544,1.38297,1
4016,-27.22516,57.22579,1.38301,2
4017,-27.24280,57.22613,1.38305,0
4018,-27.26044,57.22647,1.38309,1
4019,-27.27807,57.22680,1.38313,2
4020,-27.29570,57.22713,1.38317,0
4021,-27.31333,57.22746,1.38321,1
4022,-27.33096,57.22778,1.38326,2
4023,-27.34858,57.22810,1.38330,0
4024,-27.36621,57.22841,1.38334,1
4025,-27.38383,57.22872,1.38338,2
4026,-27.40145,57.22902,1.38342,0
4027,-27.41906,57.22932,1.38346,1
4028,-27.43668,57.22961,1.38350,2
4029,-27.45429,57.22990,1.38355,0
4030,-27.47190,57.23019,1.38359,1
4031,-27.48951,57.23047,1.38363,2
4032,-27.50712,57.23075,1.38367,0
4033,-27.52472,57.23102,1.38371,1
4034,-27.54232,57.23129,1.38375,2
4035,-27.55992,57.23155,1.38379,0
4036,-27.57752,57.23181,1.38383,1
4037,-27.59512,57.23207,1.38388,2
4038,-27.61271,57.23232,1.38392,0
4039,-27.63030,57.23256,1.38396,1
4040,-27.64789,57.23281,1.38400,2
4041,-27.66548,57.23304,1.38404,0
4042,-27.68306,57.23328,1.38408,1
4043,-27.70065,57.23351,1.38412,2
4044,-27.71823,57.23373,1.38416,0
4045,-27.73581,57.23395,1.38421,1
4046,-27.75338,57.23417,1.38425,2
4047,-27.77096,57.23438,1.38429,0
4048,-27.78853,57.23458,1.38433,1
4049,-27.80610,57.23479,1.38437,2
4050,-27.82367,57.23498,1.38441,0
4051,-27.84123,57.23518,1.38445,1
4052,-27.85880,57.23537,1.38449,2
4053,-27.87636,57.23555,1.38454,0
4054,-27.89392,57.23573,1.38458,1
4055,-27.91148,57.23591,1.38462,2
4056,-27.92903,57.23608,1.38466,0
4057,-27.94659,57.23625,1.38470,1
4058,-27.96414,57.23641,1.38474,2
4059,-27.98169,57.23657,1.38478,0
4060,-27.99923,57.23673,1.38482,1
4061,-28.01678,57.23688,1.38486,2
4062,-28.03432,57.23702,1.38491,0
4063,-28.05186,57.23716,1.38495,1
4064,-28.06940,57.23730,1.38499,2
4065,-28.08694,57.23744,1.38503,0
4066,-28.10447,57.23756,1.38507,1
4067,-28.12200,57.23769,1.38511,2
4068,-28.13953,57.23781,1.38515,0
4069,-28.15706,57.23792,1.38519,1
4070,-28.17459,57.23804,1.38523,2
4071,-28.19211,57.23814,1.38527,0
4072,-28.20963,57.23825,1.38531,1
4073,-28.22715,57.23834,1.38536,2
4074,-28.24467,57.23844,1.38540,0
4075,-28.26218,57.23853,1.38544,1
4076,-28.27970,57.23861,1.38548,2
4077,-28.29721,57.23869,1.38552,0
4078,-28.31472,57.23877,1.38556,1
4079,-28.33222,57.23884,1.38560,2
4080,-28.34973,57.23891,1.38564,0
4081,-28.36723,57.23898,1.38568,1
4082,-28.38473,57.23904,1.38572,2
4083,-28.40223,57.23909,1.38576,0
4084,-28.41972,57.23914,1.38581,1
4085,-28.43722,57.23919,1.38585,2
4086,-28.45471,57.23923,1.38589,0
4087,-28.47220,57.23927,1.38593,1
4088,-28.48969,57.23930,1.38597,2
4089,-28.50717,57.23933,1.38601,0
4090,-28.52465,57.23936,1.38605,1
4091,-28.54213,57.23938,1.38609,2
4092,-28.55961,57.23940,1.38613,0
4093,-28.57709,57.23941,1.38617,1
4094,-28.59456,57.23942,1.38621,2
4095,-28.61204,57.23942,1.38625,0
4096,-28.62951,57.23942,1.38629,1
4097,-28.64698,57.23942,1.38634,2
4098,-28.66444,57.23941,1.38638,0
4099,-28.68191,57.23939,1.38642,1
4100,-28.69937,57.23938,1.38646,2
4101,-28.71683,57.23936,1.38650,0
4102,-28.73429,57.23933,1.38654,1
4103,-28.75174,57.23930,1.38658,2
4104,-28.76919,57.23927,1.38662,0
4105,-28.78664,57.23923,1.38666,1
4106,-28.80409,57.23918,1.38670,2
4107,-28.82154,57.23914,1.38674,0
4108,-28.83899,57.23909,1.38678,1
4109,-28.85643,57.23903,1.38682,2
4110,-28.87387,57.23897,1.38686,0
4111,-28.89131,57.23891,1.38690,1
4112,-28.90874,57.23884,1.38694,2
4113,-28.92618,57.23877,1.38698,0
4114,-28.94361,57.23869,1.38703,1
4115,-28.96104,57.23861,1.38707,2
4116,-28.97847,57.23852,1.38711,0
4117,-28.99589,57.23843,1.38715,1
4118,-29.01332,57.23834,1.38719,2
4119,-29.03074,57.23824,1.38723,0
4120,-29.04816,57.23814,1.38727,1
4121,-29.06557,57.23803,1.38731,2
4122,-29.08299,57.23792,1.38735,0
4123,-29.10040,57.23781,1.38739,1
4124,-29.11781,57.23769,1.38743,2
4125,-29.13522,57.23757,1.38747,0
4126,-29.15263,57.23744,1.38751,1
4127,-29.17003,57.23731,1.38755,2
4128,-29.18743,57.23717,1.38759,0
4129,-29.20483,57.23703,1.38763,1
4130,-29.22223,57.23689,1.38767,2
4131,-29.23962,57.23674,1.38771,0
4132,-29.25702,57.23659,1.38775,1
4133,-29.27441,57.23643,1.38779,2
4134,-29.29180,57.23627,1.38783,0
4135,-29.30919,57.23610,1.38787,1
4136,-29.32657,57.23594,1.38791,2
4137,-29.34395,57.23576,1.38795,0
4138,-29.36133,57.23558,1.38799,1
4139,-29.37871,57.23540,1.38803,2
4140,-29.39609,57.23522,1.38808,0
4141,-29.41346,57.23503,1.38812,1
4142,-29.43083,57.23483,1.38816,2
4143,-29.44820,57.23463,1.38820,0
4144,-29.46557,57.23443,1.38824,1
4145,-29.48294,57.23422,1.38828,2
4146,-29.50030,57.23401,1.38832,0
4147,-29.51766,57.23380,1.38836,1
4148,-29.53502,57.23358,1.38840,2
4149,-29.55238,57.23336,1.38844,0
4150,-29.56973,57.23313,1.38848,1
4151,-29.58709,57.23290,1.38852,2
4152,-29.60444,57.23266,1.38856,0
4153,-29.62178,57.23242,1.38860,1
4154,-29.63913,57.23218,1.38864,2
4155,-29.65647,57.23193,1.38868,0
4156,-29.67382,57.23168,1.38872,1
4157,-29.69116,57.23142,1.38876,2
4158,-29.70849,57.23116,1.38880,0
4159,-29.72583,57.23089,1.38884,1
4160,-29.74316,57.23062,1.38888,2
4161,-29.76049,57.23035,1.38892,0
4162,-29.77782,57.23007,1.38896,1
4163,-29.79515,57.22979,1.38900,2
4164,-29.81247,57.22951,1.38904,0
4165,-29.82980,57.22922,1.38908,1
4166,-29.84712,57.22892,1.38912,2
4167,-29.86444,57.22862,1.38916,0
4168,-29.88175,57.22832,1.38920,1
4169,-29.89907,57.22802,1.38924,2
4170,-29.91638,57.22771,1.38928,0
4171,-29.93369,57.22739,1.38932,1
4172,-29.95099,57.22707,1.38936,2
4173,-29.96830,57.22675,1.38940,0
4174,-29.98560,57.22642,1.38944,1
4175,-30.00290,57.22609,1.38948,2
4176,-30.02020,57.22576,1.38952,0
4177,-30.03750,57.22542,1.38956,1
4178,-30.05479,57.22508,1.38960,2
4179,-30.07209,57.22473,1.38964,0
4180,-30.08938,57.22438,1.38968,1
4181,-30.10667,57.22402,1.38972,2
4182,-30.12395,57.22366,1.38976,0
4183,-30.14124,57.22330,1.38980,1
4184,-30.15852,57.22293,1.38984,2
4185,-30.17580,57.22256,1.38988,0
4186,-30.19307,57.22218,1.38992,1
4187,-30.21035,57.22180,1.38996,2
4188,-30.22762,57.22142,1.39000,0
4189,-30.24489,57.22103,1.39004,1
4190,-30.26216,57.22064,1.39008,2
4191,-30.27943,57.22024,1.39012,0
4192,-30.29669,57.21984,1.39016,1
4193,-30.31396,57.21944,1.39020,2
4194,-30.33122,57.21903,1.39024,0
4195,-30.34847,57.21862,1.39027,1
4196,-30.36573,57.21820,1.39031,2
4197,-30.38298,57.21778,1.39035,0
4198,-30.40024,57.21735,1.39039,1
4199,-30.41748,57.21693,1.39043,2
4200,-30.43473,57.21649,1.39047,0
4201,-30.45198,57.21606,1.39051,1
4202,-30.46922,57.21562,1.39055,2
4203,-30.48646,57.21517,1.39059,0
4204,-30.50370,57.21472,1.39063,1
4205,-30.52094,57.21427,1.39067,2
4206,-30.53817,57.21381,1.39071,0
4207,-30.55540,57.21335,1.39075,1
4208,-30.57263,57.21288,1.39079,2
4209,-30.58986,57.21242,1.39083,0
4210,-30.60709,57.21194,1.39087,1
4211,-30.62431,57.21146,1.39091,2
4212,-30.64153,57.21098,1.39095,0
4213,-30.65875,57.21050,1.39099,1
4214,-30.67597,57.21001,1.39103,2
4215,-30.69318,57.20952,1.39107,0
4216,-30.71039,57.20902,1.39111,1
4217,-30.72760,57.20852,1.39115,2
4218,-30.74481,57.20801,1.39119,0
4219,-30.76202,57.20750,1.39123,1
4220,-30.77922,57.20699,1.39127,2
4221,-30.79643,57.20647,1.39130,0
4222,-30.81363,57.20595,1.39134,1
4223,-30.83082,57.20542,1.39138,2
4224,-30.84802,57.20489,1.39142,0
4225,-30.86521,57.20436,1.39146,1
4226,-30.88240,57.20382,1.39150,2
4227,-30.89959,57.20328,1.39154,0
4228,-30.91678,57.20273,1.39158,1
4229,-30.93396,57.20218,1.39162,2
4230,-30.95115,57.20163,1.39166,0
4231,-30.96833,57.20107,1.39170,1
4232,-30.98550,57.20051,1.39174,2
4233,-31.00268,57.19995,1.39178,0
4234,-31.01985,57.19938,1.39182,1
4235,-31.03703,57.19880,1.39186,2
4236,-31.05419,57.19823,1.39190,0
4237,-31.07136,57.19764,1.39194,1
4238,-31.08853,57.19706,1.39197,2
4239,-31.10569,57.19647,1.39201,0
4240,-31.12285,57.19588,1.39205,1
4241,-31.14001,57.19528,1.39209,2
4242,-31.15717,57.19468,1.39213,0
4243,-31.17432,57.19407,1.39217,1
4244,-31.19147,57.19346,1.39221,2
4245,-31.20862,57.19285,1.39225,0
4246,-31.22577,57.19223,1.39229,1
4247,-31.24292,57.19161,1.39233,2
4248,-31.26006,57.19098,1.39237,0
4249,-31.27720,57.19036,1.39241,1
4250,-31.29434,57.18972,1.39245,2
4251,-31.31148,57.18908,1.39248,0
4252,-31.32861,57.18844,1.39252,1
4253,-31.34574,57.18780,1.39256,2
4254,-31.36287,57.18715,1.39260,0
4255,-31.38000,57.18650,1.39264,1
4256,-31.39713,57.18584,1.39268,2
4257,-31.41425,57.18518,1.39272,0
4258,-31.43138,57.18451,1.39276,1
4259,-31.44850,57.18385,1.39280,2
4260,-31.46561,57.18317,1.39284,0
4261,-31.48273,57.18250,1.39288,1
4262,-31.49984,57.18182,1.39292,2
4263,-31.51695,57.18113,1.39295,0
4264,-31.53406,57.18044,1.39299,1
4265,-31.55117,57.17975,1.39303,2
4266,-31.56827,57.17905,1.39307,0
4267,-31.58537,57.17835,1.39311,1
4268,-31.60247,57.17765,1.39315,2
4269,-31.61957,57.17694,1.39319,0
4270,-31.63667,57.17623,1.39323,1
4271,-31.65376,57.17551,1.39327,2
4272,-31.67085,57.17479,1.39331,0
4273,-31.68794,57.17407,1.39335,1
4274,-31.70503,57.17334,1.39338,2
4275,-31.72212,57.17261,1.39342,0
4276,-31.73920,57.17188,1.39346,1
4277,-31.75628,57.17114,1.39350,2
4278,-31.77336,57.17039,1.39354,0
4279,-31.79043,57.16965,1.39358,1
4280,-31.80751,57.16889,1.39362,2
4281,-31.82458,57.16814,1.39366,0
4282,-31.84165,57.16738,1.39370,1
4283,-31.85872,57.16662,1.39373,2
4284,-31.87578,57.16585,1.39377,0
4285,-31.89285,57.16508,1.39381,1
4286,-31.90991,57.16431,1.39385,2
4287,-31.92697,57.16353,1.39389,0
4288,-31.94402,57.16275,1.39393,1
4289,-31.96108,57.16196,1.39397,2
4290,-31.97813,57.16117,1.39401,0
4291,-31.99518,57.16038,1.39405,1
4292,-32.01223,57.15958,1.39408,2
4293,-32.02927,57.15878,1.39412,0
4294,-32.04632,57.15797,1.39416,1
4295,-32.06336,57.15716,1.39420,2
4296,-32.08040,57.15635,1.39424,0
4297,-32.09744,57.15553,1.39428,1
4298,-32.11447,57.15471,1.39432,2
4299,-32.13150,57.15388,1.39436,0
4300,-32.14853,57.15306,1.39440,1
4301,-32.16556,57.15222,1.39443,2
4302,-32.18259,57.15139,1.39447,0
4303,-32.19961,57.15055,1.39451,1
4304,-32.21664,57.14970,1.39455,2
4305,-32.23365,57.14885,1.39459,0
4306,-32.25067,57.14800,1.39463,1
4307,-32.26769,57.14715,1.39467,2
4308,-32.28470,57.14629,1.39470,0
4309,-32.30171,57.14542,1.39474,1
4310,-32.31872,57.14456,1.39478,2
4311,-32.33573,57.14368,1.39482,0
4312,-32.35273,57.14281,1.39486,1
4313,-32.36974,57.14193,1.39490,2
4314,-32.38674,57.14105,1.39494,0
4315,-32.40373,57.14016,1.39498,1
4316,-32.42073,57.13927,1.39501,2
4317,-32.43772,57.13838,1.39505,0
4318,-32.45471,57.13748,1.39509,1
4319,-32.47170,57.13658,1.39513,2
4320,-32.48869,57.13567,1.39517,0
4321,-32.50568,57.13476,1.39521,1
4322,-32.52266,57.13385,1.39525,2
4323,-32.53964,57.13293,1.39528,0
4324,-32.55662,57.13201,1.39532,1
4325,-32.57359,57.13109,1.39536,2
4326,-32.59057,57.13016,1.39540,0
4327,-32.60754,57.12922,1.39544,1
4328,-32.62451,57.12829,1.39548,2
4329,-32.64148,57.12735,1.39552,0
4330,-32.65844,57.12640,1.39555,1
4331,-32.67541,57.12546,1.39559,2
4332,-32.69237,57.12450,1.39563,0
4333,-32.70933,57.12355,1.39567,1
4334,-32.72628,57.12259,1.39571,2
4335,-32.74324,57.12163,1.39575,0
4336,-32.76019,57.12066,1.39578,1
4337,-32.77714,57.11969,1.39582,2
4338,-32.79409,57.11872,1.39586,0
4339,-32.81103,57.11774,1.39590,1
4340,-32.82798,57.11676,1.39594,2
4341,-32.84492,57.11577,1.39598,0
4342,-32.86186,57.11478,1.39602,1
4343,-32.87880,57.11379,1.39605,2
4344,-32.89573,57.11279,1.39609,0
4345,-32.91266,57.11179,1.39613,1
4346,-32.92959,57.11079,1.39617,2
4347,-32.94652,57.10978,1.39621,0
4348,-32.96345,57.10876,1.39625,1
4349,-32.98037,57.10775,1.39628,2
4350,-32.99730,57.10673,1.39632,0
4351,-33.01421,57.10571,1.39636,1
4352,-33.03113,57.10468,1.39640,2
4353,-33.04805,57.10365,1.39644,0
4354,-33.06496,57.10261,1.39648,1
4355,-33.08187,57.10157,1.39651,2
4356,-33.09878,57.10053,1.39655,0
4357,-33.11569,57.09949,1.39659,1
4358,-33.13259,57.09844,1.39663,2
4359,-33.14949,57.09738,1.39667,0
4360,-33.16639,57.09632,1.39670,1
4361,-33.18329,57.09526,1.39674,2
4362,-33.20019,57.09420,1.39678,0
4363,-33.21708,57.09313,1.39682,1
4364,-33.23397,57.09206,1.39686,2
4365,-33.25086,57.09098,1.39690,0
4366,-33.26775,57.08990,1.39693,1
4367,-33.28463,57.08882,1.39697,2
4368,-33.30152,57.08773,1.39701,0
4369,-33.31840,57.08664,1.39705,1
4370,-33.33527,57.08555,1.39709,2
4371,-33.35215,57.08445,1.39712,0
4372,-33.36902,57.08334,1.39716,1
4373,-33.38590,57.08224,1.39720,2
4374,-33.40277,57.08113,1.39724,0
4375,-33.41963,57.08002,1.39728,1
4376,-33.43650,57.07890,1.39732,2
4377,-33.45336,57.07778,1.39735,0
4378,-33.47022,57.07665,1.39739,1
4379,-33.48708,57.07552,1.39743,2
4380,-33.50394,57.07439,1.39747,0
4381,-33.52079,57.07326,1.39751,1
4382,-33.53764,57.07212,1.39754,2
4383,-33.55449,57.07097,1.39758,0
4384,-33.57134,57.06983,1.39762,1
4385,-33.58819,57.06868,1.39766,2
4386,-33.60503,57.06752,1.39770,0
4387,-33.62187,57.06636,1.39773,1
4388,-33.63871,57.06520,1.39777,2
4389,-33.65555,57.06404,1.39781,0
4390,-33.67238,57.06287,1.39785,1
4391,-33.68921,57.06169,1.39789,2
4392,-33.70604,57.06052,1.39792,0
4393,-33.72287,57.05934,1.39796,1
4394,-33.73970,57.05815,1.39800,2
4395,-33.75652,57.05697,1.39804,0
4396,-33.77334,57.05577,1.39808,1
4397,-33.79016,57.05458,1.39811,2
4398,-33.80698,57.05338,1.39815,0
4399,-33.82379,57.05218,1.39819,1
4400,-33.84061,57.05097,1.39823,2
4401,-33.85742,57.04976,1.39826,0
4402,-33.87423,57.04855,1.39830,1
4403,-33.89103,57.04733,1.39834,2
4404,-33.90784,57.04611,1.39838,0
4405,-33.92464,57.04489,1.39842,1
4406,-33.94144,57.04366,1.39845,2
4407,-33.95823,57.04243,1.39849,0
4408,-33.97503,57.04119,1.39853,1
4409,-33.99182,57.03995,1.39857,2
4410,-34.00861,57.03871,1.39860,0
4411,-34.02540,57.03746,1.39864,1
4412,-34.04219,57.03621,1.39868,2
4413,-34.05897,57.03496,1.39872,0
4414,-34.07576,57.03370,1.39876,1
4415,-34.09254,57.03244,1.39879,2
4416,-34.10931,57.03117,1.39883,0
4417,-34.12609,57.02990,1.39887,1
4418,-34.14286,57.02863,1.39891,2
4419,-34.15963,57.02736,1.39894,0
4420,-34.17640,57.02608,1.39898,1
4421,-34.19317,57.02479,1.39902,2
4422,-34.20993,57.02351,1.39906,0
4423,-34.22670,57.02222,1.39910,1
4424,-34.24346,57.02092,1.39913,2
4425,-34.26022,57.01963,1.39917,0
4426,-34.27697,57.01832,1.39921,1
4427,-34.29372,57.01702,1.39925,2
4428,-34.31048,57.01571,1.39928,0
4429,-34.32723,57.01440,1.39932,1
4430,-34.34397,57.01308,1.39936,2
4431,-34.36072,57.01176,1.39940,0
4432,-34.37746,57.01044,1.39943,1
4433,-34.39420,57.00911,1.39947,2
4434,-34.41094,57.00778,1.39951,0
4435,-34.42768,57.00645,1.39955,1
4436,-34.44441,57.00511,1.39958,2
4437,-34.46114,57.00377,1.39962,0
4438,-34.47787,57.00242,1.39966,1
4439,-34.49460,57.00108,1.39970,2
4440,-34.51132,56.99972,1.39973,0
4441,-34.52805,56.99837,1.39977,1
4442,-34.54477,56.99701,1.39981,2
4443,-34.56149,56.99565,1.39985,0
4444,-34.57820,56.99428,1.39989,1
4445,-34.59492,56.99291,1.39992,2
4446,-34.61163,56.99154,1.39996,0
4447,-34.62834,56.99016,1.40000,1
4448,-34.64505,56.98878,1.40003,2
4449,-34.66175,56.98739,1.40007,0
4450,-34.67846,56.98600,1.40011,1
4451,-34.69516,56.98461,1.40015,2
4452,-34.71186,56.98322,1.40018,0
4453,-34.72855,56.98182,1.40022,1
4454,-34.74525,56.98042,1.40026,2
4455,-34.76194,56.97901,1.40030,0
4456,-34.77863,56.97760,1.40033,1
4457,-34.79532,56.97619,1.40037,2
4458,-34.81200,56.97477,1.40041,0
4459,-34.82869,56.97335,1.40045,1
4460,-34.84537,56.97192,1.40048,2
4461,-34.86205,56.97050,1.40052,0
4462,-34.87873,56.96907,1.40056,1
4463,-34.89540,56.96763,1.40060,2
4464,-34.91207,56.96619,1.40063,0
4465,-34.92874,56.96475,1.40067,1
4466,-34.94541,56.96330,1.40071,2
4467,-34.96208,56.96186,1.40075,0
4468,-34.97874,56.96040,1.40078,1
4469,-34.99541,56.95895,1.40082,2
4470,-35.01206,56.95749,1.40086,0
4471,-35.02872,56.95602,1.40089,1
4472,-35.04538,56.95456,1.40093,2
4473,-35.06203,56.95309,1.40097,0
4474,-35.07868,56.95161,1.40101,1
4475,-35.09533,56.95013,1.40104,2
4476,-35.11198,56.94865,1.40108,0
4477,-35.12862,56.94717,1.40112,1
4478,-35.14526,56.94568,1.40116,2
4479,-35.16190,56.94419,1.40119,0
4480,-35.17854,56.94269,1.40123,1
4481,-35.19518,56.94119,1.40127,2
4482,-35.21181,56.93969,1.40130,0
4483,-35.22844,56.93819,1.40134,1
4484,-35.24507,56.93668,1.40138,2
4485,-35.26170,56.93516,1.40142,0
4486,-35.27832,56.93365,1.40145,1
4487,-35.29494,56.93213,1.40149,2
4488,-35.31156,56.93060,1.40153,0
4489,-35.32818,56.92908,1.40156,1
4490,-35.34480,56.92754,1.40160,2
4491,-35.36141,56.92601,1.40164,0
4492,-35.37802,56.92447,1.40168,1
4493,-35.39463,56.92293,1.40171,2
4494,-35.41124,56.92139,1.40175,0
4495,-35.42784,56.91984,1.40179,1
4496,-35.44445,56.91829,1.40182,2
4497,-35.46105,56.91673,1.40186,0
4498,-35.47764,56.91517,1.40190,1
4499,-35.49424,56.91361,1.40194,2
4500,-35.51083,56.91204,1.40197,0
4501,-35.52743,56.91047,1.40201,1
4502,-35.54402,56.90890,1.40205,2
4503,-35.56060,56.90732,1.40208,0
4504,-35.57719,56.90574,1.40212,1
4505,-35.59377,56.90416,1.40216,2
4506,-35.61035,56.90257,1.40219,0
4507,-35.62693,56.90098,1.40223,1
4508,-35.64351,56.89939,1.40227,2
4509,-35.66008,56.89779,1.40231,0
4510,-35.67665,56.89619,1.40234,1
4511,-35.69322,56.89459,1.40238,2
4512,-35.70979,56.89298,1.40242,0
4513,-35.72635,56.89137,1.40245,1
4514,-35.74292,56.88975,1.40249,2
4515,-35.75948,56.88813,1.40253,0
4516,-35.77604,56.88651,1.40256,1
4517,-35.79259,56.88489,1.40260,2
4518,-35.80915,56.88326,1.40264,0
4519,-35.82570,56.88162,1.40267,1
4520,-35.84225,56.87999,1.40271,2
4521,-35.85880,56.87835,1.40275,0
4522,-35.87534,56.87671,1.40278,1
4523,-35.89189,56.87506,1.40282,2
4524,-35.90843,56.87341,1.40286,0
4525,-35.92497,56.87176,1.40290,1
4526,-35.94150,56.87010,1.40293,2
4527,-35.95804,56.86844,1.40297,0
4528,-35.97457,56.86678,1.40301,1
4529,-35.99110,56.86511,1.40304,2
4530,-36.00763,56.86344,1.40308,0
4531,-36.02416,56.86176,1.40312,1
4532,-36.04068,56.86009,1.40315,2
4533,-36.05720,56.85841,1.40319,0
4534,-36.07372,56.85672,1.40323,1
4535,-36.09024,56.85503,1.40326,2
4536,-36.10675,56.85334,1.40330,0
4537,-36.12327,56.85165,1.40334,1
4538,-36.13978,56.84995,1.40337,2
4539,-36.15628,56.84825,1.40341,0
4540,-36.17279,56.84654,1.40345,1
4541,-36.18929,56.84483,1.40348,2
4542,-36.20580,56.84312,1.40352,0
4543,-36.22230,56.84140,1.40356,1
4544,-36.23879,56.83969,1.40359,2
4545,-36.25529,56.83796,1.40363,0
4546,-36.27178,56.83624,1.40367,1
4547,-36.28827,56.83451,1.40370,2
4548,-36.30476,56.83278,1.40374,0
4549,-36.32125,56.83104,1.40378,1
4550,-36.33773,56.82930,1.40381,2
4551,-36.35421,56.82756,1.40385,0
4552,-36.37069,56.82581,1.40389,1
4553,-36.38717,56.82406,1.40392,2
4554,-36.40365,56.82231,1.40396,0
4555,-36.42012,56.82055,1.40400,1
4556,-36.43659,56.81879,1.40403,2
4557,-36.45306,56.81703,1.40407,0
4558,-36.46953,56.81526,1.40411,1
4559,-36.48599,56.81349,1.40414,2
4560,-36.50245,56.81171,1.40418,0
4561,-36.51891,56.80994,1.40422,1
4562,-36.53537,56.80816,1.40425,2
4563,-36.55183,56.80637,1.40429,0
4564,-36.56828,56.80459,1.40433,1
4565,-36.58473,56.80279,1.40436,2
4566,-36.60118,56.80100,1.40440,0
4567,-36.61763,56.79920,1.40444,1
4568,-36.63407,56.79740,1.40447,2
4569,-36.65051,56.79560,1.40451,0
4570,-36.66695,56.79379,1.40454,1
4571,-36.68339,56.79198,1.40458,2
4572,-36.69983,56.79016,1.40462,0
4573,-36.71626,56.78834,1.40465,1
4574,-36.73269,56.78652,1.40469,2
4575,-36.74912,56.78470,1.40473,0
4576,-36.76555,56.78287,1.40476,1
4577,-36.78198,56.78104,1.40480,2
4578,-36.79840,56.77920,1.40484,0
4579,-36.81482,56.77736,1.40487,1
4580,-36.83124,56.77552,1.40491,2
4581,-36.84765,56.77368,1.40495,0
4582,-36.86407,56.77183,1.40498,1
4583,-36.88048,56.76998,1.40502,2
4584,-36.89689,56.76812,1.40505,0
4585,-36.91330,56.76626,1.40509,1
4586,-36.92970,56.76440,1.40513,2
4587,-36.94610,56.76253,1.40516,0
4588,-36.96251,56.76067,1.40520,1
4589,-36.97890,56.75879,1.40524,2
4590,-36.99530,56.75692,1.40527,0
4591,-37.01169,56.75504,1.40531,1
4592,-37.02809,56.75316,1.40535,2
4593,-37.04448,56.75127,1.40538,0
4594,-37.06086,56.74938,1.40542,1
4595,-37.07725,56.74749,1.40545,2
4596,-37.09363,56.74559,1.40549,0
4597,-37.11001,56.74369,1.40553,1
4598,-37.12639,56.74179,1.40556,2
4599,-37.14277,56.73989,1.40560,0
4600,-37.15914,56.73798,1.40564,1
4601,-37.17552,56.73606,1.40567,2
4602,-37.19189,56.73415,1.40571,0
4603,-37.20825,56.73223,1.40574,1
4604,-37.22462,56.73031,1.40578,2
4605,-37.24098,56.72838,1.40582,0
4606,-37.25734,56.72645,1.40585,1
4607,-37.27370,56.72452,1.40589,2
4608,-37.29006,56.72258,1.40592,0
4609,-37.30642,56.72064,1.40596,1
4610,-37.32277,56.71870,1.40600,2
4611,-37.33912,56.71675,1.40603,0
4612,-37.35547,56.71481,1.40607,1
4613,-37.37181,56.71285,1.40611,2
4614,-37.38816,56.71090,1.40614,0
4615,-37.40450,56.70894,1.40618,1
4616,-37.42084,56.70697,1.40621,2
4617,-37.43717,56.70501,1.40625,0
4618,-37.45351,56.70304,1.40629,1
4619,-37.46984,56.70107,1.40632,2
4620,-37.48617,56.69909,1.40636,0
4621,-37.50250,56.69711,1.40639,1
4622,-37.51883,56.69513,1.40643,2
4623,-37.53515,56.69314,1.40647,0
4624,-37.55147,56.69115,1.40650,1
4625,-37.56779,56.68916,1.40654,2
4626,-37.58411,56.68717,1.40657,0
4627,-37.60043,56.68517,1.40661,1
4628,-37.61674,56.68316,1.40665,2
4629,-37.63305,56.68116,1.40668,0
4630,-37.64936,56.67915,1.40672,1
4631,-37.66566,56.67714,1.40675,2
4632,-37.68197,56.67512,1.40679,0
4633,-37.69827,56.67310,1.40683,1
4634,-37.71457,56.67108,1.40686,2
4635,-37.73087,56.66905,1.40690,0
4636,-37.74716,56.66702,1.40693,1
4637,-37.76346,56.66499,1.40697,2
4638,-37.77975,56.66296,1.40701,0
4639,-37.79604,56.66092,1.40704,1
4640,-37.81232,56.65888,1.40708,2
4641,-37.82861,56.65683,1.40711,0
4642,-37.84489,56.65478,1.40715,1
4643,-37.86117,56.65273,1.40719,2
4644,-37.87745,56.65067,1.40722,0
4645,-37.89372,56.64862,1.40726,1
4646,-37.91000,56.64655,1.40729,2
4647,-37.92627,56.64449,1.40733,0
4648,-37.94254,56.64242,1.40737,1
4649,-37.95880,56.64035,1.40740,2
4650,-37.97507,56.63827,1.40744,0
4651,-37.99133,56.63620,1.40747,1
4652,-38.00759,56.63411,1.40751,2
4653,-38.02385,56.63203,1.40754,0
4654,-38.04011,56.62994,1.40758,1
4655,-38.05636,56.62785,1.40762,2
4656,-38.07261,56.62576,1.40765,0
4657,-38.08886,56.62366,1.40769,1
4658,-38.10511,56.62156,1.40772,2
4659,-38.12135,56.61945,1.40776,0
4660,-38.13760,56.61735,1.40780,1
4661,-38.15384,56.61523,1.40783,2
4662,-38.17007,56.61312,1.40787,0
4663,-38.18631,56.61100,1.40790,1
4664,-38.20254,56.60888,1.40794,2
4665,-38.21878,56.60676,1.40797,0
4666,-38.23501,56.60463,1.40801,1
4667,-38.25123,56.60250,1.40805,2
4668,-38.26746,56.60037,1.40808,0
4669,-38.28368,56.59823,1.40812,1
4670,-38.29990,56.59609,1.40815,2
4671,-38.31612,56.59395,1.40819,0
4672,-38.33234,56.59180,1.40822,1
4673,-38.34855,56.58965,1.40826,2
4674,-38.36476,56.58750,1.40830,0
4675,-38.38097,56.58534,1.40833,1
4676,-38.39718,56.58318,1.40837,2
4677,-38.41339,56.58102,1.40840,0
4678,-38.42959,56.57885,1.40844,1
4679,-38.44579,56.57668,1.40847,2
4680,-38.46199,56.57451,1.40851,0
4681,-38.47819,56.57234,1.40854,1
4682,-38.49438,56.57016,1.40858,2
4683,-38.51057,56.56797,1.40862,0
4684,-38.52676,56.56579,1.40865,1
4685,-38.54295,56.56360,1.40869,2
4686,-38.55914,56.56141,1.40872,0
4687,-38.57532,56.55921,1.40876,1
4688,-38.59150,56.55702,1.40879,2
4689,-38.60768,56.55481,1.40883,0
4690,-38.62386,56.55261,1.40886,1
4691,-38.64003,56.55040,1.40890,2
4692,-38.65620,56.54819,1.40894,0
4693,-38.67237,56.54598,1.40897,1
4694,-38.68854,56.54376,1.40901,2
4695,-38.70471,56.54154,1.40904,0
4696,-38.72087,56.53931,1.40908,1
4697,-38.73703,56.53709,1.40911,2
4698,-38.75319,56.53486,1.40915,0
4699,-38.76935,56.53262,1.40918,1
4700,-38.78551,56.53039,1.40922,2
4701,-38.80166,56.52815,1.40926,0
4702,-38.81781,56.52590,1.40929,1
4703,-38.83396,56.52366,1.40933,2
4704,-38.85010,56.52141,1.40936,0
4705,-38.86625,56.51915,1.40940,1
4706,-38.88239,56.51690,1.40943,2
4707,-38.89853,56.51464,1.40947,0
4708,-38.91467,56.51238,1.40950,1
4709,-38.93080,56.51011,1.40954,2
4710,-38.94693,56.50784,1.40957,0
4711,-38.96307,56.50557,1.40961,1
4712,-38.97919,56.50330,1.40964,2
4713,-38.99532,56.50102,1.40968,0
4714,-39.01144,56.49874,1.40972,1
4715,-39.02757,56.49645,1.40975,2
4716,-39.04369,56.49416,1.40979,0
4717,-39.05980,56.49187,1.40982,1
4718,-39.07592,56.48958,1.40986,2
4719,-39.09203,56.48728,1.40989,0
4720,-39.10814,56.48498,1.40993,1
4721,-39.12425,56.48268,1.40996,2
4722,-39.14036,56.48037,1.41000,0
4723,-39.15646,56.47806,1.41003,1
4724,-39.17257,56.47575,1.41007,2
4725,-39.18867,56.47343,1.41010,0
4726,-39.20476,56.47111,1.41014,1
4727,-39.22086,56.46879,1.41017,2
4728,-39.23695,56.46646,1.41021,0
4729,-39.25304,56.46413,1.41024,1
4730,-39.26913,56.46180,1.41028,2
4731,-39.28522,56.45947,1.41032,0
4732,-39.30131,56.45713,1.41035,1
4733,-39.31739,56.45479,1.41039,2
4734,-39.33347,56.45244,1.41042,0
4735,-39.34955,56.45009,1.41046,1
4736,-39.36562,56.44774,1.41049,2
4737,-39.38170,56.44539,1.41053,0
4738,-39.39777,56.44303,1.41056,1
4739,-39.41384,56.44067,1.41060,2
4740,-39.42990,56.43831,1.41063,0
4741,-39.44597,56.43594,1.41067,1
4742,-39.46203,56.43357,1.41070,2
4743,-39.47809,56.43120,1.41074,0
4744,-39.49415,56.42882,1.41077,1
4745,-39.51021,56.42644,1.41081,2
4746,-39.52626,56.42406,1.41084,0
4747,-39.54231,56.42168,1.41088,1
4748,-39.55836,56.41929,1.41091,2
4749,-39.57441,56.41690,1.41095,0
4750,-39.59046,56.41450,1.41098,1
4751,-39.60650,56.41210,1.41102,2
4752,-39.62254,56.40970,1.41105,0
4753,-39.63858,56.40730,1.41109,1
4754,-39.65461,56.40489,1.41112,2
4755,-39.67065,56.40248,1.41116,0
4756,-39.68668,56.40007,1.41119,1
4757,-39.70271,56.39765,1.41123,2
4758,-39.71874,56.39523,1.41126,0
4759,-39.73476,56.39281,1.41130,1
4760,-39.75079,56.39038,1.41133,2
4761,-39.76681,56.38795,1.41137,0
4762,-39.78283,56.38552,1.41140,1
4763,-39.79884,56.38308,1.41144,2
4764,-39.81486,56.38064,1.41147,0
4765,-39.83087,56.37820,1.41151,1
4766,-39.84688,56.37576,1.41154,2
4767,-39.86289,56.37331,1.41158,0
4768,-39.87890,56.37086,1.41161,1
4769,-39.89490,56.36840,1.41165,2
4770,-39.91090,56.36595,1.41168,0
4771,-39.92690,56.36349,1.41172,1
4772,-39.94290,56.36102,1.41175,2
4773,-39.95889,56.35856,1.41179,0
4774,-39.97488,56.35609,1.41182,1
4775,-39.99087,56.35362,1.41186,2
4776,-40.00686,56.35114,1.41189,0
4777,-40.02285,56.34866,1.41193,1
4778,-40.03883,56.34618,1.41196,2
4779,-40.05481,56.34369,1.41200,0
4780,-40.07079,56.34121,1.41203,1
4781,-40.08677,56.33872,1.41207,2
4782,-40.10275,56.33622,1.41210,0
4783,-40.11872,56.33372,1.41214,1
4784,-40.13469,56.33122,1.41217,2
4785,-40.15066,56.32872,1.41221,0
4786,-40.16662,56.32621,1.41224,1
4787,-40.18259,56.32370,1.41228,2
4788,-40.19855,56.32119,1.41231,0
4789,-40.21451,56.31868,1.41235,1
4790,-40.23047,56.31616,1.41238,2
4791,-40.24642,56.31363,1.41242,0
4792,-40.26238,56.31111,1.41245,1
4793,-40.27833,56.30858,1.41249,2
4794,-40.29428,56.30605,1.41252,0
4795,-40.31022,56.30352,1.41255,1
4796,-40.32617,56.30098,1.41259,2
4797,-40.34211,56.29844,1.41262,0
4798,-40.35805,56.29590,1.41266,1
4799,-40.37399,56.29335,1.41269,2
4800,-40.38992,56.29080,1.41273,0
4801,-40.40586,56.28825,1.41276,1
4802,-40.42179,56.28569,1.41280,2
4803,-40.43772,56.28313,1.41283,0
4804,-40.45364,56.28057,1.41287,1
4805,-40.46957,56.27801,1.41290,2
4806,-40.48549,56.27544,1.41294,0
4807,-40.50141,56.27287,1.41297,1
4808,-40.51733,56.27029,1.41301,2
4809,-40.53324,56.26772,1.41304,0
4810,-40.54916,56.26514,1.41308,1
4811,-40.56507,56.26256,1.41311,2
4812,-40.58098,56.25997,1.41314,0
4813,-40.59689,56.25738,1.41318,1
4814,-40.61279,56.25479,1.41321,2
4815,-40.62869,56.25219,1.41325,0
4816,-40.64459,56.24960,1.41328,1
4817,-40.66049,56.24699,1.41332,2
4818,-40.67639,56.24439,1.41335,0
4819,-40.69228,56.24178,1.41339,1
4820,-40.70817,56.23917,1.41342,2
4821,-40.72406,56.23656,1.41346,0
4822,-40.73995,56.23394,1.41349,1
4823,-40.75584,56.23132,1.41353,2
4824,-40.77172,56.22870,1.41356,0
4825,-40.78760,56.22608,1.41359,1
4826,-40.80348,56.22345,1.41363,2
4827,-40.81936,56.22082,1.41366,0
4828,-40.83523,56.21818,1.41370,1
4829,-40.85110,56.21554,1.41373,2
4830,-40.86697,56.21290,1.41377,0
4831,-40.88284,56.21026,1.41380,1
4832,-40.89871,56.20761,1.41384,2
4833,-40.91457,56.20496,1.41387,0
4834,-40.93043,56.20231,1.41390,1
4835,-40.94629,56.19966,1.41394,2
4836,-40.96215,56.19700,1.41397,0
4837,-40.97800,56.19434,1.41401,1
4838,-40.99385,56.19167,1.41404,2
4839,-41.00970,56.18900,1.41408,0
4840,-41.02555,56.18633,1.41411,1
4841,-41.04140,56.18366,1.41415,2
4842,-41.05724,56.18098,1.41418,0
4843,-41.07308,56.17830,1.41421,1
4844,-41.08892,56.17562,1.41425,2
4845,-41.10476,56.17294,1.41428,0
4846,-41.12059,56.17025,1.41432,1
4847,-41.13643,56.16756,1.41435,2
4848,-41.15226,56.16486,1.41439,0
4849,-41.16808,56.16217,1.41442,1
4850,-41.18391,56.15946,1.41446,2
4851,-41.19973,56.15676,1.41449,0
4852,-41.21556,56.15405,1.41452,1
4853,-41.23138,56.15135,1.41456,2
4854,-41.24719,56.14863,1.41459,0
4855,-41.26301,56.14592,1.41463,1
4856,-41.27882,56.14320,1.41466,2
4857,-41.29463,56.14048,1.41470,0
4858,-41.31044,56.13775,1.41473,1
4859,-41.32625,56.13503,1.41476,2
4860,-41.34205,56.13230,1.41480,0
4861,-41.35785,56.12956,1.41483,1
4862,-41.37365,56.12683,1.41487,2
4863,-41.38945,56.12409,1.41490,0
4864,-41.40525,56.12135,1.41494,1
4865,-41.42104,56.11860,1.41497,2
4866,-41.43683,56.11585,1.41500,0
4867,-41.45262,56.11310,1.41504,1
4868,-41.46841,56.11035,1.41507,2
4869,-41.48419,56.10759,1.41511,0
4870,-41.49997,56.10483,1.41514,1
4871,-41.51575,56.10207,1.41518,2
4872,-41.53153,56.09930,1.41521,0
4873,-41.54731,56.09653,1.41524,1
4874,-41.56308,56.09376,1.41528,2
4875,-41.57885,56.09099,1.41531,0
4876,-41.59462,56.08821,1.41535,1
4877,-41.61039,56.08543,1.41538,2
4878,-41.62615,56.08265,1.41542,0
4879,-41.64192,56.07986,1.41545,1
4880,-41.65768,56.07707,1.41548,2
4881,-41.67344,56.07428,1.41552,0
4882,-41.68919,56.07148,1.41555,1
4883,-41.70495,56.06869,1.41559,2
4884,-41.72070,56.06588,1.41562,0
4885,-41.73645,56.06308,1.41565,1
4886,-41.75219,56.06027,1.41569,2
4887,-41.76794,56.05746,1.41572,0
4888,-41.78368,56.05465,1.41576,1
4889,-41.79942,56.05183,1.41579,2
4890,-41.81516,56.04902,1.41582,0
4891,-41.83090,56.04619,1.41586,1
4892,-41.84663,56.04337,1.41589,2
4893,-41.86237,56.04054,1.41593,0
4894,-41.87809,56.03771,1.41596,1
4895,-41.89382,56.03488,1.41599,2
4896,-41.90955,56.03204,1.41603,0
4897,-41.92527,56.02920,1.41606,1
4898,-41.94099,56.02636,1.41610,2
4899,-41.95671,56.02352,1.41613,0
4900,-41.97243,56.02067,1.41617,1
4901,-41.98814,56.01782,1.41620,2
4902,-42.00386,56.01496,1.41623,0
4903,-42.01957,56.01211,1.41627,1
4904,-42.03527,56.00925,1.41630,2
4905,-42.05098,56.00638,1.41634,0
4906,-42.06668,56.00352,1.41637,1
4907,-42.08238,56.00065,1.41640,2
4908,-42.09808,55.99778,1.41644,0
4909,-42.11378,55.99491,1.41647,1
4910,-42.12948,55.99203,1.41650,2
4911,-42.14517,55.98915,1.41654,0
4912,-42.16086,55.98627,1.41657,1
4913,-42.17655,55.98338,1.41661,2
4914,-42.19223,55.98049,1.41664,0
4915,-42.20792,55.97760,1.41667,1
4916,-42.22360,55.97471,1.41671,2
4917,-42.23928,55.97181,1.41674,0
4918,-42.25496,55.96891,1.41678,1
4919,-42.27063,55.96600,1.41681,2
4920,-42.28631,55.96310,1.41684,0
4921,-42.30198,55.96019,1.41688,1
4922,-42.31764,55.95728,1.41691,2
4923,-42.33331,55.95436,1.41695,0
4924,-42.34898,55.95145,1.41698,1
4925,-42.36464,55.94852,1.41701,2
4926,-42.38030,55.94560,1.41705,0
4927,-42.39596,55.94268,1.41708,1
4928,-42.41161,55.93975,1.41711,2
4929,-42.42726,55.93681,1.41715,0
4930,-42.44292,55.93388,1.41718,1
4931,-42.45857,55.93094,1.41722,2
4932,-42.47421,55.92800,1.41725,0
4933,-42.48986,55.92506,1.41728,1
4934,-42.50550,55.92211,1.41732,2
4935,-42.52114,55.91916,1.41735,0
4936,-42.53678,55.91621,1.41739,1
4937,-42.55241,55.91325,1.41742,2
4938,-42.56805,55.91030,1.41745,0
4939,-42.58368,55.90734,1.41749,1
4940,-42.59931,55.90437,1.41752,2
4941,-42.61494,55.90141,1.41755,0
4942,-42.63056,55.89844,1.41759,1
4943,-42.64618,55.89546,1.41762,2
4944,-42.66180,55.89249,1.41765,0
4945,-42.67742,55.88951,1.41769,1
4946,-42.69304,55.88653,1.41772,2
4947,-42.70865,55.88355,1.41776,0
4948,-42.72427,55.88056,1.41779,1
4949,-42.73988,55.87757,1.41782,2
4950,-42.75548,55.87458,1.41786,0
4951,-42.77109,55.87158,1.41789,1
4952,-42.78669,55.86859,1.41792,2
4953,-42.80229,55.86559,1.41796,0
4954,-42.81789,55.86258,1.41799,1
4955,-42.83349,55.85958,1.41803,2
4956,-42.84908,55.85657,1.41806,0
4957,-42.86468,55.85355,1.41809,1
4958,-42.88027,55.85054,1.41813,2
4959,-42.89585,55.84752,1.41816,0
4960,-42.91144,55.84450,1.41819,1
4961,-42.92702,55.84148,1.41823,2
4962,-42.94260,55.83845,1.41826,0
4963,-42.95818,55.83542,1.41829,1
4964,-42.97376,55.83239,1.41833,2
4965,-42.98934,55.82936,1.41836,0
4966,-43.00491,55.82632,1.41839,1
4967,-43.02048,55.82328,1.41843,2
4968,-43.03605,55.82023,1.41846,0
4969,-43.05161,55.81719,1.41850,1
4970,-43.06718,55.81414,1.41853,2
4971,-43.08274,55.81109,1.41856,0
4972,-43.09830,55.80803,1.41860,1
4973,-43.11386,55.80498,1.41863,2
4974,-43.12941,55.80192,1.41866,0
4975,-43.14496,55.79885,1.41870,1
4976,-43.16052,55.79579,1.41873,2
4977,-43.17606,55.79272,1.41876,0
4978,-43.19161,55.78965,1.41880,1
4979,-43.20716,55.78657,1.41883,2
4980,-43.22270,55.78350,1.41886,0
4981,-43.23824,55.78042,1.41890,1
4982,-43.25378,55.77733,1.41893,2
4983,-43.26931,55.77425,1.41896,0
4984,-43.28484,55.77116,1.41900,1
4985,-43.30038,55.76807,1.41903,2
4986,-43.31591,55.76497,1.41906,0
4987,-43.33143,55.76188,1.41910,1
4988,-43.34696,55.75878,1.41913,2
4989,-43.36248,55.75568,1.41917,0
4990,-43.37800,55.75257,1.41920,1
4991,-43.39352,55.74946,1.41923,2
4992,-43.40903,55.74635,1.41927,0
4993,-43.42455,55.74324,1.41930,1
4994,-43.44006,55.74012,1.41933,2
4995,-43.45557,55.73700,1.41937,0
4996,-43.47108,55.73388,1.41940,1
4997,-43.48658,55.73076,1.41943,2
4998,-43.50209,55.72763,1.41947,0
4999,-43.51759,55.72450,1.41950,1
5000,-43.53308,55.72136,1.41953,2
5001,-43.54858,55.71823,1.41957,0
5002,-43.56408,55.71509,1.41960,1
5003,-43.57957,55.71195,1.41963,2
5004,-43.59506,55.70880,1.41967,0
5005,-43.61055,55.70566,1.41970,1
5006,-43.62603,55.70251,1.41973,2
5007,-43.64151,55.69936,1.41977,0
5008,-43.65700,55.69620,1.41980,1
5009,-43.67248,55.69304,1.41983,2
5010,-43.68795,55.68988,1.41987,0
5011,-43.70343,55.68672,1.41990,1
5012,-43.71890,55.68355,1.41993,2
5013,-43.73437,55.68038,1.41996,0
5014,-43.74984,55.67721,1.42000,1
5015,-43.76530,55.67404,1.42003,2
5016,-43.78077,55.67086,1.42006,0
5017,-43.79623,55.66768,1.42010,1
5018,-43.81169,55.66449,1.42013,2
5019,-43.82715,55.66131,1.42016,0
5020,-43.84260,55.65812,1.42020,1
5021,-43.85805,55.65493,1.42023,2
5022,-43.87351,55.65173,1.42026,0
5023,-43.88895,55.64854,1.42030,1
5024,-43.90440,55.64534,1.42033,2
5025,-43.91984,55.64214,1.42036,0
5026,-43.93529,55.63893,1.42040,1
5027,-43.95073,55.63572,1.42043,2
5028,-43.96616,55.63251,1.42046,0
5029,-43.98160,55.62930,1.42050,1
5030,-43.99703,55.62608,1.42053,2
5031,-44.01246,55.62286,1.42056,0
5032,-44.02789,55.61964,1.42060,1
5033,-44.04332,55.61642,1.42063,2
5034,-44.05875,55.61319,1.42066,0
5035,-44.07417,55.60996,1.42069,1
5036,-44.08959,55.60673,1.42073,2
5037,-44.10501,55.60349,1.42076,0
5038,-44.12042,55.60025,1.42079,1
5039,-44.13584,55.59701,1.42083,2
5040,-44.15125,55.59377,1.42086,0
5041,-44.16666,55.59052,1.42089,1
5042,-44.18206,55.58728,1.42093,2
5043,-44.19747,55.58402,1.42096,0
5044,-44.21287,55.58077,1.42099,1
5045,-44.22827,55.57751,1.42103,2
5046,-44.24367,55.57425,1.42106,0
5047,-44.25907,55.57099,1.42109,1
5048,-44.27446,55.56772,1.42112,2
5049,-44.28986,55.56446,1.42116,0
5050,-44.30525,55.56118,1.42119,1
5051,-44.32063,55.55791,1.42122,2
5052,-44.33602,55.55463,1.42126,0
5053,-44.35140,55.55136,1.42129,1
5054,-44.36678,55.54807,1.42132,2
5055,-44.38216,55.54479,1.42136,0
5056,-44.39754,55.54150,1.42139,1
5057,-44.41291,55.53821,1.42142,2
5058,-44.42829,55.53492,1.42145,0
5059,-44.44366,55.53162,1.42149,1
5060,-44.45903,55.52833,1.42152,2
5061,-44.47439,55.52503,1.42155,0
5062,-44.48976,55.52172,1.42159,1
5063,-44.50512,55.51842,1.42162,2
5064,-44.52048,55.51511,1.42165,0
5065,-44.53583,55.51180,1.42168,1
5066,-44.55119,55.50848,1.42172,2
5067,-44.56654,55.50516,1.42175,0
5068,-44.58189,55.50184,1.42178,1
5069,-44.59724,55.49852,1.42182,2
5070,-44.61259,55.49520,1.42185,0
5071,-44.62793,55.49187,1.42188,1
5072,-44.64328,55.48854,1.42192,2
5073,-44.65862,55.48521,1.42195,0
5074,-44.67395,55.48187,1.42198,1
5075,-44.68929,55.47853,1.42201,2
5076,-44.70462,55.47519,1.42205,0
5077,-44.71995,55.47185,1.42208,1
5078,-44.73528,55.46850,1.42211,2
5079,-44.75061,55.46515,1.42214,0
5080,-44.76593,55.46180,1.42218,1
5081,-44.78126,55.45844,1.42221,2
5082,-44.79658,55.45509,1.42224,0
5083,-44.81190,55.45173,1.42228,1
5084,-44.82721,55.44836,1.42231,2
5085,-44.84253,55.44500,1.42234,0
5086,-44.85784,55.44163,1.42237,1
5087,-44.87315,55.43826,1.42241,2
5088,-44.88846,55.43489,1.42244,0
5089,-44.90376,55.43151,1.42247,1
5090,-44.91906,55.42813,1.42251,2
5091,-44.93437,55.42475,1.42254,0
5092,-44.94966,55.42137,1.42257,1
5093,-44.96496,55.41798,1.42260,2
5094,-44.98026,55.41459,1.42264,0
5095,-44.99555,55.41120,1.42267,1
5096,-45.01084,55.40780,1.42270,2
5097,-45.02613,55.40440,1.42273,0
5098,-45.04141,55.40100,1.42277,1
5099,-45.05670,55.39760,1.42280,2
5100,-45.07198,55.39420,1.42283,0
5101,-45.08726,55.39079,1.42287,1
5102,-45.10253,55.38738,1.42290,2
5103,-45.11781,55.38396,1.42293,0
5104,-45.13308,55.38055,1.42296,1
5105,-45.14835,55.37713,1.42300,2
5106,-45.16362,55.37371,1.42303,0
5107,-45.17889,55.37028,1.42306,1
5108,-45.19415,55.36686,1.42309,2
5109,-45.20941,55.36343,1.42313,0
5110,-45.22467,55.35999,1.42316,1
5111,-45.23993,55.35656,1.42319,2
5112,-45.25519,55.35312,1.42322,0
5113,-45.27044,55.34968,1.42326,1
5114,-45.28569,55.34624,1.42329,2
5115,-45.30094,55.34279,1.42332,0
5116,-45.31619,55.33935,1.42335,1
5117,-45.33143,55.33590,1.42339,2
5118,-45.34667,55.33244,1.42342,0
5119,-45.36191,55.32899,1.42345,1
5120,-45.37715,55.32553,1.42348,2
5121,-45.39239,55.32207,1.42352,0
5122,-45.40762,55.31860,1.42355,1
5123,-45.42285,55.31514,1.42358,2
5124,-45.43808,55.31167,1.42362,0
5125,-45.45331,55.30820,1.42365,1
5126,-45.46854,55.30472,1.42368,2
5127,-45.48376,55.30124,1.42371,0
5128,-45.49898,55.29777,1.42375,1
5129,-45.51420,55.29428,1.42378,2
5130,-45.52942,55.29080,1.42381,0
5131,-45.54463,55.28731,1.42384,1
5132,-45.55984,55.28382,1.42388,2
5133,-45.57505,55.28033,1.42391,0
5134,-45.59026,55.27683,1.42394,1
5135,-45.60547,55.27333,1.42397,2
5136,-45.62067,55.26983,1.42400,0
5137,-45.63587,55.26633,1.42404,1
5138,-45.65107,55.26282,1.42407,2
5139,-45.66627,55.25932,1.42410,0
5140,-45.68146,55.25581,1.42413,1
5141,-45.69665,55.25229,1.42417,2
5142,-45.71185,55.24878,1.42420,0
5143,-45.72703,55.24526,1.42423,1
5144,-45.74222,55.24173,1.42426,2
5145,-45.75740,55.23821,1.42430,0
5146,-45.77259,55.23468,1.42433,1
5147,-45.78777,55.23115,1.42436,2
5148,-45.80294,55.22762,1.42439,0
5149,-45.81812,55.22409,1.42443,1
5150,-45.83329,55.22055,1.42446,2
5151,-45.84846,55.21701,1.42449,0
5152,-45.86363,55.21347,1.42452,1
5153,-45.87880,55.20992,1.42456,2
5154,-45.89396,55.20638,1.42459,0
5155,-45.90913,55.20283,1.42462,1
5156,-45.92429,55.19927,1.42465,2
5157,-45.93945,55.19572,1.42469,0
5158,-45.95460,55.19216,1.42472,1
5159,-45.96976,55.18860,1.42475,2
5160,-45.98491,55.18504,1.42478,0
5161,-46.00006,55.18147,1.42481,1
5162,-46.01520,55.17790,1.42485,2
5163,-46.03035,55.17433,1.42488,0
5164,-46.04549,55.17076,1.42491,1
5165,-46.06063,55.16718,1.42494,2
5166,-46.07577,55.16360,1.42498,0
5167,-46.09091,55.16002,1.42501,1
5168,-46.10604,55.15644,1.42504,2
5169,-46.12118,55.15285,1.42507,0
5170,-46.13631,55.14926,1.42510,1
5171,-46.15143,55.14567,1.42514,2
5172,-46.16656,55.14208,1.42517,0
5173,-46.18168,55.13848,1.42520,1
5174,-46.19681,55.13488,1.42523,2
5175,-46.21192,55.13128,1.42527,0
5176,-46.22704,55.12768,1.42530,1
5177,-46.24216,55.12407,1.42533,2
5178,-46.25727,55.12046,1.42536,0
5179,-46.27238,55.11685,1.42539,1
5180,-46.28749,55.11323,1.42543,2
5181,-46.30260,55.10961,1.42546,0
5182,-46.31770,55.10599,1.42549,1
5183,-46.33280,55.10237,1.42552,2
5184,-46.34790,55.09875,1.42556,0
5185,-46.36300,55.09512,1.42559,1
5186,-46.37810,55.09149,1.42562,2
5187,-46.39319,55.08786,1.42565,0
5188,-46.40828,55.08422,1.42568,1
5189,-46.42337,55.08058,1.42572,2
5190,-46.43846,55.07694,1.42575,0
5191,-46.45354,55.07330,1.42578,1
5192,-46.46862,55.06966,1.42581,2
5193,-46.48371,55.06601,1.42584,0
5194,-46.49878,55.06236,1.42588,1
5195,-46.51386,55.05870,1.42591,2
5196,-46.52893,55.05505,1.42594,0
5197,-46.54401,55.05139,1.42597,1
5198,-46.55908,55.04773,1.42600,2
5199,-46.57414,55.04407,1.42604,0
5200,-46.58921,55.04040,1.42607,1
5201,-46.60427,55.03673,1.42610,2
5202,-46.61933,55.03306,1.42613,0
5203,-46.63439,55.02939,1.42617,1
5204,-46.64945,55.02571,1.42620,2
5205,-46.66450,55.02203,1.42623,0
5206,-46.67956,55.01835,1.42626,1
5207,-46.69461,55.01467,1.42629,2
5208,-46.70966,55.01098,1.42633,0
5209,-46.72470,55.00729,1.42636,1
5210,-46.73975,55.00360,1.42639,2
5211,-46.75479,54.99991,1.42642,0
5212,-46.76983,54.99621,1.42645,1
5213,-46.78486,54.99251,1.42649,2
5214,-46.79990,54.98881,1.42652,0
5215,-46.81493,54.98511,1.42655,1
5216,-46.82996,54.98140,1.42658,2
5217,-46.84499,54.97769,1.42661,0
5218,-46.86002,54.97398,1.42664,1
5219,-46.87504,54.97027,1.42668,2
5220,-46.89007,54.96655,1.42671,0
5221,-46.90509,54.96283,1.42674,1
5222,-46.92011,54.95911,1.42677,2
5223,-46.93512,54.95539,1.42680,0
5224,-46.95014,54.95166,1.42684,1
5225,-46.96515,54.94793,1.42687,2
5226,-46.98016,54.94420,1.42690,0
5227,-46.99516,54.94046,1.42693,1
5228,-47.01017,54.93673,1.42696,2
5229,-47.02517,54.93299,1.42700,0
5230,-47.04017,54.92925,1.42703,1
5231,-47.05517,54.92550,1.42706,2
5232,-47.07017,54.92176,1.42709,0
5233,-47.08516,54.91801,1.42712,1
5234,-47.10016,54.91425,1.42716,2
5235,-47.11515,54.91050,1.42719,0
5236,-47.13013,54.90674,1.42722,1
5237,-47.14512,54.90298,1.42725,2
5238,-47.16010,54.89922,1.42728,0
5239,-47.17508,54.89546,1.42731,1
5240,-47.19006,54.89169,1.42735,2
5241,-47.20504,54.88792,1.42738,0
5242,-47.22002,54.88415,1.42741,1
5243,-47.23499,54.88038,1.42744,2
5244,-47.24996,54.87660,1.42747,0
5245,-47.26493,54.87282,1.42751,1
5246,-47.27990,54.86904,1.42754,2
5247,-47.29486,54.86525,1.42757,0
5248,-47.30982,54.86147,1.42760,1
5249,-47.32478,54.85768,1.42763,2
5250,-47.33974,54.85389,1.42766,0
5251,-47.35470,54.85009,1.42770,1
5252,-47.36965,54.84630,1.42773,2
5253,-47.38460,54.84250,1.42776,0
5254,-47.39955,54.83870,1.42779,1
5255,-47.41450,54.83489,1.42782,2
5256,-47.42944,54.83109,1.42785,0
5257,-47.44439,54.82728,1.42789,1
5258,-47.45933,54.82346,1.42792,2
5259,-47.47427,54.81965,1.42795,0
5260,-47.48920,54.81583,1.42798,1
5261,-47.50414,54.81201,1.42801,2
5262,-47.51907,54.80819,1.42804,0
5263,-47.53400,54.80437,1.42808,1
5264,-47.54893,54.80054,1.42811,2
5265,-47.56385,54.79671,1.42814,0
5266,-47.57878,54.79288,1.42817,1
5267,-47.59370,54.78905,1.42820,2
5268,-47.60862,54.78521,1.42823,0
5269,-47.62353,54.78137,1.42827,1
5270,-47.63845,54.77753,1.42830,2
5271,-47.65336,54.77369,1.42833,0
5272,-47.66827,54.76984,1.42836,1
5273,-47.68318,54.76599,1.42839,2
5274,-47.69809,54.76214,1.42842,0
5275,-47.71299,54.75829,1.42846,1
5276,-47.72790,54.75443,1.42849,2
5277,-47.74280,54.75058,1.42852,0
5278,-47.75769,54.74671,1.42855,1
5279,-47.77259,54.74285,1.42858,2
5280,-47.78748,54.73899,1.42861,0
5281,-47.80237,54.73512,1.42865,1
5282,-47.81726,54.73125,1.42868,2
5283,-47.83215,54.72737,1.42871,0
5284,-47.84704,54.72350,1.42874,1
5285,-47.86192,54.71962,1.42877,2
5286,-47.87680,54.71574,1.42880,0
5287,-47.89168,54.71186,1.42883,1
5288,-47.90655,54.70797,1.42887,2
5289,-47.92143,54.70408,1.42890,0
5290,-47.93630,54.70019,1.42893,1
5291,-47.95117,54.69630,1.42896,2
5292,-47.96604,54.69240,1.42899,0
5293,-47.98090,54.68851,1.42902,1
5294,-47.99577,54.68461,1.42905,2
5295,-48.01063,54.68070,1.42909,0
5296,-48.02549,54.67680,1.42912,1
5297,-48.04035,54.67289,1.42915,2
5298,-48.05520,54.66898,1.42918,0
5299,-48.07005,54.66507,1.42921,1
5300,-48.08491,54.66116,1.42924,2
5301,-48.09975,54.65724,1.42928,0
5302,-48.11460,54.65332,1.42931,1
5303,-48.12944,54.64940,1.42934,2
5304,-48.14429,54.64547,1.42937,0
5305,-48.15913,54.64155,1.42940,1
5306,-48.17397,54.63762,1.42943,2
5307,-48.18880,54.63368,1.42946,0
5308,-48.20363,54.62975,1.42950,1
5309,-48.21847,54.62581,1.42953,2
5310,-48.23330,54.62187,1.42956,0
5311,-48.24812,54.61793,1.42959,1
5312,-48.26295,54.61399,1.42962,2
5313,-48.27777,54.61004,1.42965,0
5314,-48.29259,54.60609,1.42968,1
5315,-48.30741,54.60214,1.42971,2
5316,-48.32223,54.59819,1.42975,0
5317,-48.33704,54.59423,1.42978,1
5318,-48.35185,54.59028,1.42981,2
5319,-48.36666,54.58632,1.42984,0
5320,-48.38147,54.58235,1.42987,1
5321,-48.39628,54.57839,1.42990,2
5322,-48.41108,54.57442,1.42993,0
5323,-48.42588,54.57045,1.42997,1
5324,-48.44068,54.56648,1.43000,2
5325,-48.45548,54.56250,1.43003,0
5326,-48.47028,54.55852,1.43006,1
5327,-48.48507,54.55454,1.43009,2
5328,-48.49986,54.55056,1.43012,0
5329,-48.51465,54.54658,1.43015,1
5330,-48.52944,54.54259,1.43018,2
5331,-48.54422,54.53860,1.43022,0
5332,-48.55900,54.53461,1.43025,1
5333,-48.57378,54.53061,1.43028,2
5334,-48.58856,54.52662,1.43031,0
5335,-48.60334,54.52262,1.43034,1
5336,-48.61811,54.51861,1.43037,2
5337,-48.63288,54.51461,1.43040,0
5338,-48.64765,54.51060,1.43043,1
5339,-48.66242,54.50660,1.43047,2
5340,-48.67718,54.50258,1.43050,0
5341,-48.69195,54.49857,1.43053,1
5342,-48.70671,54.49455,1.43056,2
5343,-48.72147,54.49054,1.43059,0
5344,-48.73622,54.48652,1.43062,1
5345,-48.75098,54.48249,1.43065,2
5346,-48.76573,54.47847,1.43068,0
5347,-48.78048,54.47444,1.43072,1
5348,-48.79523,54.47041,1.43075,2
5349,-48.80998,54.46638,1.43078,0
5350,-48.82472,54.46234,1.43081,1
5351,-48.83946,54.45830,1.43084,2
5352,-48.85420,54.45426,1.43087,0
5353,-48.86894,54.45022,1.43090,1
5354,-48.88368,54.44618,1.43093,2
5355,-48.89841,54.44213,1.43096,0
5356,-48.91314,54.43808,1.43100,1
5357,-48.92787,54.43403,1.43103,2
5358,-48.94260,54.42998,1.43106,0
5359,-48.95732,54.42592,1.43109,1
5360,-48.97204,54.42186,1.43112,2
5361,-48.98676,54.41780,1.43115,0
5362,-49.00148,54.41374,1.43118,1
5363,-49.01620,54.40967,1.43121,2
5364,-49.03091,54.40560,1.43124,0
5365,-49.04562,54.40153,1.43128,1
5366,-49.06033,54.39746,1.43131,2
5367,-49.07504,54.39338,1.43134,0
5368,-49.08975,54.38931,1.43137,1
5369,-49.10445,54.38523,1.43140,2
5370,-49.11915,54.38114,1.43143,0
5371,-49.13385,54.37706,1.43146,1
5372,-49.14855,54.37297,1.43149,2
5373,-49.16324,54.36888,1.43152,0
5374,-49.17794,54.36479,1.43155,1
5375,-49.19263,54.36070,1.43159,2
5376,-49.20732,54.35660,1.43162,0
5377,-49.22200,54.35250,1.43165,1
5378,-49.23669,54.34840,1.43168,2
5379,-49.25137,54.34430,1.43171,0
5380,-49.26605,54.34019,1.43174,1
5381,-49.28073,54.33608,1.43177,2
5382,-49.29540,54.33197,1.43180,0
5383,-49.31008,54.32786,1.43183,1
5384,-49.32475,54.32374,1.43186,2
5385,-49.33942,54.31963,1.43190,0
5386,-49.35409,54.31551,1.43193,1
5387,-49.36875,54.31138,1.43196,2
5388,-49.38341,54.30726,1.43199,0
5389,-49.39807,54.30313,1.43202,1
5390,-49.41273,54.29900,1.43205,2
5391,-49.42739,54.29487,1.43208,0
5392,-49.44205,54.29074,1.43211,1
5393,-49.45670,54.28660,1.43214,2
5394,-49.47135,54.28246,1.43217,0
5395,-49.48600,54.27832,1.43220,1
5396,-49.50064,54.27418,1.43224,2
5397,-49.51529,54.27003,1.43227,0
5398,-49.52993,54.26588,1.43230,1
5399,-49.54457,54.26173,1.43233,2
5400,-49.55921,54.25758,1.43236,0
5401,-49.57384,54.25343,1.43239,1
5402,-49.58847,54.24927,1.43242,2
5403,-49.60311,54.24511,1.43245,0
5404,-49.61773,54.24095,1.43248,1
5405,-49.63236,54.23678,1.43251,2
5406,-49.64699,54.23262,1.43254,0
5407,-49.66161,54.22845,1.43257,1
5408,-49.67623,54.22428,1.43261,2
5409,-49.69085,54.22010,1.43264,0
5410,-49.70546,54.21593,1.43267,1
5411,-49.72008,54.21175,1.43270,2
5412,-49.73469,54.20757,1.43273,0
5413,-49.74930,54.20339,1.43276,1
5414,-49.76391,54.19920,1.43279,2
5415,-49.77851,54.19501,1.43282,0
5416,-49.79312,54.19082,1.43285,1
5417,-49.80772,54.18663,1.43288,2
5418,-49.82232,54.18244,1.43291,0
5419,-49.83692,54.17824,1.43294,1
5420,-49.85151,54.17404,1.43298,2
5421,-49.86610,54.16984,1.43301,0
5422,-49.88069,54.16564,1.43304,1
5423,-49.89528,54.16143,1.43307,2
5424,-49.90987,54.15722,1.43310,0
5425,-49.92445,54.15301,1.43313,1
5426,-49.93904,54.14880,1.43316,2
5427,-49.95362,54.14459,1.43319,0
5428,-49.96820,54.14037,1.43322,1
5429,-49.98277,54.13615,1.43325,2
5430,-49.99735,54.13193,1.43328,0
5431,-50.01192,54.12770,1.43331,1
5432,-50.02649,54.12348,1.43334,2
5433,-50.04105,54.11925,1.43337,0
5434,-50.05562,54.11502,1.43341,1
5435,-50.07018,54.11078,1.43344,2
5436,-50.08474,54.10655,1.43347,0
5437,-50.09930,54.10231,1.43350,1
5438,-50.11386,54.09807,1.43353,2
5439,-50.12842,54.09383,1.43356,0
5440,-50.14297,54.08958,1.43359,1
5441,-50.15752,54.08533,1.43362,2
5442,-50.17207,54.08108,1.43365,0
5443,-50.18661,54.07683,1.43368,1
5444,-50.20116,54.07258,1.43371,2
5445,-50.21570,54.06832,1.43374,0
5446,-50.23024,54.06406,1.43377,1
5447,-50.24478,54.05980,1.43380,2
5448,-50.25931,54.05554,1.43383,0
5449,-50.27385,54.05127,1.43386,1
5450,-50.28838,54.04701,1.43390,2
5451,-50.30291,54.04274,1.43393,0
5452,-50.31744,54.03846,1.43396,1
5453,-50.33196,54.03419,1.43399,2
5454,-50.34648,54.02991,1.43402,0
5455,-50.36100,54.02563,1.43405,1
5456,-50.37552,54.02135,1.43408,2
5457,-50.39004,54.01707,1.43411,0
5458,-50.40456,54.01278,1.43414,1
5459,-50.41907,54.00850,1.43417,2
5460,-50.43358,54.00421,1.43420,0
5461,-50.44809,53.99991,1.43423,1
5462,-50.46259,53.99562,1.43426,2
5463,-50.47710,53.99132,1.43429,0
5464,-50.49160,53.98702,1.43432,1
5465,-50.50610,53.98272,1.43435,2
5466,-50.52060,53.97842,1.43438,0
5467,-50.53509,53.97411,1.43441,1
5468,-50.54959,53.96980,1.43444,2
5469,-50.56408,53.96549,1.43448,0
5470,-50.57857,53.96118,1.43451,1
5471,-50.59305,53.95686,1.43454,2
5472,-50.60754,53.95255,1.43457,0
5473,-50.62202,53.94823,1.43460,1
5474,-50.63650,53.94390,1.43463,2
5475,-50.65098,53.93958,1.43466,0
5476,-50.66546,53.93525,1.43469,1
5477,-50.67993,53.93092,1.43472,2
5478,-50.69440,53.92659,1.43475,0
5479,-50.70887,53.92226,1.43478,1
5480,-50.72334,53.91792,1.43481,2
5481,-50.73781,53.91359,1.43484,0
5482,-50.75227,53.90925,1.43487,1
5483,-50.76673,53.90490,1.43490,2
5484,-50.78119,53.90056,1.43493,0
5485,-50.79565,53.89621,1.43496,1
5486,-50.81011,53.89186,1.43499,2
5487,-50.82456,53.88751,1.43502,0
5488,-50.83901,53.88316,1.43505,1
5489,-50.85346,53.87880,1.43508,2
5490,-50.86791,53.87445,1.43511,0
5491,-50.88235,53.87009,1.43514,1
5492,-50.89680,53.86572,1.43517,2
5493,-50.91124,53.86136,1.43520,0
5494,-50.92567,53.85699,1.43524,1
5495,-50.94011,53.85262,1.43527,2
5496,-50.95455,53.84825,1.43530,0
5497,-50.96898,53.84388,1.43533,1
5498,-50.98341,53.83950,1.43536,2
5499,-50.99784,53.83513,1.43539,0
5500,-51.01226,53.83075,1.43542,1
5501,-51.02669,53.82636,1.43545,2
5502,-51.04111,53.82198,1.43548,0
5503,-51.05553,53.81759,1.43551,1
5504,-51.06994,53.81320,1.43554,2
5505,-51.08436,53.80881,1.43557,0
5506,-51.09877,53.80442,1.43560,1
5507,-51.11318,53.80002,1.43563,2
5508,-51.12759,53.79562,1.43566,0
5509,-51.14200,53.79122,1.43569,1
5510,-51.15641,53.78682,1.43572,2
5511,-51.17081,53.78242,1.43575,0
5512,-51.18521,53.77801,1.43578,1
5513,-51.19961,53.77360,1.43581,2
5514,-51.21400,53.76919,1.43584,0
5515,-51.22840,53.76478,1.43587,1
5516,-51.24279,53.76036,1.43590,2
5517,-51.25718,53.75594,1.43593,0
5518,-51.27157,53.75152,1.43596,1
5519,-51.28595,53.74710,1.43599,2
5520,-51.30034,53.74268,1.43602,0
5521,-51.31472,53.73825,1.43605,1
5522,-51.32910,53.73382,1.43608,2
5523,-51.34348,53.72939,1.43611,0
5524,-51.35785,53.72496,1.43614,1
5525,-51.37223,53.72052,1.43617,2
5526,-51.38660,53.71608,1.43620,0
5527,-51.40097,53.71164,1.43623,1
5528,-51.41533,53.70720,1.43626,2
5529,-51.42970,53.70276,1.43629,0
5530,-51.44406,53.69831,1.43632,1
5531,-51.45842,53.69386,1.43635,2
5532,-51.47278,53.68941,1.43638,0
5533,-51.48714,53.68496,1.43641,1
5534,-51.50149,53.68050,1.43644,2
5535,-51.51584,53.67605,1.43647,0
5536,-51.53019,53.67159,1.43650,1
5537,-51.54454,53.66712,1.43653,2
5538,-51.55889,53.66266,1.43656,0
5539,-51.57323,53.65819,1.43659,1
5540,-51.58757,53.65373,1.43662,2
5541,-51.60191,53.64926,1.43666,0
5542,-51.61625,53.64478,1.43669,1
5543,-51.63059,53.64031,1.43672,2
5544,-51.64492,53.63583,1.43675,0
5545,-51.65925,53.63135,1.43678,1
5546,-51.67358,53.62687,1.43681,2
5547,-51.68791,53.62239,1.43684,0
5548,-51.70223,53.61790,1.43687,1
5549,-51.71655,53.61341,1.43690,2
5550,-51.73087,53.60892,1.43693,0
5551,-51.74519,53.60443,1.43696,1
5552,-51.75951,53.59994,1.43699,2
5553,-51.77382,53.59544,1.43702,0
5554,-51.78814,53.59094,1.43705,1
5555,-51.80245,53.58644,1.43708,2
5556,-51.81675,53.58194,1.43711,0
5557,-51.83106,53.57743,1.43714,1
5558,-51.84537,53.57292,1.43717,2
5559,-51.85967,53.56841,1.43720,0
5560,-51.87397,53.56390,1.43723,1
5561,-51.88826,53.55939,1.43726,2
5562,-51.90256,53.55487,1.43729,0
5563,-51.91685,53.55035,1.43732,1
5564,-51.93114,53.54583,1.43735,2
5565,-51.94543,53.54131,1.43738,0
5566,-51.95972,53.53679,1.43741,1
5567,-51.97401,53.53226,1.43744,2
5568,-51.98829,53.52773,1.43747,0
5569,-52.00257,53.52320,1.43750,1
5570,-52.01685,53.51866,1.43753,2
5571,-52.03113,53.51413,1.43755,0
5572,-52.04540,53.50959,1.43758,1
5573,-52.05967,53.50505,1.43761,2
5574,-52.07394,53.50051,1.43764,0
5575,-52.08821,53.49596,1.43767,1
5576,-52.10248,53.49142,1.43770,2
5577,-52.11674,53.48687,1.43773,0
5578,-52.13100,53.48232,1.43776,1
5579,-52.14526,53.47777,1.43779,2
5580,-52.15952,53.47321,1.43782,0
5581,-52.17378,53.46865,1.43785,1
5582,-52.18803,53.46409,1.43788,2
5583,-52.20228,53.45953,1.43791,0
5584,-52.21653,53.45497,1.43794,1
5585,-52.23078,53.45040,1.43797,2
5586,-52.24502,53.44584,1.43800,0
5587,-52.25927,53.44127,1.43803,1
5588,-52.27351,53.43669,1.43806,2
5589,-52.28775,53.43212,1.43809,0
5590,-52.30199,53.42754,1.43812,1
5591,-52.31622,53.42296,1.43815,2
5592,-52.33045,53.41838,1.43818,0
5593,-52.34468,53.41380,1.43821,1
5594,-52.35891,53.40922,1.43824,2
5595,-52.37314,53.40463,1.43827,0
5596,-52.38736,53.40004,1.43830,1
5597,-52.40159,53.39545,1.43833,2
5598,-52.41581,53.39085,1.43836,0
5599,-52.43002,53.38626,1.43839,1
5600,-52.44424,53.38166,1.43842,2
5601,-52.45845,53.37706,1.43845,0
5602,-52.47267,53.37246,1.43848,1
5603,-52.48687,53.36786,1.43851,2
5604,-52.50108,53.36325,1.43854,0
5605,-52.51529,53.35864,1.43857,1
5606,-52.52949,53.35403,1.43860,2
5607,-52.54369,53.34942,1.43863,0
5608,-52.55789,53.34480,1.43866,1
5609,-52.57209,53.34019,1.43869,2
5610,-52.58628,53.33557,1.43872,0
5611,-52.60048,53.33095,1.43875,1
5612,-52.61467,53.32632,1.43878,2
5613,-52.62886,53.32170,1.43881,0
5614,-52.64304,53.31707,1.43884,1
5615,-52.65723,53.31244,1.43887,2
5616,-52.67141,53.30781,1.43890,0
5617,-52.68559,53.30317,1.43893,1
5618,-52.69977,53.29854,1.43896,2
5619,-52.71395,53.29390,1.43898,0
5620,-52.72812,53.28926,1.43901,1
5621,-52.74229,53.28462,1.43904,2
5622,-52.75646,53.27997,1.43907,0
5623,-52.77063,53.27533,1.43910,1
5624,-52.78480,53.27068,1.43913,2
5625,-52.79896,53.26603,1.43916,0
5626,-52.81312,53.26138,1.43919,1
5627,-52.82728,53.25672,1.43922,2
5628,-52.84144,53.25206,1.43925,0
5629,-52.85559,53.24740,1.43928,1
5630,-52.86975,53.24274,1.43931,2
5631,-52.88390,53.23808,1.43934,0
5632,-52.89805,53.23341,1.43937,1
5633,-52.91220,53.22875,1.43940,2
5634,-52.92634,53.22408,1.43943,0
5635,-52.94048,53.21941,1.43946,1
5636,-52.95462,53.21473,1.43949,2
5637,-52.96876,53.21006,1.43952,0
5638,-52.98290,53.20538,1.43955,1
5639,-52.99703,53.20070,1.43958,2
5640,-53.01117,53.19602,1.43961,0
5641,-53.02530,53.19133,1.43964,1
5642,-53.03943,53.18665,1.43967,2
5643,-53.05355,53.18196,1.43970,0
5644,-53.06768,53.17727,1.43972,1
5645,-53.08180,53.17257,1.43975,2
5646,-53.09592,53.16788,1.43978,0
5647,-53.11004,53.16318,1.43981,1
5648,-53.12415,53.15848,1.43984,2
5649,-53.13827,53.15378,1.43987,0
5650,-53.15238,53.14908,1.43990,1
5651,-53.16649,53.14437,1.43993,2
5652,-53.18060,53.13967,1.43996,0
5653,-53.19470,53.13496,1.43999,1
5654,-53.20880,53.13025,1.44002,2
5655,-53.22291,53.12553,1.44005,0
5656,-53.23700,53.12082,1.44008,1
5657,-53.25110,53.11610,1.44011,2
5658,-53.26520,53.11138,1.44014,0
5659,-53.27929,53.10666,1.44017,1
5660,-53.29338,53.10194,1.44020,2
5661,-53.30747,53.09721,1.44023,0
5662,-53.32156,53.09248,1.44026,1
5663,-53.33564,53.08775,1.44028,2
5664,-53.34972,53.08302,1.44031,0
5665,-53.36380,53.07829,1.44034,1
5666,-53.37788,53.07355,1.44037,2
5667,-53.39196,53.06881,1.44040,0
5668,-53.40603,53.06407,1.44043,1
5669,-53.42011,53.05933,1.44046,2
5670,-53.43418,53.05458,1.44049,0
5671,-53.44824,53.04984,1.44052,1
5672,-53.46231,53.04509,1.44055,2
5673,-53.47637,53.04034,1.44058,0
5674,-53.49044,53.03559,1.44061,1
5675,-53.50449,53.03083,1.44064,2
5676,-53.51855,53.02607,1.44067,0
5677,-53.53261,53.02132,1.44070,1
5678,-53.54666,53.01655,1.44073,2
5679,-53.56071,53.01179,1.44076,0
5680,-53.57476,53.00703,1.44078,1
5681,-53.58881,53.00226,1.44081,2
5682,-53.60285,52.99749,1.44084,0
5683,-53.61690,52.99272,1.44087,1
5684,-53.63094,52.98795,1.44090,2
5685,-53.64498,52.98317,1.44093,0
5686,-53.65901,52.97839,1.44096,1
5687,-53.67305,52.97361,1.44099,2
5688,-53.68708,52.96883,1.44102,0
5689,-53.70111,52.96405,1.44105,1
5690,-53.71514,52.95926,1.44108,2
5691,-53.72917,52.95448,1.44111,0
5692,-53.74319,52.94969,1.44114,1
5693,-53.75722,52.94489,1.44117,2
5694,-53.77124,52.94010,1.44119,0
5695,-53.78525,52.93530,1.44122,1
5696,-53.79927,52.93051,1.44125,2
5697,-53.81328,52.92571,1.44128,0
5698,-53.82730,52.92091,1.44131,1
5699,-53.84131,52.91610,1.44134,2
5700,-53.85531,52.91130,1.44137,0
5701,-53.86932,52.90649,1.44140,1
5702,-53.88332,52.90168,1.44143,2
5703,-53.89732,52.89687,1.44146,0
5704,-53.91132,52.89205,1.44149,1
5705,-53.92532,52.88724,1.44152,2
5706,-53.93932,52.88242,1.44155,0
5707,-53.95331,52.87760,1.44157,1
5708,-53.96730,52.87277,1.44160,2
5709,-53.98129,52.86795,1.44163,0
5710,-53.99528,52.86312,1.44166,1
5711,-54.00926,52.85830,1.44169,2
5712,-54.02325,52.85347,1.44172,0
5713,-54.03723,52.84863,1.44175,1
5714,-54.05121,52.84380,1.44178,2
5715,-54.06518,52.83896,1.44181,0
5716,-54.07916,52.83412,1.44184,1
5717,-54.09313,52.82928,1.44187,2
5718,-54.10710,52.82444,1.44190,0
5719,-54.12107,52.81960,1.44192,1
5720,-54.13504,52.81475,1.44195,2
5721,-54.14900,52.80990,1.44198,0
5722,-54.16296,52.80505,1.44201,1
5723,-54.17692,52.80020,1.44204,2
5724,-54.19088,52.79534,1.44207,0
5725,-54.20484,52.79049,1.44210,1
5726,-54.21879,52.78563,1.44213,2
5727,-54.23274,52.78077,1.44216,0
5728,-54.24669,52.77591,1.44219,1
5729,-54.26064,52.77104,1.44222,2
5730,-54.27459,52.76617,1.44225,0
5731,-54.28853,52.76131,1.44227,1
5732,-54.30247,52.75644,1.44230,2
5733,-54.31641,52.75156,1.44233,0
5734,-54.33035,52.74669,1.44236,1
5735,-54.34429,52.74181,1.44239,2
5736,-54.35822,52.73693,1.44242,0
5737,-54.37215,52.73205,1.44245,1
5738,-54.38608,52.72717,1.44248,2
5739,-54.40001,52.72228,1.44251,0
5740,-54.41393,52.71740,1.44254,1
5741,-54.42785,52.71251,1.44256,2
5742,-54.44178,52.70762,1.44259,0
5743,-54.45569,52.70273,1.44262,1
5744,-54.46961,52.69783,1.44265,2
5745,-54.48353,52.69293,1.44268,0
5746,-54.49744,52.68804,1.44271,1
5747,-54.51135,52.68314,1.44274,2
5748,-54.52526,52.67823,1.44277,0
5749,-54.53916,52.67333,1.44280,1
5750,-54.55307,52.66842,1.44283,2
5751,-54.56697,52.66351,1.44285,0
5752,-54.58087,52.65860,1.44288,1
5753,-54.59477,52.65369,1.44291,2
5754,-54.60867,52.64878,1.44294,0
5755,-54.62256,52.64386,1.44297,1
5756,-54.63645,52.63894,1.44300,2
5757,-54.65034,52.63402,1.44303,0
5758,-54.66423,52.62910,1.44306,1
5759,-54.67812,52.62417,1.44309,2
5760,-54.69200,52.61925,1.44312,0
5761,-54.70588,52.61432,1.44314,1
5762,-54.71976,52.60939,1.44317,2
5763,-54.73364,52.60445,1.44320,0
5764,-54.74752,52.59952,1.44323,1
5765,-54.76139,52.59458,1.44326,2
5766,-54.77526,52.58965,1.44329,0
5767,-54.78913,52.58470,1.44332,1
5768,-54.80300,52.57976,1.44335,2
5769,-54.81686,52.57482,1.44338,0
5770,-54.83073,52.56987,1.44340,1
5771,-54.84459,52.56492,1.44343,2
5772,-54.85845,52.55997,1.44346,0
5773,-54.87230,52.55502,1.44349,1
5774,-54.88616,52.55007,1.44352,2
5775,-54.90001,52.54511,1.44355,0
5776,-54.91386,52.54015,1.44358,1
5777,-54.92771,52.53519,1.44361,2
5778,-54.94156,52.53023,1.44364,0
5779,-54.95540,52.52527,1.44366,1
5780,-54.96925,52.52030,1.44369,2
5781,-54.98309,52.51533,1.44372,0
5782,-54.99693,52.51036,1.44375,1
5783,-55.01076,52.50539,1.44378,2
5784,-55.02460,52.50042,1.44381,0
5785,-55.03843,52.49544,1.44384,1
5786,-55.05226,52.49046,1.44387,2
5787,-55.06609,52.48548,1.44389,0
5788,-55.07991,52.48050,1.44392,1
5789,-55.09374,52.47552,1.44395,2
5790,-55.10756,52.47053,1.44398,0
5791,-55.12138,52.46555,1.44401,1
5792,-55.13520,52.46056,1.44404,2
5793,-55.14901,52.45556,1.44407,0
5794,-55.16283,52.45057,1.44410,1
5795,-55.17664,52.44558,1.44413,2
5796,-55.19045,52.44058,1.44415,0
5797,-55.20426,52.43558,1.44418,1
5798,-55.21806,52.43058,1.44421,2
5799,-55.23187,52.42557,1.44424,0
5800,-55.24567,52.42057,1.44427,1
5801,-55.25947,52.41556,1.44430,2
5802,-55.27327,52.41055,1.44433,0
5803,-55.28706,52.40554,1.44436,1
5804,-55.30085,52.40053,1.44438,2
5805,-55.31465,52.39551,1.44441,0
5806,-55.32844,52.39050,1.44444,1
5807,-55.34222,52.38548,1.44447,2
5808,-55.35601,52.38046,1.44450,0
5809,-55.36979,52.37544,1.44453,1
5810,-55.38357,52.37041,1.44456,2
5811,-55.39735,52.36538,1.44458,0
5812,-55.41113,52.36036,1.44461,1
5813,-55.42490,52.35533,1.44464,2
5814,-55.43868,52.35029,1.44467,0
5815,-55.45245,52.34526,1.44470,1
5816,-55.46622,52.34022,1.44473,2
5817,-55.47998,52.33518,1.44476,0
5818,-55.49375,52.33014,1.44479,1
5819,-55.50751,52.32510,1.44481,2
5820,-55.52127,52.32006,1.44484,0
5821,-55.53503,52.31501,1.44487,1
5822,-55.54879,52.30997,1.44490,2
5823,-55.56254,52.30492,1.44493,0
5824,-55.57629,52.29986,1.44496,1
5825,-55.59004,52.29481,1.44499,2
5826,-55.60379,52.28975,1.44501,0
5827,-55.61754,52.28470,1.44504,1
5828,-55.63128,52.27964,1.44507,2
5829,-55.64502,52.27458,1.44510,0
5830,-55.65876,52.26951,1.44513,1
5831,-55.67250,52.26445,1.44516,2
5832,-55.68624,52.25938,1.44519,0
5833,-55.69997,52.25431,1.44521,1
5834,-55.71370,52.24924,1.44524,2
5835,-55.72743,52.24417,1.44527,0
5836,-55.74116,52.23909,1.44530,1
5837,-55.75489,52.23402,1.44533,2
5838,-55.76861,52.22894,1.44536,0
5839,-55.78233,52.22386,1.44539,1
5840,-55.79605,52.21878,1.44541,2
5841,-55.80977,52.21369,1.44544,0
5842,-55.82349,52.20861,1.44547,1
5843,-55.83720,52.20352,1.44550,2
5844,-55.85091,52.19843,1.44553,0
5845,-55.86462,52.19334,1.44556,1
5846,-55.87833,52.18824,1.44559,2
5847,-55.89203,52.18315,1.44561,0
5848,-55.90574,52.17805,1.44564,1
5849,-55.91944,52.17295,1.44567,2
5850,-55.93314,52.16785,1.44570,0
5851,-55.94683,52.16274,1.44573,1
5852,-55.96053,52.15764,1.44576,2
5853,-55.97422,52.15253,1.44578,0
5854,-55.98791,52.14742,1.44581,1
5855,-56.00160,52.14231,1.44584,2
5856,-56.01529,52.13720,1.44587,0
5857,-56.02897,52.13208,1.44590,1
5858,-56.04266,52.12697,1.44593,2
5859,-56.05634,52.12185,1.44596,0
5860,-56.07002,52.11673,1.44598,1
5861,-56.08369,52.11161,1.44601,2
5862,-56.09737,52.10648,1.44604,0
5863,-56.11104,52.10135,1.44607,1
5864,-56.12471,52.09623,1.44610,2
5865,-56.13838,52.09110,1.44613,0
5866,-56.15205,52.08596,1.44615,1
5867,-56.16571,52.08083,1.44618,2
5868,-56.17937,52.07570,1.44621,0
5869,-56.19303,52.07056,1.44624,1
5870,-56.20669,52.06542,1.44627,2
5871,-56.22035,52.06028,1.44630,0
5872,-56.23400,52.05513,1.44633,1
5873,-56.24765,52.04999,1.44635,2
5874,-56.26130,52.04484,1.44638,0
5875,-56.27495,52.03969,1.44641,1
5876,-56.28860,52.03454,1.44644,2
5877,-56.30224,52.02939,1.44647,0
5878,-56.31589,52.02424,1.44650,1
5879,-56.32953,52.01908,1.44652,2
5880,-56.34316,52.01392,1.44655,0
5881,-56.35680,52.00876,1.44658,1
5882,-56.37043,52.00360,1.44661,2
5883,-56.38407,51.99843,1.44664,0
5884,-56.39770,51.99327,1.44667,1
5885,-56.41132,51.98810,1.44669,2
5886,-56.42495,51.98293,1.44672,0
5887,-56.43857,51.97776,1.44675,1
5888,-56.45219,51.97259,1.44678,2
5889,-56.46581,51.96741,1.44681,0
5890,-56.47943,51.96223,1.44684,1
5891,-56.49305,51.95706,1.44686,2
5892,-56.50666,51.95187,1.44689,0
5893,-56.52027,51.94669,1.44692,1
5894,-56.53388,51.94151,1.44695,2
5895,-56.54749,51.93632,1.44698,0
5896,-56.56109,51.93113,1.44700,1
5897,-56.57470,51.92594,1.44703,2
5898,-56.58830,51.92075,1.44706,0
5899,-56.60190,51.91556,1.44709,1
5900,-56.61550,51.91036,1.44712,2
5901,-56.62909,51.90516,1.44715,0
5902,-56.64268,51.89996,1.44717,1
5903,-56.65628,51.89476,1.44720,2
5904,-56.66986,51.88956,1.44723,0
5905,-56.68345,51.88435,1.44726,1
5906,-56.69704,51.87915,1.44729,2
5907,-56.71062,51.87394,1.44732,0
5908,-56.72420,51.86873,1.44734,1
5909,-56.73778,51.86352,1.44737,2
5910,-56.75136,51.85830,1.44740,0
5911,-56.76493,51.85309,1.44743,1
5912,-56.77851,51.84787,1.44746,2
5913,-56.79208,51.84265,1.44748,0
5914,-56.80564,51.83743,1.44751,1
5915,-56.81921,51.83220,1.44754,2
5916,-56.83278,51.82698,1.44757,0
5917,-56.84634,51.82175,1.44760,1
5918,-56.85990,51.81652,1.44763,2
5919,-56.87346,51.81129,1.44765,0
5920,-56.88702,51.80606,1.44768,1
5921,-56.90057,51.80082,1.44771,2
5922,-56.91412,51.79558,1.44774,0
5923,-56.92767,51.79035,1.44777,1
5924,-56.94122,51.78511,1.44779,2
5925,-56.95477,51.77986,1.44782,0
5926,-56.96831,51.77462,1.44785,1
5927,-56.98186,51.76937,1.44788,2
5928,-56.99540,51.76413,1.44791,0
5929,-57.00893,51.75888,1.44794,1
5930,-57.02247,51.75363,1.44796,2
5931,-57.03601,51.74837,1.44799,0
5932,-57.04954,51.74312,1.44802,1
5933,-57.06307,51.73786,1.44805,2
5934,-57.07660,51.73260,1.44808,0
5935,-57.09012,51.72734,1.44810,1
5936,-57.10365,51.72208,1.44813,2
5937,-57.11717,51.71682,1.44816,0
5938,-57.13069,51.71155,1.44819,1
5939,-57.14421,51.70628,1.44822,2
5940,-57.15772,51.70101,1.44824,0
5941,-57.17124,51.69574,1.44827,1
5942,-57.18475,51.69047,1.44830,2
5943,-57.19826,51.68519,1.44833,0
5944,-57.21177,51.67992,1.44836,1
5945,-57.22527,51.67464,1.44838,2
5946,-57.23878,51.66936,1.44841,0
5947,-57.25228,51.66407,1.44844,1
5948,-57.26578,51.65879,1.44847,2
5949,-57.27928,51.65350,1.44850,0
5950,-57.29277,51.64821,1.44852,1
5951,-57.30627,51.64293,1.44855,2
5952,-57.31976,51.63763,1.44858,0
5953,-57.33325,51.63234,1.44861,1
5954,-57.34674,51.62704,1.44864,2
5955,-57.36022,51.62175,1.44866,0
5956,-57.37371,51.61645,1.44869,1
5957,-57.38719,51.61115,1.44872,2
5958,-57.40067,51.60585,1.44875,0
5959,-57.41415,51.60054,1.44878,1
5960,-57.42762,51.59524,1.44880,2
5961,-57.44109,51.58993,1.44883,0
5962,-57.45457,51.58462,1.44886,1
5963,-57.46804,51.57931,1.44889,2
5964,-57.48150,51.57399,1.44892,0
5965,-57.49497,51.56868,1.44894,1
5966,-57.50843,51.56336,1.44897,2
5967,-57.52189,51.55804,1.44900,0
5968,-57.53535,51.55272,1.44903,1
5969,-57.54881,51.54740,1.44906,2
5970,-57.56227,51.54207,1.44908,0
5971,-57.57572,51.53675,1.44911,1
5972,-57.58917,51.53142,1.44914,2
5973,-57.60262,51.52609,1.44917,0
5974,-57.61607,51.52076,1.44920,1
5975,-57.62951,51.51543,1.44922,2
5976,-57.64296,51.51009,1.44925,0
5977,-57.65640,51.50475,1.44928,1
5978,-57.66984,51.49942,1.44931,2
5979,-57.68328,51.49407,1.44933,0
5980,-57.69671,51.48873,1.44936,1
5981,-57.71014,51.48339,1.44939,2
5982,-57.72358,51.47804,1.44942,0
5983,-57.73700,51.47269,1.44945,1
5984,-57.75043,51.46735,1.44947,2
5985,-57.76386,51.46199,1.44950,0
5986,-57.77728,51.45664,1.44953,1
5987,-57.79070,51.45129,1.44956,2
5988,-57.80412,51.44593,1.44959,0
5989,-57.81754,51.44057,1.44961,1
5990,-57.83095,51.43521,1.44964,2
5991,-57.84437,51.42985,1.44967,0
5992,-57.85778,51.42448,1.44970,1
5993,-57.87119,51.41912,1.44972,2
5994,-57.88459,51.41375,1.44975,0
5995,-57.89800,51.40838,1.44978,1
5996,-57.91140,51.40301,1.44981,2
5997,-57.92480,51.39764,1.44984,0
5998,-57.93820,51.39226,1.44986,1
5999,-57.95160,51.38689,1.44989,2
6000,-57.96499,51.38151,1.44992,0
