# L(chi3) zeros — odd real Dirichlet character mod 3, the chi3 helix channel.
# Each row: n   gamma_n (40 digits, Re s = 1/2)   |L(chi3, 1/2 + i gamma_n)|
# Produced by the area-law-completed helix readout (Cgeom^{-s} L); verified by |L|.
# Supporting numerical evidence (NOT a proof): no off-line zero emitted.
#
     1  8.0397371556814666817136232141729658027930  4.50e-57
     2  11.2492062077729352497050256788632146486959  4.40e-57
     3  15.7046191767216255651655508804327807582048  7.58e-58
     4  18.2619974956931275689244140935948651201930  6.33e-57
     5  20.4557708077424928534450258313131026704440  7.30e-57
     6  24.0594148564934507745930535932129647862606  5.67e-57
     7  26.5778687357745853145843509375340769341855  1.34e-56
     8  28.2181645062333860931830297603107705648143  2.86e-56
     9  30.7450402613824957378082418105061713503695  4.76e-56
    10  33.8973889272594190176778740330052395794469  4.53e-55
    11  35.6084126539386346548129101280317141916071  6.10e-55
    12  37.5517965563646270198604464577036637576799  1.11e-55
    13  39.4852072609293507673662926600393419070484  3.96e-54
    14  42.6163792261575675743228068514800664471420  1.06e-53
    15  44.1205729120722024420244045930969996263296  2.10e-53
    16  46.2741180235131400851048716601411601663991  2.92e-53
    17  47.5141045101173221149363569968595955002549  2.84e-53
    18  50.3751386506362659828219173414494291477562  2.10e-52
    19  52.4967495990607536672882221717895981369764  3.54e-52
    20  54.1938431015519135786018683035347947508507  3.06e-52
    21  55.6425587002162213738564033666295577893342  6.85e-52
    22  57.5840563604491837814865894882262645076263  1.01e-51
    23  60.0268574567159022352614907721736966737241  2.10e-51
    24  62.2060781222821364868696458801356158614455  6.50e-51
    25  63.1769927673391082911831183881181922206237  3.72e-51
    26  65.2949255440837120331285381106466182219060  7.22e-51
    27  66.6231346255329300596585374172857719563068  1.66e-50
    28  69.5130229859799959341968373725478993409087  2.06e-50
    29  70.8197986955471496367959721046036908415876  3.79e-50
    30  72.6561490706966648568943575873857292904336  6.43e-51
    31  74.0054285210041896933088088400566501351078  5.27e-50
    32  75.6224069640307096832584766909751411335027  7.65e-50
    33  78.2174812709266098430193390790621667499127  8.95e-50
    34  79.6379757519078020164117484105041664801118  1.56e-49
    35  81.6119876094714469223642343236395452317537  3.12e-49
    36  82.4702525122219579464894764848141390311842  2.13e-50
    37  84.4122866382934090878445527560049320670587  7.16e-49
    38  86.3276462830141479391226407936643256118457  9.06e-49
    39  88.6526172085393908232687442437282383543700  8.67e-49
    40  89.6464027568417001125531326889610392304188  1.08e-48
    41  91.3356103544330823325608964644512291376707  2.32e-48
    42  92.7534643871191581751072587835742793555866  3.16e-48
    43  94.3943587971633775779343178070362397646293  1.10e-48
    44  96.8742520897853082683672743374510652912688  4.34e-48
    45  98.1264549042419121314552499961790003751651  6.40e-48
    46  99.5334892640586055101529186295704703478254  8.50e-48
    47  101.3749634679000189575709414648865573954126  7.50e-48
    48  102.1163618450649207904223937710227918390070  8.70e-48
    49  104.7653754701645187606154386002322076634974  1.16e-47
    50  106.2460618488763767402932981041387887050482  1.87e-47
    51  107.9703161171381027412477748268200983566354  1.44e-47
    52  109.1376039144917573778465148426271202099315  3.31e-47
    53  110.5233510368133510283803968678643623008148  4.20e-47
    54  112.1547718421999694747979533376203457756383  1.63e-47
    55  114.2171482715642523558870148997459300840187  3.48e-47
    56  115.8981424418431391092668391057254218909788  6.47e-47
    57  117.3697509966053599712269253441062135278638  6.23e-47
    58  118.2994183078976053629433836291597417408103  5.59e-47
    59  120.2551822384944473304363057446145867875956  6.29e-47
    60  121.2788415965073728815660262289143651799337  7.73e-47
    61  123.8904906598096318670102934890498251696048  1.53e-46
    62  125.0107835006040254387120271583890622436263  1.49e-46
    63  126.3973122558350301306819034948925948954350  1.96e-46
    64  128.0526771842361420518088462494504635657889  2.28e-46
    65  128.9372369286237801512854378243000334048775  1.12e-46
    66  130.8113699102385570294374268868041496933054  4.86e-47
    67  133.0324496493005341621411718661009961458977  3.77e-46
    68  133.9908626434153216415745783281997683127682  4.74e-46
    69  135.8208912231495389399344098758698273121986  5.59e-46
    70  136.8263732715500172523131297873071854492911  2.01e-46
    71  138.0953595564688820925868983676560618427464  2.71e-47
    72  139.9982800755045112555042838307376448423873  7.16e-46
    73  141.6478471118487607306315846456999692345600  9.01e-46
    74  143.6384771451267422340859702545066238173159  1.02e-45
    75  144.2516639825884660045771382998440357294283  1.04e-45
    76  145.9196295674467836538408047333564929223448  3.09e-47
    77  147.2242302819567155903856798345550278277773  1.29e-46
    78  148.6031369892638006181751497274404684920553  1.65e-46
    79  150.7164895698127989474410857193607716010716  1.57e-45
    80  152.3185291515903030422529108520577103794267  1.98e-45
    81  153.1907164942600053653896276148854174978969  6.06e-46
    82  154.8152161519251693336295729450460368315226  2.91e-45
    83  156.1364808910072213185845438658594049005013  3.33e-45
    84  157.1483812765944730160850556847470832182394  6.92e-46
    85  159.7182524207504666341841239644763590719179  4.24e-46
    86  160.5683146966258271868813131116566352385738  3.90e-45
    87  162.4150755709671963676784061554680088108468  3.73e-45
    88  163.4179519382985308007502648374082566685549  5.41e-45
    89  164.6743265965582283365101759781761634840739  6.49e-45
    90  166.0662525292756456311159035356529323459884  1.17e-45
    91  167.8677285312811973824583961302033994556559  7.36e-45
    92  169.5982845608166162817429631301836569608016  7.09e-45
    93  170.8474830423991283164828105908526692392682  6.99e-45
    94  172.3076302538303021209393414351168672205080  9.53e-45
    95  173.0602336194162158907711877066893397553468  5.47e-45
    96  174.9713599306700421616371119492900314558197  1.16e-44
    97  175.9300818153842517534072421278193162923673  5.09e-45
    98  178.2561676554760250513581367440969716879961  9.43e-45
    99  179.5188334579215591348342378387774703131959  1.21e-44
   100  180.4313868100308942716735245698240111632771  9.09e-45
   101  182.1921165989120846744779587551636538167580  1.09e-44
   102  183.0869005284911818845673247140079401724951  1.46e-44
   103  184.4318195608085267310446005870251668184024  1.87e-44
   104  186.4672549599504074913409625833808475577246  2.15e-44
   105  188.0044327245106774804451414463746089942800  6.56e-45
   106  189.0010671450208929252549030566354571702165  2.68e-44
   107  190.6019247350436697516455366136774811720173  1.61e-44
   108  191.6303966754947377808974727349015012156474  3.17e-44
   109  192.7101972365183628420369620794217843097744  2.79e-44
   110  194.6648641090389260821289638553905413342550  3.48e-44
   111  196.1084583641506395618971685254599591544081  3.34e-44
   112  197.6996064891581477035898678766676169176119  3.41e-44
   113  199.0088587986378827634701153125380142921505  3.88e-44
   114  199.6814231836026252932701021847194526663799  3.87e-44
   115  201.5880066361766954868310997293131680598162  4.67e-44
   116  202.3549007531268107055681265447664041840804  3.49e-44
   117  204.3415668604349517349143422259936689479903  5.16e-44
   118  206.0443497536688535685748357855867247535301  5.70e-44
   119  207.1403025362675275257536093674048515306909  4.52e-44
   120  208.2390056909817808534727913293752575100621  6.69e-45
   121  209.6818124647466164052940046324566661997455  4.97e-44
   122  210.8688075936374240526214801020858838421147  2.99e-44
   123  211.9841347465174602317130121459551612842638  1.93e-44
   124  214.5759364179034157715156283533601131340993  7.36e-45
   125  214.9211261886521433849936528952997989516418  9.49e-44
   126  216.7517455684529247981895372004529807391563  9.51e-44
   127  217.9558099665120233704169974441139289499761  9.44e-44
   128  218.8770692068810971804368213108541767597211  2.65e-44
   129  220.2518653564464150263592646989098982347638  1.88e-44
   130  221.8954062843736675119328764542313878606890  1.27e-43
   131  223.5475874582478759878992275264072030948573  1.11e-43
   132  224.8255684231272534581370925669438164490285  1.21e-43
   133  226.1130457512890447076522026611843622907376  1.34e-43
   134  227.1639548118533017206586165828423891043185  5.22e-44
   135  228.3103629680669774031722936257662044047787  1.93e-44
   136  229.8603207599580634198834848618114841261382  1.49e-43
   137  231.1126667667876322201270735534543250930506  1.54e-43
   138  233.2473278856436189789391140091068962240530  1.10e-43
   139  234.0621858277234968753035772779150494498348  6.95e-44
   140  235.1901836805952625563327252882844085098626  1.78e-43
   141  236.6674232789310367436197002805882221604786  1.75e-43
   142  237.7998475385192956680701649247919228473996  9.32e-44
   143  238.7815192750406300412619213732200509249281  2.66e-43
   144  240.9546216199247324994968611695241552833219  2.46e-45
   145  242.1355516326779116056464825898105554216251  9.04e-44
   146  243.4903222257243973550561895437054297793165  3.29e-44
   147  244.4562201863482189074294829355247221961069  2.85e-43
   148  246.3028244345012325694137356084214728822244  2.23e-43
   149  246.4148964765635420564502046660079826742643  1.01e-43
   150  248.3912475399704861853844792708333513847084  1.69e-43
   151  250.1562857449092956154453584813455384633361  1.45e-43
   152  251.2072964743793209505165669860672910844315  3.60e-43
   153  252.9333508970165767079338336104755335358692  3.06e-43
   154  253.6828259854901425818907542800586445189011  4.10e-43
   155  254.7600877442307656889381771104607470605517  3.70e-43
   156  256.4132882912837788985325574598236992169537  1.77e-43
   157  257.2810845872236675028941791504533703094967  4.35e-43
   158  259.2731974163285141651061791399083316556609  4.03e-43
   159  260.6690222258145599439379853650322182492872  1.82e-43
   160  261.7331900046248200393411973539969518900755  4.78e-43
   161  262.8413603840734218853567786055169250363323  5.34e-43
   162  264.0927251332627926952995177321194827950999  5.64e-43
   163  265.4054916973185359223680163989665731733736  5.94e-43
   164  266.3467688135146768972833080646699035219856  2.65e-43
   165  268.5334048091926774847488883320171977209809  4.55e-43
   166  269.7633475290296341083485863131233308390941  4.97e-43
   167  270.4837926614863503655250388041261725018054  5.92e-43
   168  272.4547001464764193018264259795582419496871  2.86e-44
   169  272.8700991741168768320486818827595763678888  7.77e-43
   170  274.2075890142926003649506533001413287885970  4.91e-44
   171  275.7232034952076790856828405714850013089859  7.48e-43
   172  277.3922645560363899395085267505834077707502  2.53e-44
   173  278.5947831471114486859790051112394626165576  1.61e-43
   174  280.0288754666972236324445718249439460608504  8.33e-43
   175  280.8797118717170476356865653399116784773677  8.05e-43
   176  282.2108843699329377523119208383701219464648  5.51e-43
   177  283.1612291681609437960437190395944186087079  9.98e-43
   178  284.7932055175675124621925975924162165521033  7.54e-43
   179  286.0671767907198704912888282797169802499435  8.89e-43
   180  287.9857252919451081598293781139335141067810  9.22e-43
   181  288.7101028317685280899925280568047228285384  1.08e-42
   182  289.8196313865012344778991489035294613483754  1.12e-42
   183  291.1497160123117172640552885607773227110028  1.20e-42
   184  292.4994004725639503355055535165866414646658  9.85e-43
   185  293.1461579712300977481137921002197069596204  2.88e-43
   186  295.4052734131898037342417925579322105239112  1.13e-42
   187  296.5237835456866971017050104848832189006926  1.30e-42
   188  297.6932534938650103381632150755234158459292  1.30e-42
   189  298.8858526457194456506154807721056423925697  1.27e-42
   190  300.0442411125083812648352801542775211337130  1.10e-42
   191  301.1948498279908301652204813573560647041576  7.74e-43
   192  302.1477938432665982986830512620830750222072  1.70e-42
   193  304.2345987852476202685372773907812888754682  4.11e-44
   194  305.2667177577765556448160965627393698681210  1.30e-42
   195  306.5746401318227699294483598415771530523252  8.47e-43
   196  308.0564168531856044037013873901932200287660  1.16e-42
   197  308.5960260978264880519980651760660251285026  1.33e-42
   198  309.9131659877852686282748697197151437631281  1.80e-42
   199  311.3997126051290738758265509902410987599581  1.41e-42
   200  312.4376700421881357931327127831875882531671  2.07e-42
   201  314.5089851652463393255177944569843410237085  7.56e-45
   202  315.2478008258449931126573074641962523795457  1.44e-43
   203  316.7478679888822003771723258234406059733968  1.65e-42
   204  317.4099901024864872313102276173142495753468  2.17e-42
   205  318.9929013465492646343694594384915441706721  2.22e-42
   206  319.8835539237630993931196061230996104835123  2.11e-42
   207  321.2238504515910357705588994691536577068738  1.24e-42
   208  323.0883700511469865649313041178238490898948  6.41e-43
   209  324.4750728381284815843233326391118818094346  2.33e-42
   210  324.8682277193277467563590277149747416512200  1.34e-42
   211  326.6748998281159939080780831421868871321725  1.98e-44
   212  327.6899126465102265555038849566560624238169  2.19e-42
   213  328.3791490765487628242420571847085314953076  4.05e-44
   214  330.0580762971752635714505637036740085710367  2.72e-42
   215  331.7098350520466126253601305100624938640592  2.35e-42
   216  332.7610858506377970711469968391148133555138  2.97e-43
   217  334.2281266348673803722901227104030248210525  2.47e-42
   218  335.1090404297041190915490485077334707930346  8.10e-43
   219  336.2938791374743939019964500263203637859872  1.21e-42
   220  337.3231175951790040445004482931280921652489  3.24e-42
   221  338.6137336731561031870568314112670642033691  2.62e-42
   222  340.1689127234458901547485815746011513852893  3.42e-42
   223  341.4738184846500446666149592692742737573562  3.01e-42
   224  343.0517875415860097094216222297198322754917  2.33e-42
   225  343.7348357774241101922627080693644394996425  3.72e-42
   226  344.7405616721934999750876009031168900134577  2.12e-42
   227  346.4045593485783577835670300930593575239912  2.07e-42
   228  347.0451340377145417337704021304834734327686  3.43e-42
   229  348.4410964843466321875973534080255328971166  3.37e-42
   230  350.5588437050002255540693642579170994411607  4.61e-42
   231  351.1464325745365291818535459260229730853585  3.44e-42
   232  352.4767895649890209385142536099064687418744  1.48e-42
   233  353.7213052688793849509031729470439675889346  6.78e-43
   234  354.6288089346319006675085405690791389165384  4.70e-42
   235  355.9287153484598402463042525580997085830183  4.18e-42
   236  356.8195839741266301492852755306979237392937  3.36e-42
   237  358.9895043461209388458779187873723853950474  1.25e-42
   238  359.7399114153344768673764895954926576468311  5.65e-43
   239  361.1485286920981072881539816935303767954871  4.16e-42
   240  362.2787269214394380935576520387012245167985  2.81e-42
   241  363.5106319487382906845063104068247359545653  3.60e-42
   242  363.9958106914321282714657074011701692605491  3.35e-42
   243  365.8571277898014062064777126206150590267767  2.52e-42
   244  366.8107222683149856309010782166467896767499  3.78e-42
   245  368.5471338407268541785089984174850161081489  2.40e-42
   246  369.8617681201649075235034598818861456925975  6.02e-43
   247  370.6484770399847071984127888625137382747805  5.88e-42
   248  371.8867143187088590098767490260237131118069  6.09e-42
   249  372.9235154545270699115564096992619546572229  6.99e-43
   250  374.1996509445462756040027168236816651039069  6.03e-42
   251  375.1833251674472687272017064294591519665147  4.51e-42
   252  376.9101424823472226888207644775997049153763  3.04e-42
   253  378.4853660305566824520151251384932489505455  6.93e-42
   254  379.1335701928066574399827003739151430527965  6.50e-42
   255  380.2914994466508269592037662953470013289032  6.94e-42
   256  381.6709343643993455503946423835757932796869  3.70e-42
   257  382.7357738451545721017193800608226305446676  6.62e-42
   258  383.3306100960119943604387268720468915110566  8.08e-42
   259  385.4542926492754015043639204702278259903696  3.12e-42
   260  386.5509105471780220494762208465341669941843  2.06e-43
   261  387.8036899333275259770164569379834519690382  2.07e-42
   262  388.9393896785549146514156119681167789226736  4.96e-44
   263  390.1392963013306292534503277700834782629610  4.28e-43
   264  390.8526475772122579441455259665698627463899  7.39e-42
   265  392.2636723340820452507742697974066344801783  7.72e-42
   266  393.3297825398181487972873719259646378362513  8.79e-42
   267  395.1082825259670828883923627063201959834998  8.08e-42
   268  396.0599582992547971453907465207642893266857  5.39e-43
   269  397.6833541389148949725642726522464155871696  2.18e-42
   270  398.3767316395665468780589028307129934687053  3.04e-42
   271  399.2942534759463955074163013389609088480614  9.67e-42
   272  400.8379150520003045611501678319134788021279  7.67e-43
   273  401.7159887654716554668774664024602013496337  9.71e-42
   274  402.9055408083916478010907842902709279105368  9.84e-42
   275  404.9146957152481314917905426001771218133735  2.67e-42
   276  405.7883600329932872346783837840585134129447  9.55e-42
   277  406.6595956182007995133518603823493069823424  4.24e-42
   278  408.1898880969338272785399483558220731224839  1.07e-41
   279  408.9166420927018490959032271609715840122730  8.77e-42
   280  410.2092779107518588167145841919772756818185  4.54e-42
   281  411.1165524746463822285987719252643259598422  1.15e-41
   282  412.9076154075646134663399292747078865486079  1.11e-41
   283  414.4169483814212399196448854901518366162265  4.80e-42
   284  414.9304043961193712616438364084103945911969  5.29e-42
   285  416.5495947361271965390246921800729625063884  6.69e-42
   286  417.5043557248394044731443520442344083211633  6.36e-42
   287  418.3643952179477547107970906857006603748500  1.03e-41
   288  419.4982943824516015932449756252166580459342  1.18e-41
   289  421.1079180301291049886625893492259004745401  9.82e-42
   290  422.1941392678897482104332228465296822068112  5.00e-42
   291  423.7726249632606854894164518982869445694209  4.47e-43
   292  424.9263560632156082133248089929097930946785  1.03e-42
   293  425.5206364081910641741658071431281186353921  7.75e-42
   294  426.9759941571629864215671531955021562065940  9.25e-42
   295  427.8782342823582140462904368585212743773756  7.90e-42
   296  429.1261527113034131549488796126740075881156  3.74e-42
   297  430.2922889054932422040269419897118613273405  4.51e-42
   298  432.1471581337812652685206732322778459900664  8.64e-42
   299  432.9587521208625555290544472052457573654240  1.22e-41
   300  434.3424536843312552762702710886732832087836  1.19e-42
   301  434.8313584607932514113576968922980699988247  1.37e-41
   302  436.6339390083898365121669387148751039211821  5.18e-42
   303  437.2406337472781618582414320670011600318242  1.15e-41
   304  438.2244251587216964708471921768892090935015  1.63e-41
   305  440.3213875967476181206676821063640114974184  6.22e-42
   306  441.2088228266107867900948103336471256773827  1.25e-41
   307  442.3723845749648740523960466144711272563622  1.30e-41
   308  443.6068608429422650744238951430144870021088  1.01e-41
   309  444.6802931027254601357714096861867870395608  1.57e-41
   310  445.4220885676530998502258951895072155792204  1.44e-41
   311  446.7673243789394074252823452204697150828106  2.81e-42
   312  447.9064252549600763398846694502095558281869  5.52e-42
   313  449.5571842135444109807005696261069553527837  4.49e-42
   314  450.6154162509052898660635551472400224240311  1.23e-41
   315  451.8432215149324578836928542810775759040313  8.79e-42
   316  453.0667255470175199139303931444380246515132  4.85e-42
   317  453.6154706530795519759958465253383003653740  1.60e-41
   318  454.9456885533144435839739291590492315292133  4.60e-42
   319  456.3461171683534289756538696266482218541488  1.53e-41
   320  457.0217267129592256276524850127264370024949  2.00e-41
   321  459.0182586588230251680858055492739547575484  4.13e-42
   322  460.1607090954940123196394571764962406680492  1.86e-42
   323  460.9884986394364015749699138529556568750531  1.36e-41
   324  461.9993049963656576499126373890048784042971  8.76e-43
   325  463.6047524158301616869466208858630737904097  3.55e-42
   326  463.9786741619343018262482039065818926965527  2.16e-41
   327  465.3438329118085048834602696052650878605084  1.52e-41
   328  466.7265730923343951911217152592203130454223  5.22e-42
   329  468.4486648106179032851462335362291429174260  1.31e-41
   330  469.1588573986386529621734953649582272231071  1.50e-41
   331  470.2871255951251006843379773869850726223011  1.18e-41
   332  471.6299209838351463190270805930045109571490  2.40e-41
   333  472.4524553870889989069781259734381254878785  5.50e-42
   334  473.3871490297167142567615941795646032958554  2.28e-41
   335  474.6450841651777048659807479134392997097861  1.82e-41
   336  476.4131186018024059536479350121134881214815  2.51e-41
   337  477.0860289135917827496725308823984891093651  8.20e-42
   338  479.0291998569226679282615821368195258371055  2.19e-41
   339  479.3973997505261831717592362707163314267691  9.97e-42
   340  480.6442433245705747893648975229303668097782  4.91e-43
   341  481.6450039520016181099951779304701713471139  1.77e-41
   342  482.9448002520980439433908026041348108294081  3.35e-42
   343  483.7946268201109073122548072281209277199897  2.61e-41
   344  485.4127811858150168870040687397956310056393  1.39e-41
   345  486.8221516735848273308646990806023153489344  2.86e-41
   346  487.8331710119405418133662857112667222270738  2.36e-41
   347  488.8061504141686755210550637767627127191136  3.57e-42
   348  489.7662810399685911314832155425474822138235  1.96e-41
   349  491.0703306326949356134314265907174713058964  3.57e-42
   350  492.1076379118260847359159331413062635315158  1.79e-41
   351  492.8347757801157725113819289933403706109257  1.57e-41
   352  495.0134207625413358708014456556570789894201  2.84e-41
   353  495.8833454899823974163793205664392169334307  1.89e-41
   354  496.7425360797046386007205049430404182223079  1.86e-41
   355  498.3515120934006235835389804763094992981469  3.06e-41
   356  498.9240138966046441110311552677465722611864  2.86e-41
   357  500.1563926426789357290842778599050509109195  2.46e-41
   358  501.0127306246829870066656543434752819101517  7.15e-42
   359  502.5380248223956593534292814301876804101753  1.86e-41
   360  503.8135531819040031413104061866286983437337  3.28e-42
   361  505.2215339377752293435618089477797979568487  2.82e-41
   362  506.0165919654559640959328471792676579016579  1.80e-41
   363  507.3890990121651434105927871920632591872170  1.23e-41
   364  508.2031188017498480529375045258939814586596  2.85e-41
   365  509.0135516825147634409993320838348320971266  2.06e-41
   366  510.6737424773482179204143320892540289774840  1.39e-41
   367  511.3480645174797498925783026047471291658715  1.77e-41
   368  513.0202932069243615980831300080904601657631  8.79e-42
   369  514.4689749535045395868391809206915881818061  3.09e-41
   370  515.3042176942764233723250826835197404300780  1.24e-41
   371  516.0860823030057109111249002933112072268483  1.18e-42
   372  517.4544049678404046690302897031464988870503  3.22e-41
   373  518.6794575577559746229979970025759378341526  3.76e-41
   374  519.1100183768177184021782884829858745747939  3.39e-41
   375  520.7624337199770048350869323516277094581654  1.24e-41
   376  522.2733604794607211230359907446224187149275  3.72e-41
   377  523.4431049572825953444895209906502758762664  3.62e-41
   378  524.2520994573979078237755461281148006114579  1.84e-41
   379  525.4748184043414584754605525537651018574020  2.90e-41
   380  526.5398414907120791203680529351448615653123  1.63e-41
   381  527.5925834963743554474642794655959523899770  1.05e-42
   382  528.2625037257043695522077451771923984453577  3.09e-41
   383  530.0226100056633200623643760416365636147542  2.19e-41
   384  531.3456483716764651516472235709368817903305  4.10e-41
   385  532.2323061933818128098127157144073399973149  6.36e-42
   386  533.6846642854942745409139348237369318292593  4.28e-41
   387  534.7832910412032801818892483715301666480737  4.14e-41
   388  535.0773188709124860956749467313818609772741  2.12e-41
   389  536.7862321975938433951501499022557663828926  1.47e-42
   390  537.5977896650461391586508044576607847156287  2.25e-41
   391  538.8230999248308128396862266753657422694489  3.53e-41
   392  540.4083522006577474333298244820868436053846  3.08e-41
   393  541.5291796788548545100585744391645195586727  2.69e-41
   394  542.7196322800789526593334296657851217072809  3.36e-41
   395  543.3299926557815239555796520762079781465171  2.22e-41
   396  544.7195844172088232112302192154224260662790  2.04e-41
   397  545.5408240119936707463074936966550617145121  5.49e-42
   398  546.9541296950657867533306990588432296148380  4.75e-41
   399  547.5141489364162091138045939704033920048859  4.54e-41
   400  549.8863727864124903970905708197268040752306  3.92e-41
   401  550.3132294999228769807318142667343696181679  4.11e-41
   402  551.4340204210081933618921019747145816865448  3.79e-41
   403  552.7254813939120874097609055919856084139898  5.06e-41
   404  553.7416710255736127977097852778634032194116  4.10e-41
   405  554.5554248456961075367463867309512788591834  2.60e-41
   406  555.5684887375562510233719859045750233800703  4.47e-41
   407  557.0862667279514412673986944637378151368510  2.67e-41
   408  558.3597202089014309178895904243773666869325  4.71e-41
   409  559.5611310792139406705617456993865101083385  5.17e-41
   410  560.6223167796622392113467710960525679928417  4.50e-41
   411  561.6114366190000939778022441079954219293518  1.71e-41
   412  562.7765338451267728446067534088961132328000  2.22e-41
   413  563.4112343394521588673228984537365764406051  1.07e-41
   414  564.7787487388099447951656794159125144389694  3.88e-41
   415  566.0024181898542313478542168669094498629188  2.40e-41
   416  567.1601141031264125943323418003054544432992  2.06e-41
   417  568.7637842113446965079570416679488687817550  5.45e-41
   418  569.6607891100117366076409548500145057465893  3.04e-41
   419  570.4272355244301370408889540914676205710732  4.74e-41
   420  571.5422304890752871116690526334748182598052  4.34e-41
   421  572.8647418234379423539062921929641815587125  5.90e-41
   422  573.6236313467124630750247046656002333282014  3.95e-42
   423  574.6186005943403261868719962139227832267910  3.83e-41
   424  576.6669519018190163338813207082974542345382  5.54e-41
   425  577.2413641451125791600604869902794528812454  4.45e-41
   426  578.8254824425303973140988704711038882707111  4.09e-41
   427  579.2520994350059029269613428281955369186797  2.19e-41
   428  580.7234625043572962939453484339742278770481  5.54e-41
   429  581.6979306631191850212183651707344874101466  2.30e-41
   430  582.4216573389029923860483894360482647826603  5.84e-41
   431  583.7283233459834493633287761497294647566954  4.00e-41
   432  585.4389309682226636653590828754987366457268  5.97e-41
   433  586.3259725237723565655891186506582242239378  4.19e-41
   434  587.3469651310184334747859156606803788333297  1.29e-41
   435  588.8452106599484437660669329315977631424511  6.10e-41
   436  589.4522122547767102408571551293728017216502  3.26e-41
   437  590.2197733997987760514545565229777976842920  1.18e-41
   438  591.8476275879386883207507602595854311916453  1.31e-43
   439  592.5113093657920430071921809815378442318462  6.19e-42
   440  594.0464235061286281185056739807516707778096  6.76e-41
   441  595.3878348577767625963719163970597653793575  3.68e-41
   442  596.5686306394250270491828341471872911096119  4.73e-41
   443  597.2631725264031654732542012586536561107870  5.23e-41
   444  598.5194541215006644716528856931228917683369  6.87e-41
   445  599.2829299591681327337127383823268806924371  1.85e-41
   446  600.6856315449810701114920132903280866263266  5.66e-41
   447  601.3916876949544362580743684351550831501808  5.70e-41
   448  602.7794142185645248612207113134645472524027  1.06e-41
   449  604.5370003602297437383019240307155334606237  8.67e-42
   450  605.3082026956367356855392207625700247485213  6.94e-41
   451  606.0180255395150531006435347330079443356135  3.83e-41
   452  607.4778097706593577733312725791291752201033  5.62e-41
   453  608.5301879979211043565323645103222594046057  3.66e-41
   454  609.1108188626574673661737635167872445963715  5.39e-42
   455  610.3261160980714165966275208076381412562067  3.29e-41
   456  611.8205017297251678659581902678749774064447  3.72e-42
   457  613.1674106740179954560984181641918245736990  6.26e-41
   458  613.9777797351013730082313780838730535528076  7.73e-41
   459  615.4624891575917661098168263301420466227588  6.80e-41
   460  616.0303285924098512515588424980963379558548  4.73e-41
   461  617.2638063079505764243243422610030294844465  7.04e-41
   462  618.1821551243407399680614229861284831590627  1.20e-41
   463  619.1168800452857042710419771957180745014079  5.13e-41
   464  620.7368778154445948704901255552578148632709  7.88e-41
   465  621.6147330234616456457774671615241583962915  2.65e-41
   466  623.2335231476163340921890336795972220520373  4.16e-41
   467  624.0665798685338084544150998016784012619792  7.49e-41
   468  625.0751564322204423859119610372811606697518  4.94e-41
   469  625.8213476039693117331810337339864503344829  6.93e-41
   470  627.2140459581235467047068629942189066067292  9.89e-42
   471  628.2756475673508615627091003845434756546427  1.44e-41
   472  628.8509939046310056774871390782921309762136  5.11e-41
   473  630.9151680453488391958478076046398240310212  8.14e-41
   474  631.8439283741527510368379034567012770691562  4.94e-41
   475  632.8038271090159889875624033204375927502296  8.05e-41
   476  633.9151554982466975830184772717685722306661  8.28e-41
   477  634.8367875851349371121038943281903815609939  6.84e-41
   478  636.0141220927648518429462972493442178381904  7.90e-41
   479  636.8394511699794048142777802986051109157253  2.00e-41
   480  637.8352162410553131237826175954028441451383  6.27e-41
   481  639.5349536310770880985477618066788447282570  8.56e-41
   482  640.8601425243898428323197002895598306820812  3.65e-41
   483  641.3142273980366490496595545917183698622862  3.21e-41
   484  642.9353193254099721904077937632602717558305  8.40e-41
   485  643.7086090357347739354543520605550121754578  2.34e-41
   486  644.6886211086911471884161613896924832490942  9.32e-41
   487  645.4342277749353132796769350135428613941394  8.50e-42
   488  647.1287069788668745985471257374085408287961  4.02e-41
   489  647.7720098755977567218936103655888537283655  2.82e-41
   490  649.5325606993842834760131732355921573050176  8.28e-41
   491  650.4828324410362492681933829723803375968891  6.16e-41
   492  651.5646526372131358187896680031394585558366  7.47e-41
   493  652.4314158678589096895845693447852551678564  8.21e-41
   494  653.3909604726604144686976146698830928934344  2.72e-41
   495  654.6048833260269490218359995160691204777502  6.16e-41
   496  655.4721564066804599596613779243986471254778  4.23e-41
   497  656.6523173020637563348512201736029476580146  1.96e-41
   498  658.1130222023188161866504565527375932657146  9.36e-41
   499  659.4816164227058374203292042156185702651805  5.93e-41
   500  660.3047366307787201790182451298158424689139  8.56e-41
   501  660.8775471929871978197944980501713096006422  5.78e-41
   502  662.6832732833052840451818859921996738411265  9.62e-41
   503  663.1048200894569462408872582110247229906783  5.12e-41
   504  664.1431885894008942508498545924612999864193  1.46e-41
   505  665.2954801881133941642294532639634340199145  2.85e-41
   506  667.1170933866885791182100954957419403735210  9.73e-41
   507  667.7504550758482761862281949127682543650269  9.79e-41
   508  669.0218895493720459332110539883141663921104  9.58e-41
   509  670.1629193469657997914563512820394841867721  9.19e-41
   510  670.9324986693508944084245226096831564899267  4.25e-41
   511  671.9981891432242645912364777705466083496300  1.78e-41
   512  672.9679327536605393467858320525163850617156  5.03e-41
   513  673.9996126130247584441837185339145532694973  9.80e-41
   514  675.5420274286742325632094229249903973578094  8.86e-41
   515  676.5684655101175683091084796929197472889358  5.77e-41
   516  677.7539452528048227026099449782018550183693  8.12e-41
   517  679.1142482311373846052014815396531343222756  9.53e-41
   518  679.4577304240191753084491436259474328653414  4.95e-41
   519  680.6148319499675584102280379874176630976657  6.60e-41
   520  681.8573956344983824739940963722586802932739  1.04e-40
   521  682.8638155514852770596507760050687679454744  7.08e-41
   522  683.6783715574975665658960494466051841635909  6.98e-41
   523  685.5219309195127029709089676666784102310051  5.20e-41
   524  686.6984289032649665333727881469427653968277  2.32e-41
   525  687.1556949313100305058058432292827146838789  1.48e-41
   526  688.5223614583667214153003660434516146759913  9.45e-41
   527  689.5384548101426400187064187822073830310498  5.76e-41
   528  690.3169227542557001108390760585168782482780  1.00e-40
   529  691.6569437132778850133349260338112629849874  1.04e-40
   530  692.2113381841707885403765496905676696020866  5.97e-41
   531  694.2221906007831753415935950523860038313860  1.13e-40
   532  695.0675033144298369465964067619445540065104  8.52e-41
   533  696.1459920576557631023650564639742827981195  9.85e-41
   534  697.0633412799832701188203222298933659986226  1.12e-40
   535  698.3865354628259469292342981430841249392648  9.61e-41
   536  699.1544272301559083773146043786986672717092  6.53e-41
   537  699.7747478100384107581651053014011196836720  4.08e-41
   538  701.3975632214916149910627733624579606851218  7.09e-41
   539  702.4374689618244104898804146720730982709789  3.42e-41
   540  703.6494570574709690055314166289784894669198  8.03e-41
   541  705.1371707261352198881679266098677628755049  7.38e-41
   542  705.6557244124729548317479078839109208836151  1.23e-40
   543  707.0475730308377868573070902666082568248782  1.09e-41
   544  707.4801038733355367657456671974053037823612  1.51e-41
   545  709.0564863901216909394302390562877406181515  1.13e-40
   546  709.6493876561047309742990352153169651266969  4.74e-41
   547  710.9819196337145872389501292378674147485052  7.25e-41
   548  712.2873050100931677114339547362042637434755  1.26e-40
   549  713.6865762057861229829277185842589039622346  3.68e-41
   550  714.5269683747456867236707132394293844873194  1.26e-40
   551  715.3806343618823867189292140833351657934568  4.47e-41
   552  716.3403504095114779314173081281636742410977  1.32e-40
   553  717.8451907315223723841651721044544850027215  1.26e-40
   554  718.2755061808348808397689951987596172216878  4.50e-41
   555  719.2557667910561985989798472305044021159744  3.39e-41
   556  721.1089710256133799883478511258222877041061  7.50e-42
   557  722.1224237670195454824096664856712347037571  5.34e-41
   558  723.0249893823063858004756206437822786207124  1.31e-40
   559  724.1414192605914853623779368871476327386359  1.31e-40
   560  725.3413364947927228818546313111124687660948  1.09e-40
   561  725.9314610054100164615399938102286010293805  3.11e-41
   562  727.0359844240180798220105733720820649666438  1.37e-40
   563  728.1280482150449924038682458140358427578026  1.39e-40
   564  729.2396983259437372601043664252104926592101  1.39e-40
   565  731.0017594091248283474161789435220750391350  5.92e-41
   566  731.3706074388291283539648122186277543538097  1.34e-40
   567  733.0055188712262520336948089285780930840672  1.34e-40
   568  733.8479071231663119280263091900653408066601  8.76e-41
   569  734.4996221020519691208180873871549773655798  4.53e-41
   570  735.6731395960382887771925181674189914188367  8.21e-41
   571  736.8324802516314082275850733252713592702443  1.06e-40
   572  737.7764204153643642714384063211331753242191  1.27e-41
   573  738.9051723291419235065796834778822628860042  2.52e-41
   574  740.7845072295829495360182606934933923989598  8.80e-41
   575  741.2484751409866336710397751406440899100724  9.71e-41
   576  742.1738853081238488692938721683639219248045  1.37e-40
   577  743.4562505476215010241491925262723060973863  5.32e-41
   578  744.2973415290655214061378090486454450790205  1.47e-40
   579  745.3650409126463602322304045231796427919113  1.43e-40
   580  746.1862055822076370417842810448395055825196  8.98e-43
   581  747.4844843455826174571308463481096371814834  1.13e-40
   582  749.1035679717973272584241340009851338175847  2.15e-41
   583  749.9267784341526509951442557348863013962092  1.38e-40
   584  750.8473130747977001096061386150887016359095  1.29e-40
   585  751.9482260833402481051915494184152059654532  1.27e-40
   586  753.0602147996005477844321147735404180365975  1.29e-40
   587  753.9185753372820757421336744846398811333303  1.44e-40
   588  754.5724758326966467269662221386883470463399  2.52e-41
   589  756.1281914970878829299461633522570552949530  1.45e-40
   590  757.4240554532332728959623137583986285918295  4.83e-41
   591  758.2802182252336375209904741613122396100530  1.54e-40
   592  759.7540227030243570388363851754149955169309  3.81e-41
   593  760.6282770981918159164358485607713468330154  1.17e-40
   594  761.2444429911981870904943966370402573057522  1.62e-43
   595  762.5908272166265044382837912018495081991765  1.39e-40
   596  763.3100550264148312456083789519245322964776  1.58e-40
   597  764.6279540171485529931664972741950009884716  1.14e-40
   598  765.4658399195164598047849209179385154409669  1.44e-40
   599  767.1901423824595599263819858843270258024083  1.43e-40
   600  768.0021656690959892154550674306934631655724  7.78e-41
   601  769.3013029110764742750398717074739339697744  6.79e-41
   602  769.8958429050248437042692155215692771981378  1.48e-40
   603  770.8843454388088945894122677752797590839522  9.31e-41
   604  772.1999669655394902854590820005743716141321  1.62e-40
   605  773.1601292184248170114609423027520893116337  1.30e-40
   606  773.6085763719094137144906795902890091234605  1.48e-41
   607  775.6985221004328366624212421641421126121755  9.77e-41
   608  776.6029726995279622555058228665804553106882  1.62e-40
   609  777.5885002573485822490802245446885630522137  1.39e-41
   610  778.4480186972737733001310037368861244031982  1.59e-40
   611  780.0118153170835047604857159279251443710068  1.45e-40
   612  780.2677418628217697152261908293077643548095  1.65e-41
   613  781.4299093936495544455353981570610390435810  6.16e-41
   614  782.5671197636647664362180287242095905266466  8.60e-41
   615  783.6793335766672478419043629588921986176934  9.27e-41
   616  785.2473522089781764659428629555919014931691  5.96e-41
   617  785.9751149461528792419647615857737222855231  1.43e-40
   618  787.2033396256100246780155566143057945868402  1.68e-40
   619  788.1775821688510635190024131311610858305311  1.32e-41
   620  789.1922411357444616856388767194399795373844  8.26e-41
   621  789.7200634714278935122491070080167755644731  7.25e-42
   622  791.1905583302416639182160120153777575140078  1.74e-40
   623  792.1328133084700424434795426104951872704869  1.41e-40
   624  793.2057338391309918966984630544631957789248  1.27e-40
   625  794.7515276416047326296613699712691282701671  3.95e-41
   626  795.8378695406058154701651381543266714115978  5.09e-41
   627  796.5455736338162001093101928184360436131881  1.46e-40
   628  797.3689606617934428540338806183317549112743  1.80e-40
   629  798.8175792686610805221751995899300019524561  4.52e-41
   630  799.4985044839909482427656873909989087002368  1.79e-40
   631  800.3917836965076960375102486926765919332461  7.58e-41
   632  801.6609761054925773515841020031696647768540  1.71e-40
   633  803.0818930668000974124621268650337238535305  6.98e-41
   634  804.3361961742036795648320002967780485153724  6.30e-41
   635  804.9658868194199003669654230654812073820483  1.73e-40
   636  806.0059841091561645349517462273387553905278  1.51e-40
   637  807.3345945651177240835048943606995066527181  1.60e-40
   638  807.8459029274137465495451487158137246420204  1.84e-40
   639  809.1717466430555018708070960873636637393648  1.25e-40
   640  809.6644491040838683699896419955103991164134  7.75e-41
   641  811.8320481017787747956663527542683486849235  9.90e-41
   642  812.1920792656544326259748444249768378248351  1.70e-40
   643  813.5983140380647611688635461263930554960351  1.00e-40
   644  814.8363220435619159093428286685905904371855  2.10e-41
   645  815.4764687319181242320238412049079132500609  1.66e-40
   646  816.4077885966892607510832479034416077089548  1.41e-40
   647  817.4541943546967481211803776122805273654015  1.69e-40
   648  818.5666645646980614545254954569457087500692  1.62e-40
   649  819.4900185263512470347429493754802036888896  1.91e-40
   650  820.8445076139046638411045751046486536915583  1.05e-40
   651  822.2620411345026583664917272171345912496878  1.65e-40
   652  822.9324768190595227480514065811868248420455  1.71e-40
   653  824.2263725114888580428740157715645828398962  2.47e-41
   654  824.7895447192018427457645782749472914022566  9.13e-41
   655  825.8768526128052552279822348100826362775344  1.23e-40
   656  827.2158224373358664976582121095905700163579  1.94e-40
   657  827.7448231294202022243432286664735460978942  1.65e-40
   658  828.9176996549267487926223445883411073778301  1.96e-40
   659  830.8261103680654618444730923970442281163788  9.45e-43
   660  831.4532825582916053583192172180619994110715  3.63e-41
   661  832.2360632993281074758746612920421155808426  2.01e-40
   662  833.6150908826182194955130491657076969529230  6.27e-41
   663  834.3899321917643373118244744442046615147394  1.94e-40
   664  835.5522947534417308542822431201410041288540  2.01e-40
   665  836.0098582847601137890008911782643737710264  1.27e-40
   666  837.4799265298590765991915752035057041099205  1.36e-40
   667  838.7310231747385535603435195367958527429077  8.85e-42
   668  839.8891421658978115385523080299578136973487  7.22e-41
   669  841.0182901140903519804728330086173191212050  1.05e-40
   670  841.7572000964498193162192874929018450907807  1.92e-40
   671  843.0439030975674625168139777850674826815263  5.33e-41
   672  843.8434523842728068948720129360488078364245  2.07e-40
   673  844.4779211675936007217762374478813671676111  2.10e-40
   674  845.9466045257740938000082718398657995303394  1.83e-40
   675  846.8503853425246575794555862906610499491239  1.70e-40
   676  848.1161386019675142106087078084006636387365  1.78e-41
   677  849.3749141993481087690119690889054942982471  1.43e-40
   678  850.5308625012066201679172655036229297751859  1.87e-40
   679  851.3182858560692472039183846054554639874861  9.27e-41
   680  851.8806078733263780513464559239732076895891  3.89e-41
   681  853.5153448535441851950491162691452935324240  8.08e-41
   682  854.1389287857235642339410689467202241650029  1.08e-40
   683  854.9886454332468717188172608679718052173627  2.19e-40
   684  856.3623575976723910826617501478567353832136  8.26e-41
   685  857.8204516676711630452318021183281820748524  1.35e-40
   686  858.7628642429161580337305405377486717803125  1.39e-40
   687  859.6365592328240780115590710467085139253183  8.27e-41
   688  860.6370802027576353955247696749865304566209  1.61e-40
   689  861.6311401167167162837762552107676936673837  2.11e-40
   690  862.7330614713258825416102297464797710999181  2.07e-40
   691  863.4032481952453344953322938036912978899481  2.12e-40
   692  864.4253139611600605849617924055590047907329  2.28e-40
   693  866.0778724198237311166125771226331128385535  1.69e-40
   694  867.2557977679246778849027815265566430819363  9.76e-41
   695  867.7113912314701330568438480586387195584879  2.26e-40
   696  869.4243658715523909564452047746404122575805  1.08e-40
   697  869.9630623745787662521027045014286548526894  2.02e-40
   698  870.9039279534106576212164701906359849419515  2.20e-40
   699  871.7689637495170045354539779051789662177566  6.00e-41
   700  873.1849372931628819416223061461873775587701  2.19e-40
   701  873.7964314431511986593757465562383968657644  2.35e-40
   702  875.4128819839741457643239409675606800461806  2.00e-40
   703  876.3913904264608535748377868670276517555313  9.99e-41
   704  877.8057975632865002270798139357281618597238  1.38e-41
   705  878.1260611132679233959730844528692733700231  2.32e-40
   706  879.4363866429915273171986759157253779466510  1.38e-40
   707  880.2697642121314755935615798946718735859521  2.23e-40
   708  881.2165699434624791230644422459596620312823  1.35e-40
   709  882.6546276579918601071044788529661077965514  1.75e-40
   710  882.9367662175147558506063411233947418328781  1.13e-40
   711  884.9862021650770355369731074366925955506165  2.56e-41
   712  886.0500103852549900849518929019382654276266  5.20e-41
   713  886.4903606213843556903558691308342910443501  2.29e-40
   714  887.7295241075715850421864313319691698944016  1.26e-40
   715  888.7938073023511314884177625548120065309874  1.47e-40
   716  889.7917997428082261178230374777157724748623  2.12e-40
   717  890.4169716562444015468669166343552397621815  2.35e-40
   718  891.4998737352183723310605116138810373703759  2.37e-40
   719  893.1546273356171484772930771808546184183210  1.35e-40
   720  893.9263092710542968837154007577988932153580  1.60e-41
   721  895.3406240380287053722429377344698884380910  1.23e-40
   722  895.9442780822350463116922153776008794164215  1.78e-40
   723  897.1898121892648005265511090794676507925452  1.15e-41
   724  898.0233347960587887304153612538645266024735  2.33e-40
   725  898.8965183746390062577889136840629328776147  1.86e-40
   726  899.8145732770229808469166436590113793937082  2.19e-40
   727  901.1178461882276583501291101909283590406018  1.34e-42
   728  902.2725211064735096530382751481457809508487  8.45e-41
   729  903.3323337035685332708359102383590293577912  5.37e-41
   730  904.6828560134566449373367862160992263448513  2.59e-40
   731  905.4770575836091617370741391931248573744326  2.18e-41
   732  906.2159102828407235439304599590113001365810  2.51e-40
   733  907.1888457060289053587934640864910784009174  2.14e-40
   734  908.4767663164280513381976600004379729942678  2.28e-40
   735  909.2936146744497430867761590964382095358677  9.68e-41
   736  910.0183328272632991413334537938693578812027  2.22e-40
   737  911.9719595230666280706876582505576180454428  4.00e-42
   738  912.6401137335830844182462466658970705862227  1.69e-41
   739  913.8881330731993625301928587340796818047364  1.98e-40
   740  914.5634256715809674655260267996385727417642  2.31e-40
   741  915.6612881361191527616124557204735274147649  2.22e-40
   742  916.6578665014642924922319639782315304444150  2.54e-40
   743  917.6653981526862848277539664692030338270481  2.46e-40
   744  918.2833983273549305719182978749737598495349  2.38e-40
   745  919.7198008766656841027659796245561286777386  8.60e-41
   746  921.2189430567522516231144086197324808038575  9.46e-41
   747  922.0790037133813710742743701240283837389874  1.51e-40
   748  922.7225182642769970123242177455495198868531  2.62e-40
   749  924.3169298615094640071730664641589012115642  2.17e-40
   750  925.0515202551441199311150565513081341810017  1.76e-40
   751  925.4752905914472751567472980414553740677519  2.60e-40
   752  926.9441078388910177262051170541455200885515  1.74e-43
   753  927.8188151597915983229035127393918014796343  2.28e-40
   754  929.0828234122019200682164920617997821151797  3.42e-41
   755  930.2016677377835369944608129937470706225823  1.36e-41
   756  931.5632436802709598195320815199880456069531  2.73e-40
   757  932.2040673065957292296856278883117954931268  1.79e-40
   758  933.2979530327805816152924563914590456704202  1.67e-40
   759  934.0647200641804700265860501052603725171859  3.93e-41
   760  935.1973695333508743377679822756981566238658  2.91e-41
   761  936.0332948835355074716455386730860511874465  2.44e-40
   762  937.2338231503482445903828162380609950308221  1.34e-40
   763  938.1300351159512224126318739861983118359829  2.71e-40
   764  939.8757819241412274451277506541888010701659  2.78e-40
   765  940.6094731964044240844963770957251382979692  3.63e-41
   766  941.4887807811081408234887419331360848592413  2.04e-40
   767  942.2767249823005619183622203451849748411995  5.80e-41
   768  943.7347207128328330818228520517695404076135  1.15e-40
   769  944.3595487574863325236695150590015067941899  1.56e-40
   770  945.1428272175800358259971257737636559692042  2.54e-40
   771  946.3337466880346453870706940201885016265839  2.79e-40
   772  947.9313340620183581427048285204065623971476  2.43e-40
   773  948.7968318077002062225357511916064155617221  6.28e-42
   774  949.6809978797909673889183605203690003612455  2.30e-40
   775  951.0606377628507422824923604682927043422353  1.31e-40
   776  951.5458215159980632507715690374105060346192  9.71e-41
   777  952.6928266346553960863143535585645658831425  4.70e-42
   778  953.7005309256842895572724859952308343804605  1.02e-40
   779  954.3125066540761465109510844032205894645468  1.46e-40
   780  955.8664605382454808676832699964531802731546  9.23e-41
   781  956.9620439568682344091842670972743875839005  7.02e-41
   782  957.9513826889784781230803051321162160793550  1.79e-40
   783  959.2857540808413877061571041603745625208790  1.52e-40
   784  959.9433908873621575217458044528513987976437  1.60e-40
   785  961.0899696078645371076492715621292596144242  2.34e-40
   786  961.5139838929672502161525132261348837562474  2.26e-40
   787  963.0592763695673899315995508651160447109352  2.96e-42
   788  963.9308973739743245404934145107995328539240  2.47e-40
   789  964.5653002268966913236046804804219880082527  2.69e-40
   790  966.5076139971614294480833008932329967616506  2.53e-40
   791  967.2924407126569447119104992544327451003552  1.11e-40
   792  968.2253798169344749470453036698092149355899  2.50e-40
   793  969.2271588678808048026905646991816644979912  1.68e-40
   794  970.0494697820222586125882998882706839002793  1.80e-40
   795  971.2729884550159574391881766176932307820748  1.81e-41
   796  971.9427530224841092241158432483079981687285  2.80e-40
   797  972.9602286868556069302566887647564990152593  2.40e-40
   798  974.0848602375804426876346390329024042437419  2.38e-41
   799  975.8559953971539574808371601930587607708039  2.98e-40
   800  976.2983417121830129461885708527458796031114  1.10e-40
   801  977.3863153538661195329351162830563636134779  1.26e-40
   802  978.4002506460377350857425959990260522840353  3.59e-41
   803  979.7133794093729327595709679835510159376561  2.96e-40
   804  980.0323729952236857205707721309151500194926  2.05e-40
   805  981.0047757189270267905129512207566286980606  2.37e-40
   806  982.4424412680766662540939087900984600442505  2.75e-40
   807  983.3724918043081144703569464399858712590249  5.75e-41
   808  984.6379578687552238668793153481599289218229  2.83e-40
   809  985.7452643520626684068846995928326822020396  3.02e-40
   810  986.7755141735005741308889163939053059184592  2.71e-40
   811  987.5130132937347333464274352809560636232369  1.75e-40
   812  988.5079760309537836476875963566714902892416  2.57e-40
   813  989.3705241750265789887764167992163751866189  7.52e-42
   814  990.5970163452638392955598836237090689259577  2.93e-40
   815  991.2384329234069633925705025915974809706008  3.07e-40
   816  992.7201501873716828693422811829296461714053  1.88e-40
   817  993.7485809309355846741378103880936216167744  1.24e-40
   818  995.2030390473339673147054919363635914048037  2.58e-40
   819  995.8472566760265032013557020092557689035001  4.93e-41
   820  996.3596017762251504184466019085398557331364  1.62e-40
   821  997.9979867014642788158894503386971998128894  5.20e-41
   822  998.5231520545732274647545909688162300225753  1.41e-40
   823  999.7489080712333573782481683760749664813767  9.09e-41
   824  1000.2194461549807948236765910184429321978365  1.56e-40
   825  1002.0664239411946687743183336053721484629215  2.92e-40
   826  1003.2593550806641416715513038199430040149356  3.27e-40
   827  1003.7119690926423152373091004120841737996172  3.08e-40
   828  1005.0647733742281622432066489809383684032998  8.52e-42
   829  1006.1092001399959869193436307461861431326780  3.62e-41
   830  1006.6330791433504782653770602953139503123762  2.20e-40
   831  1007.9317831209365373333836437491262742267485  1.16e-40
   832  1008.5608867196118987259812557254836343637491  3.17e-40
   833  1009.7559463140719674956699711877361181518181  3.02e-40
   834  1011.2104877039705628136734050445591495788164  1.98e-40
   835  1012.0932799924298054956737524501824962733282  8.76e-41
   836  1013.1530446913796801458920763738538195484525  1.07e-40
   837  1014.2687157583064511257807047841932565491968  4.08e-41
   838  1015.1708884236737516222824986894992445946944  3.00e-40
   839  1015.7590747717302049376715457932037988486436  3.15e-40
   840  1016.8551663020970050815576644370032665608670  3.00e-40
   841  1018.1678368278606430845792081968764928284883  8.01e-42
   842  1018.7450539398145141834253119542413707632030  1.12e-40
   843  1020.0544191956648871708944974718326582400510  3.08e-40
   844  1021.6987959945827212805270932035363385587961  3.36e-40
   845  1022.2678419458753936180922530681824742988925  3.16e-40
   846  1023.0807460026497116707956340522381773911741  3.33e-41
   847  1024.2682823086936450910110130094335779483824  1.53e-40
   848  1025.1358593523471044635153786024106186443362  1.68e-40
   849  1026.0288322125051782921527687115040966298056  3.28e-40
   850  1027.1280112905041069285940973883801862222288  3.16e-40
   851  1027.7982101130720101679775077851610728159381  3.15e-40
   852  1029.5653758947519282534650044411529116249250  6.07e-41
   853  1030.4693306254959790533155662920960344637016  3.47e-40
   854  1031.5348035191171059787139069227681476956796  3.44e-40
   855  1032.1550793732232529184359067508217843704406  2.44e-40
   856  1033.4204158548567661424563833849029145969496  5.04e-41
   857  1034.4515770303410822316906709343696983384632  1.45e-41
   858  1035.0245847147176249497192006658788766471617  1.42e-40
   859  1035.8668123713398619142075867251086834305347  3.47e-40
   860  1037.5714021103070069236208415870606623804533  3.57e-40
   861  1038.2589966683966811670691396471259592558421  1.03e-40
   862  1039.6848768209440438577881192316860677856790  3.51e-40
   863  1040.4773743057237910962935892736737478187678  2.92e-41
   864  1041.7473118523140620550915497897336256818198  3.06e-40
   865  1042.2927878355049385162313653229593103887572  1.88e-40
   866  1043.1829011700511868147727167092435428975262  1.12e-40
   867  1044.4821603382772116533234860989650493644450  2.57e-40
   868  1045.1115159380341162768461138568421921907332  3.42e-40
   869  1046.3238630830781775772045807336005210894632  2.11e-40
   870  1047.5769334134834600838553143885307822862316  8.80e-41
   871  1048.7260067592660538591702240649156705527321  2.12e-40
   872  1049.7614942905765973179317866486977531326384  1.63e-40
   873  1050.7317425263043284093472170363593886343749  8.86e-43
   874  1051.1815299443429850833888365087293692626997  2.95e-40
   875  1052.5219075510498460510973813645783023534076  1.25e-40
   876  1053.6428938155510414624779594162780277052943  2.07e-40
   877  1054.1249807392107298608609856528025798753480  2.79e-40
   878  1055.2215221974065161449107351442931051164459  2.34e-41
   879  1056.9942418041267364681995002030835782931805  3.51e-40
   880  1057.8143715582775667834118120150003892098818  4.35e-41
   881  1058.5443101786629856765244609190321908349545  1.82e-40
   882  1059.7220891340924961607676169659102249750392  3.21e-40
   883  1060.6831829270317893177578538390949770767443  1.87e-40
   884  1061.6709472676979309420028673663624585340305  5.33e-41
   885  1062.1530930547892602108413226243902731170579  2.29e-40
   886  1063.5903791862539553923629152354936500633900  2.81e-40
   887  1064.3203593383841009772728700316866459558239  1.79e-40
   888  1066.0586756124912034583271033196872205285690  2.41e-40
   889  1066.7089267706772021178502649632306118383630  2.50e-40
   890  1067.7224760567747834505830862294832042714758  1.70e-40
   891  1069.0574346349636620098339558130212400512635  3.68e-40
   892  1069.5449593579837902514900754150034941289987  3.13e-40
   893  1070.5444783758575316617857140687064845522622  2.38e-40
   894  1071.4292320998277619838217247959547029887641  7.86e-41
   895  1072.5955593030833175852597140963376527917155  1.03e-40
   896  1073.6465390754106383484862854718268742919622  7.57e-41
   897  1074.5639979721050456547706725547389961372442  1.85e-40
   898  1076.3574635081320224060149136378511953349424  5.11e-41
   899  1076.7795865723758308792941828814990636385354  4.17e-41
   900  1077.6962573691042950903000473480009305913152  2.74e-40
   901  1078.6827418221518104444258037218569763169080  2.79e-40
   902  1079.8138407894123199025113731150525153173665  3.49e-40
   903  1080.5103280040552172013271083829958532603167  2.34e-40
   904  1081.6048216813301941848732122565122936770011  1.89e-40
   905  1082.4191112786000341278543980017087830263971  3.68e-40
   906  1084.1155983519577824966122175754412503852784  3.71e-40
   907  1084.9400596125162094373668470721696752393520  5.87e-41
   908  1086.0628906898257817791441181187929147629918  1.60e-40
   909  1086.6657157331121557037938248508080668737407  8.51e-41
   910  1087.8127398667779927385033717798435452378603  2.26e-40
   911  1088.9239800055164056659270557917272053334236  2.91e-40
   912  1089.5838574460537332269229321437873828283233  3.42e-40
   913  1090.3240046411015085678558767842098320934719  2.43e-40
   914  1091.7761341011229290475648015959379047537597  2.74e-40
   915  1093.3355570798847310559448060625439329707926  3.86e-40
   916  1093.5379588158526087105727194434011513225005  2.08e-40
   917  1095.1703424879845195112188096129892242552800  3.23e-40
   918  1096.0035068997269197590645628443238117278427  3.47e-40
   919  1096.7343322314837198387585700160688087469068  1.99e-40
   920  1097.7542378290998080398275534883538199851158  2.63e-40
   921  1098.5453439516858798334289010571431143938115  2.07e-41
   922  1099.8504922362757014595769034370505114560380  3.62e-40
   923  1100.4991874118292869320561123662699269584355  3.07e-40
   924  1102.0231682290602748422248713316803840767764  3.91e-40
   925  1103.0684859899991154500284093655395583154742  3.80e-40
   926  1104.0794703497869695145307789821461486339021  3.35e-40
   927  1104.9349938678510418390294992607732533107595  9.21e-43
   928  1106.0260466275500931468077526577151205818699  5.25e-41
   929  1106.3672067489068462240575157263190363090010  3.88e-40
   930  1108.2534084973973505138592945776679678446124  2.30e-40
   931  1108.3870006675617410369696373625608975876324  3.77e-40
   932  1109.4567440706374618770812160043419896735338  3.80e-40
   933  1111.1366129593336397884341629263131436327517  3.71e-40
   934  1112.2052798264717396190965041056858157286412  3.75e-40
   935  1113.0584318005738866090039245038899681011850  7.50e-41
   936  1113.6578833965964662931127697252279284571644  1.44e-41
   937  1115.1274395358760023034544663173694030701397  3.84e-40
   938  1115.8975306380270884175576248851505482698783  2.05e-40
   939  1116.4825768776464686237846815957761965675642  3.87e-40
   940  1117.6725725752561512303218703817158360796888  3.66e-40
   941  1118.6898808492211245993460382900216380427957  2.49e-40
   942  1120.0196455034107216279635877946600901699820  3.11e-41
   943  1121.2242154612492446475059843924183407408129  2.33e-40
   944  1121.8358307110830814692723066321200697683017  1.81e-40
   945  1123.0611364804133485304922074412635462281060  3.93e-40
   946  1123.9831781024466321754256585292170477252555  2.23e-40
   947  1124.7704696670732655489591535314384289538504  2.77e-40
   948  1125.5865413606830551690940891958838162455790  3.15e-41
   949  1126.6441361224976827586981102073620599364581  2.48e-41
   950  1127.8851117784172215913947065327814151905604  3.38e-40
   951  1128.7624420306955948073107787609821831468795  1.85e-41
   952  1130.0692097329662088492973147036236701505699  3.96e-40
   953  1131.2790249091896413280691471795897537921952  3.86e-40
   954  1132.0028149342396056123264182612776929435189  1.34e-40
   955  1132.6212534769261632913152201740539652445064  8.56e-41
   956  1133.8181920522190448982104837721670750640033  3.25e-40
   957  1134.9603465348940980149388045330172700067641  4.06e-40
   958  1135.4876391517237391455774114958380016030184  4.01e-40
   959  1136.5787058116767811045511098453882023834623  3.81e-40
   960  1137.9406886627123173125815968522474824255674  1.23e-40
   961  1139.1416888266270958718070488096999376987339  3.50e-40
   962  1140.2552288114441415589885494196413770751926  3.97e-40
   963  1140.6074818341814510674593727244631463244523  7.28e-41
   964  1142.0739131511183930308006842048941615133867  4.18e-40
   965  1142.6272173465170871671706263748809457625900  2.56e-40
   966  1143.9156226338139720749947102630134694756545  1.89e-40
   967  1144.5504740705733164412172009501404005521993  1.76e-40
   968  1145.3589227997058600032558167782742393516605  3.09e-40
   969  1147.2337869509196254773428748387259798698214  3.85e-40
   970  1147.9556660682184809942805109704827456989713  4.35e-40
   971  1148.7682055169135767564667085489207515402369  1.39e-40
   972  1150.1660654587593340812401015118167050572919  3.97e-40
   973  1150.8763137832351802778970827532138150365352  1.21e-40
   974  1151.6822201629118852801451664745289819853359  3.89e-40
   975  1152.6164337996327311983967229643668982607612  1.99e-40
   976  1153.5500483457090093469685758383615344716510  5.89e-41
   977  1154.7851334181918973310007461600808283133218  2.90e-40
   978  1155.5677843600574360070986713832346941285490  2.48e-40
   979  1157.1573435502160375010114654926801647472303  4.02e-40
   980  1157.9290715318207038435868655441967469869446  2.37e-40
   981  1158.8781375201663462757091223780621841212405  2.18e-41
   982  1160.1255801745694767204139095733167342244286  3.57e-40
   983  1160.3406430191735983005330859809323373433930  3.90e-40
   984  1161.6960302507310702973497143678612007018316  1.47e-40
   985  1162.6323069098821577259859248904902401235970  1.08e-40
   986  1163.6173980338614685731644538115098331871797  2.45e-40
   987  1164.3883193745870636861527514151080420479841  9.12e-42
   988  1166.3426979063210577276732916968953521187659  3.03e-40
   989  1166.7812492413694831432304333004178757984762  4.41e-40
   990  1167.9083036917383372055651566634090849434543  4.43e-40
   991  1168.5069162939124108200217916995639410406204  2.16e-40
   992  1169.9614703123329299212688631236169513850988  4.40e-40
   993  1170.5759869109394105088808104278027586357201  4.39e-40
   994  1171.4306362106401513288439462664920204132126  1.35e-40
   995  1172.3146526553776698649442173392753005470158  2.29e-40
   996  1173.7898110778645820525566591892766038555001  4.52e-40
   997  1174.8256099259898222688377747407419347329988  4.45e-40
   998  1175.8772990867234143656698734188151801725268  4.42e-40
   999  1176.8464625726538893635289443278735218919982  3.66e-40
  1000  1177.5825472338518074094434169272503191471400  4.55e-40
  1001  1178.9182141242651171722265740942524048390789  3.07e-40
  1002  1179.3974236930094631257786847559353211489274  1.44e-41
  1003  1180.2765166876768311692364076784036312253828  3.49e-40
  1004  1181.5112870561180649528369376825506361093855  8.85e-42
  1005  1182.5169809391727666392367534160739660569795  1.16e-40
  1006  1183.8102448308122779299529247003583336669428  3.52e-40
  1007  1184.6086895518646250923073705504760985353538  4.63e-40
  1008  1186.0431204392395786887419605699301464814797  4.48e-40
  1009  1186.7816197754813182336135012731596071678108  4.27e-40
  1010  1187.1708801638722246844975879836705382907184  4.31e-40
  1011  1188.5077878807219458792706828567038310446506  4.15e-41
  1012  1189.6919306456359880143100087026580207586184  3.01e-40
  1013  1190.0901905989751703531313925125082436805562  2.08e-40
  1014  1191.3197446776626214558976310797147433255481  1.75e-40
  1015  1192.6813153167795834505052666858878260718274  4.44e-40
  1016  1193.9494913873893870732090364761020631138909  9.62e-41
  1017  1194.5066019677938269394899634781534963115820  2.21e-40
  1018  1195.6130163005181168667730842916622323922652  3.15e-40
  1019  1196.3960675350033828448251222339656097631268  4.71e-40
  1020  1197.5154243957934456176985338534529767762760  4.65e-40
  1021  1198.2723113530657521621169252592323029978363  1.43e-40
  1022  1199.3458282172906553298104088270370323956410  1.85e-40
  1023  1199.9491914417134960404191220999920117579751  1.05e-40
  1024  1201.8677644062960024287772414553960507618871  3.05e-40
  1025  1202.6130750785052882902211820902252117191889  3.70e-40
  1026  1203.3526268077374235292785127250214854725099  4.71e-40
  1027  1204.5610366953749310401853104452621464698688  3.96e-40
  1028  1205.5749786027524509798920056198852653929473  4.38e-40
  1029  1206.3863746517375543804815309006395859175878  3.33e-40
  1030  1206.8707399862769590272269378439870431495012  9.33e-42
  1031  1208.3549341343568323035832750771712332590960  5.18e-41
  1032  1209.0607022270526909056523726171923024966708  1.99e-40
  1033  1210.4368868504190804691245088798342798787040  4.36e-40
  1034  1211.3936686950470468594880046684517882449390  4.79e-40
  1035  1212.7132028640962512604601743307590142317143  1.39e-40
  1036  1213.3302868229902124474188684424223194668579  3.10e-40
  1037  1214.2616247290651554558753629704771246204148  5.57e-41
  1038  1215.3201072553713530808874510587918898863052  6.89e-41
  1039  1215.9487675194267714764148434465218933347857  4.28e-41
  1040  1217.1212714321627992912759734198395087191501  3.01e-40
  1041  1218.1613761967477530815599298357587398709161  2.77e-40
  1042  1218.9145517341358556890996098714938298351972  3.53e-40
  1043  1220.5538958824618051740240604584766160460064  4.31e-40
  1044  1221.7158870288675688370921479492025625107077  2.60e-40
  1045  1221.9669525633093498234312693888798008252617  2.99e-40
  1046  1223.1875437621810746793118840528527812724861  4.87e-40
  1047  1224.0938807194450608664856904358185652926820  3.39e-40
  1048  1225.1858003727685581795601665401320834691973  3.99e-40
  1049  1226.0995402401503163068812227717212441351149  1.40e-40
  1050  1226.4103789732191425267265665713756997944491  4.69e-40
  1051  1228.3384465562982430450748942965259376518498  3.93e-40
  1052  1229.1544252266905279992359492623011932277929  4.78e-40
  1053  1230.3223874966318453921347191583197654860410  3.34e-40
  1054  1231.1212462991886563692682275890583261022822  4.48e-40
  1055  1232.1298480846958167297969278167813283421019  3.96e-40
  1056  1233.0278155401679190925386489860996386274124  9.67e-41
  1057  1233.9903355224412217193899946826783058626020  4.88e-40
  1058  1234.6594251492647967795587904829479389070917  4.28e-41
  1059  1235.7178738262075674582530665079376247897631  2.42e-41
  1060  1236.9295583259396459802541106528080408270011  3.31e-40
  1061  1238.1919528959269819956578990053266490932081  4.82e-40
  1062  1238.9086717293552448634756375939339386404417  6.88e-41
  1063  1240.2283821365025644632887916013858186861163  4.86e-40
  1064  1241.1122613215496791736565850384059010830855  2.32e-40
  1065  1241.8052219681163359564642019651768289296632  3.93e-40
  1066  1242.5471100679579412994471739803871203774407  2.78e-40
  1067  1243.8474638272489008967284946208192699257519  2.89e-40
  1068  1244.8352424920132129597253820754779491668461  1.54e-40
  1069  1245.3150396725557924223970100521463454135562  2.23e-40
  1070  1246.9458646141405242288520562568665037827735  3.47e-40
  1071  1248.2882434218590876943157941015445268484483  4.77e-40
  1072  1248.6846521433091144837505214529913150608281  2.90e-40
  1073  1250.0457978531488751242290138450235223121757  4.21e-40
  1074  1250.4985023078539383053175194251197090070424  4.84e-40
  1075  1251.7639607385825252087345592155333057029225  3.85e-40
  1076  1252.6077273993337301355473939745439306647923  4.89e-40
  1077  1253.4335265517742165247250584764153408738024  9.49e-41
  1078  1254.3548640422425144214559149844480353588616  2.12e-40
  1079  1255.6755424950100990450214845262099641453844  3.93e-40
  1080  1257.2097126251921199038317857351205148553492  7.25e-41
  1081  1257.6202193473008952991933383241310911102285  4.31e-40
  1082  1258.4035726336277390472068345346459865464043  3.86e-40
  1083  1260.1241023488847489833452222694269986834532  4.21e-40
  1084  1260.2940741077722175693319478549935974889058  8.10e-41
  1085  1261.3369955158843093311106816338994924665940  9.44e-41
  1086  1262.2082333457279217414871379047906704806122  4.25e-40
  1087  1263.3771432157523227336182846476897695194207  5.20e-40
  1088  1264.5171448750209477019234242475432752493604  4.73e-40
  1089  1265.5659073124240384379683322363371583313008  4.71e-40
  1090  1266.6376056942219371664243062496902417531184  4.41e-40
  1091  1267.7538391599884587312691754683488422567780  3.27e-40
  1092  1268.3772110442187800941246954069627779522032  1.81e-40
  1093  1269.2294894124989638313086429925729002760640  5.18e-40
  1094  1270.5852460809660746901960500443440541530875  1.08e-40
  1095  1270.7828007255067017596354840106841434813562  4.83e-40
  1096  1272.3961302776450002293893700189326574668017  5.19e-40
  1097  1273.0104028680141586389955070011105055795206  2.86e-40
  1098  1274.4182256340571685926437906085744946974639  4.74e-40
  1099  1275.6134792121600323647899849097127764665733  4.86e-40
  1100  1276.5273543445840272603378617465391675385424  4.84e-40
  1101  1277.1672606956639063551987873652457078335173  4.98e-40
  1102  1278.0117466734818629498845587166052643343387  1.34e-40
  1103  1279.3572171029781169278610130409018723932454  5.15e-40
  1104  1280.0255106440068714610293613151229701683620  6.87e-41
  1105  1280.8099603852165607508145285261806324013676  2.94e-40
  1106  1281.7978013251217651903144745166575201196506  1.55e-40
  1107  1283.6164865448318157746575063582883853538725  4.49e-40
  1108  1284.1087821732430379952402457075478556276617  5.16e-40
  1109  1285.1326017785253737366246149493425218076665  4.98e-40
  1110  1286.2270158385528387433619301643208809124704  5.21e-40
  1111  1287.0625113151128227904474237254371357414477  2.28e-40
  1112  1287.8764532864773482305319736570716718312790  5.18e-40
  1113  1288.9420522124590920903466547575452441877062  5.26e-40
  1114  1289.5880425148382845296577987046330359213822  2.73e-40
  1115  1290.6975279475799788406661529318983299246950  1.23e-40
  1116  1292.2237044077964981178316882079677433123424  4.48e-40
  1117  1292.8684887683092193544370189235799563622692  4.48e-40
  1118  1294.1102601107007187945921321604216998880965  3.54e-42
  1119  1294.9484336069340323433830563884693982386621  4.62e-40
  1120  1296.0304759454737765956431605662607844236418  4.04e-40
  1121  1296.7449890038742779497229737298919098749494  3.23e-40
  1122  1297.3122152668161773011993985022873062361875  1.67e-40
  1123  1298.8802935781811285641857706485007020303925  4.04e-40
  1124  1299.5293497549429008975841685570963290445288  4.35e-40
  1125  1300.3743480791739423468916118003218488373485  2.67e-41
  1126  1302.1828827766832638959292881278468697467972  2.98e-40
  1127  1302.7235898094415611946043167998525770723347  5.04e-40
  1128  1303.9335106526764718186647411446416207576016  4.78e-40
  1129  1304.4891276219858171038142375325137504928141  5.46e-40
  1130  1305.5392070832190868525330586813223970891812  5.43e-40
  1131  1306.6313242608855992330698556377418514082863  5.15e-40
  1132  1307.2804324217652281372263955864439309684272  2.71e-41
  1133  1308.3156950701052577607110342181657324129064  5.16e-41
  1134  1309.2455128577234642314330253327767649513709  5.39e-40
  1135  1310.7444605245939699274275070269251426926594  5.36e-40
  1136  1311.7930397211889467716816120591488106351670  5.34e-40
  1137  1312.5296943511388662792390945642232755237863  4.75e-40
  1138  1313.2282534802033057703947283931174935937178  2.06e-40
  1139  1314.6399216208819616719203057956360511529850  4.39e-40
  1140  1315.3347408488332523068944902348118263494352  2.49e-40
  1141  1316.0267341963455235588262025697671157986152  3.79e-40
  1142  1316.9278607454538380059410878591221964643673  2.89e-41
  1143  1318.2638059541061143507285028815598716536495  5.49e-40
  1144  1319.4069260091235516581641607429769652230086  5.03e-40
  1145  1320.2561435142343108939511852425159092525329  4.66e-40
  1146  1321.5011907191196291644874097582864833804861  4.92e-40
  1147  1322.2887399787663391921296730380332390898095  2.03e-40
  1148  1323.2470832605910805623102233346444925172044  3.97e-40
  1149  1323.9358402895252981863008843697871305356539  3.10e-40
  1150  1324.9082639608618006341981005513384981655866  1.35e-40
  1151  1326.1164702927729673318042397525312439609676  4.79e-40
  1152  1326.5753818024641692746365306321465525502796  1.06e-40
  1153  1328.2521481942619140946853648995215378259982  5.27e-40
  1154  1328.8980205887287943645742786138873996966185  5.46e-40
  1155  1330.4676559793968301714019616766704814382392  4.17e-40
  1156  1331.0424175358771446583249817493207877187540  5.54e-40
  1157  1331.8778266726664709599230835108647079369634  3.22e-40
  1158  1332.6942035283438888296297644068428804662563  5.66e-40
  1159  1333.9268542852165358847951512515827203794259  3.57e-40
  1160  1334.7421769313629335416481737282670963732159  5.47e-40
  1161  1335.4519587733707722141448038313584816667709  1.66e-40
  1162  1336.5090904953257439710164899282685719523480  1.27e-40
  1163  1338.3229982053148315539085574360810670347618  2.42e-40
  1164  1338.8458296125929066434811989296097182517745  4.69e-40
  1165  1339.5775788012305095744128280295602387331452  5.66e-40
  1166  1340.9270928264485916255766314289204103179029  7.15e-41
  1167  1341.6748882082382027040666290686776199295026  5.64e-40
  1168  1342.4083102554747713722274272783803316421071  1.90e-41
  1169  1343.6252868612990352256128915462040750797478  4.37e-40
  1170  1344.0833693310974817545683376008009267076679  1.53e-41
  1171  1345.4149753340348181598233497022162375697646  5.67e-40
  1172  1346.7129830312414589312945582142774033851037  2.29e-40
  1173  1347.6700274371237353617797658812910827211906  4.20e-40
  1174  1348.5126913429198481567603132103768079770342  5.48e-40
  1175  1349.5527446468310798325530902068515446483112  5.45e-40
  1176  1350.6309355013722317908697250506752204352650  5.59e-40
  1177  1351.1686525422735808460792158033674375532719  4.90e-40
  1178  1352.0184904292274829393391535998434647316518  4.55e-41
  1179  1353.1655803661021526015877852858440940860673  3.22e-40
  1180  1354.3021182428769611434156668214496686043624  4.99e-40
  1181  1354.9496170282721413058637259525886681398518  5.28e-40
  1182  1356.4752960181531248869559575472283850234740  5.63e-40
  1183  1357.6069062109417645732934925701838239586569  4.44e-40
  1184  1358.1987487485130311709001214387609976177194  5.64e-40
  1185  1359.0152378369158655897037563186428085429695  3.50e-40
  1186  1360.1729571915184376792794617148294468450273  5.39e-40
  1187  1360.8792757458966147914327979971088260392274  5.84e-40
  1188  1362.0275158800356150140470383925348686568905  4.93e-40
  1189  1362.6292237384942743531249858561243820723450  2.07e-41
  1190  1363.8070077720394051734360612095532075614028  3.45e-40
  1191  1365.2613628538407348775113147669493249694604  2.49e-40
  1192  1366.1277869610095768388899631566333640726618  5.54e-40
  1193  1367.0754642113390989982062468777113854944055  5.61e-40
  1194  1367.8012265818892048159949929674783947956326  5.65e-40
  1195  1368.7466194130617345144059435178826458941937  5.70e-40
  1196  1370.0346845425075686708992340601969873415199  3.01e-40
  1197  1370.6023070422095784149684862509845198482189  1.47e-40
  1198  1371.0994806855081789630974824444448907897846  2.36e-40
  1199  1372.7848523404909334042991080565490378208095  2.07e-40
  1200  1373.7331829064437217896205106416636192053396  4.27e-40
  1201  1374.9363525634125526563304785511860908042229  3.35e-42
  1202  1375.5259396041811014201170115982135667218291  4.61e-40
  1203  1377.0162277984449168728771760409311417396977  7.50e-42
  1204  1377.4551228102826535098219647974271994312530  4.87e-40
  1205  1378.3982564611566991848921950572674021084809  5.87e-40
  1206  1379.2229221427819231591398748362504193532688  3.55e-40
  1207  1380.4961949172551203286042838552481207911869  5.72e-40
  1208  1381.0057893884390609886123942572606980776079  5.60e-40
  1209  1382.4349012104413140558938345864708901249745  5.25e-40
  1210  1383.5597947679091965319106481965932579799945  5.82e-40
  1211  1384.4086901003172435829168239385493007729501  2.97e-40
  1212  1385.8025677689340103539217628904982268947862  5.74e-40
  1213  1386.0661749825510175825465762417063177873390  3.02e-40
  1214  1387.0609952471389134874170202685925817380990  1.86e-40
  1215  1388.1259707802602596503927521982653565808840  3.77e-40
  1216  1389.0682521185449819312769583701570271824074  5.49e-40
  1217  1390.0411993729035457857998803815393378968987  5.96e-40
  1218  1390.5882534016119881652319170966081436857044  4.07e-40
  1219  1392.5342116309041395197738937599765130878006  3.40e-40
  1220  1393.1934763904405309538955509781649021039458  5.68e-40
  1221  1394.1436895436549479237629772255516812205126  5.82e-40
  1222  1394.8129438912779505719779292283878671606261  6.03e-40
  1223  1396.1154845531996606365191940384748854621894  1.32e-40
  1224  1396.9865992371179935521491198843537475140592  5.20e-40
  1225  1397.4056373045057436189102403704062200086431  5.24e-40
  1226  1398.7268218262020580432134920806172590401317  3.95e-40
  1227  1399.4731889093823924133900185691329681046858  5.08e-40
  1228  1400.9102157739150314137296068930960846819126  9.69e-41
  1229  1402.0819795746992267695230988189980020925376  2.98e-40
  1230  1402.6366899236201147771635668844457792347991  5.70e-40
  1231  1403.7821192622153788103118729967815882057958  5.85e-40
  1232  1404.8421953931229654726936326107966358353912  5.65e-40
  1233  1405.4203442430657785924326801278834121379618  6.09e-40
  1234  1406.4586167588903008849112014963055356779818  6.07e-40
  1235  1407.1188464143911521556102106543179438439491  1.35e-40
  1236  1408.4314193787703851826882133776778422376529  5.47e-40
  1237  1409.4705701918503784894884387478985004791985  5.48e-40
  1238  1410.2923095100702847167773578147262172122678  5.33e-40
  1239  1411.8559256915963411796160075509760869845661  2.54e-40
  1240  1412.5925986327947522890665702306204805594671  5.34e-41
  1241  1413.1021277649432016010265277267980008417713  3.45e-40
  1242  1414.2996756139036147524716997278588901479957  5.97e-40
  1243  1415.0866028408947330424197884924638537541638  5.10e-40
  1244  1416.1335773339461102022452098251184706465053  4.88e-40
  1245  1416.9680444111220735649122157640550672874252  5.79e-40
  1246  1417.7578066872842104621943744061976455712223  3.92e-42
  1247  1419.3633487574987847289486446258516803047904  1.83e-40
  1248  1420.2511735259257729077969502117813172827644  5.26e-40
  1249  1421.2026323667944472684644171039968698977033  6.03e-40
  1250  1422.1484096288528455162206579850126648826124  6.60e-41
  1251  1422.6935186425447673346933382320354909532991  4.43e-40
  1252  1424.0601917914526373518542239925603859154522  3.93e-40
  1253  1424.7617699218299988445538024271263362681666  4.33e-40
  1254  1425.5921146805959655206385425900798397911264  6.13e-40
  1255  1426.3259556245181520694825841550110269224525  1.71e-40
  1256  1428.0798629524625326471434041091569876958360  4.14e-40
  1257  1428.9029549738794223473331454509793304171530  2.09e-40
  1258  1429.6621942653487360071260402678513447911059  6.10e-40
  1259  1430.8656551317011250156499260473217719913035  4.75e-40
  1260  1431.7146339240233402558389975977187396497754  1.32e-40
  1261  1432.7400033096227009725222074724562726474016  1.01e-40
  1262  1433.0697216682706441835058278779386749774954  1.28e-40
  1263  1434.4289861026630238190508272299951135462718  6.12e-40
  1264  1435.2351892236680503876509026751735234837917  4.85e-40
  1265  1436.3184558969652899343274627903951235610291  3.71e-40
  1266  1437.4508236970288979093028112715016370366522  8.54e-41
  1267  1438.7698069066670928232794193505760702668610  6.14e-40
  1268  1439.2426632254694865641880006135668759018677  6.25e-40
  1269  1440.5246590091897252701995300156627213931980  1.75e-40
  1270  1441.3558532630764615681734554199334803269474  5.99e-40
  1271  1441.7286709755803920988001198013533583832225  3.36e-40
  1272  1443.1778679147307547079017233392309122351522  3.12e-40
  1273  1444.0835211681991026334050021604435856726125  5.77e-40
  1274  1444.6373931379707163336103292804383599314325  6.44e-40
  1275  1446.0299430862292771435027594107912651408209  6.14e-40
  1276  1447.3673739258355974437725252378497972271559  1.53e-40
  1277  1448.4197674189112563674130920695661055865460  9.59e-41
  1278  1448.6610281323387176929735820874756089513409  5.48e-40
  1279  1449.8353311093366709261722125135111527913578  6.23e-40
  1280  1451.0346682155282997674422164515586062350762  3.40e-40
  1281  1451.7618242804227794404878871203729291507434  5.40e-41
  1282  1452.3119194425867470054992522773931934103226  3.85e-40
  1283  1453.5526164495372877904286858376045810061487  6.35e-40
  1284  1454.5821198935087624971604713761537542239131  6.34e-40
  1285  1455.9298575215430944506030990812729934512635  5.63e-41
  1286  1456.8744123752744193118735978543275789218466  2.21e-40
  1287  1457.4539427998792134445775735182011598115086  3.70e-40
  1288  1458.9280570528145583839831045812927318642076  2.56e-40
  1289  1459.2172646958957444659272846966571445156424  5.46e-40
  1290  1460.7377359378926181140756982252251751151948  2.00e-40
  1291  1460.8586090920661058931771316422865965175502  5.16e-40
  1292  1462.1011367787406260241726674039272554333823  6.02e-40
  1293  1463.3019526134250879019422380791772193266091  2.18e-40
  1294  1464.3951469785513672923021124275447454067588  2.49e-41
  1295  1465.2078570851809634551929803369994344937154  5.84e-40
  1296  1466.6320116072028515270781216519325187280862  4.75e-40
  1297  1467.2848022689459560390605673445316425709289  5.63e-40
  1298  1468.1279219533323808666852921337246928784407  7.02e-42
  1299  1468.7725440530130206313344028154265703420112  6.02e-40
  1300  1470.1289663731220540434706498381431357278614  2.10e-40
  1301  1470.8171557479395618007859898331307730822685  5.71e-40
  1302  1471.6277320492276112642774192833103390245967  6.00e-40
  1303  1472.8004027279038586222512617188154854772499  2.81e-40
  1304  1474.1397535108331815090466721502679966860046  5.07e-40
  1305  1475.1527145059419721384743226340023037465043  5.57e-40
  1306  1475.8012993831332964699124869639632346713562  5.16e-40
  1307  1476.8147863092106464420887229804929502976324  5.47e-40
  1308  1477.6456689101758777717943300306565762431325  1.00e-42
  1309  1478.5715344274410257603634342128337437887867  3.33e-40
  1310  1479.6086393428097178544381216007711850894333  3.16e-40
  1311  1480.2929402324294491583139438133558897960686  5.12e-40
  1312  1481.1038349627224014547212722026008203642148  6.47e-40
  1313  1483.0886366488751740659061995580668493282982  6.54e-40
  1314  1483.4484079190257703479449899080716249055869  5.45e-41
  1315  1484.3738334310968332580613425841215051718731  2.87e-40
  1316  1485.5821359107064213752607439284488846281675  2.82e-40
  1317  1486.4115290893292747586311336103070978071984  3.56e-40
  1318  1487.2233390605465553082854080270662687688812  6.48e-40
  1319  1488.0814235872947448926597052283650374204191  3.33e-40
  1320  1488.7639754066794549470191719887517830965004  5.09e-40
  1321  1490.3501485409296328252492448408965295727925  3.29e-40
  1322  1490.7415264269868614298844002826491085767296  2.90e-40
  1323  1492.3986768329444430961097592478337370856711  2.88e-40
  1324  1493.1342136103848141823265302744473610141082  5.61e-40
  1325  1494.1505334484652190844623240623500102746953  5.81e-40
  1326  1495.0195309930407149907773758277284363117960  6.97e-41
  1327  1495.8949229167486058304423053246513921317046  4.14e-40
  1328  1496.6091517559276323093391236165617340471817  5.10e-40
  1329  1497.5968657856024097505665657907813220388540  2.99e-40
  1330  1498.8626062551285111989307092358221953809945  6.30e-40
  1331  1499.2594759655410465186233187522812621147819  4.26e-40
  1332  1500.7460528056333099488209839188954589670335  1.09e-40
  1333  1501.9442274115188986012201833601827139735171  4.22e-40
  1334  1503.0254136802470091021729918166372483350802  5.40e-40
  1335  1503.3243210509071785405228154567131817591268  4.44e-40
  1336  1504.3583937424407305041145170303178928371963  4.32e-40
  1337  1505.6477356775996949858932693030139789578679  3.87e-40
  1338  1506.2370502879718371586278258839523383670921  6.67e-40
  1339  1507.1384616690487815205377248767734390127893  5.19e-40
  1340  1507.8678580242428054947282945159558357564750  6.69e-40
  1341  1509.4801264153543813969103947934843518849097  4.87e-40
  1342  1510.3473954427883661290792916516372611598476  2.47e-40
  1343  1511.3672279801302124616885747660519400686585  2.16e-40
  1344  1512.3026138139651432753311742960173914694202  9.87e-41
  1345  1512.9815900908523282378223850897951211160090  6.29e-40
  1346  1514.2695452980957216190916987830780213786973  3.80e-40
  1347  1514.8035365348374784189631327577876122460186  5.97e-40
  1348  1515.6757420048196638389044291403298690660307  6.45e-40
  1349  1516.6536893492744555644304729569777083404092  5.73e-40
  1350  1517.7324101914808773230965286031909614121997  6.39e-40
  1351  1519.1646148785166903629121397891191614843757  1.02e-40
  1352  1519.6538756651735303914916562876845604055561  3.52e-40
  1353  1520.9176293054706107144594410518518838612287  4.09e-40
  1354  1522.0590008886439433120273562942033858035330  6.41e-40
  1355  1522.6073988605951370955131968569207169162519  6.30e-40
  1356  1523.1543940041978102587453047948678555823738  6.86e-40
  1357  1524.6200046879474108667540675118510539022707  3.82e-40
  1358  1525.3061620633460062556176888417069729425245  6.19e-40
  1359  1526.1606573856989397468226445773075572467559  6.15e-40
  1360  1527.2648891742246243098715017763375567642704  6.76e-40
  1361  1528.6306819544906659021411772791989937547863  4.62e-41
  1362  1529.6121559997492356866243091923033603097536  1.12e-40
  1363  1530.3074855997970165987789869296241526238736  1.21e-40
  1364  1531.1468571805774680760541905085496200997866  4.78e-40
  1365  1532.2860745582977619471176439664349095904227  1.45e-40
  1366  1532.8587546711538092288939994004747325113547  3.26e-40
  1367  1534.0168536744255751593781121779103200157966  1.17e-40
  1368  1534.8834817141164760779190794653796287340602  4.14e-40
  1369  1535.4724154415183561834609989629288755910902  2.03e-40
  1370  1537.3330406265200876411328104795332480245648  6.78e-40
  1371  1538.0575910377995329552572099932399766931617  1.26e-40
  1372  1538.9638687797250411421663286081356739998699  4.85e-40
  1373  1539.6142133486707851785952545819828190728778  4.34e-40
  1374  1541.2060930858985430317996707104087696092257  1.00e-40
  1375  1541.4128929191596071546688286554910304886806  6.35e-40
  1376  1542.4651655161286452033734053796294677566378  6.60e-40
  1377  1543.2269269887905643879887847746262782815841  6.41e-40
  1378  1544.4259317174690737653090086337390168487225  2.03e-40
  1379  1545.5237163698714748768668164602579450135301  4.27e-41
  1380  1546.5031518821850289201851739824180337000862  1.23e-40
  1381  1547.6081652735774118503223180261877092038553  1.48e-40
  1382  1548.6205561395619424203055565867638572993169  9.74e-41
  1383  1549.2148493989132302894156521399833862190571  1.43e-41
  1384  1550.3174979898332936991921848589551401259920  2.49e-40
  1385  1551.0014792205671977354079147933157928131352  6.80e-40
  1386  1551.9575045893828714951734952652825623406973  6.84e-40
  1387  1552.8761137586639418176193617704374639247114  1.74e-40
  1388  1554.0753362698128860891808290035888810429243  4.14e-40
  1389  1554.7487707566172455337423818967615369080806  6.41e-40
  1390  1556.5127078679020387470715394128603273951722  3.55e-40
  1391  1556.9205689905426996610587201413581537332514  3.68e-40
  1392  1558.0345158849843084361389969308264801949176  8.00e-41
  1393  1558.6758973280451300571874758138709762924203  2.70e-41
  1394  1559.5576040346063779271747038168359387242538  4.89e-40
  1395  1560.9750919749984370095525762429170827429240  6.65e-40
  1396  1561.3788163727031998853997678632406389418544  6.54e-40
  1397  1562.0337130352549613156337924422697307540212  6.97e-40
  1398  1563.6377487217283405157487212689375879073616  5.38e-40
  1399  1564.8690099350568232994031727167627728702453  1.03e-40
  1400  1565.4208192590369328670269791759482401622628  1.57e-40
  1401  1566.6720663853598532645753563421141046652424  5.63e-40
  1402  1567.2559059086470393085764764875951692971694  6.76e-40
  1403  1568.3791218276482560444270908541685611901084  5.11e-40
  1404  1569.2415749611359968175294098697259901180713  2.60e-40
  1405  1569.9017495188164666979392833776750790229446  7.04e-40
  1406  1570.9026824689712161567487081106808760366572  7.05e-40
  1407  1571.8761358203138786153008793517899517535330  6.74e-40
  1408  1573.2730238535117802860947623152815979415388  1.32e-41
  1409  1574.2155092414030519721759546060521318959408  2.71e-40
  1410  1574.8371042729876973904573037219192028313965  2.90e-40
  1411  1576.2858978125267535615462379142981264579486  7.16e-40
  1412  1576.8937214405502392935425958309289156275449  2.66e-40
  1413  1577.6162782006183221320423460713413033993847  7.59e-41
  1414  1578.4366691768792741871498345672273620285056  5.74e-40
  1415  1579.6575071673534033390014503362803440407691  4.45e-41
  1416  1580.5342811903830428250481634906325484667714  4.51e-40
  1417  1581.2340069430306590481432308498586042202908  5.19e-40
  1418  1582.7651970461679682503972459360662219999158  1.63e-40
  1419  1583.8136525354179860729394487755921546279656  2.44e-40
  1420  1584.4854652774467486950939738224741507955750  4.01e-40
  1421  1585.4976128995154606626996669238774412656040  3.62e-40
  1422  1586.1459130555221081124417450046966832435632  6.98e-40
  1423  1587.2990352101035162737883022439991232064680  4.70e-40
  1424  1588.0751361831450644065075002732695912260491  2.87e-41
  1425  1588.9259794986444108348630075112661634656558  5.35e-40
  1426  1589.8668037930954099807847196452279430579384  6.83e-40
  1427  1590.9847951354804346270197028713462691875090  5.05e-40
  1428  1592.5080779102892992497714372196496292456853  7.18e-40
  1429  1593.1723717959019530647243840469807577085449  5.56e-41
  1430  1593.6625914544484504109744799793467905102298  4.98e-40
  1431  1594.9536382490789553852662100107542375198692  4.06e-40
  1432  1595.9568502338847491952091302302724555743244  3.40e-40
  1433  1596.6064505363971685710319824723937236802777  7.05e-40
  1434  1597.3070441923238119145253598711187287439569  6.21e-40
  1435  1598.3959535646407331729910510165420088582660  4.63e-40
  1436  1599.5320052977046026497277105708702524929297  8.73e-41
  1437  1600.9290523419960716403764277740748916741280  7.23e-40
  1438  1601.2475254525596063137717299954765169384099  7.01e-40
  1439  1602.8225695504367551343846803973325755585910  6.07e-40
  1440  1603.5283573911615923218369255496880444243534  7.32e-40
  1441  1604.0653980964970743364699692830652653780727  6.32e-40
  1442  1605.4583085350374788365500226735169535804552  5.33e-40
  1443  1605.8022523671491325819667681670733802054706  4.19e-40
  1444  1606.9697132135992100071531185792052479042528  9.42e-41
  1445  1607.9614638564820428096486504559948821804348  2.24e-41
  1446  1608.9731275954584858405902443272739998157204  6.41e-41
  1447  1610.1259452888450716127033800297177287420452  3.96e-40
  1448  1611.1786217530861264603790434964732902431024  4.83e-40
  1449  1612.2229451837852099233891223813989418722027  5.38e-40
  1450  1612.6847520665525963481934703498930370527543  6.48e-42
  1451  1613.6201692106745511811974277505176207673055  3.08e-40
  1452  1614.6297272761937991654511287426543623548159  3.50e-40
  1453  1615.7543534807615184910170976928558177921515  1.32e-41
  1454  1616.2717713227124939201952903905181212567927  3.70e-40
  1455  1617.1057752247686385284651070079806745272882  7.35e-40
  1456  1618.9416832403436350587617667744373492710911  4.25e-40
  1457  1619.5508002556244394930966191232016255413733  3.87e-40
  1458  1620.5155280469290404154590805968857171000747  1.89e-40
  1459  1621.2905818279471844934507653811440681793113  6.08e-40
  1460  1622.4876634269708954747055987105015668472643  7.60e-41
  1461  1623.0759807843061979497255064383343638868236  2.07e-40
  1462  1624.0055231301240766998997089661544810691178  5.03e-40
  1463  1625.0571500031241057193841299751513945004743  4.15e-40
  1464  1625.5270275866260630695380117874362696756014  7.33e-40
  1465  1627.1547968883251187739112917107249377787222  2.35e-40
  1466  1628.0585878560099077231701642595407817711058  6.66e-40
  1467  1629.1309755770776830871308604588735963502991  7.32e-40
  1468  1629.7744698834526644012340240977662136323934  3.96e-40
  1469  1630.9932296299959725555233673401167913361375  3.08e-40
  1470  1631.7889916343733965421556091488068963192091  4.78e-40
  1471  1632.5703845032283951812725146893045599523418  6.57e-41
  1472  1633.0727273527127687580522351890784640154821  4.24e-40
  1473  1634.9113124746689586616498136388223248933434  7.52e-40
  1474  1634.9659894973925700598524479717982495059921  7.21e-40
  1475  1636.3471137087542419040695873493104594048794  3.89e-40
  1476  1637.7105129179787627557988225017102088696729  1.88e-40
  1477  1638.4884181160102901192544896701339731155413  6.51e-40
  1478  1639.4901225556038976119283663868277088024191  6.08e-40
  1479  1640.0672119913670777972816604384480439343344  7.12e-40
  1480  1641.0393602319964820897759770968687807774415  3.40e-40
  1481  1642.1265871726626405271816200591153503074071  5.44e-40
  1482  1642.8311571822005647278581474545782385166599  5.37e-40
  1483  1643.6654704066969450390949231464048492626453  7.33e-40
  1484  1644.7947883381041155646079920080891811883475  6.89e-40
  1485  1645.9352013779858323045757620637259905333647  4.11e-40
  1486  1647.2802736613499027511653275477674993582735  6.48e-40
  1487  1647.8466914367920911970195303196284124829446  5.27e-40
  1488  1648.5214633642492837781606817608182198564887  6.21e-40
  1489  1649.6780731269390473409979578412962769035764  2.15e-40
  1490  1650.6838216873470510343197656783742752367617  2.66e-40
  1491  1651.3694848598857303847871535351362252256133  3.58e-41
  1492  1652.0841421949415993304845366980547225727368  7.52e-40
  1493  1653.0719268992120875988280498220839546073152  7.36e-40
  1494  1654.6782846070358398863599355008026212046235  7.09e-40
  1495  1655.2476568264247305673766282239725549979344  6.22e-40
  1496  1656.3968056682402925022328415871145455648198  7.72e-40
  1497  1657.2484008768561059245914950509321476510485  5.15e-40
  1498  1658.4024867637099473833418603508039245137456  7.56e-40
  1499  1658.9143492190855020390172541683620858806655  6.84e-40
  1500  1659.7091638941526231229053610820970082253166  2.10e-40
  1501  1660.9776710332598032856999725177814202555934  6.40e-40
  1502  1661.4821151337550347384894125342997931589389  7.56e-40
  1503  1662.6891954905895666397583764573296840656067  4.74e-40
  1504  1663.8870540574900441971679632251858026847163  1.69e-40
  1505  1664.7582827731050685875792064964708054518148  3.76e-40
  1506  1665.9081768973337411868175987395892524808929  1.02e-40
  1507  1666.7900866007549287903886915178441131779170  7.67e-40
  1508  1667.5128609118797412238017681816086817054144  3.85e-41
  1509  1668.1361585067445078402077534962508517322608  3.47e-41
  1510  1669.5372626924027235346981707620179184953509  9.16e-41
  1511  1670.0156752346320868261746885217247303546879  5.75e-40
  1512  1671.3668542299613739852799541140720637434531  5.70e-40
  1513  1671.6165690329051208830037138116605452919743  6.75e-40
  1514  1673.6376121511828573276458544878191095352425  7.00e-40
  1515  1674.5195529916364940319450501352347880540602  7.41e-40
  1516  1674.7448911858211099280343997313720667871880  4.90e-40
  1517  1676.1286015101023425293145491410476165333169  7.10e-40
  1518  1676.9860046088763032504512364174874796062751  2.57e-40
  1519  1677.7209446049603295602569728301840244058931  6.76e-40
  1520  1678.7737259161369043858614087934367231722176  6.94e-40
  1521  1679.3640958621801230486095533421233727532277  6.81e-40
  1522  1680.4286562016071373543911148095110776940048  5.77e-40
  1523  1681.7070385127113186656227371048397746215496  3.48e-40
  1524  1682.8578493647214611706915156371264643754697  7.01e-40
  1525  1683.5413516464278222482877298091204515740894  4.03e-40
  1526  1684.5530170103852880879606516096811947225042  7.76e-40
  1527  1685.3848200309996913283338529801181775560883  3.55e-40
  1528  1686.5519387682810383879030890200629032599605  7.33e-40
  1529  1687.0270352325520923545496199285978714235430  3.69e-40
  1530  1687.7418487983237078719136822155148189199965  6.75e-40
  1531  1689.1149093413597157350916677464803237921701  5.34e-40
  1532  1689.9589173865761177795464098919484649900180  1.02e-40
  1533  1690.9573562916147248889067902563187299041053  1.76e-40
  1534  1692.1137782733823186495353109935352734288025  3.52e-40
  1535  1693.3634994474501220346100723774070300268962  7.75e-40
  1536  1693.7460488196530138767225851958644064185372  3.33e-40
  1537  1694.7363329398368554584752677849585121914252  2.30e-40
  1538  1695.5543626490706858388061163994239454051600  5.05e-40
  1539  1696.6187613986877485667281566451855509042624  3.52e-40
  1540  1697.4075852616688718289328644070710298327805  2.89e-40
  1541  1698.2380424925179488450813153563565176270679  4.24e-40
  1542  1699.2584698195150761139516450034595963900590  4.12e-40
  1543  1700.7270866441302904509508178689456553646476  7.78e-40
  1544  1701.4427237542574019794054539279801232059120  1.55e-40
  1545  1702.5119470008728981489295906691247504906466  3.47e-40
  1546  1703.2729683670341591873422968543356161053640  7.31e-40
  1547  1703.8462403852428060146637590804369135699114  6.85e-40
  1548  1705.3146828729537584048291454476290930137487  7.37e-40
  1549  1705.9433140040993944999017075150332769588701  5.31e-40
  1550  1706.4654860981910141268838474475365195882776  7.48e-40
  1551  1707.6104921254720072947423480863273636120973  4.48e-40
  1552  1709.0504687014270331795829273664539647000910  7.94e-40
  1553  1709.9951337004762726757088511408914737986343  7.28e-40
  1554  1710.7272509968110750593974746611372426596337  2.07e-40
  1555  1711.6804228428122107304426644476024548120062  7.92e-40
  1556  1712.9058011551379359040433433222704469183563  4.99e-40
  1557  1713.4326018537893957516294605970500639406862  5.73e-42
  1558  1714.1522499655165822957174896281732042283828  7.78e-40
  1559  1715.2109467389375646766419873967764351514517  5.23e-40
  1560  1716.2925867351106363424548879175766987071491  6.91e-40
  1561  1716.8730606022574992970034329014240144702258  7.26e-40
  1562  1718.6188109475036705657251058371060166733342  4.64e-40
  1563  1718.9866967509257738802876005868961536338626  5.39e-40
  1564  1720.3711922183847204414417873529394664853808  7.07e-40
  1565  1721.2065856860800534079711035645868712277399  1.50e-40
  1566  1721.8386897962725073319364440783265384114057  1.99e-40
  1567  1722.8716897560363625147288762375656103637682  2.64e-40
  1568  1723.4812200602390173837318314071040755723122  2.27e-40
  1569  1724.8032214367790924448119754797059588557174  1.32e-40
  1570  1725.4831233238906197622933941299708479661598  1.07e-40
  1571  1726.2598769178850163643153704464833739788497  6.99e-40
  1572  1727.8183676606490575956587285826430940868337  7.99e-40
  1573  1728.9123951877808244635093504371484809692908  7.04e-40
  1574  1729.5375251094951155871796147401680575185488  7.18e-41
  1575  1730.1146247415603829826112176102033192593253  1.01e-40
  1576  1731.5132911212184584915086067214374023074257  7.85e-40
  1577  1732.1434871301960017799932506603314280239733  1.09e-40
  1578  1733.0598083080628773779121558257462349791401  4.72e-40
  1579  1733.7651004406624358967496257254970578149418  1.66e-40
  1580  1734.8110796417887545183942343807447617576536  4.10e-41
  1581  1735.9915945758207276748264640797728137561804  5.71e-40
  1582  1737.2783774817003003431560428704240486714550  6.71e-40
  1583  1737.8947701229463787665570918948844300489724  1.13e-40
  1584  1738.8384826016828700135615575586638884780708  1.72e-40
  1585  1739.7881531213407366468554735112481592516243  8.08e-40
  1586  1740.7721973113657023785034790701709803715436  7.80e-40
  1587  1741.3624474220822094920161931801615492992102  6.02e-40
  1588  1742.4534420639734144259964437237581604648577  3.60e-40
  1589  1742.9258221212539638176712849905442693800082  7.57e-40
  1590  1744.5768884841719458114474448319568712145539  7.41e-40
  1591  1745.2606483263810361713118767446007760502811  2.63e-40
  1592  1746.2446431023335713465580046867691932608809  1.41e-40
  1593  1747.7615238997165273953537827640429587956810  3.29e-40
  1594  1748.0422507176601530911920157790958988895918  6.92e-40
  1595  1749.0851576528541098416998871922053632701796  7.45e-40
  1596  1749.8420116381441684688328396683883684451632  1.25e-40
  1597  1750.7660747878829627384615070150731810730580  4.62e-40
  1598  1751.8518240690994620572352538960622415415527  1.99e-40
  1599  1752.5268300194320860558975413081631467457684  2.56e-41
  1600  1753.4197472863829062457690398864150567892167  4.47e-40
  1601  1755.0189832313426963214357605679773674593651  5.64e-40
  1602  1755.6928755472256330970771938390232388279640  4.95e-40
  1603  1756.7120599601007184735052635179027056282933  5.10e-40
  1604  1757.6865465567719163420515747169354255439136  3.74e-40
  1605  1758.1006852343158971506495791995535436955685  4.28e-40
  1606  1759.3480770470432058541480932956329079725650  4.79e-40
  1607  1760.2013019966953985907289098421761919955564  1.49e-40
  1608  1761.2244543155829476879036458202697526791639  1.11e-40
  1609  1761.4267766320103485300745486197099790518624  6.28e-40
  1610  1763.1925892672336177955410375292254405154122  8.23e-40
  1611  1764.3068735551904799753149646049513795994005  7.20e-40
  1612  1765.1069526818730810925298738091647405249424  6.82e-40
  1613  1765.6866337361908221437291734688405853631610  5.90e-40
  1614  1767.0893803214921524692530841244347673540021  5.60e-40
  1615  1767.7679197369001170138385410760899106246196  7.22e-40
  1616  1768.4565961106717101922933967932536374482166  4.44e-40
  1617  1769.3348081701102072119621175454978089393681  5.60e-40
  1618  1770.2940380571257651851521399837984204266360  3.71e-40
  1619  1771.4042141901562579638769350933581668105173  6.76e-40
  1620  1772.2715164081215310800510664071603006323648  1.76e-40
  1621  1773.6728710794945707466899652221365135203823  6.74e-40
  1622  1774.3044296072150997111703830014060751785218  2.02e-40
  1623  1775.2734105415632532594433318303147687324161  7.50e-40
  1624  1776.3771715910293249549286413346571746789833  5.06e-40
  1625  1776.8542671437102891938921001674345664581876  1.86e-40
  1626  1777.7081347612746234068268168182973672084141  7.00e-40
  1627  1778.8432824336663795846999130450628400870825  3.28e-40
  1628  1779.6895154488443204268314777850442867393391  5.63e-40
  1629  1780.5413427333804708214922668286327447462960  6.16e-41
  1630  1781.6675140761770514725859862449928906379149  3.97e-40
  1631  1783.0661567248865309726545856068520607252829  5.21e-40
  1632  1783.7352902220462064914490970215654673104441  5.40e-40
  1633  1784.6668852426107347606744554962924868711129  6.21e-40
  1634  1785.0372120394914673724741973235516559524590  6.70e-40
  1635  1786.6048312240761126865145477512164981488425  7.96e-40
  1636  1787.3107055592505051708392339452588698473689  2.54e-40
  1637  1787.6946411848974272457213333467031370087627  6.39e-40
  1638  1789.0154210528276412425268117677836726245304  5.33e-40
  1639  1789.8667789530769530129215683486121828955791  1.04e-40
  1640  1791.5217035186766756300793736352398552718347  3.57e-43
  1641  1791.8836980757072462912433007304233558388845  1.33e-40
  1642  1793.0248391308680235110979721118688446006772  3.90e-40
  1643  1793.8395391762467127808276980406717465499658  8.38e-40
  1644  1794.7956442597494646494103719098356736602423  7.82e-40
  1645  1795.5691808098156300962191195705807839844090  1.54e-43
  1646  1796.5936413494493581692633144173405962202315  5.30e-41
  1647  1797.0507271492871875489836779240190116240361  5.71e-40
  1648  1798.2413429464467455092159929901858863950069  1.30e-40
  1649  1799.6753038347725418975784189164077533224177  6.26e-40
  1650  1800.2504801049630029067807101984461810422547  7.07e-41
  1651  1801.3400350569077528331507590063133943120869  3.84e-40
  1652  1802.5178383115113042882965456467413875928163  8.04e-40
  1653  1803.2178003225087804586162728737473570376767  8.31e-40
  1654  1803.8567456995648751919706681984474193226891  1.22e-40
  1655  1804.7599833444023767043477817424613994893627  5.31e-40
  1656  1805.8160324039449242738263238829530982078528  8.51e-40
  1657  1806.7601167955077228565154834737589407895993  7.87e-40
  1658  1807.3746366590070506945520518515400198676281  6.13e-40
  1659  1808.6901101160227492329004073933305406322452  5.54e-40
  1660  1809.9849174673228405370577392203450142266441  6.96e-40
  1661  1810.6428712217189943591801628618218937219723  3.00e-40
  1662  1811.6386844161697961273938819902009981442088  6.38e-40
  1663  1812.2936840973642640940099418057507572611116  3.92e-40
  1664  1813.3904717021556744971988879085390836121067  6.70e-40
  1665  1814.0002808152552417234211466829552923700846  6.61e-40
  1666  1815.2227150838676543362970897475934021911847  7.92e-40
  1667  1815.8729264286322657592779084922953164406580  1.07e-40
  1668  1816.5798265634231625908924949406224459285493  8.24e-40
  1669  1818.4096840276930907024378015198511029010505  3.23e-40
  1670  1819.1684729095496013602883601600556739659685  8.36e-40
  1671  1819.6982285286526969404661374072173623783148  7.29e-40
  1672  1820.9325496550084143449968992303145401684330  7.09e-40
  1673  1821.6218268348776475337437895820899391191312  4.27e-40
  1674  1822.8927264676804603975713475723497684309859  8.12e-40
  1675  1823.2393314345602753915942672423197127330677  3.95e-40
  1676  1824.0164617653481206813884910623145730089540  5.50e-40
  1677  1825.3685444875302064456997435725222729046795  7.31e-40
  1678  1826.2390098108034811480020063024184413722696  2.68e-40
  1679  1827.3311462341439025370965832499334080659282  5.69e-40
  1680  1828.4284314444351348620991824897223117862207  7.80e-40
  1681  1829.2716784883298067099145678194198717156458  6.20e-40
  1682  1830.0307689051035172875344573672644688216886  7.44e-40
  1683  1831.1659637735110234159929668150770374148680  8.45e-40
  1684  1831.6942793817683122858981204182614664696255  8.20e-40
  1685  1832.4954119223493442365566923441937515454798  1.58e-40
  1686  1833.8172721949374983730712874227402219848984  8.42e-40
  1687  1834.2968113106334095404135279759245109577966  6.74e-40
  1688  1835.6520896345971030430437102398397529954586  6.30e-40
  1689  1836.4908941730324918146037272586454482835892  2.82e-41
  1690  1837.9574766010265069948194697995586041182848  6.36e-40
  1691  1838.5040517759728706242412806879983093936506  8.04e-40
  1692  1839.2437259137915570611356468118127191505303  4.56e-40
  1693  1840.0388084774842951212234890102642617402526  4.25e-40
  1694  1841.2717012658692792578048756170949460128912  4.86e-40
  1695  1842.0221483993721638811772943912234813134328  8.31e-40
  1696  1842.7186728956073080659967397367582971742006  2.51e-40
  1697  1843.5296285182684845876588065966975580156894  8.16e-40
  1698  1845.1871354607354899637077866520260331900773  7.80e-40
  1699  1845.8493720870661796289015985490739189713409  6.90e-40
  1700  1847.1011941642040028255133230370136749087793  8.43e-40
  1701  1847.4930981678674416070365432054592584384428  2.71e-40
  1702  1848.7273992576745749208522678222180941514912  8.54e-40
  1703  1849.4510872364876672624926061624157194088435  1.46e-41
  1704  1850.3939066444692776391081950211524532725300  8.65e-40
  1705  1851.1433177109570769552593373549504899243073  3.03e-40
  1706  1851.9385956648569427931879442256551582706230  5.68e-40
  1707  1853.0600898863669081372097978064620989179035  1.30e-40
  1708  1854.3892550149705540407848693546919608679912  8.53e-40
  1709  1855.2815074363335787388037706186462531189965  2.18e-40
  1710  1855.8222018817577527436257777171992619391969  4.17e-40
  1711  1857.3063534838609034473179956481234725877009  1.82e-40
  1712  1858.0994629159543264954146979928154805626995  8.33e-40
  1713  1858.3116173473101452684128631229556441275320  1.95e-40
  1714  1859.5349467230746413816874144856907008835504  6.64e-40
  1715  1860.5379449124421982264230763932079965619211  6.46e-40
  1716  1861.3485647855716105512942719902475128069322  1.41e-40
  1717  1862.2760500596039194564956692479141504467412  8.70e-40
  1718  1863.4205931830307378651823637859597916204431  7.49e-40
  1719  1864.6768119065915685387144714676467736415314  2.14e-40
  1720  1865.5567822679492442431033250283106142701587  3.47e-40
  1721  1865.9386359301141449416338221758304337487630  3.81e-40
  1722  1867.2598098424806922707193064485827434318829  7.81e-40
  1723  1867.8618940909139352266325943096954198688625  7.67e-40
  1724  1868.7519051598114633600187963779055040360440  3.91e-40
  1725  1869.8666538407868541168121429089050331321990  7.36e-40
  1726  1870.4630543564027387255474653665462277253753  6.99e-40
  1727  1871.4433730723549561823592303030462581525318  6.15e-40
  1728  1873.0939806151978766431130337371380656570469  7.63e-40
  1729  1873.7376610907318967239698620432319846518097  7.09e-40
  1730  1874.5591766171992808468992884822815693708177  8.26e-40
  1731  1875.2909435862949540329070842449654405209144  8.54e-40
  1732  1876.5206725994749994565001168167297064088507  7.15e-40
  1733  1877.2112006163645882188075482180187726939116  8.59e-40
  1734  1878.1685998867133995047551920768675642185334  7.81e-40
  1735  1878.5321537657677038045879790793560996328267  1.56e-40
  1736  1879.9419607399090675543915778816300547413762  8.47e-40
  1737  1881.0775129615155337879066865618083094833827  5.08e-40
  1738  1881.9184697658337928499687205319292595838026  8.75e-40
  1739  1883.0170597780178789002074123211332601544449  7.35e-40
  1740  1883.8377484992626970370882830754408568493668  8.12e-40
  1741  1884.9099520355995244369023133199844616216392  8.69e-40
  1742  1885.3231842797116148353266654538250833515839  4.23e-40
  1743  1886.5644887175712414674928428865803577170993  8.74e-40
  1744  1887.1288580310743196493175593049765685864406  4.61e-40
  1745  1888.0621996204238993805854983890064088125570  7.78e-40
  1746  1889.3384840793045518574478709718825844186614  5.75e-40
  1747  1889.9721611795805777915448359922420230636422  4.50e-40
  1748  1891.3907199481125171699500224351153669168343  4.25e-40
  1749  1892.2006205274889106989998338858446351349905  8.76e-40
  1750  1893.2008618311325411245727086359453677366131  8.74e-40
  1751  1894.0459016764122998933121701819659581986715  3.17e-40
  1752  1894.3773157176704697655042802828860989666911  5.43e-40
  1753  1895.7655229402911239508152025428199112921389  8.44e-40
  1754  1896.6846274618287506238019428401126913834080  6.49e-40
  1755  1897.3029043889632924703602001981206965363957  6.71e-40
  1756  1898.0157687852174658923910564515000497279703  5.29e-40
  1757  1899.8847134938258441685901492332174022956248  5.22e-40
  1758  1900.3577321557919501516177626439101243089398  7.59e-40
  1759  1901.4925253133744876623289896486770701693100  8.73e-40
  1760  1902.2264434983502555290134420361022212639377  6.65e-40
  1761  1903.0565725431891727476082761136461740183099  8.77e-40
  1762  1904.1673983889944482569723524670228516743758  8.27e-40
  1763  1904.8295551209361468664713426939287992751786  1.62e-40
  1764  1905.5665047455673306730411058657864192982547  6.49e-40
  1765  1906.6502287939013016657001757079795730347192  8.35e-40
  1766  1907.4375526636667167159409863490512971897999  8.24e-41
  1767  1909.0701179456023050420274517580301506054941  1.40e-40
  1768  1909.6647976886189525728388204814516313335360  8.21e-40
  1769  1910.4151438833257173607928437993558068395354  8.54e-40
  1770  1911.6502402944527896118654442495919757711945  6.83e-41
  1771  1912.4776747248352124189108349041101629135865  7.46e-40
  1772  1913.2022931491889021371527559747574459462231  5.82e-40
  1773  1913.7744042553012676457620431229976159004063  4.33e-40
  1774  1914.9797123245414481975870404518162866230339  8.98e-40
  1775  1915.9726390667962794361611354292700604399756  8.89e-40
  1776  1916.7029473192122647205296113215699588497044  4.92e-41
  1777  1917.9406601361609981382328925000723671646843  8.40e-40
  1778  1919.0670226059274231743015436273047229757800  8.48e-40
  1779  1920.0359554638512233032686113316859901398018  8.77e-40
  1780  1920.4909034030114663126619742468584969401210  6.80e-40
  1781  1921.6173719492301715265471406106069000221795  8.89e-40
  1782  1922.2499063025069204879531888388260610536578  9.07e-40
  1783  1923.5719001880681597014474667336495369497609  8.25e-40
  1784  1923.8336455174753811558103560817539466640688  5.02e-40
  1785  1925.1605690167524086926634158171493674551789  7.75e-40
  1786  1925.8835849261088708793365487246131594866235  3.39e-40
  1787  1927.3427533090313221732019949917760761598427  8.34e-40
  1788  1928.3147703161929674936408767808027701013776  8.70e-40
  1789  1929.1570321410077725974532424032026401521163  1.87e-40
  1790  1929.5057575440307139304791789497732222513962  3.65e-40
  1791  1930.8818198567873843650353950454524471168932  8.89e-40
  1792  1931.8370842758420018516035311013746254497997  8.36e-40
  1793  1932.2397869813688788141392113416074057715008  1.30e-40
  1794  1933.3603327110796833661203766812361130848523  6.05e-40
  1795  1933.9867823640097955359501272130270329189173  6.57e-40
  1796  1935.6832030656942253739226207960551020248537  6.39e-40
  1797  1936.4027748197419150445615531747337562186794  2.27e-40
  1798  1937.0959243136014795198107865918392006166388  8.70e-40
  1799  1938.6700558068831867699022211652148916569826  8.03e-40
  1800  1938.8349645226351106813590602634709910112411  7.20e-41
  1801  1939.9692004606835884004337957977452995878209  4.84e-40
  1802  1940.7653658375389909130183393137857208728749  9.07e-40
  1803  1941.6167115956397078236146605343322787469604  6.07e-40
  1804  1942.4369355740178639350761192269145711980858  1.79e-40
  1805  1943.5281276330385116452675044582896070976553  7.18e-40
  1806  1944.5694548047891501977892004363815442505505  5.94e-40
  1807  1945.5886278170186151895066502407683795018308  5.35e-40
  1808  1946.6046655152969237863391447531111206475701  4.86e-40
  1809  1947.5342873426998283733008672221742271996806  7.32e-40
  1810  1948.2628704926377033505100020115806411958254  6.35e-40
  1811  1949.1306178460892918572448186489090062738181  7.93e-40
  1812  1949.6731436928116768886980986476597742189608  2.39e-40
  1813  1951.3238642408919475753866100646522173490763  8.67e-41
  1814  1951.5359784278819390692717086477288517080142  7.68e-40
  1815  1952.3813962339244461915258353253037651240984  1.65e-40
  1816  1953.8445215318010669924505147332865126270563  5.21e-40
  1817  1955.1754408778426427022254784528871412441583  8.10e-40
  1818  1955.5957327144293386451367576756655380519515  8.52e-40
  1819  1956.4433478692338160210243254146265241698926  6.03e-40
  1820  1957.5478856331886649615516544154150381074239  1.76e-40
  1821  1958.3235103837275180743920666794297099687839  8.93e-40
  1822  1959.1212594971435853825920853383566396781823  6.05e-40
  1823  1960.1336074263263373456478201107220553188607  6.34e-40
  1824  1960.6460409355280087406338046731320614803584  2.38e-40
  1825  1961.8861876310268633395801004033578341395026  9.12e-40
  1826  1963.0989942833269740688742830682428962514722  5.08e-40
  1827  1964.1333724991257508073709570815335139929284  3.78e-40
  1828  1964.8157513570489955096635508060883794616482  7.94e-40
  1829  1965.6814655434138088668977361503473664868105  6.45e-40
  1830  1966.7403351650317451878736803186727609687592  4.29e-40
  1831  1967.7494157655535560329865805957438871182324  4.01e-40
  1832  1968.0473770525395029615204475195788613547293  8.15e-40
  1833  1968.9658650114898143727780580210695908922479  5.53e-40
  1834  1970.3742054271855493483234546751706893422250  3.74e-40
  1835  1970.9560941271170803535706670974130927957513  4.91e-40
  1836  1972.1249918572463908849144763498964056675034  9.03e-40
  1837  1973.2782682688738354802159593295871277200816  7.40e-40
  1838  1974.1158929764629950736690723565104280807253  1.93e-40
  1839  1975.1422333039557925672193555142942232781671  3.03e-40
  1840  1975.6172810184398404531668457634458640613918  6.35e-40
  1841  1976.4747614151989314455225218878660218403851  2.39e-41
  1842  1977.8294242107804548885084841216393110047119  8.80e-40
  1843  1978.1533413580047376762979547244033826111800  3.19e-40
  1844  1979.1908230473096380133361193540642204024330  4.68e-40
  1845  1980.2816911984326094879886882115051209565873  7.65e-40
  1846  1981.3205303138464214287394171904445949953911  8.43e-40
  1847  1982.5758907628355440724242193313301093274219  5.62e-40
  1848  1983.3651270444907961373931139139364118831904  2.28e-40
  1849  1983.8979543662709105607854689858656870847561  7.63e-40
  1850  1984.8799429743521185239514587753424502554883  7.04e-40
  1851  1985.9462467456682502751301643515891987595852  8.54e-40
  1852  1986.6695653728499996892896985262128388975164  9.09e-40
  1853  1987.6950541693880177994032822092304390078402  8.75e-40
  1854  1987.9564553964405521346236064387574121562398  9.57e-41
  1855  1989.6300806706288282380751141743556987110652  9.17e-40
  1856  1990.8046490802253104328324362102382677808391  5.92e-40
  1857  1991.3752800039167181280549198593982690382588  7.37e-40
  1858  1992.2573490922698260461779197193731270299510  9.24e-40
  1859  1993.5822608573369215241565642219764952574710  1.24e-40
  1860  1994.0199640559188497186675168292334522377885  6.47e-40
  1861  1994.8882524050032002253076738303526749209579  9.25e-40
  1862  1995.7857441260679679778584861472156314779956  8.51e-40
  1863  1996.6452097542740990581388185959742518413535  3.89e-40
  1864  1997.5893025987791559738272109529744869715081  7.92e-40
  1865  1998.6082531063619823188378389575185499767618  7.39e-40
  1866  2000.0007046634471119150834184125257290100216  7.17e-40
  1867  2000.3767396667573557930394884215553910260120  7.96e-40
  1868  2001.8142409419679038685516380443303812598591  1.25e-40
  1869  2002.4466724030083884260454241806640727787738  9.04e-40
  1870  2003.1465457131753823236857853778274557720623  9.04e-40
  1871  2004.0782034240901195435038920540013249050488  9.27e-40
  1872  2004.8838768493931050613038516368851554835065  4.24e-40
  1873  2005.9669781607062334598126691180086026775645  7.22e-40
  1874  2006.8579062335394562771843812074687207939133  6.80e-40
  1875  2007.4044340818088279874231841252103094864753  1.90e-42
  1876  2009.3212303606466412346938471929387140580648  9.46e-40
  1877  2009.8689220603385602754278028225298706756901  6.42e-40
  1878  2010.5231526187389186701810734929805834504494  4.88e-40
  1879  2011.5679780048704116379055235820114176129532  2.91e-40
  1880  2012.3699554753736921378376908835632580167970  9.10e-40
  1881  2013.4765052837778422955066007218063278204608  6.63e-40
  1882  2013.9165322874989177317889866248212604375144  9.41e-40
  1883  2015.1025209118490847091740900379978186669040  6.20e-40
  1884  2015.6035392757357868053055601801995519032262  1.29e-40
  1885  2017.2326280580482768310853434603157581765113  4.61e-41
  1886  2018.0020899445308818584427837308753152460887  8.81e-40
  1887  2019.0851538616346849216022848025874385811736  6.74e-40
  1888  2019.8220126407345275012954238209531735079265  1.54e-40
  1889  2020.5304849618975571763111235378140045668181  9.34e-40
  1890  2021.8215199118992455372728948380885665235675  1.56e-40
  1891  2022.4790329890266278618150971650985640887072  8.71e-40
  1892  2022.9251734152162607013541658207088735797563  3.37e-40
  1893  2024.0805240483229452601793121070623350827943  8.64e-40
  1894  2025.1753497572059852614136966984198023259303  9.35e-40
  1895  2026.2148906971052516874634445828750764963281  8.98e-40
  1896  2027.0385789707613232299997528566651607687219  1.81e-40
  1897  2028.2402117527285933781162027976091806217405  8.49e-40
  1898  2029.0839985541930546324617276013875584915239  4.38e-41
  1899  2029.9725982894904385678590727020110338713129  4.72e-40
  1900  2030.3746117362829585399532060976741010257652  9.52e-40
  1901  2031.6150797944429993442068287588374515342996  3.36e-40
  1902  2032.3529541473326884538596812835883827065711  9.36e-40
  1903  2033.4313402404554652188580586440576558632805  9.08e-40
  1904  2033.9157855528594602786488853378077724688496  8.86e-40
  1905  2035.3908238413091754597317058521559171234590  9.32e-40
  1906  2036.4116441616506761382923626362354871033756  5.46e-40
  1907  2037.2599348699762903618352118219851900198210  1.61e-40
  1908  2038.3009405670112113951814418990782774465214  4.27e-41
  1909  2038.7967616325931416739616021840823338473469  4.99e-40
  1910  2039.6703342645234831826670423364991866406196  8.86e-40
  1911  2040.8330779241213121042223208013728672537462  3.27e-40
  1912  2041.6679389359085139512786211774582057222149  8.80e-40
  1913  2042.1311598221884524382653632742410180418970  8.88e-40
  1914  2043.1831823708138120063917350144425264783576  9.49e-40
  1915  2044.6903281278274718488967149147765482088155  7.74e-40
  1916  2045.5722113464796425673251585389573751907755  3.12e-40
  1917  2046.3197222702837566842428281211211660770050  7.76e-40
  1918  2047.0335794324995634447342247716705779420263  4.01e-40
  1919  2048.3301737803552437333738614471470047299457  7.33e-40
  1920  2049.2369138211523887752049716038028633873094  5.66e-40
  1921  2049.3256487654280781708937310155781512355116  8.52e-40
  1922  2050.6243824322629654442664328581516312924127  5.56e-40
  1923  2051.6576316581324808955503270584805249706563  3.14e-40
  1924  2052.2531957692363770468641484534255462926539  6.37e-40
  1925  2053.9658067935470583876300654203454543906531  9.20e-40
  1926  2054.2731038101814440045585182065520202558957  7.11e-40
  1927  2055.7039474372312282597217617077214335290837  5.91e-41
  1928  2056.2682444798566242670703705714092583039290  2.84e-40
  1929  2057.3550377797330109414879848597158559261286  1.50e-40
  1930  2057.9826148170273366896906170068009926944931  9.34e-40
  1931  2058.7590677057692937790691833905925974226355  7.55e-40
  1932  2059.7659217177223587427433862845258680659013  7.25e-40
  1933  2060.7273122570423176180975008758262902703456  8.28e-40
  1934  2061.6022129303634941509477932223618019500162  9.48e-40
  1935  2062.4530738035841568146057436984534998745597  6.15e-40
  1936  2064.1710652296085038325449787476374064289651  9.17e-40
  1937  2064.5501810792755481467706528175716925210242  8.23e-41
  1938  2065.3790995997797679405654502880913059217911  6.79e-40
  1939  2066.2045620242876117364505590208376274010313  9.47e-40
  1940  2067.2201313917633349429600674193147498085312  9.49e-40
  1941  2068.1453530854081038779966700337212230115780  4.06e-41
  1942  2068.8278570971209002000332217773879603809076  9.60e-40
  1943  2069.5573120357113651545008634104322287395055  1.68e-40
  1944  2070.7252503156051158523388772824370990475403  8.26e-40
  1945  2071.9317301836488532512175847600023047401629  8.06e-40
  1946  2072.9873923452947616845087146286437463694227  6.20e-40
  1947  2073.6247734463237463277855091050486621133887  5.20e-40
  1948  2074.5198756234635397251982810560754724860758  8.52e-40
  1949  2075.5576368155418204492621626994172380476229  7.42e-40
  1950  2076.1569619464145262262211524582096913488391  7.84e-40
  1951  2077.3977381193556666810895813211945406282242  2.97e-40
  1952  2077.7293783459891096748297323270721327241486  2.13e-41
  1953  2078.6311625381678411052600812564416684990133  9.72e-40
  1954  2080.1283993708623535314652161454942539233298  8.20e-40
  1955  2080.9485265138568198191929037651735297049267  4.87e-41
  1956  2081.7755839131367995611003110919038048488911  7.10e-40
  1957  2082.9188528960582013750301921339510078496766  7.06e-41
  1958  2083.9683247052912936981649439198075786657142  1.88e-40
  1959  2084.3009456451778164799387884831692696024137  9.14e-40
  1960  2085.4493265832678451768423350909120359618840  4.22e-40
  1961  2085.9897914624049267777325740482208907479148  3.17e-40
  1962  2087.2232011530091239850020594547722812374004  9.57e-40
  1963  2088.0876119556349553085162657651385124292167  2.60e-40
  1964  2088.6214933944859977508389504913251396077249  4.50e-40
  1965  2090.2611742832877522717269146751637516001097  5.96e-40
  1966  2091.0625975553972089753838046734136704320771  3.30e-40
  1967  2091.9161229854295815217335521524753405764011  8.49e-40
  1968  2092.8721635630713920455284922548477625117923  6.33e-40
  1969  2093.6533939735235393106219409062510328473856  3.87e-40
  1970  2094.1837780438815397749070645872722174146076  3.09e-40
  1971  2095.6469632900114722450682142338590992440291  3.82e-40
  1972  2096.0663812168346582016511385300758226971132  9.58e-40
  1973  2096.9593382445211729719945458842970501229673  9.11e-40
  1974  2097.8811184586086292372768549021860560501293  7.16e-40
  1975  2099.3886304013190088998190591038731927295743  3.17e-40
  1976  2100.3881052661231288426141678293281467303475  3.31e-40
  1977  2100.7645411744636558633973614681731351110988  7.34e-40
  1978  2101.7320075775492536399951345320686890812682  8.18e-40
  1979  2103.0052555829142392470683636944530170206006  4.06e-40
  1980  2103.4988297200724217897840432488754803429092  1.63e-40
  1981  2104.4654831638349357390881641373345361820513  3.07e-40
  1982  2104.9544022954278296046130360940463653986833  1.99e-40
  1983  2106.2971853379214017710993559743855629502914  8.84e-40
  1984  2107.1039000216980498609119101700845376109438  8.20e-40
  1985  2108.3026318089343323917183228849180138868155  8.48e-40
  1986  2109.2810860964595251569962705708344496422118  7.29e-40
  1987  2110.0532387138623562437427159447376286865914  3.09e-40
  1988  2111.0213032273003490468849313188733516528563  4.37e-40
  1989  2111.8858350829740073319604394432376928346043  8.79e-40
  1990  2112.5870548206252537693778953051090190330892  6.07e-40
  1991  2113.3981281202220758483101270044356772508072  9.73e-40
  1992  2114.2865715850615975162569863117630425312155  7.99e-40
  1993  2115.4082365886637401749958131240795874997820  9.66e-40
  1994  2116.0919262652894934719547994980213943430132  8.91e-40
  1995  2117.3533605843554000681481055417191496672082  2.34e-40
  1996  2118.2752683841093685450529216673638529807906  1.37e-40
  1997  2119.6980611426372542663641855758828039271412  8.68e-40
  1998  2119.8636419990545633997799709660174740549610  2.17e-40
  1999  2120.4797009505901262844736020009304296247006  8.02e-40
  2000  2122.0111812674044403058851515482081402884795  5.48e-40
  2001  2122.5556513775552488098971520050016225470666  9.59e-40
  2002  2123.3823850996000224292780778976108956234273  5.69e-40
  2003  2124.2160630135908092266821523846918439174680  9.76e-40
  2004  2125.2043039720979977270542043448017557951338  9.76e-40
  2005  2126.7468977745557971226080828110685958924622  9.64e-40
  2006  2127.2865217851460496236467628636508130738530  8.23e-40
  2007  2128.2924259381187008638029713178500436131289  7.90e-40
  2008  2129.0169661384888281047733571870219921614511  3.38e-40
  2009  2130.1139932490900183897103402775213240300176  1.75e-40
  2010  2130.6851161615156375510917456323310171531746  8.81e-40
  2011  2131.7252269710643955521089939713847073624247  2.17e-40
  2012  2132.6152816354396166012039223025486835093581  3.13e-40
  2013  2132.9801441308262821434046379285944460495848  4.09e-40
  2014  2134.6125268227043008114382707908886226220898  2.73e-40
  2015  2135.7310381658962481801338126112222441128692  3.45e-40
  2016  2136.1454004370501813092526982964344549550197  5.95e-40
  2017  2137.4220925792199771259764739851064235364688  7.24e-40
  2018  2138.2951381373754940522997193394902127536480  1.84e-40
  2019  2139.1017609390438665647187481471677852337774  6.92e-40
  2020  2139.8198689536290937863404151906417453922960  2.13e-40
  2021  2140.4572814845611297653618258177961684019082  8.70e-40
  2022  2141.8154760911753643682862020697958534216036  1.77e-40
  2023  2142.3952213272468587094994697673028368339852  7.13e-40
  2024  2143.3539069224595556629051478677868601723792  4.88e-40
  2025  2144.5594934854604858953625509633436477518939  5.50e-40
  2026  2145.7718803895454360862923862880006693761868  9.92e-40
  2027  2146.3124444124880633667692813670000068836503  5.85e-40
  2028  2147.2836597124122722512488968773254474875968  6.72e-40
  2029  2148.0554306613201628368622819448264065693624  9.37e-41
  2030  2148.9353666248431378250215247531365230053629  4.73e-40
  2031  2149.6901555751031461072222776427427627587403  9.72e-40
  2032  2150.7934027581972499945204259214195542648344  9.05e-40
  2033  2151.5074887723393828784631685578501833876984  5.80e-40
  2034  2152.2121525408823961276693308821960451492558  8.47e-40
  2035  2153.9920406256600185032268860940211519066617  9.33e-40
  2036  2154.5514655706713267609166646177997182679917  2.89e-40
  2037  2155.5220920559139256232162126819917595491423  3.98e-40
  2038  2156.1159192252487211050055777084230025837556  4.67e-40
  2039  2157.1627379095237759826729706616466797715914  2.10e-40
  2040  2158.2690359777598456489188345770825971622816  3.61e-40
  2041  2158.7766066825346881326693247137833448270522  1.47e-40
  2042  2159.4638487251318504907701456406040050985314  9.84e-40
  2043  2160.4907678713459456906929272412661878408881  9.94e-40
  2044  2161.9127688948878244501058643036566184011603  6.11e-40
  2045  2162.4301298021578127791357154226256349090599  9.58e-40
  2046  2163.8598588148769975103846909667525706526105  4.33e-40
  2047  2164.4248224229692666025709354689152565254141  2.32e-40
  2048  2165.3359876736930294771583122845957331892083  1.91e-40
  2049  2166.4291790573036540372440352227178063957085  3.18e-40
  2050  2166.9369872877015326520100779787418960568471  1.91e-40
  2051  2167.7445770296419696844714330112695821677599  9.14e-40
  2052  2168.8663124303692378022873912739472816953288  4.67e-40
  2053  2169.4893199227622097950429346077058604475693  6.67e-40
  2054  2170.7697041095419764610035275418954993983027  7.85e-40
  2055  2171.6483690462002207998845009354804483357405  4.76e-40
  2056  2172.6239553142540588331170045258155873322809  3.92e-40
  2057  2174.0913981167713480543481124350671274249865  2.86e-40
  2058  2174.1399643004613687822985087196892676039444  8.86e-40
  2059  2175.2328744620885751869244467146032453098065  4.70e-40
  2060  2175.8614869490368752865812190464277511178487  9.87e-40
  2061  2177.2683046385534170577891146073026681935333  6.79e-40
  2062  2177.7677239070444375396107696657500018571054  9.63e-40
  2063  2178.4681595244148756719833274830766581514137  9.79e-40
  2064  2179.5876098066640844203316430726566663024823  6.28e-40
  2065  2180.9608547870146755087786280312299802050488  9.74e-40
  2066  2181.9217383115829203281821605488184529073003  9.12e-40
  2067  2182.4054232947494718689756898067516415876968  9.90e-40
  2068  2183.5275281819503957443724268251140128849770  9.35e-40
  2069  2184.2810628215346684454533106840125918676707  7.27e-41
  2070  2185.1528332290794509524872395156784956461389  6.43e-40
  2071  2186.1082348941883221498509208682493359165139  7.74e-40
  2072  2186.6833285656774524787907914358599188338769  8.78e-40
  2073  2187.6710945055497638080751739286123505714747  8.86e-40
  2074  2188.6141288778353325539772469135360302326714  9.73e-40
  2075  2190.1443228542254540656149795803315998706284  1.00e-39
  2076  2190.7883312320722832198362107571557078238793  3.42e-40
  2077  2191.3176134796600555363489676955828084497395  6.89e-40
  2078  2192.8001814948568059705829191485827558414294  9.94e-40
  2079  2193.3772353210703133738141585137409097198009  3.54e-40
  2080  2194.1734303815764859383257320714407855738438  9.77e-40
  2081  2194.7918827944867186947316420930521315558536  9.77e-40
  2082  2195.9534400182728359359994726388645298040785  4.25e-40
  2083  2196.7439310626961508661105096642925857722641  9.98e-40
  2084  2197.8289491175069435164169607109436242229686  8.40e-40
  2085  2198.6338091381889912634975214863254546193109  3.26e-41
  2086  2200.0160694579325766656907273373868871426468  5.85e-41
  2087  2200.8173109479124582178592691132740177697986  8.90e-40
  2088  2201.4380979489365982766146693388162951074231  7.57e-40
  2089  2202.3090566271191582238557330682136582526564  5.06e-40
  2090  2203.3591462106264622691258750586828498813594  7.46e-40
  2091  2203.8961728276689978132690478932334545917574  1.01e-39
  2092  2204.9275730052590206693916332225669549521869  9.75e-40
  2093  2206.0003342481561838438410188416325892744276  7.91e-40
  2094  2206.4105533171842593795704313682972280560221  9.49e-40
  2095  2207.9445650798136007495861911276770203222929  7.91e-40
  2096  2209.1815715247231415495299638586529534162045  8.51e-40
  2097  2209.5243954992501490046054556830513865789040  9.36e-40
  2098  2210.7037759649799003272673999126217822315688  2.26e-40
  2099  2211.1023621926708193159631891601913273015443  9.77e-40
  2100  2212.4757440172098495358623989985928874868205  6.38e-40
  2101  2213.1928719312974766684110962899590514945841  6.82e-40
  2102  2213.8330723600718713196663319153257787462686  5.49e-40
  2103  2214.5165729275520403773992469495664943047642  8.40e-40
  2104  2215.9801236516171542620294055366055395478531  2.89e-40
  2105  2216.9440575299062750302211454575769001491069  1.48e-40
  2106  2217.8737830514023277500550183050854755035880  1.72e-40
  2107  2218.6162250742548625300023053097000783492842  5.24e-40
  2108  2219.8633489195288753632625372191205093421922  9.84e-40
  2109  2220.3143692917845647425826379628670676689508  8.14e-40
  2110  2221.2302454300747262993357893179783339562138  9.76e-40
  2111  2222.3569021765554513368380345722099062823160  5.84e-40
  2112  2222.5790415993265373866895867934133391097551  5.13e-40
  2113  2223.9784562021666646141659933786622289961202  4.79e-40
  2114  2224.7080339451242906943299701916909315053164  9.69e-40
  2115  2226.0318707016595708201600064826525178198854  1.18e-40
  2116  2226.7259980114851279029811996785185251277267  3.44e-40
  2117  2227.9097471389871074267490016337301381798147  1.00e-39
  2118  2228.6775919808639458387781636046480198246191  1.90e-40
  2119  2229.6122354880488267831199265650076250386395  1.03e-40
  2120  2229.9882036969768940534589682390605272456143  9.82e-40
  2121  2231.0614077424964185655872956319460508203005  7.75e-40
  2122  2232.2681425915017877088115883463867717281590  2.61e-40
  2123  2232.8822981426550821352586697481493748826573  3.08e-40
  2124  2233.3690802343666324899932051207106067067274  7.53e-40
  2125  2235.1884576050352414892056733430222643986306  9.45e-40
  2126  2235.8601566918496596177428246760294932012566  3.40e-40
  2127  2236.9225130032161372673946139639432485402013  6.68e-40
  2128  2237.5334864080765987415452615851088011934359  6.99e-40
  2129  2238.3382771348944264382094420514786595524895  2.25e-40
  2130  2239.5083419007647191450328584608943111969305  6.72e-40
  2131  2240.1679376437569913328726552811214893058053  8.56e-40
  2132  2240.7991288533724393838480470980856160404505  7.86e-40
  2133  2242.0116117049774534899389191411639871817320  2.92e-40
  2134  2242.5321394895467532017953144917097520106157  8.52e-40
  2135  2244.0621375850170995617075697871589374879456  6.24e-40
  2136  2245.1056916361733021749719132952919020550340  8.22e-40
  2137  2245.6535917429789512903321735676259312101770  6.14e-40
  2138  2246.4650698397322220213679751864205871352825  2.95e-40
  2139  2247.7665010024819158780226159494968050062716  1.00e-39
  2140  2248.3813954159614024768014510131366000692014  5.91e-40
  2141  2248.9586413502705891993287672617196222489473  7.14e-40
  2142  2249.9356924374739229802763468174067917660004  7.58e-40
  2143  2250.8057558697211811401288531076946993585844  1.01e-39
  2144  2252.0043997900315539086993016881406188136207  3.64e-40
  2145  2252.7323460227502506792808080915052593370560  2.80e-40
  2146  2253.8668892941206804540841961779348681962908  8.88e-40
  2147  2254.9923637337775454566483355616957526109997  1.02e-39
  2148  2255.7034601921826398103590706423207195566392  2.91e-40
  2149  2256.4041215339918464114196464868196802266769  7.36e-40
  2150  2257.2534732202114800006612402805977358350100  5.89e-41
  2151  2258.1877978838588536699545141388138179232972  2.33e-40
  2152  2259.0259266922491004827568456418867026383079  8.69e-40
  2153  2259.8261676571335758697389178822759247751019  6.46e-43
  2154  2260.7534417566081989887485859584892467236027  3.27e-40
  2155  2261.8108083851357733470604837518016877190839  3.48e-41
  2156  2262.9352966054773308561187927983143836170213  6.94e-40
  2157  2264.1197987845201636792453611732469549535063  1.02e-39
  2158  2264.5327905784165746022293231889352264982896  7.15e-40
  2159  2265.2826807204113644004887785488847974315336  4.83e-40
  2160  2266.3949370394731938806439576929943920640445  1.59e-40
  2161  2267.2294866410911731302347549940916329878802  6.19e-40
  2162  2268.0620163363418514174913159384986805064186  5.33e-40
  2163  2268.8116889128985849419662448903864135704742  6.73e-40
  2164  2269.4519909854909755881063925458608348058252  5.98e-40
  2165  2271.2144587087657591383867153771084940948966  1.03e-39
  2166  2271.9199260063787896546245017719326761980152  3.15e-41
  2167  2272.5632040388062761968221824117660863126086  2.39e-40
  2168  2273.7240560068892679767564062150924296083133  9.40e-40
  2169  2274.6644187129348376056077075863800648781953  7.96e-40
  2170  2275.1825228192276656903062818727662653760546  4.33e-40
  2171  2276.1902560453134294120490972252815147196591  5.25e-40
  2172  2276.9726661581673923032910815561176001691763  5.37e-40
  2173  2277.7208076548304969499775613101414603698687  1.00e-39
  2174  2278.7984028791902642254626864472008281118187  6.49e-40
  2175  2279.8841612718672277495877663284547021066839  9.67e-40
  2176  2280.7894827587380371724624583390613591436807  7.04e-40
  2177  2281.9939815998160729229377645757501987224767  1.00e-39
  2178  2282.4106226381117170914782475091859234168681  9.20e-40
  2179  2283.7867648126851890991391087120191734798359  8.15e-40
  2180  2284.3790494616357853891439292882891046340615  7.83e-40
  2181  2284.7059266787322986880664987225728453505465  5.37e-40
  2182  2286.1211240118628492787661274890656926170924  3.76e-40
  2183  2286.9782141677894222310110314619970843274079  8.52e-40
  2184  2287.6434721800387398838092892300089944372300  7.00e-40
  2185  2288.5476299103225769714661411029006095669203  9.55e-40
  2186  2290.0658263686885847769256325895693736839898  1.04e-39
  2187  2290.9996790914844393051209266371344673510173  1.00e-39
  2188  2291.3932841472508185000023743210302549005368  2.17e-40
  2189  2292.5085131233200596396882536176006685348778  8.01e-40
  2190  2293.1698834743265900484898328351405949663200  7.62e-40
  2191  2294.3506007442059720266023207444806418869283  1.83e-40
  2192  2294.8916134757739327339377072898519346159988  1.58e-40
  2193  2295.7500737821226842863947482248144512401800  7.64e-40
  2194  2296.6284495343130172647852960399718855518040  1.02e-39
  2195  2297.7015999926950434972189778910032586262322  8.39e-40
  2196  2299.0369492758490545831682602736827744512911  7.88e-40
  2197  2299.6899639666323120668202549787307148120399  9.46e-40
  2198  2300.6986953177303762611639792915975151906226  9.88e-40
  2199  2301.1937633550694306275946010007432817643306  1.01e-39
  2200  2302.5161568555818977393336159294344560183216  4.12e-40
  2201  2303.1307148336640403918149231058988712229024  4.71e-40
  2202  2304.0533772021448034263611918096320887866917  1.33e-40
  2203  2304.3399281207249499838702064254716795804613  1.05e-39
  2204  2306.0086165816014020279327217069709911311564  2.77e-41
  2205  2306.5238821614793050159441147997117431722956  4.42e-40
  2206  2307.9324923002668758087073935537090224900570  1.04e-39
  2207  2308.4960193609183084823732534483534505838755  4.49e-40
  2208  2309.7785482465051729201532061680368715251445  9.27e-40
  2209  2310.5723071864418033608961193792009888329103  9.28e-40
  2210  2311.1276631723110511245350830189242019026793  1.74e-40
  2211  2311.9114460556320141422400239795792311112877  9.79e-40
  2212  2313.0667343379018288246759044273066149912440  3.55e-40
  2213  2313.8304357439013739888045436667712771780182  4.93e-40
  2214  2314.4510420560753922694008192403527432030350  1.03e-39
  2215  2315.7192339216840319819818211265277574724051  4.41e-41
  2216  2316.6352097798303576349784899730778076758530  3.35e-40
  2217  2317.7907390291665064236614903010459109845340  5.46e-40
  2218  2318.7784514391517743027921460063199681241853  5.93e-40
  2219  2319.2356998057851714668902413291224141620534  2.14e-40
  2220  2320.1596580732708136561790326184704942794400  5.29e-40
  2221  2321.0276095519497085892257375298244054230109  7.95e-40
  2222  2322.0005119191900395450215230899608878344318  7.40e-40
  2223  2322.8506074638362733656176288726041277358495  6.64e-41
  2224  2323.4155435160038132440685419538922182348708  1.46e-40
  2225  2324.3659412206254017870746576722100616162891  3.39e-40
  2226  2326.1451695551768100253299501999787881149470  1.02e-39
  2227  2326.5727259766216092642358550145759981853020  8.23e-40
  2228  2327.2708214651617522123959944439375917707744  5.99e-40
  2229  2328.4893153914715672971163406718348798039680  5.92e-40
  2230  2329.2149810382148371530964180349566741938610  1.01e-39
  2231  2330.1628057035542155435933093003430462424661  9.13e-40
  2232  2330.7087052038446877670629466800370939525577  9.95e-40
  2233  2331.6232783558385145516709855776126318320231  3.81e-40
  2234  2332.6202282963372181047196633462457597201739  4.35e-40
  2235  2333.4297186175764395127085429338763349965702  5.05e-40
  2236  2334.7497757958899040961826168575502812224700  1.00e-39
  2237  2335.5974206805476251520293600894376166824115  5.22e-40
  2238  2336.3661793178651662502498450598254589650407  1.05e-39
  2239  2337.6047058242333574306321294943590188114000  4.61e-40
  2240  2337.9989088695025330854137368837485104354892  3.96e-40
  2241  2339.1396960919980443235037913744846808595576  4.31e-40
  2242  2339.6365348990775871126289021646377559853582  1.40e-40
  2243  2340.5390980377588901528357097573894591243688  5.67e-40
  2244  2341.8238470898502369233527338630537284805245  8.89e-40
  2245  2342.3256446358148959776344141519005959211631  4.81e-40
  2246  2343.3008550078283809184038870505130552242654  4.26e-40
  2247  2344.8259637101942165599345220124184018067543  9.89e-40
  2248  2345.5334771282669359607327403405753107307557  1.05e-39
  2249  2346.2709850271825580292381941146718560111060  4.87e-40
  2250  2346.8808576527070381225906760236996368486436  5.27e-40
  2251  2348.2112516864368745605705965171135183696373  7.94e-40
  2252  2348.5711886618917942801300643830921633017134  8.59e-40
  2253  2349.8960743712252058539288042507762277791463  7.76e-40
  2254  2350.2681948371788473704564711251940628249530  3.99e-40
  2255  2351.1756148247924087541198011252631556400976  7.54e-40
  2256  2352.7855125007829043956067727670404627838493  6.71e-40
  2257  2353.2862084127952654286429785654243669027084  6.29e-41
  2258  2354.7308558637927929582561508826027019141819  7.69e-40
  2259  2355.0252664450294834498148696535023172786334  7.13e-40
  2260  2355.9508195128045007597431085315896137452258  4.32e-40
  2261  2357.0307303211267557370570250859032289547978  8.41e-40
  2262  2357.8812686757671825754710931601088798923326  2.19e-40
  2263  2358.4791631298916058988603323678858883030847  1.96e-40
  2264  2359.1722794562286598075774845823530132784162  1.03e-39
  2265  2360.4003479395576544203459956477925938802444  7.53e-41
  2266  2361.4992560666367785621769501766878214020863  5.30e-40
  2267  2362.4343296001517723543118149779940119130064  2.74e-40
  2268  2363.1668213013713718252784246973619864198048  8.66e-40
  2269  2364.3584696644154920902565741233028575897526  9.68e-40
  2270  2365.1471975951768099410662021235150160342075  8.94e-40
  2271  2365.8219983228395561139328437758120680006177  1.06e-39
  2272  2366.4523682061023340004850215434672659173303  4.89e-40
  2273  2367.5917633648025109059445496596870419093032  3.47e-40
  2274  2368.4980565358316800260400299128693976086571  8.25e-41
  2275  2369.0874488132507554115614107837141070794009  1.56e-40
  2276  2370.2474311149340594924276398136422884099429  7.48e-40
  2277  2371.4207796402807083660328459504599728430804  1.06e-39
  2278  2372.3401503354021310278099649552260986542323  1.06e-39
  2279  2373.1212642136603734526389608715604024017664  3.66e-40
  2280  2374.1919906458156612956963333611826454092009  7.62e-40
  2281  2374.5314235030809682528092127356521115818824  5.75e-40
  2282  2375.5727750729348532784043528330345188251360  2.86e-40
  2283  2376.5949090316716894544853066607797358757979  7.97e-41
  2284  2377.4414031214505028492414312662350518291047  1.01e-39
  2285  2377.9166603831846796856886553172576976292215  1.06e-39
  2286  2379.0739166885216106981375662027730246312608  5.61e-40
  2287  2380.5106014811831389069863025368028415026144  1.04e-39
  2288  2381.3418272347432275576877324177036981487610  9.00e-40
  2289  2381.9797734615038231674656711219653500258993  1.00e-39
  2290  2382.6455499540932286119898286877625755663872  4.80e-40
  2291  2384.0686437259175359269433382498998596974247  1.04e-39
  2292  2384.7501088291107046016341813368827790327108  2.58e-40
  2293  2384.9857319928127693240980306899969873300837  1.06e-39
  2294  2386.3883109794558000950164837187683254637670  5.31e-40
  2295  2386.9353686952695271086572385127555186656002  2.49e-40
  2296  2388.1504188306706072133891082992880503881102  1.08e-39
  2297  2389.2310491497479606467769855803648914557390  1.01e-39
  2298  2390.1793708724948499682656041077348415205295  1.06e-39
  2299  2390.8876107414834335331505132035676875941299  3.35e-40
  2300  2392.0372527319456349507684663504967396160933  9.91e-40
  2301  2392.6225530348097772040998706990048108204832  9.64e-40
  2302  2393.4837609461251027400557605221422620098688  4.76e-40
  2303  2394.3988047567042590518382723007778579673200  1.07e-40
  2304  2394.9341488659066247515130487933110376371845  2.64e-40
  2305  2396.1311549981290340751763095084180666004707  8.26e-40
  2306  2397.2123931895646435996566003141302240872767  1.06e-39
  2307  2397.6711973517767599229822386655863457872883  1.04e-39
  2308  2399.2924200824582347710780546049454174024598  9.93e-40
  2309  2400.0402876752391801294966133030304084105138  7.17e-40
  2310  2400.7716293601270751839898887066371807729974  1.07e-39
  2311  2401.5350794433945432577660013157023550156242  2.82e-40
  2312  2402.2644503483913754036053067383779859619805  8.77e-40
  2313  2403.5124895997862298937372579302932388412277  8.04e-40
  2314  2404.0794391078470599357715438186619406748669  1.52e-40
  2315  2404.8482862438868399581782888900646003736212  8.89e-40
  2316  2405.7395049712125423617216716847212961796767  5.55e-40
  2317  2407.0437555760075484511166673980953857514448  8.78e-40
  2318  2408.1953320552131400464693848307038683218251  5.61e-41
  2319  2408.7115198236308082814619641954341071647434  6.55e-40
  2320  2409.7282134623924868372636122456055674227961  7.92e-40
  2321  2410.5779592386094917313675401561931195376027  9.32e-40
  2322  2411.2053079282832233755861507534397765148523  2.85e-40
  2323  2412.5436876010114222069094006905014187833534  9.26e-40
  2324  2412.8117288085603308444165197917245787412753  4.07e-40
  2325  2413.7940275810013352801704524689612144188810  4.02e-40
  2326  2414.5971465911724533381580074473191783655280  5.75e-40
  2327  2416.2688143578977308329628414144158678009068  1.13e-40
  2328  2416.6825728830570056077388149585971728314070  7.00e-41
  2329  2417.6593586053334410147808909306362934769277  3.62e-41
  2330  2418.7375179048040960428130052532276414328421  6.34e-40
  2331  2419.5554003017636872092158659044677940273277  1.08e-39
  2332  2420.2786809095796298874506557033656855361516  3.28e-40
  2333  2421.1245521825483423964333267808840378649278  1.10e-39
  2334  2421.6476310328214292838408299226034577413054  7.88e-40
  2335  2423.1319094255815291283544607856356064326797  1.06e-39
  2336  2423.5508707563411666628347701479338110760280  9.75e-40
  2337  2424.5139322900224089596842253148965017017686  7.51e-40
  2338  2426.0124780355873203742496957037089016221105  1.07e-39
  2339  2426.6271890014458131606305928843010823888527  1.09e-39
  2340  2427.5320347242306402656945656650382326974679  9.79e-40
  2341  2428.5868116514539523124557899699938559738776  1.08e-39
  2342  2429.0363204058364122392751249286176526791091  7.14e-40
  2343  2429.8869322880650095608825713526097003080489  2.53e-41
  2344  2431.0630029900084794375630051260246688763613  9.35e-40
  2345  2431.6290310824558117174464868997720255784611  8.29e-40
  2346  2432.6006743542821671516049643468402629464602  7.85e-40
  2347  2433.3365771555010916793030117627827330934389  5.09e-40
  2348  2434.8283802789861929338473948083122125596828  8.99e-40
  2349  2435.7694007674927742018366147087956668873778  1.01e-39
  2350  2436.5677920428861620735358001013261144006834  9.10e-40
  2351  2436.8802337512507101335062708461645502879414  5.27e-40
  2352  2438.2658621367791442548771922343470592157079  1.09e-39
  2353  2439.1220013755364994369452798777186592562170  8.81e-40
  2354  2439.7313339678238665235093171142202956734331  9.19e-40
  2355  2440.3940186137564006024993567757198491242935  6.82e-40
  2356  2441.4658013598503830071458509289367605306491  2.24e-40
  2357  2442.4788296205437209599782354478078790184223  4.77e-41
  2358  2443.6244551752746315278152195759804535104005  7.86e-40
  2359  2444.4723828545764285897301655640543792638444  9.47e-40
  2360  2445.3128246444288608997896350529123379910609  1.07e-39
  2361  2446.3586871433020433065584282658625932488745  1.08e-39
  2362  2446.8852249835388314029503027173095327156279  1.07e-39
  2363  2448.1278433417124854699081215320850179150357  4.91e-40
  2364  2448.4290406710879771652886919817521041689661  8.35e-40
  2365  2449.4311988031432817419281886726344833289601  7.53e-40
  2366  2450.4590815944628048156428755649073567356344  1.10e-39
  2367  2451.2381411885108642428751857799452513075207  4.34e-40
  2368  2452.6459291136604156210546854860425984195853  5.32e-40
  2369  2452.9945272871949300877635942806082339880440  6.76e-40
  2370  2454.6292100999152126677950926100968339325717  4.23e-40
  2371  2455.1777171048738165585799147631897820989141  6.86e-40
  2372  2455.7654713123158103727946324511038200774633  4.41e-40
  2373  2456.5933100661000958712753633422291149739949  4.11e-40
  2374  2457.7087099473617444697221393331231153618996  3.35e-40
  2375  2458.4843651265369246046018406010574175115470  1.04e-39
  2376  2459.2653103731178653312591655216717610134441  2.00e-40
  2377  2459.9593278277962341521869497824065100603811  6.93e-40
  2378  2461.2563621892469515065152494441606042808182  3.57e-40
  2379  2462.5258579471245760121204654268995149135155  1.05e-39
  2380  2463.1541415151152774921915014601105011956822  1.01e-39
  2381  2463.8221082193279992952917013395121461575596  3.78e-40
  2382  2464.9554919346067654651172566772345944503937  9.97e-40
  2383  2465.6520750068414725641405781001581711532187  1.10e-39
  2384  2466.3927080179796993195553114247971364001855  4.25e-40
  2385  2467.4583037143945998878169539573786170389845  8.17e-40
  2386  2468.2356920561501305371535935611169049872041  2.41e-40
  2387  2468.6182235208737520650967926575328839247941  1.07e-39
  2388  2470.4162903143799279993092826202151570250075  2.48e-40
  2389  2471.1137533299876839699022550392425655845720  1.09e-39
  2390  2472.0492758987060581041964954921010921742485  1.02e-39
  2391  2472.7515779705864237826284351069487458787917  1.10e-39
  2392  2473.8529622706652115256954817943565985576415  7.77e-40
  2393  2474.7924517651405352860117078639046211299928  9.24e-40
  2394  2475.1856407552490104175142247419102710613550  9.75e-40
  2395  2476.0735364815478851410207061706690288854988  6.09e-40
  2396  2477.0058167776938621222225154319572594887047  3.57e-40
  2397  2478.2152786879057216737156865017130494248154  1.10e-39
  2398  2478.6500714000823542443232765774864796309597  6.86e-40
  2399  2480.0188345449329271818164222879708950642883  7.08e-40
  2400  2481.0459160449573867782748194499850113102610  2.19e-40
  2401  2481.8514524036055390540983078737177975917734  9.92e-40
  2402  2482.5609123045517213567180397894455864098537  6.28e-40
  2403  2483.5141572676784709122050942308568189467219  7.03e-40
  2404  2484.1591621247476836230075902373833726901728  7.17e-40
  2405  2485.1132184594745406933876517812053351056308  5.93e-40
  2406  2485.9026579509118733018338271453609308148651  4.56e-40
  2407  2487.0367804024834456648177416849828486119170  7.80e-40
  2408  2487.3995259569627771494341389968651930999638  8.37e-40
  2409  2488.9130894838754586030328840760695860146786  1.04e-39
  2410  2489.9861653085905027709782768259051378546986  7.32e-40
  2411  2490.7942349684579444654936443806103959863780  1.10e-39
  2412  2491.3232978025425013261891964024418929944998  1.01e-39
  2413  2492.2521674238772376585673350164085149483623  8.53e-40
  2414  2493.2027986420939495754275527424464555330142  7.32e-40
  2415  2494.2428050454585937968005339961843320154419  9.49e-40
  2416  2494.7914195906145205222655069026024837679270  7.78e-40
  2417  2495.2460499971559025639830078299601416343009  1.89e-41
  2418  2496.8201983486354799132538931711120238295707  1.00e-39
  2419  2497.6945322036859684447982273274493304255879  6.08e-40
  2420  2498.6677202824015539076057530067830293868239  6.28e-40
  2421  2499.6455444235037247026889026700798739142523  6.34e-40
  2422  2500.2407807965755594803393250469081161956983  5.50e-40
  2423  2501.3786746589380387573239002390439332770674  1.08e-39
  2424  2502.0987133512616651250561489979876421818618  1.02e-39
  2425  2502.7098793619389354509818363904365220901098  5.96e-41
  2426  2503.7306872092811436532542044532682153340601  2.95e-40
  2427  2504.4730863708428461825525429337056009152097  9.54e-40
  2428  2505.4118856980736980188518806375999250960993  8.05e-40
  2429  2506.6456303280417534183260929950713230507818  9.39e-40
  2430  2507.4697169865963506431235939569923143122853  1.08e-39
  2431  2508.3023520944897124554931372376711818241898  5.84e-40
  2432  2509.5957116385785165118838702284679164461359  8.89e-40
  2433  2510.1546130943469890619414006985989896385808  1.02e-39
  2434  2510.6802403423846514796402555562231507312515  4.13e-40
  2435  2511.6129755842357181320249342677144520107099  1.10e-39
  2436  2512.9226266128271012919875929459446459539697  4.92e-41
  2437  2513.2006808594173213469960206047954845573788  6.04e-40
  2438  2514.3997547192870993435560778654741435515774  6.03e-40
  2439  2514.9777315406106535327033349703323516232610  5.02e-40
  2440  2516.8693263196523906281720078238769054919970  1.30e-40
  2441  2517.1019174719677676685983916138393205430162  1.09e-39
  2442  2518.1318156951517786628760003493277666195098  1.11e-39
  2443  2518.9839245903432029781983434972345663593325  8.93e-40
  2444  2519.6856596626969994175343806340184716632357  1.12e-39
  2445  2520.8887056636856823578961761341600224641848  5.26e-40
  2446  2521.2297338595602637954600249179489706551431  7.04e-40
  2447  2522.3809424828041356768588230861654652067472  2.34e-40
  2448  2523.0241768915697837990887685962889750738319  4.82e-40
  2449  2523.9863039797497298545568708716079166531768  3.91e-40
  2450  2525.5148607418146712895448580977146012364770  1.14e-40
  2451  2526.2133238880113146659864282902622053260419  1.09e-39
  2452  2526.7759751053073542722955302905995396575038  1.12e-39
  2453  2527.8286493137255782099347550257409970223606  1.03e-39
  2454  2528.9169649991466813643948375037117220521042  6.26e-40
  2455  2529.4615811076804867888159174016941842364435  2.98e-40
  2456  2530.2305908228353998134939256846780794293356  1.03e-39
  2457  2530.9924640002392544867789775753435571518480  3.28e-41
  2458  2532.0483764804308416345145460836516995462272  4.70e-40
  2459  2533.0498446630897154878936366779488256317915  5.86e-40
  2460  2533.9663851675109004389519306659429601146690  8.96e-40
  2461  2534.8698451040233400871795236759834723203549  1.09e-39
  2462  2536.3004072470427267719401070844411627745626  9.88e-40
  2463  2536.5501913024376595775650065885980008888431  4.15e-40
  2464  2537.4059113758041088061355741912192140199306  1.11e-39
  2465  2538.4769361945719957981643990474319600892448  8.97e-40
  2466  2539.1245090449170968736068810068837616802869  5.20e-40
  2467  2539.8826538336380654853471748249023988331788  1.10e-39
  2468  2541.1184036656996291822337150566392355759542  5.10e-40
  2469  2541.5496470071705685145377639513844165486372  2.16e-40
  2470  2542.7379178349820402072150376733128871244787  8.81e-40
  2471  2544.0074582598391672142398292966983115145725  7.24e-40
  2472  2544.7814862413447079719821923089923467346597  1.09e-39
  2473  2545.6309080179628764087997914264514729352506  4.97e-40
  2474  2546.3975775210649237056198921298436391455488  1.12e-39
  2475  2546.9332039825586710078366189014959958160139  1.07e-39
  2476  2548.3466343628248079654482858621682065555768  1.11e-39
  2477  2548.9465429605188728591680313497356505362431  1.13e-39
  2478  2549.5155124027583438910641076100448419442173  6.24e-40
  2479  2550.3769014030212687400767180197826819065842  8.01e-40
  2480  2551.7931757725146274368006949114992642333111  9.90e-40
  2481  2552.9240072684504453784452427758572061802217  7.77e-40
  2482  2553.2989829064643394331898413663423844481324  7.46e-40
  2483  2554.5416098818375734183205403782597854293611  9.56e-40
  2484  2555.2017843533859792957576127733896789722706  7.28e-40
  2485  2556.1967199668259290897967206201415255793225  6.43e-40
  2486  2556.9060720987825554623443353359423809950813  1.02e-39
  2487  2557.5945660402296197330710710039521249481901  1.14e-39
  2488  2558.5997789868405232103195422238527093803270  1.12e-39
  2489  2559.3220478526454031785221262170611103765338  4.48e-40
  2490  2560.4515317709865773772305661925509546660996  1.05e-39
  2491  2561.6348316139642439657893877728275356128259  8.45e-40
  2492  2562.2455244237459893136479541550518800163306  8.04e-40
  2493  2563.3861945061079238858030125409417492836609  8.36e-41
  2494  2564.1150295425343826551157260656425594797811  1.06e-39
  2495  2565.2343567483499986075515595601545060521607  5.25e-40
  2496  2565.4957404637213761267004683789700757558948  8.79e-40
  2497  2566.3278459151248515905502636499772455149719  1.42e-40
  2498  2567.7599532735131933901250010274927804838380  6.61e-40
  2499  2568.2539129052188807914537176207449944271728  2.31e-41
  2500  2568.9078589152300627789791352190220516082616  3.05e-40
  2501  2570.3331221493539873494560685886938803191326  5.58e-40
  2502  2571.3887908581272283094745165576166136781264  1.13e-40
  2503  2572.2256496095133127231462313673095375112713  8.36e-40
  2504  2572.9852339960754431545803009144853161411622  1.03e-39
  2505  2573.5088789230618526797820346037294346712585  7.90e-40
  2506  2574.8845983487643767755879820692338386193706  3.04e-40
  2507  2575.3025630064783938367016313045151627362862  7.38e-41
  2508  2576.3249224729158152283331064792203756841373  9.45e-40
  2509  2576.9516567943184846531047237093739545634691  3.61e-40
  2510  2578.0122632452963430891397677419079783324972  7.82e-40
  2511  2578.9464683098000556968007861064860660553425  5.80e-40
  2512  2580.3959217337393455183284006446190362308806  1.27e-40
  2513  2581.0854071771302017334453343542650646973211  4.13e-40
  2514  2581.4057096670835473852768525900519595949917  6.90e-41
  2515  2582.7850702515861660797366937893204557063461  9.27e-40
  2516  2583.5423738441505943800815547535946390991577  9.59e-40
  2517  2584.2526098341574968126103293566944635169527  1.14e-39
  2518  2585.1388858320129207571009802952019446360376  1.03e-39
  2519  2585.6547805917715193184505992771238958458022  7.48e-40
  2520  2586.8869326536063296937875390724420527434187  1.01e-39
  2521  2588.0617190258744045837111872091178382068904  4.46e-41
  2522  2588.6471444182962363553395177623594408796267  9.80e-40
  2523  2589.8349627064687143411709040741639337192440  9.41e-40
  2524  2590.7658464904301592772597062999974607556804  1.06e-39
  2525  2591.6736829967990684300628301468642132345300  4.58e-40
  2526  2592.0160927090901611506587766810766201161167  2.47e-40
  2527  2593.2059896727328394373746304243165725844649  1.10e-39
  2528  2593.8146244565909665848433783580466597474729  1.13e-39
  2529  2594.9421682463348678284649357385208925739220  9.23e-40
  2530  2595.4497042599791910146813068782306986698484  2.94e-40
  2531  2596.6688187668460834442700565085151608747244  9.58e-40
  2532  2597.5499262575870500655361899117058212232131  6.81e-40
  2533  2598.7978901755887567816541766849786114922289  8.21e-40
  2534  2599.5122859783498547498920144829525666362588  6.25e-40
  2535  2600.4337311369952037536311171297400179491496  8.65e-40
  2536  2600.9220077147833969348175965603592836674289  1.14e-39
  2537  2601.9018520353465007623560807565472726103927  1.13e-39
  2538  2602.9084310053700458113035783241006142379870  1.08e-39
  2539  2603.6467369920814447845240848299514157170291  6.70e-40
  2540  2604.4834534904725264188601142751244471196423  1.09e-39
  2541  2604.9775556391274017709956027955355565757044  6.75e-40
  2542  2606.8167349856061675708022876001329449154577  7.92e-40
  2543  2607.5085902996413524731516422663920339957931  7.58e-40
  2544  2608.1111361931277073753903771881860716394954  7.42e-40
  2545  2609.0972632984576686812125234986464629111164  6.90e-40
  2546  2610.2408192197672705450685947635720850729004  2.70e-40
  2547  2610.6196530426684159570103418130370739519410  2.68e-40
  2548  2611.6369856098436521111973229967980454765789  7.33e-40
  2549  2612.5159137211821353562684618157058383134386  1.07e-39
  2550  2612.9848528377220188746736889893450695285377  7.46e-40
  2551  2614.3291616235846120841463618623242169282208  1.06e-39
  2552  2615.1308428757811610294886692287876043674541  8.61e-40
  2553  2616.3070594314013012051436295303968742684313  2.42e-40
  2554  2617.2837050065131227830244359319835868392130  2.49e-40
  2555  2617.6849412286071187806936879121646163333121  3.77e-40
  2556  2619.1868231478285821692132225850312407690475  3.44e-41
  2557  2619.4936759764873755925333285104522930756776  1.14e-39
  2558  2620.3837004005038406730690407887559784499431  1.03e-39
  2559  2621.0388726013215099314192217938175377734107  1.14e-39
  2560  2622.2551721555485482737204810121555478671779  4.80e-40
  2561  2623.1393179548118567593258272800639540630688  9.05e-40
  2562  2623.6150197975335345816563882114825984639533  4.35e-40
  2563  2625.0928271106332593121830439306990184756544  8.85e-40
  2564  2626.0656470466952407335068574620693186095128  8.90e-40
  2565  2626.9368744572644088740428572876398276909740  5.98e-40
  2566  2627.5544294555610753579937838527320969723669  1.11e-39
  2567  2628.2455418451610673224933235696225747222575  3.46e-40
  2568  2629.3645369233710870460344719650547065492629  9.40e-41
  2569  2630.2889723802971696350765427573462792430086  3.91e-40
  2570  2630.6789749751912577237870412312216959870485  3.18e-40
  2571  2631.8025459479077207955436104457066877671179  5.43e-40
  2572  2632.5502915419669069986914543136814423261213  1.11e-39
  2573  2633.9099938856486647170371535119202097279436  2.07e-40
  2574  2634.8418403740527339948904487552071898051168  5.15e-41
  2575  2635.6125244171509788115936180732130968344109  1.03e-39
  2576  2636.5047981067222158828994342922220254214797  1.14e-39
  2577  2637.0086334077404933705050435725042598375132  1.02e-39
  2578  2638.3474452100816433494834397277381651147023  1.40e-40
  2579  2639.0408170501261083817453511401156777591234  1.14e-39
  2580  2639.4476725519097420933505878196310823610624  5.91e-40
  2581  2640.4798594958462788364575126005159124448607  8.56e-40
  2582  2641.4924525514783540906630321226117917487484  9.88e-40
  2583  2642.7108381314702311346388923930856517380762  8.30e-40
  2584  2643.4961447120408614377057859626515509080241  2.12e-40
  2585  2644.2628846607469163117021331226604820662898  9.10e-40
  2586  2645.4561535310402427947007480047849431356976  2.78e-40
  2587  2646.1985502764112050010160391486380092879222  9.49e-40
  2588  2646.8713388379413684717273865303102960853546  6.30e-40
  2589  2647.4582362321085154175041916785755715816087  5.75e-40
  2590  2648.7248618542568582503802740978861128719074  1.01e-39
  2591  2649.3886775253903759558523506264900732338714  7.66e-40
  2592  2650.0851354580688561304716501815669020008437  9.44e-40
  2593  2651.3780566546138567950203107889350286029366  5.56e-40
  2594  2652.1947237510554234778413862113787381554745  1.12e-39
  2595  2653.3594886843608373803481213720606251698290  3.68e-40
  2596  2654.1702124867830617970902470124332862223366  1.06e-39
  2597  2654.8981351493630164975402339147201239742600  5.47e-40
  2598  2655.5951352426589290612645691765442900766583  1.06e-39
  2599  2656.5526629926785321753831988383295702275915  1.02e-39
  2600  2657.3049005358781762851385537531843294108242  1.09e-39
  2601  2658.3409601575883624253429877777967035729930  8.96e-40
  2602  2659.1282582465329057924348112763425852470607  1.10e-39
  2603  2659.5196995338421611885083016413691618450332  2.21e-40
  2604  2661.5347524632018485175508588644752475600176  5.99e-40
  2605  2661.9395410129799939027836329774573279468085  5.13e-40
  2606  2662.8807446805840624100823377753438019467068  6.80e-40
  2607  2663.4962357627331265374094365981089856072208  5.87e-40
  2608  2664.7562472086998732813917795523274606839196  9.67e-40
  2609  2665.2889628497439557032061501316882337051603  1.12e-39
  2610  2666.3156664327657673886333537941119661649663  1.01e-39
  2611  2666.7178916796244249695861697468987859679055  1.01e-39
  2612  2667.8740599569092731357437782383664461639739  1.04e-39
  2613  2668.6708225459323271006686128647901665536256  1.02e-39
  2614  2669.9314436465890813415337238504851493944495  5.91e-40
  2615  2670.7818934708962906020604428075031747618911  1.06e-39
  2616  2671.6999443853372357231790601789823043089557  5.73e-40
  2617  2672.4873932085199530767618347557984062361204  5.22e-40
  2618  2673.3860669785090427083535366232102444747680  8.75e-40
  2619  2674.2286235770986726566064215126573680397837  1.15e-39
  2620  2675.0138211422171528320435827589817102554426  6.10e-40
  2621  2675.5056774531644309448671581358184925868857  5.96e-41
  2622  2676.7087142589053553782403510319890115956700  1.10e-39
  2623  2677.6028002275951520149533206023207275842595  3.50e-40
  2624  2678.4714271516480969248039113333786007636314  8.78e-40
  2625  2679.3556013929130399670897331189170197093316  1.12e-39
  2626  2680.9309947089032976378717098484914392916170  1.12e-39
  2627  2681.2263015719398393163907154655269626634560  1.13e-39
  2628  2681.9707320673485243406563089707821197617590  9.38e-40
  2629  2683.1354548726572382279136276968924889438031  8.61e-41
  2630  2683.4763880821492084255067666334800794575218  1.12e-39
  2631  2684.8234449760503429514054955879567145448127  1.10e-39
  2632  2685.5709205882232801793549810957201707479443  5.43e-40
  2633  2685.8980217031933018391801841583345977626720  7.82e-40
  2634  2687.2405913879734595772880458943580353636731  1.07e-39
  2635  2688.5024350597999904160249770873855575456422  4.66e-40
  2636  2689.1488016230366177359070031766863921231438  1.72e-40
  2637  2690.3540448180152312229311473419714662897899  1.03e-39
  2638  2690.7732662342404976143446719545847714063082  1.11e-39
  2639  2691.6543250935668901983739103533097392602252  3.84e-40
  2640  2692.6335184002047390202545275214460804881662  3.44e-40
  2641  2693.6163384250908481481601054768754701216872  2.83e-40
  2642  2694.0649170958948582020273515985952632485952  1.00e-39
  2643  2694.8313370392023087175723937666663622189725  1.00e-39
  2644  2696.0157624610515700854402006157548076783380  9.74e-40
  2645  2697.1364400956217965106484480135475155259834  2.40e-40
  2646  2698.3404182093263076171972913957124914455289  9.89e-40
  2647  2698.4447201794359646390724172270948675463195  1.17e-39
  2648  2699.8152169620340197197995399593623779381969  5.86e-40
  2649  2700.9037680562584459361881378982627090532172  1.06e-39
  2650  2701.2010698424586944411163819963715891696532  7.56e-40
  2651  2701.9609070672140850001700673918422662148659  1.17e-39
  2652  2703.0785995025194570974894358268492061261364  8.29e-40
  2653  2703.8371751872359490635067427859584930641984  1.09e-39
  2654  2704.7454965930433937161030493522514916398888  8.94e-40
  2655  2705.5866801184077184807780465358825913511152  9.57e-40
  2656  2706.9504616756878786443333208850080388998796  1.05e-39
  2657  2707.5802238259166212328498667921229175115152  7.46e-40
  2658  2708.6844988169031563216885295051953426726807  2.14e-42
  2659  2709.2940697065146878871274665770693047896146  9.19e-41
  2660  2710.2074061233310950279556668444228061928240  2.69e-40
  2661  2710.7810229533300987011774073600415347848427  8.36e-40
  2662  2711.8512952297802048206299792002904175084284  1.12e-39
  2663  2712.7263106171955078144847725151876202241545  3.89e-40
  2664  2713.4309227214100875244418769129625057049167  1.15e-39
  2665  2714.2278218613923477457852352829392173702566  5.22e-40
  2666  2715.5344202940510153892372083255639171301029  9.13e-40
  2667  2716.9270955539850301090659543787812600361277  1.13e-39
  2668  2717.1169706843299235468849344519790900508462  8.56e-40
  2669  2717.8701004847565972201979934039330495569124  1.07e-39
  2670  2718.9691200611842407782878603723681107033070  1.12e-39
  2671  2720.0902349620748399845255796669217565187539  5.71e-40
  2672  2720.4029188706087253124852012521059044587766  1.06e-39
  2673  2721.3066504566650299608420647601045874309423  8.13e-40
  2674  2722.1716353711274296145609877812963177728457  9.49e-40
  2675  2723.1390733032860826315584947861185416971088  9.61e-40
  2676  2724.2669761692186161731530208849364177281790  1.57e-40
  2677  2725.4809495146753565390389877847391393561396  1.07e-39
  2678  2725.7194907972935405846076361310536929513888  7.90e-40
  2679  2727.1566183908157943114792015148698149774680  3.04e-40
  2680  2727.6556227127416233006934653433163151303747  8.15e-40
  2681  2728.4866209300761326939830084445814604911086  1.16e-39
  2682  2729.5363339688904053726037183253656657983768  1.03e-39
  2683  2730.0479707973624926639878879088305663966962  1.17e-39
  2684  2730.7757423649023332397548855284107725295832  3.63e-40
  2685  2732.1833263932429287301350534705708978923409  5.79e-40
  2686  2732.7927958006926647257021153610350606665587  5.04e-40
  2687  2733.8086775928989590028013060230116528475382  2.39e-40
  2688  2734.9671016306966485832410157461472987160577  8.32e-40
  2689  2735.8039234145295331579649636003474610165254  8.73e-41
  2690  2736.6014094804909432417216395006823868244007  8.68e-40
  2691  2737.1382679999094714399360373302241553983851  1.07e-39
  2692  2738.0198319435061115761977632421658665383171  1.17e-39
  2693  2739.1355668023378567347174071458432694840213  8.82e-40
  2694  2739.7807848389705158583958947519250190446218  6.55e-40
  2695  2740.6230979405780081380203633943963102124480  1.12e-39
  2696  2741.3008501058480012917275144337095532604436  3.70e-40
  2697  2743.0382559003894549084053762234840949004903  1.11e-39
  2698  2743.4338227904154727224912494721541791915970  2.14e-40
  2699  2744.5252512799779129382750400506902609746968  8.64e-40
  2700  2745.3617221094735532585335933255204484032362  1.28e-40
  2701  2745.8910402237423693079298248181967129216960  9.23e-40
  2702  2747.0840278001072396696632575081310899258027  1.01e-39
  2703  2747.6241369386984806372812480006195100596117  1.14e-39
  2704  2748.7516027039842834808939804230431609154395  5.71e-40
  2705  2749.1939410219599718143127289362918850497593  1.14e-39
  2706  2750.0639644195471430502536044689439458119216  1.13e-39
  2707  2751.7252306659839542568714461136799747375995  1.15e-39
  2708  2752.2546084411667540267584755068474579693443  5.89e-40
  2709  2753.1564659881653945593592666945494893834869  9.07e-40
  2710  2753.9943041355004065413284388395952210248332  4.61e-40
  2711  2754.9706440368945071714591371442233369928525  4.93e-40
  2712  2755.8508332867883130317007022729480914854714  5.54e-41
  2713  2756.4607448581860329793400083918397917928273  4.30e-41
  2714  2757.0121918856783571587068772270991513576710  9.65e-40
  2715  2758.2511359251473575760831875110950862862128  8.11e-40
  2716  2759.2099044533034287903574968990688187072041  8.59e-40
  2717  2759.7301048207413282126055333291493690066748  1.11e-39
  2718  2761.2106543131273572044329648385694604280504  5.62e-40
  2719  2761.9844767825368447791190434563638988050362  5.12e-40
  2720  2762.8200659576123034103253862455510564130260  3.07e-40
  2721  2763.7290550585981665538086158374305686314645  6.50e-40
  2722  2764.4672523446659718755899265347079534774695  2.06e-40
  2723  2765.1307498538736619946469515851473568840685  1.17e-39
  2724  2766.0379180395244224662256083696913532422887  1.14e-39
  2725  2767.1447155219470357887273019771409884333503  1.02e-39
  2726  2767.5403230272731202122173856164016863629735  1.01e-39
  2727  2768.7430623291178085686576361301485488386893  9.05e-40
  2728  2769.5545117062382213147781889936647787074574  1.16e-39
  2729  2771.0775295029678720771976774650848131918910  1.10e-39
  2730  2771.5819086192703692613338905345916974548194  7.99e-40
  2731  2772.4141087612010769188802335505034319238943  1.01e-41
  2732  2772.8709435985648855168907618832660141475803  7.83e-40
  2733  2774.3689479186183065872056884253492358047201  1.03e-40
  2734  2774.8275213447372933286462850024678674663242  6.95e-40
  2735  2775.5833600986989700385796489674478376308306  1.15e-39
  2736  2776.4080916383178292310309806367086541122732  6.11e-40
  2737  2777.2655300818799752552176235311150876616098  1.07e-39
  2738  2778.6467080083553885960873542357243741281532  1.03e-39
  2739  2779.4488866065834261454269499349699009134473  1.87e-40
  2740  2780.2439170552330161185998203149095873971291  8.14e-40
  2741  2781.2505414123311268184790426011391496087138  6.32e-40
  2742  2781.9277985716385351581742748589369407896407  1.50e-40
  2743  2782.8813288561181637025575181273574528514664  2.49e-40
  2744  2783.6291680677760512875799103364813764674619  1.15e-39
  2745  2784.2862974993939790350307089715466264645037  1.03e-39
  2746  2785.3216339393900906662880240803074236059015  7.64e-40
  2747  2785.9065744657168001123086859801066897056093  4.62e-40
  2748  2787.3454162386356789334793749970529761578877  2.93e-40
  2749  2788.0512822685135184767060419073778548689579  4.01e-40
  2750  2788.9366895534512772984664470192272584457790  1.21e-40
  2751  2790.1112290672813644734165794052330263363258  9.89e-40
  2752  2790.8274594361600899493806105446581131339612  4.10e-40
  2753  2791.6457947916351839803036152736980574751212  8.86e-40
  2754  2791.9902797940832784060239560174556100572227  7.31e-40
  2755  2793.3158072260109944828004208301054673049898  6.54e-40
  2756  2794.0387447594605718618232159140008836240815  1.19e-40
  2757  2794.8813054066387438133229209856435381408237  6.43e-40
  2758  2795.5648644605376845221852174679878582326265  1.03e-39
  2759  2796.7599811720599151091328274837341580744658  9.15e-40
  2760  2798.1490157421652952912909164925264993636331  1.15e-39
  2761  2798.6604560380860319890608878278308619062149  9.39e-40
  2762  2799.2098104968826560491150805550548285281001  1.15e-39
  2763  2800.6342625020190243577487326157695716387413  1.05e-39
  2764  2800.8872130207130415532694432232027105780907  7.78e-40
  2765  2801.8943732885861962894350297776612208218144  5.78e-40
  2766  2802.8848949808095453137603319518567443296375  4.54e-40
  2767  2803.6413651176114510972589098403799428084559  1.18e-39
  2768  2804.0944935509291190230694828765291519053904  9.17e-40
  2769  2805.5853010147393488976457220158465589050466  5.77e-40
  2770  2806.7138400003391674839241469403904191725168  1.16e-39
  2771  2807.3783815372580772452448507356960852441122  3.05e-40
  2772  2808.0612663796729957777063285720083765460538  2.55e-40
  2773  2809.1043564441907771782161724471187128346857  6.83e-40
  2774  2809.9547634592187735071215638802589877608500  2.18e-41
  2775  2810.8384023970109433620663220880053072229776  5.34e-40
  2776  2811.3512383164979889335340524029083236400574  9.30e-40
  2777  2812.0184817118728117736406360695893653691083  7.17e-40
  2778  2813.5745164522338273522783620118613691460394  6.94e-40
  2779  2813.8845333970022225535802239604422912436668  9.21e-40
  2780  2815.1726295829339655027160368555841824567605  8.74e-40
  2781  2816.1465664600629370410211992061190497475224  8.94e-40
  2782  2817.0685676823249167419977303824577527300606  6.71e-40
  2783  2817.8362828981090500642396202550101051097271  5.31e-40
  2784  2818.5869758719104803702413310509583372086507  4.34e-40
  2785  2819.4145784402302412835614871685751127745467  4.37e-40
  2786  2820.1614173259640796315406884565697998016804  1.18e-39
  2787  2821.0787088296281900296657588215662374710711  2.03e-40
  2788  2821.8971652438578188820483976671254688783111  6.99e-40
  2789  2822.8088311441789015501948541317903019243740  9.50e-40
  2790  2823.6584530819271230090627322539991423768224  1.18e-39
  2791  2824.9727375484021563531297132505303478183409  3.29e-40
  2792  2825.8073473226274284076881771873019914849575  1.20e-39
  2793  2826.6214442686466716944106535720586295876942  8.12e-40
  2794  2827.2937224204332253865076830007673194972129  8.69e-40
  2795  2827.9175144991858483254584437236457397092242  7.33e-40
  2796  2829.1965401604234509578648940666869722958003  1.00e-39
  2797  2830.0163562663825662416180935068556117865186  2.43e-40
  2798  2830.3717865144831738047905486589330601060328  1.04e-39
  2799  2831.2475020118291513408688858957764201594453  1.20e-39
  2800  2832.6373226657934985037496534929636443420882  7.68e-40
  2801  2833.5991145662505035020584191792264342096373  7.35e-40
  2802  2834.4329890479836159659641233688161814868785  5.82e-41
  2803  2835.2548476103712207795913821499352037618744  1.11e-39
  2804  2836.0010209593419257200981133079081634823329  1.07e-41
  2805  2837.1868723303714464501018533333028583415499  1.09e-39
  2806  2837.5529562290462791555218641936377660759160  6.50e-41
  2807  2838.5477277959121601969609166348314176292221  1.07e-40
  2808  2839.2444458189648180451011300672620236229556  1.16e-39
  2809  2840.2383867641029179074056825319271422071320  1.11e-39
  2810  2840.9664881485005234970518982936030707177813  5.66e-40
  2811  2842.4696567199409131233734311934967802294750  4.19e-40
  2812  2843.0317924139521999178616164742184484980314  2.38e-40
  2813  2843.7870309322041869682836959442434036405242  9.51e-40
  2814  2845.2390424408416101195317747637137026453296  1.19e-39
  2815  2845.6577995743569551699546176953971958759715  7.96e-40
  2816  2846.1680918745015682147177020383776000475763  1.18e-39
  2817  2847.3908449993997391256914281715242123097455  4.08e-40
  2818  2847.8539028202217310628248627895564695217901  1.03e-39
  2819  2849.3407140321417089673837912346259962036418  1.20e-39
  2820  2849.5067090827454329648158701440462816407320  6.81e-40
  2821  2850.5992586840595597602927876300809703911278  1.13e-39
  2822  2852.0028858635839787425428500133333823063088  5.15e-40
  2823  2852.8872835649466228777721861430120006729247  1.10e-39
  2824  2853.5113149439457627005222535153244706384321  2.10e-40
  2825  2854.2571384640912514300414212839434891805032  1.00e-39
  2826  2855.1919675391672077530820355621414547900211  8.83e-40
  2827  2856.1087293664720487481052053309507786851658  6.30e-40
  2828  2856.6993582214187806053926881852866079065239  1.18e-39
  2829  2857.7015919264603088279399565181468624897229  1.13e-39
  2830  2858.4357340947836422744479622851161442512673  5.85e-40
  2831  2859.2120193943707614978382781004257903184374  1.19e-39
  2832  2860.7117257773607047378882271794776503223981  1.16e-39
  2833  2861.4745710318433224537108970085838343931424  2.64e-40
  2834  2862.4232986915166673480442118356904282518944  1.50e-40
  2835  2862.7588154709697675770873602347754712286223  1.13e-39
  2836  2864.0540075073617196181355011943229919612959  5.82e-40
  2837  2864.8712555421487680752873428218352077101656  3.39e-40
  2838  2865.4906611646124127361650110086274151600395  1.72e-40
  2839  2866.2321781469862163548567638429704707258257  1.16e-39
  2840  2867.0472080903996144164281054144157677412739  1.88e-40
  2841  2868.1412403326580724790333094045108124046159  6.02e-40
  2842  2869.5128704160952830313295420052561026770560  7.49e-40
  2843  2869.6236603118496672469686714818388918999979  1.14e-39
  2844  2871.1650871661704811922058536974548650315416  1.11e-39
  2845  2872.0410985785530668244641848321467676757918  7.66e-40
  2846  2872.4165552082021744267866825902862452612835  5.28e-40
  2847  2873.5868870029383141952724223598918338324033  7.07e-40
  2848  2874.1108994854880607659690025514820515680651  3.20e-40
  2849  2875.1087879098933654534417528149673627705117  5.08e-40
  2850  2875.7976143968421872603730335546508075506320  1.04e-39
  2851  2876.9534484900400374284993813758946127631393  4.41e-41
  2852  2877.4659657733295663574047828700082592504240  5.36e-40
  2853  2878.8833312444517807079064781809084414087016  6.33e-41
  2854  2879.6961236119808127732272792595774279342689  1.09e-39
  2855  2880.6281776581491629898179942224132548929203  9.72e-40
  2856  2881.5256488311000447056895777498269032368692  6.49e-40
  2857  2881.9836400959160046646183837367841008275098  1.67e-40
  2858  2882.7857865497170446489667489722414496320361  1.02e-39
  2859  2884.0370046141248549593226557001289583711899  5.80e-40
  2860  2884.7811880326226434205000857125564192141447  7.48e-40
  2861  2885.1545531598174103205391106482860725866681  1.16e-39
  2862  2886.1495153338143223334665884271560196695659  1.19e-39
  2863  2887.7123736718757892199940891392259367367203  1.20e-39
  2864  2888.3341378985614354593419617045331289530795  4.03e-40
  2865  2889.3507539495305540168923002272112624875576  1.15e-39
  2866  2889.8708026431671767664400178136147398268604  5.30e-40
  2867  2890.9343993116121910506740367834634533205798  7.47e-41
  2868  2892.0290051351206540130451319134359760838160  8.14e-40
  2869  2892.2045660528180001118569405420110179488342  1.20e-39
  2870  2893.3494739564424678731111672437942850053435  5.92e-40
  2871  2894.0890475203782956693562680688054668559876  3.27e-40
  2872  2894.9260547139075441254524672419732726594017  4.87e-40
  2873  2896.0559020395862522104256623393853795177918  5.35e-40
  2874  2897.1726381240406588785383082719676819035657  1.15e-39
  2875  2897.8900579446982006796714283668257373399454  7.28e-41
  2876  2898.7042828818892957302399566304828692277360  1.10e-39
  2877  2899.6983836331881158974110386353184405711513  1.16e-39
  2878  2900.5834212609493337459406065281567753612985  9.03e-40
  2879  2901.2320142516799934369371685261481433175050  8.93e-40
  2880  2901.6303094547895330659016079674910890556366  1.15e-39
  2881  2903.1207630509466842685312707802119567360646  9.66e-40
  2882  2903.6340672588493217476882208933383391891559  1.19e-39
  2883  2904.5808446007860332428198632291018603705429  4.82e-40
  2884  2905.5074029842412788846068601985652868217554  2.40e-40
  2885  2906.8140278686678090758341498327738743501486  1.10e-39
  2886  2907.6209634067690259907227111142384222048548  1.11e-39
  2887  2908.2799592587045580275093315024531955453843  5.33e-40
  2888  2909.0238418458869503701634918398531188371584  4.17e-40
  2889  2909.8264750374969276608830838436516243963477  5.95e-40
  2890  2910.9574072464761819952929292964386777728318  4.30e-40
  2891  2911.5681364082367715113293997189852772380598  5.50e-40
  2892  2912.1255418489124338658516875516779725737073  1.20e-39
  2893  2913.4760782198714218989493905220257264664768  4.11e-40
  2894  2913.9528424489905634743644887434903620633739  3.16e-40
  2895  2915.5735456683794018238034177700078803468125  1.14e-39
  2896  2916.3194544452256476980785297377906394715032  1.08e-39
  2897  2916.7970865951139697748282300762113621013687  6.16e-40
  2898  2917.8037167827697968825660854760628657385258  3.74e-40
  2899  2918.6778686831667378811300982021384940119581  1.13e-39
  2900  2919.5104864226112405097445879055164330708688  5.65e-40
  2901  2920.3600591441368722959171945889452177954762  1.57e-40
  2902  2920.9117576202988894661687561033885786864776  4.06e-40
  2903  2921.7038482157521934222918789115932598878002  1.15e-39
  2904  2923.0639845472400871617895175978151785990748  9.06e-40
  2905  2924.1066007461433712078964946512447154028671  1.15e-39
  2906  2924.5581033046230695617880717800417215992995  5.99e-40
  2907  2925.8019540728087902093989552604152341521440  1.12e-39
  2908  2926.6808273798169629018817357368115750461286  1.22e-39
  2909  2927.3834954884255130035185964623263139019979  1.72e-40
  2910  2927.9666372354853229663489287086496721540968  1.23e-40
  2911  2929.0665697880495083023085487084473221068365  8.91e-40
  2912  2929.6043312932273025981711456465979304321096  1.20e-39
  2913  2930.7524541491162950858996703069397482288112  5.54e-40
  2914  2931.3598438413898058742458678911831477004163  4.63e-40
  2915  2932.4924649236339765379556900220845316326287  5.88e-40
  2916  2933.5925205942683422183783773309903882827955  1.14e-39
  2917  2934.3425393630399315333422674756467618594671  9.80e-41
  2918  2935.5331170705350960925892542896693982210318  1.16e-39
  2919  2935.8583717040225447893669103133429415738750  1.57e-40
  2920  2936.8674210243024654612565588544539287984488  1.29e-40
  2921  2937.4776110634830831486755269923950671805379  2.55e-40
  2922  2938.5841225784245682955475401708089199214970  1.01e-39
  2923  2939.4445967901849405943889668605563988168450  4.87e-40
  2924  2940.0091536256999366404417972087068679317046  1.19e-39
  2925  2940.7867301957946326776710359169437209799035  8.07e-40
  2926  2942.5210004226703068121520071110828057119928  1.19e-39
  2927  2943.1755254442073189934364306663968231918672  1.21e-39
  2928  2943.6823427617783948654967697101842724640541  7.88e-40
  2929  2944.7292770204777269346145504481916427115250  3.23e-40
  2930  2945.6460709813989505352042939373010238164130  1.22e-39
  2931  2946.3040226981828251293581303274200534619813  2.00e-40
  2932  2947.3334513939741330229542398450944993779275  2.18e-40
  2933  2947.8075062820975615897509325689124462403702  5.19e-40
  2934  2948.6504833172040823973803027973414010476601  1.07e-39
  2935  2949.8388951893281722002347526975663545491090  1.32e-40
  2936  2950.6349118237769289118096112113114504654937  8.55e-40
  2937  2951.9821047491984357628521239936147647381974  1.15e-39
  2938  2952.4340711600786571288715076535048499842794  6.01e-40
  2939  2953.4658108572246002801673049455849999913250  9.35e-40
  2940  2954.1630481870743274054431722461169813874834  6.27e-40
  2941  2955.3866597712800544294937996825190719775827  8.97e-40
  2942  2955.7577125085510063966545850168762669378982  3.97e-40
  2943  2956.3107420106660722241863725647574501653252  6.22e-40
  2944  2957.6357390709868873048205847009706081003506  1.21e-39
  2945  2958.4139819249342141081875904996661913615346  4.79e-40
  2946  2959.1855189009089259569190929473179738337382  7.09e-40
  2947  2960.3441710858434595888159335714670292102192  4.90e-40
  2948  2961.2436551664585832557287612702077136776803  8.67e-41
  2949  2962.4195465494652589104464610189232476653969  1.13e-39
  2950  2962.9721118018124032490468893572468429708027  1.03e-39
  2951  2963.4086351924183148359517246850382327632076  2.22e-40
  2952  2964.5765541946380741650628041992352196751440  1.18e-39
  2953  2965.5236928593478895240965163292023302647986  1.13e-39
  2954  2966.0568261850194444970632617265554801468907  1.09e-39
  2955  2967.0329461739817506848296390224588741387541  9.98e-40
  2956  2967.6944368551824583828364640712326248910246  7.57e-40
  2957  2969.0477180207461531412067984614155806780992  1.21e-39
  2958  2969.9482802386731473628925978636850842347422  1.07e-39
  2959  2970.9077745378971791312488116623098740351211  1.06e-39
  2960  2971.6737367387848214177566465516984344607344  1.13e-39
  2961  2972.1822240166824756921806077620266865844969  5.16e-40
  2962  2973.2879298891814499172386166707536579304888  3.84e-40
  2963  2974.2188462506083129202935581857831104969249  1.78e-40
  2964  2974.7331094048210088243212096325601310298542  3.11e-40
  2965  2975.7668110719473298929498629070362293808225  1.43e-40
  2966  2976.1387425559085605658987602885212549882191  1.06e-39
  2967  2977.7863528595475842740495154644697141752961  6.97e-40
  2968  2978.5268313227899339461369670866834555849774  1.22e-39
  2969  2979.5878701870639693051313337365326696089883  1.15e-39
  2970  2979.9450254635884122954952150916743904937299  7.89e-40
  2971  2981.4920246629924131279374791219784345273327  1.18e-39
  2972  2981.8902437652582989362832318147999720956880  8.74e-40
  2973  2982.5980820362815106695929387670528536124756  6.55e-40
  2974  2983.3587021293729638516462950470599250864462  4.13e-40
  2975  2984.5605599086649887306031153912668347932171  1.23e-39
  2976  2985.0201395545055468905359974877361268070292  1.07e-39
  2977  2986.0521300700187148306601373497297615573533  7.87e-40
  2978  2987.2119189334426861952010623566765072279995  4.12e-40
  2979  2987.9616756773220206258661050024442164711779  1.15e-39
  2980  2989.2186173145266168307102747521879578293971  4.57e-40
  2981  2989.7003122021202259546517920581456600543226  2.41e-40
  2982  2990.6152827055672330964315892977940663303778  6.90e-41
  2983  2991.3902889910418076465598795261913981371382  9.87e-40
  2984  2992.1194023883185620697598931901348044034676  3.79e-40
  2985  2992.9335519253321828523040125832285780614805  9.55e-40
  2986  2994.1486691637164503595140633833129665788230  2.84e-40
  2987  2994.5410722322369906303782402582113844897394  8.91e-40
  2988  2995.3598993502307529908578742948784435885453  1.22e-39
  2989  2997.0249207884882340017857028632630581797810  1.02e-39
  2990  2997.8010723052593461767309544637963252224796  1.12e-39
  2991  2998.2504261974807296690002817805366297801335  4.98e-40
  2992  2999.2102149332113421409894567489716999279615  4.78e-40
  2993  3000.0647964887914712441876895971397169071862  2.12e-40
  2994  3001.0232452991969501528024582750524146099736  1.21e-39
  2995  3001.7076010296357166622758101868443820818140  3.72e-40
  2996  3002.4025442791675575959889612341108197822525  1.10e-39
  2997  3003.1797008082525226024443409401083664177803  1.47e-40
  2998  3004.2965197874137461030184181180546779064341  7.97e-40
  2999  3005.3925194411465499184329256077062017526785  1.22e-39
  3000  3006.2019254989347703638044112288426066355271  6.90e-40
  3001  3007.3135963140717633325436046880839317138220  1.20e-39
  3002  3007.7220122551642988901723523063176503945416  5.12e-40
  3003  3008.8155702368128426403961123536216194934550  1.11e-39
  3004  3009.7262231009729327252618967586527890954083  9.22e-40
  3005  3010.2126291964873071364451932681007358610224  3.68e-40
  3006  3011.2171394570800004878176128434924148948911  6.20e-40
  3007  3011.7284548221356494442931054981968398944672  1.37e-40
  3008  3013.0350675725135217746946568049570587306585  5.09e-41
  3009  3013.9173303226077660641869061029722105568063  1.24e-39
  3010  3014.6020831846370342154716738385779416314201  4.96e-41
  3011  3015.9979512270198024809778944036773992441280  8.76e-40
  3012  3016.5886069973646628665288931433053523983926  4.44e-40
  3013  3017.5607323297191840210118517727179746932767  8.28e-40
  3014  3018.1485035589405285739924953448504138140833  4.98e-40
  3015  3018.8029133965486796245105682146589975572134  8.60e-40
  3016  3019.9462910676016140208598744246446544750492  1.23e-39
  3017  3020.8361247874082300535011878971349579281742  1.21e-39
  3018  3021.3142989041512447071784579242266010319382  1.16e-39
  3019  3022.2030911323355161111966528806989177302148  4.40e-40
  3020  3023.5873293760322229724141540238311247369282  7.16e-40
  3021  3024.4864099161702946936036960645072646741196  9.43e-40
  3022  3025.1918134453046931653407948542296875803105  9.73e-40
  3023  3026.3182111532631945088560667430020455893328  1.20e-39
  3024  3026.6850662228899808814634357315104058629056  7.02e-40
  3025  3027.5547493867453574212483058075120567465383  1.36e-40
  3026  3028.8466526681872860634398550015918105105732  1.18e-39
  3027  3029.1668697760126597634221007699971707219262  5.25e-40
  3028  3030.0335172615779254574277932463761296005556  8.67e-41
  3029  3030.8709525340709184112027354905581928793567  8.22e-40
  3030  3031.9449143088662165643129816587938176190428  1.65e-40
  3031  3033.4324511437464084703985569351510926030100  5.60e-40
  3032  3033.7776781414921154813466831619723974123629  1.22e-39
  3033  3034.4142002394987656080609313492553605215373  4.38e-40
  3034  3035.8467712324938764862279083250798058257596  1.04e-39
  3035  3036.3761107263112684010592959103671617764298  1.20e-39
  3036  3037.1881108744213908003509554348441928840113  1.06e-39
  3037  3037.7546299942857591917737491542810954448885  1.08e-39
  3038  3038.7409264957887987257363083663007069847762  1.08e-39
  3039  3039.7893466565807370154661950696674772342186  1.24e-39
  3040  3040.3499581053748977027597886067901583641143  7.27e-40
  3041  3041.6614993615796785511811706326314331451996  1.17e-39
  3042  3042.4458021190403866088137400897495673293568  3.53e-40
  3043  3043.5636584798479486590548749925457900597551  1.11e-39
  3044  3044.1530642280346593589864960045845154736177  1.12e-39
  3045  3045.0826464994136713429077603561171185472306  1.01e-39
  3046  3045.7957339117146222817013810237336161967135  1.25e-39
  3047  3046.5176565625534301512114129050952392599381  4.20e-40
  3048  3047.4255246566161292730794169115102660968924  7.54e-41
  3049  3048.3115944449050358419449704738225906680492  4.09e-40
  3050  3049.1772897463469710271834291233750155030156  1.13e-39
  3051  3049.8480713118611150875492516766928993879269  4.94e-40
  3052  3051.1653250447169808399388115433750697919827  1.23e-39
  3053  3052.3965877160212137860533252364972677925365  2.60e-40
  3054  3052.7895320423147891973201441516344968344869  1.19e-39
  3055  3053.4891340674134127672359769656933879561435  5.82e-40
  3056  3054.3666493971645328641241193956695696089765  5.41e-41
  3057  3055.5334188124006616512006127324703164801213  1.12e-39
  3058  3056.1416247101270414016746737525313507448535  1.18e-39
  3059  3056.6705292484548618260156109299556832250598  1.07e-39
  3060  3057.7656749381541300514431035335045382376198  4.14e-40
  3061  3058.4512283361665504861133655059794255694479  2.15e-40
  3062  3059.9974375868722010926973779186390704290918  1.95e-40
  3063  3060.5518707029520398969185916930332342559605  1.12e-39
  3064  3061.4349208125643236853795555132785367243767  8.07e-40
  3065  3062.3854536266528769321047492156027354314346  7.52e-40
  3066  3063.2153053367053472259191294496228389274701  1.16e-39
  3067  3063.7877688633705121185112180889904785620689  1.55e-40
  3068  3064.9007365798907911834166192214054581129386  7.81e-40
  3069  3065.6035154095556114644635190073164245702419  1.20e-39
  3070  3065.9895459422289371222429450490490597524742  1.21e-39
  3071  3067.3660404429565691182233027278762855178042  5.36e-40
  3072  3068.2614762116258612960031105099901570985302  1.23e-40
  3073  3069.2211865825827607672832731501141064776425  1.09e-39
  3074  3069.9727608336828289879952173560515926540325  1.02e-39
  3075  3071.3273271076545815997802916119446193823359  8.84e-41
  3076  3071.6299222982931899006244450921019046070137  1.25e-39
  3077  3072.7160600835478649700426248705689026308046  9.99e-40
  3078  3073.1814910610198786591243905679493774002846  5.13e-40
  3079  3074.0622797278868646148177829813619393489231  1.14e-39
  3080  3075.2476014754980033827366186849041830397734  9.06e-40
  3081  3075.9866307084371552495586043920212318759325  1.14e-39
  3082  3076.2687364875507656943898086365480698671305  5.81e-40
  3083  3077.9490939717137312033985993477991375437592  1.21e-39
  3084  3078.7877609188583276043706736123561769063750  5.22e-40
  3085  3079.6512396963232839978421366154874455445211  1.01e-39
  3086  3080.4959954642869396223052866252786702064428  1.24e-39
  3087  3081.0529812542737673427482989652496861864150  1.24e-39
  3088  3082.1914909834597258265238939703565586369929  8.79e-40
  3089  3082.6577903799213779112075878320338463871282  3.36e-40
  3090  3083.8002743209950338346610170585550572467351  7.97e-40
  3091  3084.5195835254896886172376911362381769735456  1.23e-39
  3092  3085.0106668361031344022610605246773736424582  1.11e-39
  3093  3086.2621662766259926057038049363357211157792  5.40e-40
  3094  3087.7044509126233120865918040875879981859143  1.43e-40
  3095  3088.0500388942879052388374908689747709795473  1.24e-39
  3096  3089.1297573258972986781065956816043824816197  8.72e-40
  3097  3089.6073430396844670523775896075714113055065  2.54e-40
  3098  3091.0337889601981387026646367716885698707677  9.39e-40
  3099  3091.4208518257801687012931464594012262164761  1.17e-39
  3100  3092.2641229078104451584062118277394331493600  6.90e-40
  3101  3092.8083884055458231548793355146397626776448  4.36e-40
  3102  3094.0355009277017521790021886920679529820960  1.23e-39
  3103  3094.9067706543602679565419339933108941097207  1.21e-39
  3104  3095.6943087930890075809889395216926826121590  4.70e-40
  3105  3096.9404950165540210207854765894053653812726  1.17e-39
  3106  3097.7228931524672537067814175040414702898398  1.02e-39
  3107  3098.4413110708362711927193422842174264200355  1.25e-39
  3108  3099.5685099714958895775857589774173863682056  6.84e-40
  3109  3099.9614287390637388223638460189708819356992  1.26e-39
  3110  3100.7868533860558361345071358418619466819909  9.01e-40
  3111  3101.8449766756847050929485243818232018379065  1.21e-39
  3112  3102.4662942804101949595851209693387642482077  5.70e-40
  3113  3103.3789488136178260469867158996579188517257  1.20e-39
  3114  3104.4022809462790682530172358251193474934042  1.25e-39
  3115  3105.1868762913443244408195231514846157084883  7.67e-40
  3116  3106.5372958224896441098043847063594670459836  4.74e-40
  3117  3107.3293832905565180285678028446503250710027  1.19e-39
  3118  3107.8866494696947792146335366551302493875329  1.24e-39
  3119  3108.4324028639728439904043203727594041743757  6.13e-40
  3120  3109.7831633465286124677552036990587195707232  1.24e-39
  3121  3110.3522969386161886063818897262328770349430  1.25e-39
  3122  3111.2241248809492922814506227537341615161108  1.06e-39
  3123  3111.8675368824838904409050272766747884733555  7.81e-40
  3124  3112.6734258741583698888420673036482034161611  5.86e-40
  3125  3114.1614864676390234895068881591012082743329  1.20e-39
  3126  3114.9287860778365985514018982805070547053055  9.47e-40
  3127  3115.7156424678874331614084836366766729166422  1.22e-39
  3128  3116.5058738786276720582179660011109277325144  5.50e-40
  3129  3117.4998496045991384293727715085500249927449  6.13e-40
  3130  3118.2281893201311602207608162478710873843484  1.23e-39
  3131  3118.8670493813317611008408118300753275061626  3.83e-40
  3132  3120.0583909817818856406314446317928951036446  9.92e-40
  3133  3120.3100115692893186897783769493086586964347  9.50e-40
  3134  3121.3821014898794188336330847900095759603086  3.25e-40
  3135  3122.4962958533825743841238972936779254699628  6.66e-40
  3136  3123.5976532706765236706068093211990088575966  1.20e-39
  3137  3124.2089637870324569566892059532368536667314  1.24e-39
  3138  3125.1439639471907556513401929415382960603342  1.21e-39
  3139  3126.3061446950775246031409884448492010267348  8.32e-40
  3140  3126.8186679958957205909859507631539810869498  1.14e-39
  3141  3127.4932034834271755917007476503148134957812  5.89e-40
  3142  3128.2537164824684665102123647089122724385544  6.70e-40
  3143  3129.4114828664455831571279757741080193844132  7.76e-40
  3144  3129.9762565627903640794996245071547974651055  4.56e-40
  3145  3131.0944003281935052568594121343711585273737  1.18e-39
  3146  3131.5630694365452675717406797220514725361045  7.02e-40
  3147  3133.2646428137873985328975606844576095903741  6.68e-40
  3148  3133.9155190380410426040650521814611604882862  2.81e-40
  3149  3134.4714312955744536879355995169142667915332  8.62e-40
  3150  3135.4600238538858778841294026331368054074914  9.92e-40
  3151  3136.3427165416252027169447412168322776324173  7.53e-40
  3152  3136.8722265968513366070368375572092525321437  2.57e-40
  3153  3138.0156324466700525487628192964722920606941  1.16e-39
  3154  3138.5907320612755877784600570584482345925942  1.14e-39
  3155  3139.5585709217609278147217954519709225763306  1.16e-39
  3156  3140.1274767965550401275279110893188233899164  9.79e-40
  3157  3141.8389959154521315149315301963703419335441  2.15e-41
  3158  3142.3406365032919771521195660943171110644001  5.79e-40
  3159  3143.2853487803240225688367520435264891875055  6.58e-40
  3160  3144.0540673029448883450273740011872522300307  1.25e-39
  3161  3144.6653264573404679747020373302484906879663  1.25e-39
  3162  3146.0454442856297147331839383063519997079957  1.15e-39
  3163  3146.5459706292687888523709641856667530248758  1.25e-39
  3164  3146.9228550876926597443739124227918916710922  4.80e-40
  3165  3147.9949179481386146244348292826361225892118  1.06e-39
  3166  3149.1764794331680499013053741420731152931583  1.03e-39
  3167  3149.8944995127857259815780176559015357989515  9.87e-40
  3168  3151.0131237481240064657947175786935038665109  1.23e-39
  3169  3151.8208230309708980029843370675466401092443  1.02e-39
  3170  3152.7477071996111401713721769194092599542495  4.49e-40
  3171  3153.6785596363536079847805361514870652780468  6.14e-40
  3172  3154.1000137222894612666745352085996023625844  1.25e-39
  3173  3155.2010464988372965745912782448883872723954  7.46e-40
  3174  3155.7143617674841020480015578038927957084137  1.64e-40
  3175  3156.8196002301198805981979637916703103306388  9.95e-40
  3176  3157.4519972158734274878770269730896732627472  1.16e-39
  3177  3158.4865282140058326167880569753656077564140  1.26e-39
  3178  3159.4345227923650284160108667219569379988271  1.26e-39
  3179  3160.4667893248434873910975184973491229794530  1.18e-39
  3180  3161.3980584143444323964650254730070088684074  1.22e-39
  3181  3162.3638154355090511711030073887588342137514  1.21e-39
  3182  3162.6793395095441097128733003750507690262473  4.44e-40
  3183  3163.5368858176856249254509636659435377932608  2.17e-40
  3184  3164.6058318016147842529314886412500122012194  8.50e-40
  3185  3165.5230132967932589889726657025044278261433  1.03e-39
  3186  3166.0997851468626232883642107949259516214928  1.86e-40
  3187  3166.6411699868079777449461166476383884313527  1.18e-40
  3188  3168.0764799786975794785787195624266519592568  7.95e-40
  3189  3169.1792207326125437100214486312032433781666  1.24e-40
  3190  3169.9142880610719821656425095822337146446015  1.12e-39
  3191  3170.6115076826930314527833703069608011871768  7.58e-40
  3192  3171.4888321087374383909996730476232863406923  1.02e-39
  3193  3172.4057205097333891511544378153229528249174  1.15e-39
  3194  3173.2661700785651258002105397964632323671236  1.25e-39
  3195  3173.7667910662582109909638400527557020391728  1.07e-39
  3196  3174.6534807888080455109432409683862249174894  7.42e-40
  3197  3175.7753392760221534316598978267869822559008  1.26e-39
  3198  3176.1025866395925359235064665981190218112709  1.53e-40
  3199  3177.8778582458169157545875423868548143461313  7.35e-40
  3200  3178.3988693363156071712373426404792765637756  1.05e-39
  3201  3179.0833017410772045357168261035661457332355  8.10e-40
  3202  3180.3183592043867761202702172171611635000954  1.02e-39
  3203  3181.0207705308107628117740323840275947434286  4.14e-40
  3204  3181.7181527515327492959094275183882423661778  1.25e-39
  3205  3182.5025183295989826041963948980257178028562  5.90e-40
  3206  3183.1276479874120324761709375688135148212109  8.12e-40
  3207  3184.3007194150708089139265809642524247847718  1.21e-39
  3208  3185.0591768497910400640523117578586869134570  8.91e-40
  3209  3185.8480380407430829361339747193904888785126  1.22e-39
  3210  3186.8542894848568393807878711160031688642860  1.07e-39
  3211  3188.2715791179934328254874348364989118346126  6.30e-40
  3212  3188.7476886931448039220034373418809268095015  1.13e-39
  3213  3189.3537765946551528196052552508794110800238  1.08e-39
  3214  3190.3775151369742018291379080436113365760961  7.75e-40
  3215  3191.1501346406210941097302400985294168940454  1.26e-39
  3216  3191.9222964357080696194258707638593756560668  6.08e-40
  3217  3192.7786020342544486249106869800766797257903  1.18e-39
  3218  3193.6316180426080845306007269283913750028304  1.25e-39
  3219  3194.2271556733686913988252179859193524394839  6.46e-40
  3220  3195.5307652288550625569096151568202583787942  1.22e-39
  3221  3196.5409756986498773231915573512430651659314  1.25e-39
  3222  3197.6133173062903366142527679244592084352021  1.11e-39
  3223  3197.9296491559281199306487681000857218085483  8.79e-40
  3224  3198.7872830343770764716322690199695179515730  1.01e-39
  3225  3199.9607140753883592794441020146033486191622  3.12e-40
  3226  3200.4864637282530158291245793554706111443806  1.11e-39
  3227  3201.5577904314697496993977343069488356870371  1.25e-39
  3228  3201.9103078295767157684710091079742564470933  5.40e-40
  3229  3202.7710498874546922145804239239308800699706  9.41e-41
  3230  3204.3061035408780043867609469232354068868788  1.48e-40
  3231  3204.8620960783447187401823542054442319720715  9.66e-40
  3232  3205.8483001707957813154270551972588000153581  1.53e-40
  3233  3206.7123728184702977883310762502653629905940  7.34e-40
  3234  3207.8736974457304697867165224336647173928942  5.88e-40
  3235  3208.1424737283904244924615144367631495351805  1.20e-39
  3236  3209.1651454132464563118667625142633635664720  9.69e-40
  3237  3209.9562574284125822026875327114500650923822  1.24e-39
  3238  3210.6144639944128225640460133504972353630346  2.62e-40
  3239  3211.6546066168146088152031545640354955858576  1.01e-39
  3240  3212.4412140591899878374273452439392613321261  1.23e-39
  3241  3213.3185946852138391559138563403874008170244  9.80e-40
  3242  3214.6361625391822256067578654578401231210357  3.93e-40
  3243  3215.1841202942102397503332549838899742901421  6.34e-40
  3244  3216.2859382550142828811898682243501468393128  3.28e-40
  3245  3217.0462619418290100433778275479257012753584  9.01e-40
  3246  3217.7834445531483114216825169556730433663951  1.16e-39
  3247  3218.1576028877351582976767092956831080351466  5.04e-41
  3248  3219.6156596266137337005087602983585749261034  5.08e-40
  3249  3220.3146723099431403127493425373427226136456  1.23e-39
  3250  3220.7376065168434475838640540639570324924929  5.83e-40
  3251  3221.7240267202852683552273048712323253255159  7.55e-40
  3252  3223.0811725332684610790852687592207319353952  4.39e-40
  3253  3224.0524171703710704610466487740001102008607  3.40e-40
  3254  3224.8210220790549065110976048113608922240195  1.21e-39
  3255  3225.2527356774431452357559751188969881826760  1.09e-39
  3256  3226.4368523550193682351922526188507828402887  9.78e-40
  3257  3227.1997274177207009291540544396097847112152  1.18e-39
  3258  3228.1247515664013518002903921377240419866500  1.25e-40
  3259  3228.4363044976179210247100859398849809536706  5.06e-40
  3260  3229.6986126587727085504763997012016825021884  1.19e-39
  3261  3230.2095989331590225175423256019101712438629  9.39e-40
  3262  3231.4499512838197710158989399623468634427750  9.03e-40
  3263  3232.4985556837463491904570603361847371781012  3.64e-40
  3264  3233.4561107439169591578437927566985318201561  3.52e-40
  3265  3233.8738953280837350419755309631507800654392  1.18e-39
  3266  3234.9865204800147299315235710270542600266561  4.26e-40
  3267  3236.0673921243866803113355000913002808263948  4.13e-40
  3268  3236.3074138392346135057587939618115255774018  1.28e-39
  3269  3237.3387491550900923792262048789750525144427  1.15e-39
  3270  3237.9084238248599699720651581992170133191604  6.15e-41
  3271  3239.1471586340965135432426099988209542295530  1.26e-39
  3272  3239.8781205004401829084785837767507631179668  9.96e-40
  3273  3240.7190486977701153681151476579852525448861  1.27e-39
  3274  3241.8747717868547119395503888431960436628781  5.36e-40
  3275  3242.8414455629933094776542365309531210962422  4.65e-40
  3276  3243.6167568852612003569363229256899208125873  1.23e-39
  3277  3244.5018790194555480738709327257451613895615  3.35e-40
  3278  3244.6513826467133865206055999621715551027653  1.12e-39
  3279  3246.1688831899906200135750943114833489243466  1.09e-39
  3280  3246.8058092427734718657891885553304079331510  8.89e-40
  3281  3247.2713522682501152183544321646347492079103  3.21e-40
  3282  3248.5638824258628739773543561650423945185612  1.27e-39
  3283  3249.0622027576129899204153268122591353500411  1.13e-39
  3284  3250.4331006345804634046673511776340204581896  2.20e-40
  3285  3251.4625450777836936726368964158863792185052  6.89e-40
  3286  3252.1010523192623077552460459973183947462137  1.15e-39
  3287  3252.8117405442380030783408954516088065604600  5.67e-40
  3288  3253.6732285199646808289156946518321129701781  1.05e-39
  3289  3254.5239494764782237046721916644736481158524  1.27e-39
  3290  3255.3930028109192861335236417794214298994881  1.16e-39
  3291  3256.2166225113716125892693866874044075477301  8.31e-40
  3292  3256.6981103527365572029555298047009937116858  1.37e-40
  3293  3257.5970417259362829838382805311294088036120  1.28e-39
  3294  3259.1639797307079000391800940916046360382285  3.37e-40
  3295  3259.8669820354093619061375232203649498529558  4.56e-40
  3296  3260.3133493341834642822290377124181761172377  8.86e-40
  3297  3261.8120866860989739616717882533525029269529  6.67e-40
  3298  3262.1536455934252169445158347219295724110725  8.80e-40
  3299  3263.2300770351479036013520377735558640304875  1.35e-40
  3300  3263.7972016340190577551824677489816734296011  1.03e-39
  3301  3264.6006706297397705727421135979742923896040  1.09e-39
  3302  3265.4335469930308808305167610015133576686062  1.27e-39
  3303  3266.5190603421674616325304016169304453894338  1.05e-39
  3304  3267.0113254241785757081197316005963219217082  1.28e-39
  3305  3268.4277542332394686401902072668396888440492  1.05e-39
  3306  3269.1056415250494027654057356714190571099350  5.91e-40
  3307  3270.2146752971116723678285353850193595497745  4.36e-40
  3308  3270.8119398398342759325336771419780312876341  1.27e-39
  3309  3271.8575235507130625308392653243341023227814  1.12e-39
  3310  3272.3394148316848939186922940495530028660489  1.27e-39
  3311  3273.0837770496333369955234185515073747027501  4.60e-40
  3312  3274.1749499900990403849743175025669145643261  1.13e-39
  3313  3274.9971083519869741765489867124670905387637  8.86e-40
  3314  3275.6946303693366220692386406337934265706578  1.07e-39
  3315  3276.3656518483768147244286978473938483636983  1.28e-39
  3316  3278.0737510843994152412363290899775941365142  4.70e-40
  3317  3278.6885134404383901617329159815296115236799  6.58e-40
  3318  3279.3281525399990455032782607107153556572577  1.17e-39
  3319  3280.2318870525708776817615045215924251390848  1.26e-39
  3320  3280.9328824401118250699940525410852440550173  9.24e-40
  3321  3282.1040290954226742309575250887688606435372  4.52e-40
  3322  3282.5379464630987421737871600606502440403190  8.22e-40
  3323  3283.4655698795536384528150560863234326121731  7.22e-40
  3324  3284.0414404337867253509806552116390433052470  6.25e-40
  3325  3285.2063190061664605246230974229373217563809  1.27e-39
  3326  3286.2446464165402509580318565092651222006039  1.10e-39
  3327  3287.1163618524818119833582089153232091425580  1.26e-39
  3328  3288.2988855879622370773453609679148070053015  3.36e-40
  3329  3288.5299033540493551347505801129951709021528  1.05e-39
  3330  3289.5879542869228956933051239849845019040687  1.27e-39
  3331  3290.6371377845976958664887891029769139473475  1.13e-39
  3332  3291.4223502660213632793600565380280568242039  3.17e-41
  3333  3291.5545273161753007205890080798302095684105  8.14e-40
  3334  3292.8567863033576378716429610873488892834140  7.13e-40
  3335  3293.6884256686380190845050654319716586294864  1.21e-39
  3336  3294.6004116568802035371505261970321881800104  1.27e-39
  3337  3295.7355649754423189161028318791524078942003  6.12e-40
  3338  3296.2812826195882644397413395448574647659709  8.38e-40
  3339  3297.6963058227882053276112252278104496102670  2.75e-40
  3340  3298.3147506041146676314196578800116782280563  4.69e-41
  3341  3298.7913288484989666412753637090795038531345  7.47e-40
  3342  3299.6843389332780255874059983932186092331023  1.04e-39
  3343  3300.5778018416289170833023956223089850366074  1.22e-39
  3344  3301.6084534892490068030183387970733581996816  9.67e-40
  3345  3302.0474813082402404146894711222662985888309  1.28e-39
  3346  3302.9334884660797478504559265427056586610636  1.16e-39
  3347  3304.0839602692591229714534745146027399547892  1.04e-39
  3348  3305.0444245259671178228761914461241758231659  1.01e-39
  3349  3306.2209541424223134464913930978006963051348  3.53e-40
  3350  3306.6137400472559435588964771357345129266895  8.74e-40
  3351  3307.5172092153292833948298555691018457083847  1.09e-39
  3352  3308.3846915735770730019856061843668892061769  1.27e-39
  3353  3309.0176438355899855281576804011969677514884  1.21e-39
  3354  3310.1832824928698522120830759566688398665062  1.10e-40
  3355  3310.7536314489951970493023920888696299577765  1.07e-39
  3356  3311.3206875589373716237649237383243738233901  1.01e-39
  3357  3312.3846009211723886606028677173419467021121  1.28e-39
  3358  3313.7302624277498707173307060545632269594121  5.70e-40
  3359  3314.6798580223749649913336946051484009780966  5.42e-40
  3360  3315.0281302374177820131323012231059413797864  9.52e-40
  3361  3316.0098474647799603003855648967203049036354  8.09e-40
  3362  3317.2743662282910527951605550819002818286110  1.08e-39
  3363  3317.7028034252042089151315901736033392262711  1.23e-39
  3364  3318.2886004928624084131234717729063984850282  1.24e-39
  3365  3319.3140595681749525289388348848192031046630  1.27e-39
  3366  3320.1000378098940401490289234546079880020852  9.15e-40
  3367  3320.9450407264026231388899589853872062224822  1.04e-39
  3368  3321.9345662556879000455737302770899420576953  8.71e-40
  3369  3322.9443827928052873053731251039554976262762  5.47e-40
  3370  3323.8187088379863350364944550898015402362990  9.73e-40
  3371  3324.8412354320298604824274283230261931626781  6.05e-40
  3372  3325.4138115726584285563087070556466101574874  6.80e-40
  3373  3326.3210622605726281935436853036875983015592  9.23e-40
  3374  3327.0663195036499178001623509252586269835100  1.19e-39
  3375  3327.7917998659953652572627865247336281269618  1.18e-39
  3376  3328.5416336248164165849971926143727201018586  9.88e-40
  3377  3329.7858386140883718005776124039727762931450  8.19e-40
  3378  3330.2581429583666789324072653656897122944652  1.24e-39
  3379  3331.0277135783686810831918430726616250891464  9.70e-40
  3380  3332.8751587654899576369106861217165301005602  7.47e-40
  3381  3333.0098294978808205061518139268579836271798  1.22e-39
  3382  3334.1971829531268784224382505591118445874513  7.37e-40
  3383  3334.6002501515201554744752209246104179164983  1.28e-39
  3384  3335.5949408745214589622102172240244568230264  1.25e-39
  3385  3336.5523974682818500638768251050982863018163  1.24e-39
  3386  3337.2776087144247166164182790982963338514174  7.10e-40
  3387  3338.1030904503336926972177892177991280041494  1.22e-39
  3388  3338.4621625632367713986081166788359564869179  7.93e-40
  3389  3339.9729703078015340520741531324196678745896  6.45e-40
  3390  3340.7484317510591005940445004710596672490080  5.42e-40
  3391  3341.9043614980605041064718485276584837998935  7.88e-40
  3392  3342.4955789333447035651932189778337518689122  1.23e-39
  3393  3343.4071174932713628572446004953502821962835  5.92e-40
  3394  3344.1322544178291046136458639469536826723760  8.77e-40
  3395  3345.1219856731629743645130325924912376335370  6.73e-40
  3396  3345.7255504110546758304495304303014515528415  5.59e-40
  3397  3346.7606551941833310918728823342995237674318  4.62e-42
  3398  3346.9589136034058621562122342806606924395848  1.13e-39
  3399  3348.3893029664700368563915517392246433654819  1.27e-39
  3400  3349.2396898976732975229558396961352832473179  7.68e-41
  3401  3350.2385469201349343547857577413275245325097  2.42e-40
  3402  3350.9823028872968238522277580434133105016475  1.03e-39
  3403  3352.0355487315675709429727101083827056358552  4.92e-40
  3404  3353.0174415395944795829050816197976793503573  3.00e-40
  3405  3353.3853916305731262971427612782741140797493  1.27e-39
  3406  3354.2012270576140110426811710733880218904294  1.08e-39
  3407  3355.0470860197783582318032207729426693269607  8.57e-40
  3408  3356.0694982904882397746186729416970901229095  4.40e-40
  3409  3356.9549281633819502668452074268051040054272  8.38e-40
  3410  3357.2197770300677385664737528857525419358264  8.47e-40
  3411  3358.6734189985304153761307184476787702044588  3.48e-40
  3412  3359.9163426415500348631134615202903089965679  1.25e-39
  3413  3360.2331739387187368720678945375125167255200  1.28e-39
  3414  3361.5022138366306028962409033142481637779217  1.51e-40
  3415  3362.1317624166293357919029811656117315357892  4.63e-40
  3416  3362.5446627730500609289609483768020902035824  7.26e-40
  3417  3363.9683117403017516636611599579971072456566  2.70e-42
  3418  3364.3778733842323631585408265812853423712964  1.04e-39
  3419  3365.2288220392810254781998460012715666721445  1.28e-39
  3420  3366.1880529535127951449843049749647675134720  1.27e-39
  3421  3366.7043678154759536688229803068617937762660  1.26e-39
  3422  3368.3521081252021217919158004486466768906504  6.44e-41
  3423  3369.1323225153232059240124042915984940422571  1.10e-39
  3424  3369.7095599558156932317661632136515463120140  1.09e-39
  3425  3370.4027743716123485013618203257872089165898  5.28e-40
  3426  3371.6624791948727489141408911761761818410541  1.23e-39
  3427  3372.3990429444880770586202701654231740194656  9.77e-41
  3428  3372.8463304220155660117728798619590355757226  7.94e-40
  3429  3373.6448168142725101057984271099305490545574  1.29e-39
  3430  3374.7376356525927689133485012328316379806672  8.58e-40
  3431  3375.3562846597864955570913547266319809527222  7.43e-40
  3432  3376.6169408936176849467282080094364502330418  9.72e-40
  3433  3377.3265097553631506538826645553133568855538  2.33e-40
  3434  3378.4143476721924563845827826037046499287678  6.77e-40
  3435  3379.2477686251584004153331877041351456179076  1.13e-40
  3436  3380.0009538309556971399226301293893435220480  1.17e-39
  3437  3380.7110067751492971982436889343881493691267  5.92e-40
  3438  3381.6874763643734391037336863084111781213745  4.34e-40
  3439  3382.1687181129278359955941463943104905426734  1.01e-39
  3440  3383.1311071083093576627977804769855795448678  9.61e-40
  3441  3384.0697013072054892338559050534862024182065  1.02e-39
  3442  3384.8569467557199202161016593131988450668205  1.25e-39
  3443  3385.7146314363018817779721438010688357023024  4.04e-40
  3444  3386.8668392034133810583388050210220358058633  8.99e-40
  3445  3387.9834583143168809370525294858946186697686  1.29e-39
  3446  3388.6007178011210511279584693487892326931582  1.92e-40
  3447  3389.0347798703089383583196054579963458791780  1.06e-39
  3448  3390.0368246020282724074060153186930698244876  8.15e-40
  3449  3391.0486986080727822769766326162831151066643  4.51e-40
  3450  3391.7344583727633929161665265611573018365630  2.53e-40
  3451  3392.4972699554598817021317567275737279847067  9.49e-40
  3452  3393.1302002281111335830740143834625335705478  7.29e-40
  3453  3394.1659079250159015504051433226748480121614  1.12e-39
  3454  3395.6676705390426611294290445663205901243197  9.93e-40
  3455  3396.0489932289709810396429204466191487485849  2.67e-40
  3456  3396.9841504514812662619703739177707490806566  3.77e-40
  3457  3397.9109640047507597987395561033802382913801  5.35e-40
  3458  3398.6959713462078500502185967815010058968724  7.98e-40
  3459  3399.3141123096138665009906874888845934023356  1.17e-39
  3460  3400.4135640199287852907459954935174032843481  4.29e-40
  3461  3400.9763048438895673938803348534382596428994  5.64e-40
  3462  3401.6639799611300447700958373363437153151169  1.23e-39
  3463  3402.5931170369355462937968244723429985981569  1.18e-39
  3464  3404.0050043981319958073379748528153302722214  6.12e-40
  3465  3404.4722670577048587804252956598233925843575  1.69e-40
  3466  3405.5659712895082838505400005953397631476865  7.73e-40
  3467  3406.3913431181805348677735028677309173537919  5.32e-41
  3468  3407.2441038716356379604669218186721003765437  6.97e-40
  3469  3408.1256243057492071641620481921588174111985  1.12e-39
  3470  3408.8121244921897874116562295423135651582391  4.91e-40
  3471  3409.0955656192658006844671161514378020377866  1.18e-39
  3472  3410.7388451291959241852590246450886583675449  3.28e-40
  3473  3411.1425184715036853360220956065945050186086  1.22e-39
  3474  3411.8385709260537857059359815913441991289454  6.65e-40
  3475  3413.0478025298534066901800293568559197566427  1.20e-39
  3476  3414.1769765985504580727555112697092014689659  3.14e-40
  3477  3415.0359929823605691304928227571757096334299  1.23e-39
  3478  3415.5729001734438493051729330276510866351439  1.08e-39
  3479  3416.6822253586233225256028392890008736535714  1.75e-40
  3480  3417.0755030612877253380162840616301520933261  1.19e-39
  3481  3418.1605773862090629049569306832668460299934  5.45e-40
  3482  3418.8804471907641290609338337013801058318898  1.28e-39
  3483  3419.7820398612639130990110763764733201337883  5.06e-41
  3484  3420.3901910342066668564165420315622567920945  1.26e-39
  3485  3421.3072306215789592117792812758869340196782  1.18e-39
  3486  3422.5460193094492805275360121474255928067760  5.48e-40
  3487  3423.7543229232611707850543801347635968708091  1.05e-39
  3488  3424.0917504008441607192077506061803364416974  4.72e-40
  3489  3424.8141292070292612091908093198174520989517  1.29e-39
  3490  3425.8941853790609489559234866264014557181315  1.01e-39
  3491  3426.7529809379740574561840011172102143364310  7.16e-40
  3492  3427.5216679486571868995711087707408579289257  5.03e-40
  3493  3428.0715966202991486202762528742792835793479  7.10e-40
  3494  3428.7485923658962676912372860083174766779932  1.15e-39
  3495  3430.1523835607181055157562402832871205485037  4.97e-40
  3496  3430.7135126824436916903922733395951209313041  1.28e-39
  3497  3431.8898409931267417237803140819689099785275  6.07e-40
  3498  3432.7993774226416344527110928193192185327104  1.25e-39
  3499  3433.4392355344169416137484533618302309087446  5.08e-40
  3500  3434.6108366564306526176866831879016069712428  9.21e-40
  3501  3435.0848971142327614805296399095180135490665  2.66e-40
  3502  3435.8142779918624275068066802166281477896381  1.08e-39
  3503  3436.7939566561945084280819311627561017793980  9.55e-40
  3504  3437.4630231219674747563498914971908681953278  4.64e-40
  3505  3438.3539769607326126353608757117243983252663  8.22e-40
  3506  3439.1957339097306672763317947760639836772512  1.24e-39
  3507  3440.3846410543223403495244087630965150689724  2.19e-41
  3508  3440.9207966666545517391328206115500606731714  3.01e-40
  3509  3442.4139535678751737877121200970905797080098  8.41e-40
  3510  3442.9597127413010480077341916676959709591579  6.38e-40
  3511  3443.5275952275942859159053199796551491687781  5.53e-40
  3512  3444.3337028156780059095528259990073426804560  4.38e-40
  3513  3445.2556020062462020048439792238750460221752  6.17e-40
  3514  3446.3100157135341992032948520986360927287082  8.65e-41
  3515  3446.6977098548445414606754993138764049507625  1.09e-39
  3516  3447.7151318253590443032437135155258082778351  7.57e-40
  3517  3448.2816919069674222141871591902696303983181  5.63e-40
  3518  3450.0074947701221330702896153262682716364398  1.30e-39
  3519  3450.5498928597078170363943645296785941670236  1.26e-39
  3520  3451.2674294673640195737121188653482950582428  3.27e-41
  3521  3452.1498721226338652265492983204181536450483  4.32e-40
  3522  3453.2213822600215692423197458277315055373120  4.02e-40
  3523  3453.5756178561572408291190822187048788490575  1.03e-39
  3524  3454.6851244214539829089808088274401655940897  6.99e-41
  3525  3455.3595546762884417125970080379460544623758  1.29e-39
  3526  3456.0715241778937114133886735328740149145495  9.72e-40
  3527  3456.9023189710536927905301662728875518099653  1.29e-39
  3528  3458.0553348574060928798384308635461237533294  4.90e-40
  3529  3459.2247018346724347611726575514601866722241  9.29e-40
  3530  3459.7386593938579372316046387394438413591193  5.44e-40
  3531  3460.5892760913971675888110837626526491600146  1.38e-40
  3532  3461.6897578615119740239103886213964746756001  8.45e-40
  3533  3462.4282924751403413590904943510861629824600  5.43e-40
  3534  3462.9731993943825846941330984130766489938884  7.72e-40
  3535  3463.7938703003965590184831412606243229211554  1.26e-39
  3536  3464.5656458079089823237149201768917698454621  3.96e-40
  3537  3465.6505262709166489682184073394654181124091  5.37e-40
  3538  3466.4877159765210289154825825199868236002342  2.39e-40
  3539  3467.0094396148988688654161959530370596562053  6.41e-40
  3540  3468.5974056180272597912708104974739339942403  1.06e-39
  3541  3469.1936729240795786962330738579732179952422  1.12e-39
  3542  3470.2674280859689587715452453518462510089355  1.30e-39
  3543  3470.5135855783757029516919779642455760964693  1.50e-40
  3544  3471.6903059324609348330295825773252407639616  1.18e-39
  3545  3472.3988521531633779084322785257499042493279  2.45e-40
  3546  3473.0931841340337249950848529756663284551638  1.30e-39
  3547  3474.1097604236252929709358157945064358017122  9.24e-40
  3548  3474.8699616549324813731428441934206207018561  3.13e-40
  3549  3475.3904159618144038516238036930348431808396  7.13e-40
  3550  3476.9947723422864040645439108524695075532769  1.08e-39
  3551  3477.6212452295660598166709062604334150248824  1.23e-39
  3552  3478.7013659421629079299251818898750199427203  1.23e-39
  3553  3479.3937271526944553358878118743153102798680  6.67e-40
  3554  3479.7504873135731670906668037025315994745917  8.23e-40
  3555  3481.0703558540393507266216329000741375673347  1.27e-39
  3556  3482.0257595548262980175969834331216853641847  1.28e-39
  3557  3482.2935520406013123518308206089968927273584  4.39e-40
  3558  3483.0477397880005336335303619068138433927027  1.29e-39
  3559  3484.1486105330188080894783532180024206830925  7.10e-40
  3560  3485.2316921281649896268005225660567872053896  1.92e-40
  3561  3486.1214309759601594920094015187429379057392  2.24e-40
  3562  3486.9692696307562070380787356801477786262998  1.25e-39
  3563  3487.7963644969772049716174107657854975177578  7.44e-40
  3564  3488.7599786187930890832362527155805797214170  8.23e-40
  3565  3489.4521380318466654901486125998528442297333  8.39e-40
  3566  3490.2190579409616592050814322401018151509741  3.82e-40
  3567  3490.8249538322473157188019016645687569629404  1.30e-39
  3568  3491.9126203089631096173765979519836954810435  9.39e-40
  3569  3492.5543834872521598123326153734119210609188  6.10e-40
  3570  3493.3854580053985941245718344503838237080141  1.17e-39
  3571  3494.6326541789685963800067362983028309028595  6.13e-40
  3572  3495.2804013396233279591437838810688271040677  9.86e-40
  3573  3496.3897214858966339860735290317038405846043  1.30e-39
  3574  3497.2962943922188042916349669436122873432445  1.31e-39
  3575  3497.9206700162366070666948661202469233767632  3.45e-40
  3576  3498.8569985119536193994863035245792812739099  4.28e-40
  3577  3499.0829277374033573001819759039932199925896  1.01e-39
  3578  3500.6111611743233572688486930670839225105901  1.00e-39
  3579  3501.0428906450525072774338815800474564374288  8.33e-41
  3580  3502.0144682008579142855569094963730934253495  2.43e-40
#
# 3580 distinct zeros, gamma in [8.04, 3502.0144682008579142855569094963730934253495], worst |L| = 1.310e-39
