# u |D(u)|
2.000000000000000111e-01 3.755107525628296680e-04
2.002375148446778053e-01 4.209192686384611529e-04
2.004750296893555994e-01 4.332378009236455469e-04
2.007125445340333936e-01 4.070101607341239489e-04
2.009500593787111877e-01 3.540390492085340604e-04
2.011875742233889819e-01 3.047013626356132650e-04
2.014250890680667760e-01 2.983780455916896796e-04
2.016626039127445702e-01 3.406204791301926352e-04
2.019001187574223366e-01 3.948492926166741776e-04
2.021376336021001308e-01 4.271768841452515094e-04
2.023751484467779249e-01 4.222949705939110484e-04
2.026126632914557191e-01 3.822482321082127125e-04
2.028501781361335132e-01 3.266578543614767475e-04
2.030876929808113074e-01 2.925004705636291948e-04
2.033252078254891015e-01 3.100250012066690561e-04
2.035627226701668957e-01 3.621475642080291472e-04
2.038002375148446899e-01 4.093397241957058910e-04
2.040377523595224840e-01 4.259859307007164003e-04
2.042752672042002782e-01 4.046498158864772292e-04
2.045127820488780723e-01 3.547867580344280891e-04
2.047502968935558665e-01 3.039401609082877727e-04
2.049878117382336606e-01 2.912218957544157735e-04
2.052253265829114548e-01 3.282595154632533688e-04
2.054628414275892490e-01 3.820248505930876775e-04
2.057003562722670154e-01 4.174641486295219248e-04
2.059378711169448095e-01 4.173603622690167888e-04
2.061753859616226037e-01 3.816912498203275939e-04
2.064129008063003978e-01 3.274888098925183579e-04
2.066504156509781920e-01 2.893366673704133359e-04
2.068879304956559861e-01 3.001952783307814993e-04
2.071254453403337803e-01 3.492092846543932202e-04
2.073629601850115745e-01 3.977342579241796377e-04
2.076004750296893686e-01 4.184220877418382088e-04
2.078379898743671628e-01 4.019090149934362245e-04
2.080755047190449569e-01 3.554192106338825621e-04
2.083130195637227511e-01 3.037434925398942143e-04
2.085505344084005452e-01 2.851164466925264185e-04
2.087880492530783394e-01 3.166115076548923070e-04
2.090255640977561336e-01 3.694002260882618617e-04
2.092630789424339000e-01 4.075739990598386511e-04
2.095005937871116941e-01 4.120524566330199616e-04
2.097381086317894883e-01 3.808226319065924890e-04
2.099756234764672824e-01 3.284602553020368179e-04
2.102131383211450766e-01 2.870357128369575850e-04
2.104506531658228707e-01 2.913237497566682245e-04
2.106881680105006649e-01 3.367368467500580598e-04
2.109256828551784591e-01 3.861368372707335702e-04
2.111631976998562532e-01 4.105680859500628120e-04
2.114007125445340474e-01 3.987852940713574592e-04
2.116382273892118415e-01 3.558851519010365204e-04
2.118757422338896357e-01 3.040063254957869020e-04
2.121132570785674298e-01 2.800222945700306366e-04
2.123507719232452240e-01 3.057126315997236153e-04
2.125882867679230182e-01 3.570140814173241163e-04
2.128258016126007846e-01 3.975356818859374390e-04
2.130633164572785787e-01 4.063843022918904439e-04
2.133008313019563729e-01 3.796221001228475452e-04
2.135383461466341670e-01 3.294933375837869722e-04
2.137758609913119612e-01 2.855043194566858861e-04
2.140133758359897553e-01 2.834178168234433568e-04
2.142508906806675495e-01 3.247714007411299617e-04
2.144884055253453436e-01 3.745823054404443528e-04
2.147259203700231378e-01 4.024471135471265667e-04
2.149634352147009320e-01 3.952797360300561386e-04
2.152009500593787261e-01 3.561413302808153695e-04
2.154384649040565203e-01 3.046293383999166497e-04
2.156759797487343144e-01 2.758886541061651319e-04
2.159134945934121086e-01 2.955960810192014595e-04
2.161510094380899027e-01 3.449058953288402065e-04
2.163885242827676691e-01 3.873794042350918844e-04
2.166260391274454633e-01 4.003710096440921714e-04
2.168635539721232575e-01 3.780746140405476827e-04
2.171010688168010516e-01 3.305183121342519532e-04
2.173385836614788458e-01 2.846463019962483737e-04
2.175760985061566399e-01 2.764755484385205482e-04
2.178136133508344341e-01 3.133539268518218475e-04
2.180511281955122282e-01 3.631063871190910448e-04
2.182886430401900224e-01 3.940836202366979806e-04
2.185261578848678166e-01 3.913965531125487276e-04
2.187636727295456107e-01 3.561517152623280705e-04
2.190011875742234049e-01 3.055200303086473990e-04
2.192387024189011990e-01 2.726543094656167020e-04
2.194762172635789932e-01 2.862909234839160449e-04
2.197137321082567873e-01 3.331158828469430507e-04
2.199512469529345537e-01 3.771363096947593957e-04
2.201887617976123757e-01 3.940295336952351454e-04
2.204262766422901421e-01 3.761697652725209538e-04
2.206637914869679362e-01 3.314740912131855554e-04
2.209013063316457304e-01 2.843649349322740182e-04
2.211388211763235245e-01 2.704846931518318652e-04
2.213763360210013187e-01 3.025247215504854093e-04
2.216138508656791128e-01 3.517456915842717170e-04
2.218513657103569070e-01 3.855032279159434274e-04
2.220888805550347012e-01 3.871427287057903582e-04
2.223263953997124953e-01 3.558867598348945758e-04
2.225639102443902895e-01 3.065934090699336582e-04
2.228014250890680836e-01 2.702491002918310133e-04
2.230389399337458778e-01 2.778208457649778210e-04
2.232764547784236719e-01 3.216848640941503772e-04
2.235139696231014383e-01 3.668384657784900236e-04
2.237514844677792603e-01 3.873784923887244286e-04
2.239889993124570267e-01 3.739012457126805050e-04
2.242265141571348208e-01 3.323076853637332156e-04
2.244640290018126150e-01 2.845650671753954244e-04
2.247015438464904091e-01 2.654220828808519965e-04
2.249390586911682033e-01 2.923227406623993838e-04
2.251765735358459974e-01 3.405377070436374195e-04
2.254140883805237916e-01 3.767326618565858243e-04
2.256516032252015858e-01 3.825277107958075396e-04
2.258891180698793799e-01 3.553227192005703927e-04
2.261266329145571741e-01 3.077723191290775953e-04
2.263641477592349682e-01 2.685958151058398654e-04
2.266016626039127624e-01 2.702028519650512815e-04
2.268391774485905565e-01 3.106540655575591617e-04
2.270766922932683229e-01 3.565188601808927187e-04
2.273142071379461449e-01 3.804380156922436526e-04
2.275517219826239113e-01 3.712663829828131935e-04
2.277892368273017054e-01 3.329735895281604177e-04
2.280267516719794996e-01 2.851548933472784503e-04
2.282642665166572937e-01 2.612535262824418076e-04
2.285017813613350879e-01 2.827847894240410648e-04
2.287392962060128820e-01 3.295207785067758932e-04
2.289768110506906762e-01 3.677996997242571941e-04
2.292143258953684704e-01 3.775631503586110091e-04
2.294518407400462645e-01 3.544410308922583594e-04
2.296893555847240587e-01 3.089874804920561785e-04
2.299268704294018528e-01 2.676123249412932993e-04
2.301643852740796470e-01 2.634460037730506363e-04
2.304019001187574411e-01 3.000648354469100630e-04
2.306394149634352075e-01 3.462114025364100979e-04
2.308769298081130295e-01 3.732296215118665900e-04
2.311144446527907959e-01 3.682657361831379950e-04
2.313519594974685900e-01 3.334331524443583561e-04
2.315894743421463842e-01 2.860473344329846632e-04
2.318269891868241783e-01 2.579342428582919356e-04
2.320645040315019725e-01 2.739445612779784454e-04
2.323020188761797666e-01 3.187340596187017276e-04
2.325395337208575608e-01 3.587331359725636892e-04
2.327770485655353550e-01 3.722626788113095114e-04
2.330145634102131491e-01 3.532277571579390055e-04
2.332520782548909433e-01 3.101773104704914062e-04
2.334895930995687374e-01 2.672137789943970147e-04
2.337271079442465316e-01 2.575503124793359169e-04
2.339646227889243257e-01 2.899582538514115619e-04
2.342021376336020921e-01 3.359509277423308282e-04
2.344396524782799140e-01 3.657761150994694546e-04
2.346771673229576805e-01 3.649027452800305714e-04
2.349146821676355024e-01 3.336539565080620445e-04
2.351521970123132688e-01 2.871610263906297774e-04
2.353897118569910629e-01 2.554098286873926395e-04
2.356272267016688571e-01 2.658315441704584329e-04
2.358647415463466512e-01 3.082174267313900315e-04
2.361022563910244454e-01 3.495627593005299879e-04
2.363397712357022395e-01 3.666417195620270573e-04
2.365772860803800337e-01 3.516730877927467516e-04
2.368148009250578279e-01 3.112875931370185484e-04
2.370523157697356220e-01 2.673147002291347625e-04
2.372898306144134162e-01 2.525059008291258484e-04
2.375273454590912103e-01 2.803746193280996107e-04
2.377648603037689767e-01 3.257731959128946984e-04
2.380023751484467986e-01 3.581015090910238323e-04
2.382398899931245650e-01 3.611834278841020117e-04
2.384774048378023870e-01 3.336092260329738698e-04
2.387149196824801534e-01 2.884209486122854093e-04
2.389524345271579475e-01 2.536176828560620950e-04
2.391899493718357417e-01 2.584698346705017091e-04
2.394274642165135358e-01 2.980113412070683403e-04
2.396649790611913300e-01 3.403193407320798179e-04
2.399024939058691241e-01 3.607173293590622493e-04
2.401400087505469183e-01 3.497708998624691058e-04
2.403775235952247125e-01 3.122710511229121974e-04
2.406150384399025066e-01 2.678308547264454252e-04
2.408525532845803008e-01 2.482925438967608007e-04
2.410900681292580949e-01 2.713527972865347393e-04
2.413275829739358613e-01 3.157148828780450113e-04
2.415650978186136832e-01 3.502309617687066534e-04
2.418026126632914496e-01 3.571161178474868561e-04
2.420401275079692716e-01 3.332772748637898648e-04
2.422776423526470380e-01 2.897587441020429348e-04
2.425151571973248321e-01 2.524887729619662829e-04
2.427526720420026263e-01 2.518769245065767613e-04
2.429901868866804204e-01 2.881566437610052480e-04
2.432277017313582146e-01 3.310346296321366459e-04
2.434652165760360087e-01 3.545080658139453458e-04
2.437027314207138029e-01 3.475183699306836900e-04
2.439402462653915971e-01 3.130868631775162976e-04
2.441777611100693912e-01 2.686808139291566402e-04
2.444152759547471854e-01 2.448796696751094040e-04
2.446527907994249795e-01 2.629294229419133332e-04
2.448903056441027737e-01 3.058135534604359499e-04
2.451278204887805678e-01 3.421907313246299524e-04
2.453653353334583342e-01 3.527112406312856948e-04
2.456028501781361562e-01 3.326409990009165365e-04
2.458403650228139226e-01 2.911127915837343253e-04
2.460778798674917167e-01 2.519495881779640800e-04
2.463153947121695109e-01 2.460625470692835541e-04
2.465529095568473050e-01 2.786942630148049886e-04
2.467904244015250992e-01 3.217413545138591950e-04
2.470279392462028933e-01 3.480338780726363363e-04
2.472654540908806875e-01 3.449156340648333531e-04
2.475029689355584817e-01 3.137001603240765330e-04
2.477404837802362758e-01 2.697871741022250520e-04
2.479779986249140700e-01 2.422268544730461466e-04
2.482155134695918641e-01 2.551379637923970804e-04
2.484530283142696583e-01 2.961076079507983625e-04
2.486905431589474524e-01 3.340081440777631794e-04
2.489280580036252188e-01 3.479811210715886009e-04
2.491655728483030408e-01 3.316874162912763504e-04
2.494030876929808072e-01 2.924280895383382368e-04
2.496406025376586013e-01 2.519241234923867223e-04
2.498781173823363955e-01 2.410276879339883611e-04
2.501156322270142174e-01 2.696648198305156207e-04
2.503531470716919838e-01 3.124732247354176278e-04
2.505906619163698057e-01 3.413160179597424541e-04
2.508281767610475721e-01 3.419654908290995421e-04
2.510656916057253385e-01 3.140815240908750449e-04
2.513032064504031604e-01 2.710774350902124953e-04
2.515407212950809268e-01 2.402847929540795737e-04
2.517782361397587487e-01 2.480076634742475598e-04
2.520157509844365151e-01 2.866361900765316607e-04
2.522532658291143370e-01 3.257115746255181878e-04
2.524907806737921034e-01 3.429398197452156682e-04
2.527282955184699254e-01 3.304072527883788893e-04
2.529658103631476918e-01 2.936560065800720401e-04
2.532033252078255137e-01 2.523357565079458213e-04
2.534408400525032801e-01 2.367638677855317701e-04
2.536783548971811020e-01 2.611081104180315105e-04
2.539158697418588684e-01 3.032649282491003354e-04
2.541533845865366903e-01 3.343769694023261511e-04
2.543908994312144567e-01 3.386731427936252870e-04
2.546284142758922231e-01 3.142065028369965757e-04
2.548659291205700450e-01 2.724845675874737407e-04
2.551034439652478114e-01 2.389966685327396924e-04
2.553409588099256333e-01 2.415624098197472727e-04
2.555784736546033997e-01 2.774390424723102667e-04
2.558159884992812216e-01 3.173304356894940306e-04
2.560535033439589880e-01 3.376029946281467148e-04
2.562910181886368099e-01 3.287945737523498128e-04
2.565285330333145764e-01 2.947539440871271344e-04
2.567660478779923983e-01 2.531089114413631277e-04
2.570035627226701647e-01 2.332527938204872987e-04
2.572410775673479866e-01 2.530624553674920563e-04
2.574785924120257530e-01 2.941521192181329770e-04
2.577161072567035749e-01 3.272403941377459500e-04
2.579536221013813413e-01 3.350459723485756406e-04
2.581911369460591077e-01 3.140551562345626009e-04
2.584286517907369296e-01 2.739473140865227659e-04
2.586661666354146960e-01 2.382998078420865771e-04
2.589036814800925179e-01 2.358195926731133723e-04
2.591411963247702843e-01 2.685562936844059856e-04
2.593787111694481062e-01 3.088951751752721858e-04
2.596162260141258726e-01 3.319877852982180597e-04
2.598537408588036945e-01 3.268464565058525366e-04
2.600912557034814609e-01 2.956849479309165384e-04
2.603287705481592829e-01 2.541704450822886933e-04
2.605662853928370493e-01 2.304664457961863686e-04
2.608038002375148712e-01 2.455639098034206099e-04
2.610413150821926376e-01 2.851713877725618068e-04
2.612788299268704595e-01 3.199310918982769354e-04
2.615163447715482259e-01 3.310933480586388455e-04
2.617538596162259923e-01 3.136116335959353643e-04
2.619913744609038142e-01 2.754102751033207872e-04
2.622288893055815806e-01 2.381274806502012048e-04
2.624664041502594025e-01 2.307890374185543277e-04
2.627039189949371689e-01 2.600281592161214996e-04
2.629414338396149908e-01 3.004372773707550772e-04
2.631789486842927572e-01 3.261127172417365274e-04
2.634164635289705791e-01 3.245627017682485745e-04
2.636539783736483455e-01 2.964172972834084934e-04
2.638914932183261675e-01 2.554507279729452190e-04
2.641290080630039339e-01 2.283676185627928285e-04
2.643665229076817558e-01 2.386453423201042050e-04
2.646040377523595222e-01 2.763602022157383119e-04
2.648415525970373441e-01 3.124749733621390215e-04
2.650790674417151105e-01 3.268264582437013441e-04
2.653165822863928769e-01 3.128637886327276197e-04
2.655540971310706988e-01 2.768238318471555456e-04
2.657916119757485207e-01 2.384107065245982555e-04
2.660291268204262871e-01 2.264721134735094476e-04
2.662666416651040535e-01 2.518945389076728382e-04
2.665041565097818754e-01 2.919892644866746803e-04
2.667416713544596418e-01 3.199976242361041385e-04
2.669791861991374637e-01 3.219455800801123303e-04
2.672167010438152301e-01 2.969240909121705378e-04
2.674542158884930521e-01 2.568844258033710533e-04
2.676917307331708185e-01 2.269108919176724575e-04
2.679292455778486404e-01 2.323354073748957972e-04
2.681667604225264068e-01 2.677568118853838625e-04
2.684042752672042287e-01 3.048990440270364340e-04
2.686417901118819951e-01 3.222581688163219955e-04
2.688793049565597615e-01 3.118028309950253625e-04
2.691168198012375834e-01 2.781439515263117463e-04
2.693543346459154053e-01 2.390799483382193740e-04
2.695918494905931717e-01 2.228611176824421666e-04
2.698293643352709381e-01 2.441944947046014347e-04
2.700668791799487600e-01 2.835846936896860705e-04
2.703043940246265264e-01 3.136635870479637296e-04
2.705419088693043483e-01 3.189996099685464700e-04
2.707794237139821147e-01 2.971828450296104150e-04
2.710169385586599367e-01 2.584110083490604327e-04
2.712544534033377031e-01 2.260439510502910824e-04
2.714919682480155250e-01 2.266574562808133526e-04
2.717294830926932914e-01 2.594000967229574597e-04
2.719669979373711133e-01 2.972313970574450969e-04
2.722045127820488797e-01 3.174029028907758652e-04
2.724420276267266461e-01 3.104230136012341179e-04
2.726795424714044680e-01 2.793319144839928299e-04
2.729170573160822899e-01 2.400666039683855733e-04
2.731545721607600563e-01 2.199390175031237565e-04
2.733920870054378227e-01 2.369655975359258283e-04
2.736296018501156446e-01 2.752581434281209014e-04
2.738671166947934110e-01 3.071328868094770344e-04
2.741046315394712329e-01 3.157313646884579023e-04
2.743421463841489993e-01 2.971751118402709852e-04
2.745796612288268213e-01 2.599750260459570751e-04
2.748171760735045877e-01 2.257091458720831743e-04
2.750546909181824096e-01 2.216284532778687439e-04
2.752922057628601760e-01 2.513293475829990638e-04
2.755297206075379979e-01 2.895012126965325382e-04
2.757672354522157643e-01 3.122765399710572369e-04
2.760047502968935307e-01 3.087213538955047259e-04
2.762422651415713526e-01 2.803539946216878579e-04
2.764797799862491745e-01 2.413042432581692968e-04
2.767172948309269409e-01 2.176796077393222467e-04
2.769548096756047073e-01 2.302431405954795244e-04
2.771923245202825292e-01 2.670451812398402357e-04
2.774298393649602956e-01 3.004289716457522914e-04
2.776673542096381175e-01 3.121493046924728133e-04
2.779048690543158839e-01 2.968861241945798621e-04
2.781423838989937058e-01 2.615261992554061094e-04
2.783798987436714722e-01 2.258451614063095318e-04
2.786174135883492942e-01 2.172579814361961983e-04
2.788549284330270606e-01 2.435839600305660731e-04
2.790924432777048825e-01 2.817387613032811228e-04
2.793299581223826489e-01 3.068963328448385207e-04
2.795674729670604153e-01 3.066973866685578304e-04
2.798049878117382372e-01 2.811811171948872348e-04
2.800425026564160591e-01 2.427295707593278887e-04
2.802800175010938255e-01 2.160480914878428707e-04
2.805175323457715919e-01 2.240592291792252704e-04
2.807550471904494138e-01 2.589823032443409824e-04
2.809925620351271802e-01 2.935764350412939329e-04
2.812300768798050021e-01 3.082636332427290049e-04
2.814675917244827685e-01 2.963044690682553215e-04
2.817051065691605904e-01 2.630193644733477940e-04
2.819426214138383568e-01 2.263886749600219300e-04
2.821801362585161788e-01 2.135474334842139854e-04
2.824176511031939452e-01 2.362030244396272306e-04
2.826551659478717671e-01 2.739754062658075404e-04
2.828926807925495335e-01 3.012808405933054814e-04
2.831301956372272999e-01 3.043529459692841631e-04
2.833677104819051218e-01 2.817885117230434894e-04
2.836052253265829437e-01 2.442831216692194370e-04
2.838427401712607101e-01 2.150020487105208590e-04
2.840802550159384765e-01 2.184417743776648744e-04
2.843177698606162984e-01 2.511068334211538308e-04
2.845552847052940648e-01 2.866010043784626422e-04
2.847927995499718867e-01 3.040861729109442047e-04
2.850303143946496531e-01 2.954217906863629305e-04
2.852678292393274750e-01 2.644143173558174942e-04
2.855053440840052414e-01 2.272758954764550943e-04
2.857428589286830634e-01 2.104894802854169705e-04
2.859803737733608298e-01 2.292247972680885025e-04
2.862178886180386517e-01 2.662436019242656309e-04
2.864554034627164181e-01 2.954498763070849301e-04
2.866929183073941845e-01 3.016919735586239991e-04
2.869304331520720064e-01 2.821553723371428594e-04
2.871679479967498283e-01 2.459097168911334721e-04
2.874054628414275947e-01 2.144927136537260587e-04
2.876429776861053611e-01 2.134134379712443930e-04
2.878804925307831830e-01 2.434567685582973207e-04
2.881180073754609494e-01 2.795295378241053870e-04
2.883555222201387713e-01 2.996302610098501291e-04
2.885930370648165377e-01 2.942325228695280136e-04
2.888305519094943596e-01 2.656755863312734571e-04
2.890680667541721260e-01 2.284439099407694837e-04
2.893055815988499480e-01 2.080678921651076181e-04
2.895430964435277144e-01 2.226860436148554224e-04
2.897806112882055363e-01 2.585768802990072446e-04
2.900181261328833027e-01 2.894244682291588272e-04
2.902556409775610691e-01 2.987203515376304257e-04
2.904931558222388910e-01 2.822645338153463167e-04
2.907306706669167129e-01 2.475587134983147286e-04
2.909681855115944793e-01 2.144664534505235113e-04
2.912057003562722457e-01 2.089905961282534938e-04
2.914432152009500676e-01 2.360705528631882894e-04
2.916807300456278340e-01 2.723900273005483907e-04
2.919182448903056559e-01 2.949106622485044688e-04
2.921557597349834223e-01 2.927336493663842769e-04
2.923932745796612442e-01 2.667721639171274028e-04
2.926307894243390106e-01 2.298317938722271273e-04
2.928683042690168326e-01 2.062577560929673703e-04
2.931058191136945990e-01 2.166212501623424318e-04
2.933433339583724209e-01 2.510098186536048213e-04
2.935808488030501873e-01 2.832268331258060569e-04
2.938183636477279537e-01 2.954457569186548439e-04
2.940558784924057756e-01 2.821021682615127996e-04
2.942933933370835975e-01 2.491840905434188503e-04
2.945309081817613639e-01 2.148663290450300730e-04
2.947684230264391303e-01 2.051824058242057171e-04
2.950059378711169522e-01 2.289867650955818934e-04
2.952434527157947741e-01 2.652116047165569996e-04
2.954809675604725405e-01 2.899434971917774122e-04
2.957184824051503069e-01 2.909244905437624248e-04
2.959559972498281288e-01 2.676772167028461163e-04
2.961935120945058952e-01 2.313814723971270441e-04
2.964310269391837172e-01 2.050260898532246313e-04
2.966685417838614836e-01 2.110617210069797782e-04
2.969060566285393055e-01 2.435779779814833425e-04
2.971435714732170719e-01 2.768803606238536604e-04
2.973810863178948383e-01 2.918775361431766324e-04
2.976186011625726602e-01 2.816575051401888912e-04
2.978561160072504821e-01 2.507444090412576897e-04
2.980936308519282485e-01 2.156336261803364106e-04
2.983311456966060149e-01 2.019900656053720013e-04
2.985686605412838368e-01 2.222437012352213720e-04
2.988061753859616587e-01 2.580245476972470742e-04
2.990436902306394251e-01 2.847461852365846982e-04
2.992812050753171915e-01 2.888065145208342085e-04
2.995187199199950134e-01 2.683677893671143578e-04
2.997562347646727798e-01 2.330383413370478200e-04
2.999937496093506017e-01 2.043328101349368043e-04
3.002312644540283681e-01 2.060345861800740573e-04
3.004687792987061901e-01 2.363178002928824134e-04
3.007062941433839565e-01 2.704096071463189441e-04
3.009438089880617229e-01 2.880265978251203909e-04
3.011813238327395448e-01 2.809225756804104241e-04
3.014188386774173667e-01 2.522026809966613332e-04
3.016563535220951331e-01 2.167092644746991005e-04
3.018938683667728995e-01 1.994063572932292991e-04
3.021313832114507214e-01 2.158788383084250871e-04
3.023688980561285433e-01 2.508602800052025031e-04
3.026064129008063097e-01 2.793374010497161677e-04
3.028439277454840761e-01 2.863831708749525599e-04
3.030814425901618980e-01 2.688245136433301528e-04
3.033189574348396644e-01 2.347516732806948436e-04
3.035564722795174863e-01 2.041319740921150214e-04
3.037939871241952527e-01 2.015617724811538897e-04
3.040315019688730747e-01 2.292664503758459077e-04
3.042690168135508411e-01 2.638402977342802045e-04
3.045065316582286075e-01 2.839053221455069796e-04
3.047440465029064294e-01 2.798919815853332456e-04
3.049815613475842513e-01 2.535261768578258136e-04
3.052190761922620177e-01 2.180350205760439564e-04
3.054565910369397841e-01 1.974155352931212365e-04
3.056941058816176060e-01 2.099281705135924085e-04
3.059316207262954279e-01 2.437513603094603051e-04
3.061691355709731943e-01 2.737370434202822064e-04
3.064066504156509607e-01 2.836597450406948989e-04
3.066441652603287826e-01 2.690313295321273678e-04
3.068816801050065490e-01 2.364748419417213104e-04
3.071191949496843709e-01 2.043731900347123211e-04
3.073567097943621373e-01 1.976590055566475486e-04
3.075942246390399593e-01 2.224615858235649748e-04
3.078317394837177257e-01 2.571993336845981295e-04
3.080692543283954921e-01 2.795274856478918105e-04
3.083067691730733140e-01 2.785626872624781493e-04
3.085442840177511359e-01 2.546861950832621604e-04
3.087817988624289023e-01 2.195545307377194037e-04
3.090193137071066687e-01 1.959935972152059100e-04
3.092568285517844906e-01 2.044254184770314244e-04
3.094943433964623125e-01 2.367314512464892382e-04
3.097318582411400789e-01 2.679662155833340779e-04
3.099693730858178453e-01 2.806432317015006674e-04
3.102068879304956672e-01 2.689752233013992548e-04
3.104444027751734336e-01 2.381654007102340447e-04
3.106819176198512555e-01 2.050030859504024642e-04
3.109194324645290219e-01 1.943349267608700855e-04
3.111569473092068439e-01 2.159410380408428940e-04
3.113944621538846103e-01 2.505148031861174625e-04
3.116319769985623767e-01 2.749082002567519679e-04
3.118694918432401986e-01 2.769338343527144542e-04
3.121070066879180205e-01 2.556578120559763450e-04
3.123445215325957869e-01 2.212140642022486199e-04
3.125820363772735533e-01 1.951089283975474139e-04
3.128195512219513752e-01 1.994011262752084536e-04
3.130570660666291971e-01 2.298352586357762454e-04
3.132945809113069635e-01 2.620472159466235998e-04
3.135320957559847299e-01 2.773422256099002570e-04
3.137696106006625518e-01 2.686459848364533554e-04
3.140071254453403182e-01 2.397850499776791764e-04
3.142446402900181401e-01 2.059667336917737576e-04
3.144821551346959065e-01 1.915904137160548502e-04
3.147196699793737285e-01 2.097423873912118947e-04
3.149571848240514949e-01 2.438159912855366294e-04
3.151946996687293168e-01 2.700638656234983018e-04
3.154322145134070832e-01 2.750065771661539568e-04
3.156697293580849051e-01 2.564196258464406159e-04
3.159072442027626715e-01 2.229630786377931491e-04
3.161447590474404379e-01 1.947232715955294312e-04
3.163822738921182598e-01 1.948816785738135605e-04
3.166197887367960817e-01 2.230984284349861078e-04
3.168573035814738481e-01 2.560035380253829619e-04
3.170948184261516145e-01 2.737668284968239828e-04
3.173323332708294364e-01 2.680359854402884160e-04
3.175698481155072028e-01 2.412995239978427511e-04
3.178073629601850247e-01 2.072089474085801210e-04
3.180448778048627911e-01 1.894181858414336673e-04
3.182823926495406130e-01 2.039024184836377173e-04
3.185199074942183795e-01 2.371333843244339255e-04
3.187574223388962014e-01 2.650121339141992991e-04
3.189949371835739678e-01 2.727839375515208687e-04
3.192324520282517897e-01 2.569535034228073787e-04
3.194699668729295561e-01 2.247545819282635755e-04
3.197074817176073225e-01 1.947929397373934259e-04
3.199449965622851444e-01 1.908882898888517531e-04
3.201825114069629663e-01 2.165573867672613997e-04
3.204200262516407327e-01 2.498598780327625528e-04
3.206575410963184991e-01 2.699285708614704076e-04
3.208950559409963210e-01 2.671399762036317160e-04
3.211325707856740874e-01 2.426784231996821086e-04
3.213700856303519093e-01 2.086754015456859606e-04
3.216076004750296757e-01 1.878027541269080983e-04
3.218451153197074976e-01 1.984564476528822500e-04
3.220826301643852640e-01 2.304986624312113804e-04
3.223201450090630860e-01 2.597718863010799488e-04
3.225576598537408524e-01 2.702706777358692965e-04
3.227951746984186743e-01 2.572443377835303730e-04
3.230326895430964407e-01 2.265453312666476648e-04
3.232702043877742071e-01 1.952701701183818844e-04
3.235077192324520290e-01 1.874360365913365137e-04
3.237452340771298509e-01 2.102491064691905864e-04
3.239827489218076173e-01 2.436421481482697166e-04
3.242202637664853837e-01 2.658403476553448225e-04
3.244577786111632056e-01 2.659549064612590219e-04
3.246952934558409720e-01 2.438950127349412433e-04
3.249328083005187939e-01 2.103135407196932811e-04
3.251703231451965603e-01 1.867207404420828112e-04
3.254078379898743822e-01 1.934375249550964262e-04
3.256453528345521486e-01 2.239446718335812896e-04
3.258828676792299150e-01 2.543632203573011085e-04
3.261203825239077370e-01 2.674731898309526661e-04
3.263578973685855589e-01 2.572798191257306922e-04
3.265954122132633253e-01 2.282959022949897503e-04
3.268329270579410917e-01 1.961045151386462087e-04
3.270704419026189136e-01 1.845330153297799970e-04
3.273079567472967355e-01 2.042107825504877600e-04
3.275454715919745019e-01 2.373774927661821753e-04
3.277829864366522683e-01 2.615163670381830986e-04
3.280205012813300902e-01 2.644797614343127098e-04
3.282580161260079121e-01 2.449260033091828627e-04
3.284955309706856785e-01 2.120732770294814001e-04
3.287330458153634449e-01 1.861415513237977236e-04
3.289705606600412668e-01 1.888755274116565267e-04
3.292080755047190332e-01 2.175053665898820114e-04
3.294455903493967996e-01 2.488074475262827740e-04
3.296831051940746216e-01 2.643994007639369702e-04
3.299206200387524435e-01 2.570502224064143441e-04
3.301581348834302099e-01 2.299706594031000436e-04
3.303956497281079763e-01 1.972441758959848814e-04
3.306331645727857982e-01 1.821797147859255763e-04
3.308706794174636201e-01 1.984793995967087986e-04
3.311081942621413865e-01 2.310943040624081121e-04
3.313457091068191529e-01 2.569721114556478307e-04
3.315832239514969748e-01 2.627154179864256986e-04
3.318207387961747967e-01 2.457513261553968516e-04
3.320582536408525631e-01 2.139074876783667620e-04
3.322957684855303295e-01 1.860283522049433532e-04
3.325332833302081514e-01 1.847961784417488011e-04
3.327707981748859178e-01 2.112157069312558871e-04
3.330083130195636842e-01 2.431270995981779225e-04
3.332458278642415062e-01 2.610586915906707383e-04
3.334833427089193281e-01 2.565482123765908660e-04
3.337208575535970945e-01 2.315376546448878888e-04
3.339583723982748609e-01 1.986372062279145900e-04
3.341958872429526828e-01 1.803686775242549392e-04
3.344334020876305047e-01 1.930911772522162125e-04
3.346709169323082711e-01 2.248222320009858697e-04
3.349084317769860375e-01 2.522243104786842690e-04
3.351459466216638594e-01 2.606645173509753973e-04
3.353834614663416813e-01 2.463539106360163457e-04
3.356209763110194477e-01 2.157723367431989519e-04
3.358584911556972141e-01 1.863392582758001262e-04
3.360960060003750360e-01 1.812200481381370614e-04
3.363335208450528024e-01 2.051114991110252503e-04
3.365710356897305688e-01 2.373459428302297943e-04
3.368085505344083908e-01 2.574618303080537102e-04
3.370460653790862127e-01 2.557686663740652163e-04
3.372835802237639791e-01 2.329684783440330944e-04
3.375210950684417455e-01 2.002325404463420062e-04
3.377586099131195674e-01 1.790845046434769443e-04
3.379961247577973893e-01 1.880808865642925214e-04
3.382336396024751557e-01 2.185921822682193540e-04
3.384711544471529221e-01 2.472909247927521960e-04
3.387086692918307440e-01 2.583313536844477135e-04
3.389461841365085659e-01 2.467194702200064399e-04
3.391836989811863323e-01 2.176274502154625892e-04
3.394212138258640987e-01 1.870286424583726063e-04
3.396587286705419206e-01 1.781616070926888141e-04
3.398962435152196870e-01 1.992291596222336839e-04
3.401337583598974534e-01 2.314889978212428582e-04
3.403712732045752754e-01 2.536209173827827772e-04
3.406087880492530973e-01 2.547085145012336922e-04
3.408463028939308637e-01 2.342380797587793363e-04
3.410838177386086301e-01 2.019808230239620390e-04
3.413213325832864520e-01 1.783042208905919021e-04
3.415588474279642739e-01 1.834810407790846316e-04
3.417963622726420403e-01 2.124362936960896755e-04
3.420338771173198067e-01 2.421911407949708689e-04
3.422713919619976286e-01 2.557217774239801586e-04
3.425089068066754505e-01 2.468363004910001444e-04
3.427464216513532169e-01 2.194359745203033776e-04
3.429839364960309833e-01 1.880484609518559623e-04
3.432214513407088052e-01 1.756284182467858848e-04
3.434589661853865716e-01 1.936053856783951049e-04
3.436964810300643380e-01 2.255825625482596258e-04
3.439339958747421599e-01 2.495493434301531365e-04
3.441715107194199819e-01 2.533665965776924519e-04
3.444090255640977483e-01 2.353245720137864066e-04
3.446465404087755147e-01 2.038350394827972967e-04
3.448840552534533366e-01 1.779979779905348529e-04
3.451215700981311585e-01 1.793209794441420128e-04
3.453590849428089249e-01 2.063878844127991412e-04
3.455965997874866913e-01 2.369453751081612638e-04
3.458341146321645132e-01 2.528431124766103194e-04
3.460716294768423351e-01 2.466950913779745861e-04
3.463091443215201015e-01 2.211645467604568549e-04
3.465466591661978679e-01 1.893495099452838411e-04
3.467841740108756898e-01 1.736205523400867078e-04
3.470216888555534562e-01 1.882767145518700639e-04
3.472592037002312226e-01 2.196542349516589936e-04
3.474967185449090445e-01 2.452617585299249965e-04
3.477342333895868665e-01 2.517435349983527669e-04
3.479717482342646329e-01 2.362090318065817836e-04
3.482092630789423993e-01 2.057509627776333476e-04
3.484467779236202212e-01 1.781300370846902216e-04
3.486842927682980431e-01 1.756258834229824451e-04
3.489218076129758095e-01 2.004813534771637113e-04
3.491593224576535759e-01 2.315752881462481588e-04
3.493968373023313978e-01 2.497040864621020788e-04
3.496343521470092197e-01 2.462887545918974823e-04
3.498718669916869861e-01 2.227832015265309210e-04
3.501093818363647525e-01 1.908825488036583809e-04
3.503468966810425744e-01 1.721303000202549440e-04
3.505844115257203963e-01 1.832789578145145668e-04
3.508219263703981072e-01 2.137329301513682064e-04
3.510594412150759291e-01 2.407740527593142470e-04
3.512969560597537511e-01 2.498416226024611727e-04
3.515344709044315175e-01 2.368753013417257674e-04
3.517719857491092839e-01 2.076874387781496567e-04
3.520095005937871058e-01 1.786599444908371960e-04
3.522470154384649277e-01 1.724157785235893268e-04
3.524845302831426941e-01 1.947520222237793166e-04
3.527220451278204605e-01 2.261038055059742455e-04
3.529595599724982824e-01 2.463147733275479132e-04
3.531970748171761043e-01 2.456122666257138905e-04
3.534345896618538707e-01 2.242652348701180867e-04
3.536721045065316371e-01 1.925992498455182200e-04
3.539096193512094590e-01 1.711422273933096354e-04
3.541471341958872809e-01 1.786465036681326155e-04
3.543846490405649918e-01 2.078488856863790343e-04
3.546221638852428137e-01 2.361033476190529403e-04
3.548596787299206357e-01 2.476647246806429467e-04
3.550971935745984021e-01 2.373097976356015307e-04
3.553347084192761685e-01 2.096065385689538233e-04
3.555722232639539904e-01 1.795438028288628496e-04
3.558097381086318123e-01 1.697046030848883304e-04
3.560472529533095787e-01 1.892358974739762935e-04
3.562847677979873451e-01 2.205551454494178551e-04
3.565222826426651670e-01 2.426865478127464867e-04
3.567597974873429889e-01 2.446625270714100457e-04
3.569973123320207553e-01 2.255870419104060202e-04
3.572348271766985217e-01 1.944529582000958890e-04
3.574723420213763436e-01 1.706335855751410068e-04
3.577098568660541655e-01 1.744114921377854606e-04
3.579473717107318764e-01 2.020336460702796676e-04
3.581848865554096983e-01 2.312679979208264380e-04
3.584224014000875203e-01 2.452181942757812355e-04
3.586599162447652867e-01 2.375013324271434991e-04
3.588974310894430531e-01 2.114736056440591006e-04
3.591349459341208750e-01 1.807355424032053954e-04
3.593724607787986969e-01 1.674994254577563094e-04
3.596099756234764633e-01 1.839693376588226958e-04
3.598474904681542297e-01 2.149548499737579646e-04
3.600850053128320516e-01 2.388320513465508376e-04
3.603225201575098735e-01 2.434382317671362269e-04
3.605600350021876399e-01 2.267279406488721617e-04
3.607975498468654063e-01 1.963992641978509486e-04
3.610350646915432282e-01 1.705750450700766439e-04
3.612725795362210501e-01 1.706028840285363321e-04
3.615100943808988165e-01 1.963200155343656952e-04
3.617476092255765829e-01 2.262876036817496191e-04
3.619851240702544048e-01 2.425088000721970275e-04
3.622226389149321713e-01 2.374409446625077268e-04
3.624601537596099377e-01 2.132572240014202853e-04
3.626976686042877596e-01 1.821881127457166912e-04
3.629351834489655815e-01 1.657998964614244375e-04
3.631726982936433479e-01 1.789886037605453988e-04
3.634102131383211143e-01 2.093298159329865004e-04
3.636477279829989362e-01 2.347651691036430413e-04
3.638852428276767581e-01 2.419397601126450968e-04
3.641227576723545245e-01 2.276699913483546756e-04
3.643602725170322909e-01 1.983964040190292399e-04
3.645977873617101128e-01 1.709316907265992697e-04
3.648353022063879347e-01 1.672454641902679044e-04
3.650728170510657011e-01 1.907419650984733012e-04
3.653103318957434675e-01 2.211830313110476807e-04
3.655478467404212894e-01 2.395446662697318051e-04
3.657853615850990558e-01 2.371217464716781124e-04
3.660228764297768222e-01 2.149291297020872475e-04
3.662603912744546442e-01 1.838545363010277351e-04
3.664979061191324661e-01 1.645980068055436082e-04
3.667354209638102325e-01 1.743292806622103819e-04
3.669729358084879989e-01 2.037083212758930507e-04
3.672104506531658208e-01 2.305010179911437930e-04
3.674479654978436427e-01 2.401690758535334803e-04
3.676854803425214091e-01 2.283978180980426268e-04
3.679229951871991755e-01 2.004055121030331186e-04
3.681605100318769974e-01 1.716641892443537235e-04
3.683980248765548193e-01 1.643588402921316400e-04
3.686355397212325857e-01 1.853344774184060217e-04
3.688730545659103521e-01 2.159764430735315252e-04
3.691105694105881740e-01 2.363352239633853330e-04
3.693480842552659404e-01 2.365387829887490641e-04
3.695855990999437068e-01 2.164640844967621869e-04
3.698231139446215288e-01 1.856887904808087819e-04
3.700606287892993507e-01 1.638781909424132804e-04
3.702981436339771171e-01 1.700255621853462079e-04
3.705356584786548835e-01 1.981200396650802283e-04
3.707731733233327054e-01 2.260559453972308135e-04
3.710106881680105273e-01 2.381296406051208259e-04
3.712482030126882937e-01 2.288984370692992399e-04
3.714857178573660601e-01 2.023907518986032671e-04
3.717232327020438820e-01 1.727300321376894904e-04
3.719607475467217039e-01 1.619565157742734350e-04
3.721982623913994703e-01 1.801333105575676633e-04
3.724357772360772367e-01 2.106913332383434062e-04
3.726732920807550586e-01 2.328911737004642126e-04
3.729108069254328250e-01 2.356889058538691397e-04
3.731483217701105914e-01 2.178397263555276176e-04
3.733858366147884134e-01 1.876465062284661273e-04
3.736233514594662353e-01 1.636177810561647477e-04
3.738608663041440017e-01 1.661094056441671598e-04
3.740983811488217681e-01 1.925960345130740771e-04
3.743358959934995900e-01 2.214475385023972106e-04
3.745734108381774119e-01 2.358263394920487733e-04
3.748109256828551783e-01 2.291610943911735851e-04
3.750484405275329447e-01 2.043193513785187090e-04
3.752859553722107666e-01 1.740847627890232928e-04
3.755234702168885885e-01 1.600451252398051429e-04
3.757609850615663549e-01 1.751746606003275056e-04
3.759984999062441213e-01 2.053525685566156417e-04
3.762360147509219432e-01 2.292244589992752329e-04
3.764735295955997096e-01 2.345706600156792347e-04
3.767110444402774760e-01 2.190364080944451266e-04
3.769485592849552980e-01 1.896854884740515831e-04
3.771860741296331199e-01 1.637877751480615242e-04
3.774235889743108863e-01 1.626095788378762862e-04
3.776611038189886527e-01 1.871687208445426472e-04
3.778986186636664746e-01 2.166946438906902465e-04
3.781361335083442965e-01 2.332654183757189130e-04
3.783736483530220629e-01 2.291771153293634144e-04
3.786111631976998293e-01 2.061615674010301659e-04
3.788486780423776512e-01 1.756831128983677565e-04
3.790861928870554731e-01 1.586239176926637379e-04
3.793237077317332395e-01 1.704947039075611838e-04
3.795612225764110059e-01 1.999864296020640252e-04
3.797987374210888278e-01 2.253482506898598736e-04
3.800362522657665942e-01 2.331841833055856852e-04
3.802737671104443606e-01 2.200370324613588717e-04
3.805112819551221826e-01 1.917660755930166079e-04
3.807487967998000045e-01 1.643538495941954277e-04
3.809863116444777709e-01 1.595506433223037421e-04
3.812238264891555373e-01 1.818717804026013271e-04
3.814613413338333592e-01 2.118173969567721353e-04
3.816988561785111811e-01 2.304544322325148618e-04
3.819363710231889475e-01 2.289397656849585772e-04
3.821738858678667139e-01 2.078905996330921661e-04
3.824114007125445358e-01 1.774799963241620608e-04
3.826489155572223577e-01 1.576845552741450271e-04
3.828864304019001241e-01 1.661290037487595168e-04
3.831239452465778905e-01 1.946206480807280838e-04
3.833614600912557124e-01 2.212769420896751110e-04
3.835989749359334788e-01 2.315311181983423791e-04
3.838364897806112452e-01 2.208268895380891060e-04
3.840740046252890671e-01 1.938513613880718230e-04
3.843115194699668891e-01 1.652775253380676674e-04
3.845490343146446555e-01 1.569519391853267133e-04
3.847865491593224219e-01 1.767400124623325086e-04
3.850240640040002438e-01 2.068372602906940264e-04
3.852615788486780657e-01 2.274022043609474377e-04
3.854990936933558321e-01 2.284441256402790341e-04
3.857366085380335985e-01 2.094824709556346364e-04
3.859741233827114204e-01 1.794313319443058068e-04
3.862116382273892423e-01 1.572112640582325378e-04
3.864491530720670087e-01 1.621117743865259527e-04
3.866866679167447751e-01 1.892844332662619103e-04
3.869241827614225970e-01 2.170261550200219033e-04
3.871616976061003634e-01 2.296145352454912944e-04
3.873992124507781298e-01 2.213935004672268098e-04
3.876367272954559517e-01 1.959073053614741097e-04
3.878742421401337737e-01 1.665173910035651155e-04
3.881117569848115401e-01 1.548266542969093209e-04
3.883492718294893065e-01 1.718091001873588782e-04
3.885867866741671284e-01 2.017770696513048411e-04
3.888243015188449503e-01 2.241187962889762018e-04
3.890618163635227167e-01 2.276869760114969931e-04
3.892993312082004831e-01 2.109158877099609551e-04
3.895368460528783050e-01 1.814946879724281114e-04
3.897743608975561269e-01 1.571813338278949044e-04
3.900118757422338933e-01 1.584750091417512561e-04
3.902493905869116597e-01 1.840084782926679403e-04
3.904869054315894816e-01 2.126127566953276435e-04
3.907244202762672480e-01 2.274388676552526313e-04
3.909619351209450144e-01 2.217264700809504002e-04
3.911994499656228363e-01 1.979027563079106572e-04
3.914369648103006583e-01 1.680302945331448917e-04
3.916744796549784247e-01 1.531810696022730105e-04
3.919119944996561911e-01 1.671152709697251617e-04
3.921495093443340130e-01 1.966610853659889831e-04
3.923870241890118349e-01 2.206154883050070125e-04
3.926245390336896013e-01 2.266666965461507153e-04
3.928620538783673677e-01 2.121720899082533420e-04
3.930995687230451896e-01 1.836297558528782387e-04
3.933370835677230115e-01 1.575659237324629979e-04
3.935745984124007779e-01 1.552474975565564885e-04
3.938121132570785443e-01 1.788249342046610655e-04
3.940496281017563662e-01 2.080548873988363225e-04
3.942871429464341326e-01 2.250098566392929483e-04
3.945246577911118990e-01 2.218173499098156887e-04
3.947621726357897209e-01 1.998094117551312769e-04
3.949996874804675429e-01 1.697724334067361729e-04
3.952372023251453093e-01 1.520140671631804653e-04
3.954747171698230757e-01 1.626948299254226944e-04
3.957122320145008976e-01 1.915150458614196273e-04
3.959497468591787195e-01 2.169047706846886155e-04
3.961872617038564859e-01 2.253831758847944474e-04
3.964247765485342523e-01 2.132346988205291926e-04
3.966622913932120742e-01 1.857986722298587046e-04
3.968998062378898961e-01 1.583310983421453257e-04
3.971373210825676625e-01 1.524537790772573361e-04
3.973748359272454289e-01 1.737673363348479034e-04
3.976123507719232508e-01 2.033719987263488160e-04
3.978498656166010172e-01 2.223345072628536321e-04
3.980873804612787836e-01 2.216595123538837929e-04
3.983248953059566055e-01 2.016017323328751516e-04
3.985624101506344275e-01 1.717002968354917056e-04
3.987999249953121939e-01 1.513169669772715018e-04
3.990374398399899603e-01 1.585835499425976010e-04
3.992749546846677822e-01 1.863662184204544772e-04
3.995124695293456041e-01 2.130003458219707237e-04
3.997499843740233705e-01 2.238377326831203701e-04
3.999874992187011369e-01 2.140895671779893784e-04
4.002250140633789588e-01 1.879662126825418483e-04
4.004625289080567807e-01 1.594389998899648528e-04
4.007000437527345471e-01 1.501131034211329086e-04
4.009375585974123135e-01 1.688704642653836524e-04
4.011750734420901354e-01 1.985849018355426805e-04
4.014125882867679573e-01 2.194210546316866786e-04
4.016501031314456682e-01 2.212480362646139856e-04
4.018876179761234901e-01 2.032568266301785533e-04
4.021251328208013121e-01 1.737714365906964842e-04
4.023626476654790785e-01 1.510737245203896690e-04
4.026001625101568449e-01 1.548159106198318058e-04
4.028376773548346668e-01 1.812434403107735859e-04
4.030751921995124887e-01 2.089171414224430165e-04
4.033127070441902551e-01 2.220330474797707729e-04
4.035502218888680215e-01 2.147246355038898949e-04
4.037877367335458434e-01 1.900998823658011088e-04
4.040252515782236653e-01 1.608490596522273489e-04
4.042627664229014317e-01 1.482384858880080231e-04
4.045002812675791981e-01 1.641701135288127836e-04
4.047377961122570200e-01 1.937158245369385477e-04
4.049753109569348419e-01 2.162789404216803669e-04
4.052128258016125528e-01 2.205796038558632518e-04
4.054503406462903747e-01 2.047543186254071441e-04
4.056878554909681966e-01 1.759450628584588591e-04
4.059253703356459630e-01 1.512614791112450359e-04
4.061628851803237295e-01 1.514241931216055322e-04
4.064004000250015514e-01 1.761771407273672770e-04
4.066379148696793733e-01 2.046713351037144095e-04
4.068754297143571397e-01 2.199731049684522952e-04
4.071129445590349061e-01 2.151297968429433203e-04
4.073504594037127280e-01 1.921699274857684538e-04
4.075879742483905499e-01 1.625191624482634663e-04
4.078254890930683163e-01 1.468359538825994538e-04
4.080630039377460827e-01 1.597027555559604717e-04
4.083005187824239046e-01 1.887884753716090563e-04
4.085380336271017265e-01 2.129187998589903038e-04
4.087755484717794374e-01 2.196524086955237165e-04
4.090130633164572593e-01 2.060762068214602098e-04
4.092505781611350812e-01 1.781824759746138717e-04
4.094880930058128476e-01 1.518514023623275858e-04
4.097256078504906140e-01 1.484374582178628387e-04
4.099631226951684360e-01 1.711993308682572699e-04
4.102006375398462579e-01 2.002803905124206862e-04
4.104381523845240243e-01 2.176631463561184065e-04
4.106756672292017907e-01 2.152967711781401657e-04
4.109131820738796126e-01 1.941492887997720072e-04
4.111506969185574345e-01 1.644066984991045287e-04
4.113882117632352009e-01 1.459040736887117667e-04
4.116257266079129673e-01 1.555050627771072255e-04
4.118632414525907892e-01 1.838281115160143614e-04
4.121007562972686111e-01 2.093524594055434166e-04
4.123382711419463775e-01 2.184660743727602071e-04
4.125757859866241439e-01 2.072067217214981923e-04
4.128133008313019658e-01 1.804473538450486144e-04
4.130508156759797322e-01 1.528097646891119518e-04
4.132883305206574986e-01 1.458804590714823316e-04
4.135258453653353206e-01 1.663435457353475676e-04
4.137633602100131425e-01 1.957631050839399518e-04
4.140008750546909089e-01 2.151096317272483695e-04
4.142383898993686753e-01 2.152189902026437150e-04
4.144759047440464972e-01 1.960135149111074402e-04
4.147134195887243191e-01 1.664694610833080172e-04
4.149509344334020855e-01 1.454338228277909982e-04
4.151884492780798519e-01 1.516132802921177629e-04
4.154259641227576738e-01 1.788616058711553773e-04
4.156634789674354957e-01 2.055929455417766501e-04
4.159009938121132621e-01 2.170215835400885320e-04
4.161385086567910285e-01 2.081321863057456574e-04
4.163760235014688504e-01 1.827059191454665182e-04
4.166135383461466168e-01 1.540991215708880301e-04
4.168510531908243832e-01 1.437725648141477007e-04
4.170885680355022052e-01 1.616447174431329646e-04
4.173260828801800271e-01 1.911396691246677567e-04
4.175635977248577935e-01 2.123202123618030015e-04
4.178011125695355599e-01 2.148914926378119321e-04
4.180386274142133818e-01 1.977406496413761355e-04
4.182761422588912037e-01 1.686663712957753086e-04
4.185136571035689701e-01 1.454088354142789611e-04
4.187511719482467365e-01 1.480624350513989516e-04
4.189886867929245584e-01 1.739175063458240971e-04
4.192262016376023803e-01 2.016545050597489915e-04
4.194637164822801467e-01 2.153212169047669686e-04
4.197012313269579131e-01 2.088408825697982900e-04
4.199387461716357350e-01 1.849270109398447738e-04
4.201762610163135014e-01 1.556795213998816963e-04
4.204137758609912678e-01 1.421267900130745586e-04
4.206512907056690898e-01 1.571389561737785811e-04
4.208888055503469117e-01 1.864317354864092476e-04
4.211263203950246781e-01 2.093037131592236089e-04
4.213638352397024445e-01 2.143108300189446611e-04
4.216013500843802664e-01 1.993111045331717539e-04
4.218388649290580883e-01 1.709580302232791460e-04
4.220763797737358547e-01 1.458060034567185603e-04
4.223138946184136211e-01 1.448853896571337951e-04
4.225514094630914430e-01 1.690260776584634451e-04
4.227889243077692649e-01 1.975526374553866890e-04
4.230264391524470313e-01 2.133685020108461628e-04
4.232639539971247977e-01 2.093229261471733424e-04
4.235014688418026196e-01 1.870820838326105943e-04
4.237389836864803860e-01 1.575096507430703634e-04
4.239764985311581524e-01 1.409490325134198758e-04
4.242140133758359744e-01 1.528632126050583583e-04
4.244515282205137963e-01 1.816624982452263505e-04
4.246890430651915627e-01 2.060701254517259768e-04
4.249265579098693291e-01 2.134749827210597839e-04
4.251640727545471510e-01 2.007075247019040243e-04
4.254015875992249729e-01 1.733071119756570040e-04
4.256391024439027393e-01 1.465963749706031282e-04
4.258766172885805057e-01 1.421117701855877460e-04
4.261141321332583276e-01 1.642193122912123475e-04
4.263516469779361495e-01 1.933041398397835969e-04
4.265891618226139159e-01 2.111681715442523765e-04
4.268266766672916823e-01 2.095701500602926840e-04
4.270641915119695042e-01 1.891451546314303739e-04
4.273017063566472706e-01 1.595478550277035690e-04
4.275392212013250370e-01 1.402376125814654585e-04
4.277767360460028589e-01 1.488547958635406195e-04
4.280142508906806809e-01 1.768567776260197312e-04
4.282517657353584473e-01 2.026306106702373624e-04
4.284892805800362137e-01 2.123832859016080142e-04
4.287267954247140356e-01 2.019146540284151440e-04
4.289643102693918575e-01 1.756786189052035021e-04
4.292018251140696239e-01 1.477462593181643315e-04
4.294393399587473903e-01 1.397668243659726641e-04
4.296768548034252122e-01 1.595308931645561079e-04
4.299143696481030341e-01 1.889271648495885990e-04
4.301518844927808005e-01 2.087261312583439633e-04
4.303893993374585669e-01 2.095759982028648331e-04
4.306269141821363888e-01 1.910927132501728104e-04
4.308644290268141552e-01 1.617529977889569867e-04
4.311019438714919216e-01 1.399831787245200650e-04
4.313394587161697435e-01 1.451507253328704577e-04
4.315769735608475655e-01 1.720411067429457829e-04
4.318144884055253319e-01 1.989975153918672514e-04
4.320520032502030983e-01 2.110363650631953344e-04
4.322895180948809202e-01 2.029192037391159100e-04
4.325270329395587421e-01 1.780400234881040903e-04
4.327645477842365085e-01 1.492184363256260002e-04
4.330020626289142749e-01 1.378702933310836046e-04
4.332395774735920968e-01 1.549960860204641262e-04
4.334770923182699187e-01 1.844412916273266759e-04
4.337146071629476851e-01 2.060494375174843241e-04
4.339521220076254515e-01 2.093354286406400456e-04
4.341896368523032734e-01 1.929036109578860275e-04
4.344271516969810398e-01 1.640851444072165299e-04
4.346646665416588062e-01 1.401690033353312440e-04
4.349021813863366281e-01 1.417869051299464446e-04
4.351396962310144501e-01 1.672438133349197565e-04
4.353772110756922165e-01 1.951843985557080968e-04
4.356147259203699829e-01 2.094360809623840055e-04
4.358522407650478048e-01 2.037097271662106251e-04
4.360897556097256267e-01 1.803613213716251157e-04
4.363272704544033931e-01 1.509733692393238149e-04
4.365647852990811595e-01 1.364354007895959191e-04
4.368023001437589814e-01 1.506515351336919347e-04
4.370398149884368033e-01 1.798676096145147970e-04
4.372773298331145697e-01 2.031462848430092287e-04
4.375148446777923361e-01 2.088448266768082469e-04
4.377523595224701580e-01 1.945589361560734541e-04
4.379898743671479244e-01 1.665060744277123330e-04
4.382273892118256908e-01 1.407716432074916472e-04
4.384649040565035127e-01 1.387971277044623675e-04
4.387024189011813347e-01 1.624950866402854631e-04
4.389399337458591011e-01 1.912060716107012812e-04
4.391774485905368675e-01 2.075854837099607158e-04
4.394149634352146894e-01 2.042765022973755211e-04
4.396524782798925113e-01 1.826150178381453614e-04
4.398899931245702777e-01 1.529703385172184011e-04
4.401275079692480441e-01 1.354680703967878707e-04
4.403650228139258660e-01 1.465349328431433647e-04
4.406025376586036879e-01 1.752288140178109583e-04
4.408400525032814543e-01 2.000260038382715641e-04
4.410775673479592207e-01 2.081019274161599868e-04
4.413150821926370426e-01 1.960418850909687938e-04
4.415525970373148090e-01 1.689796386270526443e-04
4.417901118819925754e-01 1.417618962423857940e-04
4.420276267266703973e-01 1.362119380456378709e-04
4.422651415713482193e-01 1.578270155229963322e-04
4.425026564160259857e-01 1.870786524877840994e-04
4.427401712607037521e-01 2.054887759804728661e-04
4.429776861053815740e-01 2.046114231074429583e-04
4.432152009500593959e-01 1.847760668625175512e-04
4.434527157947371623e-01 1.551684380317746052e-04
4.436902306394149287e-01 1.349664700852242546e-04
4.439277454840927506e-01 1.426845329210318393e-04
4.441652603287705725e-01 1.705493107579879829e-04
4.444027751734483389e-01 1.966990701711765900e-04
4.446402900181261053e-01 2.071057475930258320e-04
4.448778048628039272e-01 1.973376328535058309e-04
4.451153197074816936e-01 1.714719837338900277e-04
4.453528345521594600e-01 1.431059557873260812e-04
4.455903493968372819e-01 1.340574202699645618e-04
4.458278642415151038e-01 1.532735792206944326e-04
4.460653790861928703e-01 1.828196342013862575e-04
4.463028939308706367e-01 2.031512853988205638e-04
4.465404087755484586e-01 2.047079000268292863e-04
4.467779236202262805e-01 1.868217784045105457e-04
4.470154384649040469e-01 1.575274013255972101e-04
4.472529533095818133e-01 1.349209497670047239e-04
4.474904681542596352e-01 1.391384819675496869e-04
4.477279829989374571e-01 1.658553268470118751e-04
4.479654978436152235e-01 1.931771254223903526e-04
4.482030126882929899e-01 2.058565263620520372e-04
4.484405275329708118e-01 1.984332082957377026e-04
4.486780423776485782e-01 1.739516698992752005e-04
4.489155572223263446e-01 1.447666528895242936e-04
4.491530720670041665e-01 1.323539987828937776e-04
4.493905869116819884e-01 1.488705666954801227e-04
4.496281017563597548e-01 1.784479687738386913e-04
4.498656166010375212e-01 2.005794463930704759e-04
4.501031314457153432e-01 2.045607696713649785e-04
4.503406462903931651e-01 1.887317061367850643e-04
4.505781611350709315e-01 1.600082485194734771e-04
4.508156759797486979e-01 1.353143913355034573e-04
4.510531908244265198e-01 1.359339540747164755e-04
4.512907056691042862e-01 1.611750197599421373e-04
4.515282205137821081e-01 1.894730107477147639e-04
4.517657353584598745e-01 2.043556748553436496e-04
4.520032502031376964e-01 1.993173751574875841e-04
4.522407650478154628e-01 1.763897052623134422e-04
4.524782798924932847e-01 1.467046836772360773e-04
4.527157947371710511e-01 1.311153689411952833e-04
4.529533095818488730e-01 1.446553950979608211e-04
4.531908244265266394e-01 1.739841666967152081e-04
4.534283392712044614e-01 1.977807918697211558e-04
4.536658541158822278e-01 2.041662136836900558e-04
4.539033689605600497e-01 1.904875249384142236e-04
4.541408838052378161e-01 1.625737618425586873e-04
4.543783986499155825e-01 1.361229371285335688e-04
4.546159134945934044e-01 1.331060936542642170e-04
4.548534283392711708e-01 1.565385759829578734e-04
4.550909431839489927e-01 1.856008146221260063e-04
4.553284580286267591e-01 2.026057344155754621e-04
4.555659728733045810e-01 1.999805209383047203e-04
4.558034877179823474e-01 1.787595193955371733e-04
4.560410025626601693e-01 1.488797396747053921e-04
4.562785174073379357e-01 1.303476793806235127e-04
4.565160322520157576e-01 1.406667935810370772e-04
4.567535470966935240e-01 1.694504115957806505e-04
4.569910619413713460e-01 1.947639553473526374e-04
4.572285767860491124e-01 2.035216864472431963e-04
4.574660916307269343e-01 1.920729048502397391e-04
4.577036064754047007e-01 1.651888087954698115e-04
4.579411213200824671e-01 1.373170168482608778e-04
4.581786361647602890e-01 1.306867996392633625e-04
4.584161510094380554e-01 1.519782844263693527e-04
4.586536658541158773e-01 1.815759358360408582e-04
4.588911806987936437e-01 2.006103434914572746e-04
4.591286955434714656e-01 2.004145541276914006e-04
4.593662103881492320e-01 1.810368939485123348e-04
4.596037252328270539e-01 1.512514858986349728e-04
4.598412400775048203e-01 1.300490728442991431e-04
4.600787549221826422e-01 1.369443170986446871e-04
4.603162697668604086e-01 1.648706885234513188e-04
4.605537846115382306e-01 1.915386843960605165e-04
4.607912994562159970e-01 2.026258514101101716e-04
4.610288143008938189e-01 1.934733862765541143e-04
4.612663291455715853e-01 1.678205375628474827e-04
4.615038439902493517e-01 1.388625636545666919e-04
4.617413588349271736e-01 1.287034191449533958e-04
4.619788736796049400e-01 1.475285649123196825e-04
4.622163885242827619e-01 1.774151631780120856e-04
4.624539033689605283e-01 1.983742133678804336e-04
4.626914182136383502e-01 2.006128101855445716e-04
4.629289330583161166e-01 1.831998652547914730e-04
4.631664479029939385e-01 1.537803590100034017e-04
4.634039627476717049e-01 1.302096545939506855e-04
4.636414775923495268e-01 1.335276585266375823e-04
4.638789924370272932e-01 1.602709226643180310e-04
4.641165072817051152e-01 1.881158664223325989e-04
4.643540221263828816e-01 2.014785257914671393e-04
4.645915369710607035e-01 1.946762595886197150e-04
4.648290518157384699e-01 1.704384705562050006e-04
4.650665666604162363e-01 1.407223016954897699e-04
4.653040815050940582e-01 1.271774538153788226e-04
4.655415963497718246e-01 1.432259254656677219e-04
4.657791111944496465e-01 1.731367730777134484e-04
4.660166260391274129e-01 1.959031130834272094e-04
4.662541408838052348e-01 2.005699662120030626e-04
4.664916557284830012e-01 1.852286103226369210e-04
4.667291705731608231e-01 1.564281809321687298e-04
4.669666854178385895e-01 1.308119029080621919e-04
4.672042002625164114e-01 1.304557388845959743e-04
4.674417151071941778e-01 1.556791226117140335e-04
4.676792299518719997e-01 1.845075680997810717e-04
4.679167447965497661e-01 2.000806334702494229e-04
4.681542596412275881e-01 1.956704511474934699e-04
4.683917744859053545e-01 1.730145204960769375e-04
4.686292893305831209e-01 1.428569985414452107e-04
4.688668041752609428e-01 1.261234084656460302e-04
4.691043190199387092e-01 1.391088152174332015e-04
4.693418338646165311e-01 1.687606462636273064e-04
4.695793487092942975e-01 1.932038640551364680e-04
4.698168635539721194e-01 2.002819641376913848e-04
4.700543783986498858e-01 1.871053246825819187e-04
4.702918932433277077e-01 1.591585999440951727e-04
4.705294080880054741e-01 1.318314773981429683e-04
4.707669229326832960e-01 1.277655773641383043e-04
4.710044377773610624e-01 1.511255188247510926e-04
4.712419526220388843e-01 1.807270900162921560e-04
4.714794674667166507e-01 1.984341660131652826e-04
4.717169823113944727e-01 1.964464169151590759e-04
4.719544971560722391e-01 1.755229503580329694e-04
4.721920120007500610e-01 1.452266005219911651e-04
4.724295268454278274e-01 1.255479192921888363e-04
4.726670416901055938e-01 1.352173337533963966e-04
4.729045565347834157e-01 1.643084039594257511e-04
4.731420713794611821e-01 1.902843451847912692e-04
4.733795862241390040e-01 1.997459422049804108e-04
4.736171010688167704e-01 1.888140982096918558e-04
4.738546159134945923e-01 1.619373814256105698e-04
4.740921307581723587e-01 1.332383315547691681e-04
4.743296456028501806e-01 1.254909754105388447e-04
4.745671604475279470e-01 1.466426828660350899e-04
4.748046752922057689e-01 1.767890383291905473e-04
4.750421901368835353e-01 1.965421519141481613e-04
4.752797049815613573e-01 1.969960442019804369e-04
4.755172198262391237e-01 1.779402948887445204e-04
4.757547346709169456e-01 1.477911991225913625e-04
4.759922495155947120e-01 1.254492802862382543e-04
4.762297643602724784e-01 1.315927544335150732e-04
4.764672792049503003e-01 1.598035631738516029e-04
4.767047940496280667e-01 1.871535094745095792e-04
4.769423088943058886e-01 1.989601744072399040e-04
4.771798237389836550e-01 1.903407931381667130e-04
4.774173385836614769e-01 1.647325747240894534e-04
4.776548534283392433e-01 1.349980068141857419e-04
4.778923682730170652e-01 1.236610900348631987e-04
4.781298831176948316e-01 1.422656066353155020e-04
4.783673979623726535e-01 1.727094153801451591e-04
4.786049128070504199e-01 1.944086342303257009e-04
4.788424276517282419e-01 1.973125617005160666e-04
4.790799424964060083e-01 1.802452576061967023e-04
4.793174573410838302e-01 1.505118055527959189e-04
4.795549721857615966e-01 1.258174413355865303e-04
4.797924870304393630e-01 1.282768216329682352e-04
4.800300018751171849e-01 1.552717089583374147e-04
4.802675167197949513e-01 1.838214134470406288e-04
4.805050315644727732e-01 1.979240176892042792e-04
4.807425464091505396e-01 1.916729269962602069e-04
4.809800612538283615e-01 1.675145830123130238e-04
4.812175760985061279e-01 1.370729803873435917e-04
4.814550909431839498e-01 1.222990134861733351e-04
4.816926057878617162e-01 1.380317129489176968e-04
4.819301206325395381e-01 1.685057314224017578e-04
4.821676354772173045e-01 1.920386570775293566e-04
4.824051503218951265e-01 1.973904577362755653e-04
4.826426651665728929e-01 1.824185939999720943e-04
4.828801800112507148e-01 1.533509340359125389e-04
4.831176948559284812e-01 1.266344880686347501e-04
4.833552097006062476e-01 1.253107935837312586e-04
4.835927245452840695e-01 1.507406790417873006e-04
4.838302393899618359e-01 1.802992610251481136e-04
4.840677542346396578e-01 1.966378667416265988e-04
4.843052690793174242e-01 1.927995621782595465e-04
4.845427839239952461e-01 1.702561607254320184e-04
4.847802987686730125e-01 1.394239552753502337e-04
4.850178136133508344e-01 1.214205082414394123e-04
4.852553284580286008e-01 1.339807601007916220e-04
4.854928433027064227e-01 1.641971395026734783e-04
4.857303581473841891e-01 1.894382615952817028e-04
4.859678729920620111e-01 1.972254064490155945e-04
4.862053878367397775e-01 1.844429886638306471e-04
4.864429026814175994e-01 1.562730103725407571e-04
4.866804175260953658e-01 1.278755464771487752e-04
4.869179323707731322e-01 1.227342265269994366e-04
4.871554472154509541e-01 1.462407523742717801e-04
4.873929620601287205e-01 1.765994638161452886e-04
4.876304769048065424e-01 1.951031163151124002e-04
4.878679917494843088e-01 1.937112030193023269e-04
4.881055065941621307e-01 1.729323596259187156e-04
4.883430214388398971e-01 1.420110102033733765e-04
4.885805362835177190e-01 1.210330553733921150e-04
4.888180511281954854e-01 1.301545944009049080e-04
4.890555659728733073e-01 1.598045952458917649e-04
4.892930808175510737e-01 1.866144922937114511e-04
4.895305956622288956e-01 1.968142016107090470e-04
4.897681105069066620e-01 1.863029318809076781e-04
4.900056253515844840e-01 1.592446312737949923e-04
4.902431401962622504e-01 1.295100017452187953e-04
4.904806550409400168e-01 1.205835339782713160e-04
4.907181698856178387e-01 1.418048277104489406e-04
4.909556847302956051e-01 1.727357201866770102e-04
4.911931995749734270e-01 1.933221311487423957e-04
4.914307144196511934e-01 1.943997007646528961e-04
4.916682292643290153e-01 1.755204405769453420e-04
4.919057441090067817e-01 1.447945610434260284e-04
4.921432589536846036e-01 1.211353517220549350e-04
4.923807737983623700e-01 1.265966988693132832e-04
4.926182886430401919e-01 1.553510426301231429e-04
4.928558034877179583e-01 1.835754149463134240e-04
4.930933183323957802e-01 1.961546977970975354e-04
4.933308331770735466e-01 1.879845993779124364e-04
4.935683480217513686e-01 1.622347031979815663e-04
4.938058628664291350e-01 1.315028915938283376e-04
4.940433777111069014e-01 1.188904039872931847e-04
4.942808925557847233e-01 1.374685710267548717e-04
4.945184074004624897e-01 1.687231158544130489e-04
4.947559222451403116e-01 1.912982237628932348e-04
4.949934370898180780e-01 1.948581664433214839e-04
4.952309519344958999e-01 1.779997643401631574e-04
4.954684667791736663e-01 1.477361162435222777e-04
4.957059816238514882e-01 1.217173367791197965e-04
4.959434964685292546e-01 1.233514862979118024e-04
4.961810113132070765e-01 1.508616254084957343e-04
4.964185261578848429e-01 1.803301476256490943e-04
4.966560410025626648e-01 1.952457585734071108e-04
4.968935558472404312e-01 1.894757375701279771e-04
4.971310706919182532e-01 1.652144886680260820e-04
4.973685855365960196e-01 1.338163336437724483e-04
4.976061003812738415e-01 1.176802090822483390e-04
4.978436152259516079e-01 1.332705010111397235e-04
4.980811300706293743e-01 1.645782490557674599e-04
4.983186449153071962e-01 1.890356405928471546e-04
4.985561597599849626e-01 1.950808914335703886e-04
4.987936746046627845e-01 1.803516712775342997e-04
4.990311894493405509e-01 1.507988325376213639e-04
4.992687042940183728e-01 1.227607544159530178e-04
4.995062191386961392e-01 1.204632957992572825e-04
4.997437339833739611e-01 1.463639214271020392e-04
4.999812488280517275e-01 1.768889067735612852e-04
5.002187636727295494e-01 1.940872115799290466e-04
5.004562785174073714e-01 1.907655556442793606e-04
5.006937933620851933e-01 1.681575850323871143e-04
5.009313082067629042e-01 1.364108684865214993e-04
5.011688230514407261e-01 1.169705837259353586e-04
5.014063378961184370e-01 1.292519706022336083e-04
5.016438527407962589e-01 1.603193836349786508e-04
5.018813675854740808e-01 1.865395571133307529e-04
5.021188824301519027e-01 1.950632753589792831e-04
5.023563972748297246e-01 1.825593571488513442e-04
5.025939121195074355e-01 1.539478925313634140e-04
5.028314269641852574e-01 1.242401768620216267e-04
5.030689418088629683e-01 1.179750783855014397e-04
5.033064566535407902e-01 1.418881934500270281e-04
5.035439714982186121e-01 1.732630707637226246e-04
5.037814863428964340e-01 1.926798103821183875e-04
5.040190011875742560e-01 1.918446251848872461e-04
5.042565160322520779e-01 1.710398565301503001e-04
5.044940308769297888e-01 1.392466356079988927e-04
5.047315457216076107e-01 1.167703565639675151e-04
5.049690605662853216e-01 1.254569905639182979e-04
5.052065754109631435e-01 1.559666334830825906e-04
5.054440902556409654e-01 1.838160829613101068e-04
5.056816051003187873e-01 1.948017609702355627e-04
5.059191199449966092e-01 1.846077498684855730e-04
5.061566347896743201e-01 1.571507335623320784e-04
5.063941496343521420e-01 1.261243582298918772e-04
5.066316644790298529e-01 1.159268015607301585e-04
5.068691793237076748e-01 1.374676441406088028e-04
5.071066941683854967e-01 1.694652638970726424e-04
5.073442090130633186e-01 1.910252031511003475e-04
5.075817238577411405e-01 1.927047874374003360e-04
5.078192387024189625e-01 1.738393362705997584e-04
5.080567535470966734e-01 1.422843375514319100e-04
5.082942683917744953e-01 1.170789972933697327e-04
5.085317832364522062e-01 1.219318308985092527e-04
5.087692980811300281e-01 1.515421814270707750e-04
5.090068129258078500e-01 1.808722783785647462e-04
5.092443277704856719e-01 1.942937755990400755e-04
5.094818426151634938e-01 1.864833905034913968e-04
5.097193574598412047e-01 1.603771590811803706e-04
5.099568723045190266e-01 1.283777560498235984e-04
5.101943871491967375e-01 1.143536635506946231e-04
5.104319019938745594e-01 1.331386547648724596e-04
5.106694168385523813e-01 1.655094643718122338e-04
5.109069316832302032e-01 1.891259084348083375e-04
5.111444465279080251e-01 1.933390681311875949e-04
5.113819613725858471e-01 1.765361107668296059e-04
5.116194762172635579e-01 1.454859810556341851e-04
5.118569910619413799e-01 1.178866709184474965e-04
5.120945059066190908e-01 1.187243318576990055e-04
5.123320207512969127e-01 1.470705347924846967e-04
5.125695355959747346e-01 1.777161836485397796e-04
5.128070504406525565e-01 1.935376788559479370e-04
5.130445652853303784e-01 1.881743204094180099e-04
5.132820801300080893e-01 1.635993619615815878e-04
5.135195949746859112e-01 1.309620637296757088e-04
5.137571098193636221e-01 1.132842738426937686e-04
5.139946246640414440e-01 1.289409756957937128e-04
5.142321395087192659e-01 1.614111404683760565e-04
5.144696543533970878e-01 1.869852983941060816e-04
5.147071691980749097e-01 1.937415994570688776e-04
5.149446840427527317e-01 1.791121963189506680e-04
5.151821988874304425e-01 1.488154081121412264e-04
5.154197137321082645e-01 1.191748995469816294e-04
5.156572285767859753e-01 1.158828646551070480e-04
5.158947434214637973e-01 1.425788180224008504e-04
5.161322582661416192e-01 1.743568637922811608e-04
5.163697731108194411e-01 1.925327163183640597e-04
5.166072879554972630e-01 1.896699755764261512e-04
5.168448028001749739e-01 1.667918851806607405e-04
5.170823176448527958e-01 1.338376268699791700e-04
5.173198324895305067e-01 1.127390103091841764e-04
5.175573473342083286e-01 1.249178223883964196e-04
5.177948621788861505e-01 1.571874197727205283e-04
5.180323770235639724e-01 1.846075902100175674e-04
5.182698918682417943e-01 1.939075488135611641e-04
5.185074067129196163e-01 1.815514137595268681e-04
5.187449215575973271e-01 1.522386444918164027e-04
5.189824364022751491e-01 1.209177385809017411e-04
5.192199512469528599e-01 1.134549096086694207e-04
5.194574660916306819e-01 1.380970993063453762e-04
5.196949809363085038e-01 1.708044712994220013e-04
5.199324957809863257e-01 1.912789790135436489e-04
5.201700106256641476e-01 1.909610885958485564e-04
5.204075254703418585e-01 1.699315407477634441e-04
5.206450403150196804e-01 1.369646597402772459e-04
5.208825551596973913e-01 1.127287819551995749e-04
5.211200700043752132e-01 1.211158137336131881e-04
5.213575848490530351e-01 1.528572969374317051e-04
5.215950996937308570e-01 1.819978466136610250e-04
5.218326145384086789e-01 1.938330537701997717e-04
5.220701293830865009e-01 1.838392659478998374e-04
5.223076442277642117e-01 1.557240995842496076e-04
5.225451590724420337e-01 1.230833054063190906e-04
5.227826739171197445e-01 1.114852717436662594e-04
5.230201887617975665e-01 1.336587424824329986e-04
5.232577036064753884e-01 1.670703303994571540e-04
5.234952184511532103e-01 1.897773687062773921e-04
5.237327332958310322e-01 1.920395981840331185e-04
5.239702481405087431e-01 1.729973030211935431e-04
5.242077629851865650e-01 1.403042219331221657e-04
5.244452778298642759e-01 1.132543937940645468e-04
5.246827926745420978e-01 1.175846730052429565e-04
5.249203075192199197e-01 1.484418858400964232e-04
5.251578223638977416e-01 1.791619868690807593e-04
5.253953372085755635e-01 1.935151628323789346e-04
5.256328520532533854e-01 1.859628207919822253e-04
5.258703668979310963e-01 1.592426518888944592e-04
5.261078817426089183e-01 1.256354698447033444e-04
5.263453965872866291e-01 1.100140299986164457e-04
5.265829114319644511e-01 1.293007666727148956e-04
5.268204262766422730e-01 1.631670472614654439e-04
5.270579411213200949e-01 1.880295690496256833e-04
5.272954559659979168e-01 1.928985659897429158e-04
5.275329708106756277e-01 1.759701885691321353e-04
5.277704856553534496e-01 1.438189514933942853e-04
5.280080005000311605e-01 1.143066259119788759e-04
5.282455153447089824e-01 1.143766003237362959e-04
5.284830301893868043e-01 1.439647219406943793e-04
5.287205450340646262e-01 1.761068099578731348e-04
5.289580598787424481e-01 1.929517814776375822e-04
5.291955747234202700e-01 1.879106013778873295e-04
5.294330895680979809e-01 1.627676512268684062e-04
5.296706044127758028e-01 1.285355272418721114e-04
5.299081192574535137e-01 1.090744039098801038e-04
5.301456341021313357e-01 1.250641830112259457e-04
5.303831489468091576e-01 1.591086515211882454e-04
5.306206637914869795e-01 1.860380229581304020e-04
5.308581786361648014e-01 1.935321002047553308e-04
5.310956934808425123e-01 1.788331312660956904e-04
5.313332083255203342e-01 1.474735756633984221e-04
5.315707231701980451e-01 1.158670219339434112e-04
5.318082380148758670e-01 1.115452276921417965e-04
5.320457528595536889e-01 1.394521198066744070e-04
5.322832677042315108e-01 1.728400323224977653e-04
5.325207825489093327e-01 1.921416231616616521e-04
5.327582973935871546e-01 1.896724840059565932e-04
5.329958122382648655e-01 1.662748639504698408e-04
5.332333270829426874e-01 1.317437160784913999e-04
5.334708419276203983e-01 1.086907972200232503e-04
5.337083567722982202e-01 1.209942597080473182e-04
5.339458716169760422e-01 1.549107756409074516e-04
5.341833864616538641e-01 1.838059166803050878e-04
5.344209013063316860e-01 1.939352853998775107e-04
5.346584161510093969e-01 1.815708585738219942e-04
5.348959309956872188e-01 1.512352338540729315e-04
5.351334458403649297e-01 1.179092661657518725e-04
5.353709606850427516e-01 1.091440938045777230e-04
5.356084755297205735e-01 1.349335883877855193e-04
5.358459903743983954e-01 1.693703431397382893e-04
5.360835052190762173e-01 1.910841649133247517e-04
5.363210200637540392e-01 1.912396042927475991e-04
5.365585349084317501e-01 1.697423820718371560e-04
5.367960497531095720e-01 1.352204951925136452e-04
5.370335645977872829e-01 1.088773091994555710e-04
5.372710794424651048e-01 1.171406436521144561e-04
5.375085942871429268e-01 1.505908800236509357e-04
5.377461091318207487e-01 1.813371713858170258e-04
5.379836239764985706e-01 1.941041180017935141e-04
5.382211388211762815e-01 1.841697730075615301e-04
5.384586536658541034e-01 1.550736522444640976e-04
5.386961685105318143e-01 1.204009473309768601e-04
5.389336833552096362e-01 1.072246361754462004e-04
5.391711981998874581e-01 1.304423019286437169e-04
5.394087130445652800e-01 1.657074810319589123e-04
5.396462278892431019e-01 1.897796073384079997e-04
5.398837427339209238e-01 1.926042711684266358e-04
5.401212575785986347e-01 1.731505122836551468e-04
5.403587724232764566e-01 1.389275470034630937e-04
5.405962872679541675e-01 1.096369672148124924e-04
5.408338021126319894e-01 1.135572405946975229e-04
5.410713169573098114e-01 1.461685330663027018e-04
5.413088318019876333e-01 1.786364434203306206e-04
5.415463466466654552e-01 1.940354468090614375e-04
5.417838614913431661e-01 1.866178411658059061e-04
5.420213763360209880e-01 1.589612079742028260e-04
5.422588911806986989e-01 1.233054779100453181e-04
5.424964060253765208e-01 1.058337950126295689e-04
5.427339208700543427e-01 1.260156159496526298e-04
5.429714357147321646e-01 1.618623372006183965e-04
5.432089505594099865e-01 1.882288389495394244e-04
5.434464654040878084e-01 1.937598883996903196e-04
5.436839802487655193e-01 1.764816565988754830e-04
5.439214950934433412e-01 1.428285128242008379e-04
5.441590099381210521e-01 1.109618251349066059e-04
5.443965247827988740e-01 1.103017320974227639e-04
5.446340396274766960e-01 1.416657566982885757e-04
5.448715544721545179e-01 1.757091347837794822e-04
5.451090693168323398e-01 1.937269179747530914e-04
5.453465841615100507e-01 1.889044917078921146e-04
5.455840990061878726e-01 1.628729162884154174e-04
5.458216138508655835e-01 1.265839603955296142e-04
5.460591286955434054e-01 1.050114444493190514e-04
5.462966435402212273e-01 1.216956038610639691e-04
5.465341583848990492e-01 1.578470913386345402e-04
5.467716732295768711e-01 1.864334048395038074e-04
5.470091880742546930e-01 1.947008830371945159e-04
5.472467029189324039e-01 1.797201929122687269e-04
5.474842177636102258e-01 1.468894917081515540e-04
5.477217326082879367e-01 1.128339188333983729e-04
5.479592474529657586e-01 1.074345965953445799e-04
5.481967622976435806e-01 1.371074487150503055e-04
5.484342771423214025e-01 1.725614159490462601e-04
5.486717919869992244e-01 1.931769239242726009e-04
5.489093068316769353e-01 1.910205229005920724e-04
5.491468216763547572e-01 1.667863680526482666e-04
5.493843365210324681e-01 1.301968476921918705e-04
5.496218513657102900e-01 1.047879794442379111e-04
5.498593662103881119e-01 1.175295683183494994e-04
5.500968810550659338e-01 1.536753883658716698e-04
5.503343958997437557e-01 1.843954799011357970e-04
5.505719107444215776e-01 1.954226402387032537e-04
5.508094255890992885e-01 1.828523611202126213e-04
5.510469404337771104e-01 1.510793465534433940e-04
5.512844552784548213e-01 1.152269198695625175e-04
5.515219701231326432e-01 1.050175196114280367e-04
5.517594849678104652e-01 1.325218931285425319e-04
5.519969998124882871e-01 1.692002639240417123e-04
5.522345146571661090e-01 1.923845557298350408e-04
5.524720295018438199e-01 1.929580199273976410e-04
5.527095443465216418e-01 1.706816390585118390e-04
5.529470591911993527e-01 1.341053123908388144e-04
5.531845740358771746e-01 1.051824438755402972e-04
5.534220888805549965e-01 1.135704512994588074e-04
5.536596037252328184e-01 1.493625662872006686e-04
5.538971185699106403e-01 1.821178470619886985e-04
5.541346334145884622e-01 1.959214438288824425e-04
5.543721482592661731e-01 1.858661586355435564e-04
5.546096631039439950e-01 1.553698638010447537e-04
5.548471779486217059e-01 1.181082274536026798e-04
5.550846927932995278e-01 1.031111430385206262e-04
5.553222076379773497e-01 1.279413674119914157e-04
5.555597224826551717e-01 1.656335192317193248e-04
5.557972373273329936e-01 1.913495585022345863e-04
5.560347521720107045e-01 1.947102818055484715e-04
5.562722670166885264e-01 1.745411872089624246e-04
5.565097818613662373e-01 1.382723002786220292e-04
5.567472967060440592e-01 1.062015461750515647e-04
5.569848115507218811e-01 1.098770274046724494e-04
5.572223263953997030e-01 1.449259479197519552e-04
5.574598412400775249e-01 1.796038811263764735e-04
5.576973560847553468e-01 1.961944220363273119e-04
5.579348709294330577e-01 1.887512476284350599e-04
5.581723857741108796e-01 1.597358095240726007e-04
5.584099006187885905e-01 1.214412104611513462e-04
5.586474154634664124e-01 1.017722268236568087e-04
5.588849303081442343e-01 1.234028497674896597e-04
5.591224451528220563e-01 1.618699669138629190e-04
5.593599599974998782e-01 1.900722894662993517e-04
5.595974748421775891e-01 1.962717577354914907e-04
5.598349896868554110e-01 1.783497494101151369e-04
5.600725045315331219e-01 1.426632877787805548e-04
5.603100193762109438e-01 1.078397648250616905e-04
5.605475342208887657e-01 1.065137211344899471e-04
5.607850490655665876e-01 1.403852123924541611e-04
5.610225639102444095e-01 1.768575393242932778e-04
5.612600787549222314e-01 1.962394978233655005e-04
5.614975935995999423e-01 1.914988756373643360e-04
5.617351084442777642e-01 1.641549185447071070e-04
5.619726232889554751e-01 1.251873496702592928e-04
5.622101381336332970e-01 1.010504688669958232e-04
5.624476529783111189e-01 1.189488173067337391e-04
5.626851678229889409e-01 1.579194480787428551e-04
5.629226826676667628e-01 1.885536783950555941e-04
5.631601975123444737e-01 1.976379925559253539e-04
5.633977123570222956e-01 1.820942466172521682e-04
5.636352272017000065e-01 1.472467888284029539e-04
5.638727420463778284e-01 1.100805353395404278e-04
5.641102568910556503e-01 1.035498522312127860e-04
5.643477717357334722e-01 1.357628656788170880e-04
5.645852865804112941e-01 1.738833599171901831e-04
5.648228014250891160e-01 1.960553433383900460e-04
5.650603162697668269e-01 1.941018105002602129e-04
5.652978311144446488e-01 1.686078459490447353e-04
5.655353459591223597e-01 1.293081086948973915e-04
5.657728608038001816e-01 1.009854076984453803e-04
5.660103756484780035e-01 1.146281042680163411e-04
5.662478904931558255e-01 1.537930108167374758e-04
5.664854053378336474e-01 1.867951902215955447e-04
5.667229201825113583e-01 1.988055811575349424e-04
5.669604350271891802e-01 1.857637031291975828e-04
5.671979498718668911e-01 1.519946671577013394e-04
5.674354647165447130e-01 1.128983046042572927e-04
5.676729795612225349e-01 1.010581064572722582e-04
5.679104944059003568e-01 1.310848328786273201e-04
5.681480092505781787e-01 1.706864709442375988e-04
5.683855240952560006e-01 1.956413380520234191e-04
5.686230389399337115e-01 1.965542904901524833e-04
5.688605537846115334e-01 1.730781039657747764e-04
5.690980686292892443e-01 1.337664497584377474e-04
5.693355834739670662e-01 1.016039438146921407e-04
5.695730983186448881e-01 1.104967533754042368e-04
5.698106131633227101e-01 1.495031120098775507e-04
5.700481280080005320e-01 1.847987896701104853e-04
5.702856428526782429e-01 1.997721317234796420e-04
5.705231576973560648e-01 1.893491846313169144e-04
5.707606725420337757e-01 1.568823098770589424e-04
5.709981873867115976e-01 1.162611060005418304e-04
5.712357022313894195e-01 9.911208472632328367e-05
5.714732170760672414e-01 1.263811976684334692e-04
5.717107319207450633e-01 1.672726118755641798e-04
5.719482467654228852e-01 1.949975302258469018e-04
5.721857616101005961e-01 1.988519904462701898e-04
5.724232764547784180e-01 1.775520016249900021e-04
5.726607912994561289e-01 1.385279843317543946e-04
5.728983061441339508e-01 1.029189865812072795e-04
5.731358209888117727e-01 1.066187394992587048e-04
5.733733358334895946e-01 1.450638854133143795e-04
5.736108506781674166e-01 1.825669079385283428e-04
5.738483655228452385e-01 2.005362379353026647e-04
5.740858803675229494e-01 1.928437586048969954e-04
5.743233952122006603e-01 1.618887124706673488e-04
5.745609100568784822e-01 1.201332819464527129e-04
5.747984249015563041e-01 9.778293312346945042e-05
5.750359397462341260e-01 1.216871147475939431e-04
5.752734545909119479e-01 1.636481720407421015e-04
5.755109694355897698e-01 1.941246014127263962e-04
5.757484842802674807e-01 2.009920049394921639e-04
5.759859991249453026e-01 1.820186005937567933e-04
5.762235139696230135e-01 1.435617987368944723e-04
5.764610288143008354e-01 1.049295387027180922e-04
5.766985436589786573e-01 1.030663719630783317e-04
5.769360585036564792e-01 1.404914962083073473e-04
5.771735733483343012e-01 1.801024114865269722e-04
5.774110881930121231e-01 2.010974604599200465e-04
5.776486030376898340e-01 1.962424803696047532e-04
5.778861178823675449e-01 1.669965172523686073e-04
5.781236327270453668e-01 1.244780450202028128e-04
5.783611475717231887e-01 9.713530577127530829e-05
5.785986624164010106e-01 1.170439164490555569e-04
5.788361772610788325e-01 1.598202510996805156e-04
5.790736921057566544e-01 1.930238338090040854e-04
5.793112069504343653e-01 2.029728499150065043e-04
5.795487217951121872e-01 1.864696977646559028e-04
5.797862366397898981e-01 1.488410209696982883e-04
5.800237514844677200e-01 1.076222242629416934e-04
5.802612663291455419e-01 9.992009942967692692e-05
5.804987811738233638e-01 1.358046087334891015e-04
5.807362960185011858e-01 1.774085733000253383e-04
5.809738108631790077e-01 2.014563183969244437e-04
5.812113257078567186e-01 1.995424081806865518e-04
5.814488405525344294e-01 1.721920394316234606e-04
5.816863553972122514e-01 1.292596828870068199e-04
5.819238702418900733e-01 9.722321180363189847e-05
5.821613850865678952e-01 1.125004201903331000e-04
5.823988999312457171e-01 1.557967489334759561e-04
5.826364147759235390e-01 1.916970803624654660e-04
5.828739296206012499e-01 2.047944847987521729e-04
5.831114444652790718e-01 1.908998436816744797e-04
5.833489593099567827e-01 1.543432032551444143e-04
5.835864741546346046e-01 1.109739638385001513e-04
5.838239889993124265e-01 9.726737588441661231e-05
5.840615038439902484e-01 1.310250021664582563e-04
5.842990186886680704e-01 1.744890471166693740e-04
5.845365335333458923e-01 2.016142917258613746e-04
5.847740483780236032e-01 2.027426514702968213e-04
5.850115632227013140e-01 1.774653083888813219e-04
5.852490780673791360e-01 1.344453303214436914e-04
5.854865929120569579e-01 9.808652911759967879e-05
5.857241077567347798e-01 1.081144110521897110e-04
5.859616226014126017e-01 1.515864950550834564e-04
5.861991374460904236e-01 1.901467376387622513e-04
5.864366522907681345e-01 2.064583579074060718e-04
5.866741671354459564e-01 1.953064054132684841e-04
5.869116819801236673e-01 1.600505917069555012e-04
5.871491968248014892e-01 1.149553132385369556e-04
5.873867116694793111e-01 9.520025091098228184e-05
5.876242265141571330e-01 1.261783790687423079e-04
5.878617413588349550e-01 1.713478455389672635e-04
5.880992562035127769e-01 2.015738363724443947e-04
5.883367710481904878e-01 2.058444573314043848e-04
5.885742858928681986e-01 1.828101471160125074e-04
5.888118007375460206e-01 1.400063248737243044e-04
5.890493155822238425e-01 9.974898873808861694e-05
5.892868304269016644e-01 1.039542131291082216e-04
5.895243452715794863e-01 1.471994316643858609e-04
5.897618601162573082e-01 1.883757216311966233e-04
5.899993749609350191e-01 2.079674790337174609e-04
5.902368898056128410e-01 1.996896831336254785e-04
5.904744046502905519e-01 1.659503465971613940e-04
5.907119194949683738e-01 1.195339590491636343e-04
5.909494343396461957e-01 9.381149470492384937e-05
5.911869491843240176e-01 1.212954231510570915e-04
5.914244640290018395e-01 1.679893233488227407e-04
5.916619788736796615e-01 2.013384140994201618e-04
5.918994937183573724e-01 2.088513420764767604e-04
5.921370085630350832e-01 1.882243103484520618e-04
5.923745234077129052e-01 1.459192209803522047e-04
5.926120382523907271e-01 1.022181702291026810e-04
5.928495530970685490e-01 1.001001618529945828e-04
5.930870679417463709e-01 1.426468700626729394e-04
5.933245827864241928e-01 1.863874468561007225e-04
5.935620976311019037e-01 2.093265246223788723e-04
5.937996124757797256e-01 2.040530913603471230e-04
5.940371273204574365e-01 1.720347680634962942e-04
5.942746421651352584e-01 1.246779758479178387e-04
5.945121570098130803e-01 9.318941582875793386e-05
5.947496718544909022e-01 1.164131742802431351e-04
5.949871866991687241e-01 1.644181680500980040e-04
5.952247015438465461e-01 2.009125404467507236e-04
5.954622163885242569e-01 2.117692768694073087e-04
5.956997312332019678e-01 1.937097014596486655e-04
5.959372460778797898e-01 1.521665644017176835e-04
5.961747609225576117e-01 1.054875735387386930e-04
5.964122757672354336e-01 9.664564029904851707e-05
5.966497906119132555e-01 1.379418481630368873e-04
5.968873054565910774e-01 1.841858093434005253e-04
5.971248203012687883e-01 2.105419827653144291e-04
5.973623351459466102e-01 2.084034186015822337e-04
5.975998499906243211e-01 1.783015752264823992e-04
5.978373648353021430e-01 1.303586246346650514e-04
5.980748796799799649e-01 9.341204861543540047e-05
5.983123945246577868e-01 1.115767967206014293e-04
5.985499093693356087e-01 1.606394006594215112e-04
5.987874242140134307e-01 2.003018550590693987e-04
5.990249390586911415e-01 2.146069396916291136e-04
5.992624539033689635e-01 1.992726902727662861e-04
5.994999687480466743e-01 1.587375353012471712e-04
5.997374835927244963e-01 1.095403464766690359e-04
5.999749984374023182e-01 9.369716073777092013e-05
6.002125132820801401e-01 1.330996281406352573e-04
6.004500281267579620e-01 1.817751744654057592e-04
6.006875429714356729e-01 2.116223480472666674e-04
6.009250578161134948e-01 2.127511834535089044e-04
6.011625726607912057e-01 1.847542831506122506e-04
6.014000875054690276e-01 1.365526409499240930e-04
6.016376023501468495e-01 9.454189853868231704e-05
6.018751171948246714e-01 1.068418124680299222e-04
6.021126320395024933e-01 1.566583911994044709e-04
6.023501468841803153e-01 1.995132205115878973e-04
6.025876617288580261e-01 2.173760501456964607e-04
6.028251765735358481e-01 2.049245581495397618e-04
6.030626914182135589e-01 1.656285641137508226e-04
6.033002062628913809e-01 1.143539544953914381e-04
6.035377211075692028e-01 9.137282133048670052e-05
6.037752359522470247e-01 1.281383895678074006e-04
6.040127507969248466e-01 1.791603710325694813e-04
6.042502656416025575e-01 2.125783797548639177e-04
6.044877804862803794e-01 2.171111112698534407e-04
6.047252953309580903e-01 1.914027227865409541e-04
6.049628101756359122e-01 1.432440858796299856e-04
6.052003250203137341e-01 9.662264175059332425e-05
6.054378398649915560e-01 1.022768394510675582e-04
6.056753547096693779e-01 1.524808954211472262e-04
6.059128695543471999e-01 1.985548580228875862e-04
6.061503843990249107e-01 2.200918096085467115e-04
6.063878992437027327e-01 2.106821040631906138e-04
6.066254140883804435e-01 1.728440181558946350e-04
6.068629289330582655e-01 1.199050658671054961e-04
6.071004437777360874e-01 8.979848529200063238e-05
6.073379586224139093e-01 1.230801962433698555e-04
6.075754734670917312e-01 1.763466938207701462e-04
6.078129883117694421e-01 2.134234421665463441e-04
6.080505031564472640e-01 2.215027640645501493e-04
6.082880180011249749e-01 1.982637544460459558e-04
6.085255328458027968e-01 1.504259061162037002e-04
6.087630476904806187e-01 9.967885104524431704e-05
6.090005625351584406e-01 9.796678617101410244e-05
6.092380773798362625e-01 1.481131225645213674e-04
6.094755922245140844e-01 1.974365318056299132e-04
6.097131070691917953e-01 2.227734775869799763e-04
6.099506219138696173e-01 2.165684563055842100e-04
6.101881367585473281e-01 1.803970543403832412e-04
6.104256516032251501e-01 1.261741304044686923e-04
6.106631664479029720e-01 8.910140954535817020e-05
6.109006812925807939e-01 1.179523469614808659e-04
6.111381961372586158e-01 1.733399176531641244e-04
6.113757109819363267e-01 2.141739526969807235e-04
6.116132258266141486e-01 2.259513685060008661e-04
6.118507406712918595e-01 2.053622366863550074e-04
6.120882555159696814e-01 1.581013831431566697e-04
6.123257703606475033e-01 1.037190291524881230e-04
6.125632852053253252e-01 9.401626809681466192e-05
6.128008000500031471e-01 1.435618487510738751e-04
6.130383148946809690e-01 1.961697986167088676e-04
6.132758297393586799e-01 2.254451269021099215e-04
6.135133445840365018e-01 2.226141505670858379e-04
6.137508594287142127e-01 1.883107381956949109e-04
6.139883742733920347e-01 1.331494223428709306e-04
6.142258891180698566e-01 8.940191663629366305e-05
6.144634039627476785e-01 1.127892638960140435e-04
6.147009188074255004e-01 1.701463277637444023e-04
6.149384336521032113e-01 2.148499739180231350e-04
6.151759484967810332e-01 2.304889039676596713e-04
6.154134633414587441e-01 2.127323311720514067e-04
6.156509781861365660e-01 1.662856649187771944e-04
6.158884930308143879e-01 1.087413527537951899e-04
6.161260078754922098e-01 9.055268178166090874e-05
6.163635227201700317e-01 1.388345979378799065e-04
6.166010375648478536e-01 1.947683460601256809e-04
6.168385524095255645e-01 2.281366372677365588e-04
6.170760672542033864e-01 2.288585583465944061e-04
6.173135820988810973e-01 1.966195449646911131e-04
6.175510969435589192e-01 1.408305843911069493e-04
6.177886117882367412e-01 9.080488049699426490e-05
6.180261266329145631e-01 1.076351280316894393e-04
6.182636414775923850e-01 1.667727735271646390e-04
6.185011563222700959e-01 2.154760005094464160e-04
6.187386711669479178e-01 2.351555376587247733e-04
6.189761860116256287e-01 2.204192530690280457e-04
6.192137008563034506e-01 1.750075838551479310e-04
6.194512157009812725e-01 1.147410054719762298e-04
6.196887305456590944e-01 8.772789489969619857e-05
6.199262453903369163e-01 1.339399237974303364e-04
6.201637602350147382e-01 1.932484536978473072e-04
6.204012750796924491e-01 2.308850114304760413e-04
6.206387899243702710e-01 2.353517836834418341e-04
6.208763047690479819e-01 2.053713885369051328e-04
6.211138196137258038e-01 1.492318998689093085e-04
6.213513344584036258e-01 9.339367511270374239e-05
6.215888493030814477e-01 1.025475342454737802e-04
6.218263641477592696e-01 1.632267561110809580e-04
6.220638789924369805e-01 2.160820140396402819e-04
6.223013938371148024e-01 2.400015299773451802e-04
6.225389086817925133e-01 2.284816196989850761e-04
6.227764235264703352e-01 1.843119864922532734e-04
6.230139383711481571e-01 1.217179936064817194e-04
6.232514532158259790e-01 8.571701828149229298e-05
6.234889680605038009e-01 1.288878435294507174e-04
6.237264829051816228e-01 1.916296269146531834e-04
6.239639977498593337e-01 2.337361345651888119e-04
6.242015125945371556e-01 2.421571963206344512e-04
6.244390274392148665e-01 2.146303739654531646e-04
6.246765422838926884e-01 1.583856386386932617e-04
6.249140571285705104e-01 9.722907448762547285e-05
6.251515719732483323e-01 9.760249070254050925e-05
6.253890868179261542e-01 1.595165665804210977e-04
6.256266016626038651e-01 2.167049119496186756e-04
6.258641165072816870e-01 2.450897876021272724e-04
6.261016313519593979e-01 2.369946157226188882e-04
6.263391461966372198e-01 1.942628458984246886e-04
6.265766610413150417e-01 1.296847656765041880e-04
6.268141758859928636e-01 8.471262856734323315e-05
6.270516907306706855e-01 1.236905024147632248e-04
6.272892055753485074e-01 1.899354780481828705e-04
6.275267204200262183e-01 2.367471525084190761e-04
6.277642352647040402e-01 2.493548444795366174e-04
6.280017501093817511e-01 2.244805483452024344e-04
6.282392649540595730e-01 1.683459047047086384e-04
6.284767797987373950e-01 1.023542153947022942e-04
6.287142946434152169e-01 9.290107422767136976e-05
6.289518094880930388e-01 1.556514999316021696e-04
6.291893243327707497e-01 2.173904679425107532e-04
6.294268391774485716e-01 2.504993236735544317e-04
6.296643540221262825e-01 2.460542918733208675e-04
6.299018688668041044e-01 2.049475108798456448e-04
6.301393837114819263e-01 1.386735275856360050e-04
6.303768985561597482e-01 8.491378392049536282e-05
6.306144134008375701e-01 1.183631917251978566e-04
6.308519282455153920e-01 1.881949680997590569e-04
6.310894430901931029e-01 2.399897291041352704e-04
6.313269579348709248e-01 2.570461052061449891e-04
6.315644727795486357e-01 2.350310484417110035e-04
6.318019876242264576e-01 1.791935029776195866e-04
6.320395024689042796e-01 1.088049039668695633e-04
6.322770173135821015e-01 8.857785693612914193e-05
6.325145321582599234e-01 1.516421858371596622e-04
6.327520470029376343e-01 2.181960610399622652e-04
6.329895618476154562e-01 2.563300113292494220e-04
6.332270766922931671e-01 2.557834671358977133e-04
6.334645915369709890e-01 2.164825868572508563e-04
6.337021063816488109e-01 1.487436605077177565e-04
6.339396212263266328e-01 8.651167267523005131e-05
6.341771360710044547e-01 1.129259121137746939e-04
6.344146509156822766e-01 1.864441852119566850e-04
6.346521657603599875e-01 2.435545756967322489e-04
6.348896806050378094e-01 2.653601090735485538e-04
6.351271954497155203e-01 2.464232372208336429e-04
6.353647102943933422e-01 1.910424840862731200e-04
6.356022251390711642e-01 1.166234093404366667e-04
6.358397399837489861e-01 8.481061859452813630e-05
6.360772548284268080e-01 1.475011023799144381e-04
6.363147696731045189e-01 2.191945387215303868e-04
6.365522845177823408e-01 2.627092175173421592e-04
6.367897993624600517e-01 2.663399445262474565e-04
6.370273142071378736e-01 2.290221742543161669e-04
6.372648290518156955e-01 1.599900585470442926e-04
6.375023438964935174e-01 8.967698624564119844e-05
6.377398587411713393e-01 1.074057839897691333e-04
6.379773735858491612e-01 1.847289400740143711e-04
6.382148884305268721e-01 2.475578596013301410e-04
6.384524032752046940e-01 2.744627614313560659e-04
6.386899181198824049e-01 2.588407308689157711e-04
6.389274329645602268e-01 2.040492722511734122e-04
6.391649478092380487e-01 1.258740218505687665e-04
6.394024626539158707e-01 8.182956613517901160e-05
6.396399774985936926e-01 1.432433836174660375e-04
6.398774923432714035e-01 2.204797906546693276e-04
6.401150071879492254e-01 2.698012294191424435e-04
6.403525220326269363e-01 2.779281382949455766e-04
6.405900368773047582e-01 2.427695685980577089e-04
6.408275517219825801e-01 1.725535790968600234e-04
6.410650665666604020e-01 9.455578005526563926e-05
6.413025814113382239e-01 1.018407758589959060e-04
6.415400962560160458e-01 1.831086359362777544e-04
6.417776111006937567e-01 2.521504515122657028e-04
6.420151259453715786e-01 2.845696497101188544e-04
6.422526407900492895e-01 2.725237223741841172e-04
6.424901556347271114e-01 2.184257073517217212e-04
6.427276704794049333e-01 1.366597824172190341e-04
6.429651853240827553e-01 7.992224199733553944e-05
6.432027001687605772e-01 1.388881115656485270e-04
6.434402150134382881e-01 2.221749663334216245e-04
6.436777298581161100e-01 2.778209281546073907e-04
6.439152447027938209e-01 2.908158518800118848e-04
6.441527595474716428e-01 2.579941549708259906e-04
6.443902743921494647e-01 1.866352819140727520e-04
6.446277892368272866e-01 1.012786600623644275e-04
6.448653040815051085e-01 9.628547252017095773e-05
6.451028189261829304e-01 1.816621831948487457e-04
6.453403337708606413e-01 2.575315728318087593e-04
6.455778486155384632e-01 2.959649142821627965e-04
6.458153634602161741e-01 2.877898538028787583e-04
6.460528783048939960e-01 2.344580668484367225e-04
6.462903931495718179e-01 1.491413063402577811e-04
6.465279079942496399e-01 7.942853466825388394e-05
6.467654228389274618e-01 1.344604323655317882e-04
6.470029376836051727e-01 2.244448937331601458e-04
6.472404525282829946e-01 2.870540973312782568e-04
6.474779673729607055e-01 3.053590410942527309e-04
6.477154822176385274e-01 2.750562984809941294e-04
6.479529970623163493e-01 2.025169240575911301e-04
6.481905119069941712e-01 1.099836775370013236e-04
6.484280267516719931e-01 9.081993775140942817e-05
6.486655415963498150e-01 1.804972971324749322e-04
6.489030564410275259e-01 2.639694611928640293e-04
6.491405712857053478e-01 3.090295324712733979e-04
6.493780861303830587e-01 3.050653521447855882e-04
6.496156009750608806e-01 2.525354139023588593e-04
6.498531158197387025e-01 1.635602065857634285e-04
6.500906306644165245e-01 8.072174091056316886e-05
6.503281455090943464e-01 1.299951272119566174e-04
6.505656603537720573e-01 2.275153852511883109e-04
6.508031751984498792e-01 2.978884153752074876e-04
6.510406900431275901e-01 3.220393314451275128e-04
6.512782048878054120e-01 2.944449083282308700e-04
6.515157197324832339e-01 2.205915868575293040e-04
6.517532345771610558e-01 1.208501038928771673e-04
6.519907494218388777e-01 8.556304217216720070e-05
6.522282642665166996e-01 1.797655950927937792e-04
6.524657791111944105e-01 2.718336048678826394e-04
6.527032939558722324e-01 3.242849455043155622e-04
6.529408088005499433e-01 3.249327662226570985e-04
6.531783236452277652e-01 2.731929059964405856e-04
6.534158384899055871e-01 1.802714548176473255e-04
6.536533533345834091e-01 8.418003342392847113e-05
6.538908681792612310e-01 1.255428666296462179e-04
6.541283830239389419e-01 2.317042476485515709e-04
6.543658978686167638e-01 3.108622611386129236e-04
6.546034127132944747e-01 3.415226106358650341e-04
6.548409275579722966e-01 3.168357673323199289e-04
6.550784424026501185e-01 2.414108975881189376e-04
6.553159572473279404e-01 1.341410201961211717e-04
6.555534720920057623e-01 8.069149812640079484e-05
6.557909869366835842e-01 1.796880451397758467e-04
6.560285017813612951e-01 2.816467856390830120e-04
6.562660166260391170e-01 3.424626348637327400e-04
6.565035314707168279e-01 3.482065402696605996e-04
6.567410463153946498e-01 2.971799314654588096e-04
6.569785611600724717e-01 1.997917840479097385e-04
6.572160760047502936e-01 9.016564783378284954e-05
6.574535908494281156e-01 1.211816844139649863e-04
6.576911056941058265e-01 2.374730272817714952e-04
6.579286205387836484e-01 3.267444437316180329e-04
6.581661353834613593e-01 3.647538408312569927e-04
6.584036502281391812e-01 3.431852058155698566e-04
6.586411650728170031e-01 2.657601904543378237e-04
6.588786799174948250e-01 1.502570740799374102e-04
6.591161947621726469e-01 7.646394693908503616e-05
6.593537096068504688e-01 1.805997750031162986e-04
6.595912244515281797e-01 2.941725764017086319e-04
6.598287392962060016e-01 3.646195164928178072e-04
6.600662541408837125e-01 3.760572517951717435e-04
6.603037689855615344e-01 3.255711150005695365e-04
6.605412838302393563e-01 2.228762371204432607e-04
6.607787986749171782e-01 9.903447503106977854e-05
6.610163135195950002e-01 1.170392843657023471e-04
6.612538283642727110e-01 2.455173328353340559e-04
6.614913432089505330e-01 3.466702247551671002e-04
6.617288580536282439e-01 3.931170422600297962e-04
6.619663728983060658e-01 3.748866495814197428e-04
6.622038877429838877e-01 2.947825202368962571e-04
6.624414025876617096e-01 1.698103909457353137e-04
6.626789174323395315e-01 7.324255103606936834e-05
6.629164322770173534e-01 1.830331281377871181e-04
6.631539471216950643e-01 3.105697215749524728e-04
6.633914619663728862e-01 3.923384486880027102e-04
6.636289768110505971e-01 4.102251919223240178e-04
6.638664916557284190e-01 3.599548393654688431e-04
6.641040065004062409e-01 2.506447353131322224e-04
6.643415213450840628e-01 1.111871050607505634e-04
6.645790361897618848e-01 1.133396811203469119e-04
6.648165510344395956e-01 2.569332466165970860e-04
6.650540658791174176e-01 3.723857670184704187e-04
6.652915807237951284e-01 4.287191038832818455e-04
6.655290955684729504e-01 4.140449713019495374e-04
6.657666104131507723e-01 3.301921034305412982e-04
6.660041252578285942e-01 1.937365346785362987e-04
6.662416401025064161e-01 7.148690261967672785e-05
6.664791549471842380e-01 1.878813650251130675e-04
6.667166697918619489e-01 3.326809194564132074e-04
6.669541846365397708e-01 4.280967757906607046e-04
6.671916994812174817e-01 4.534078095763612081e-04
6.674292143258953036e-01 4.027697252036647308e-04
6.676667291705731255e-01 2.848004280583732364e-04
6.679042440152509474e-01 1.271522520976975130e-04
6.681417588599287694e-01 1.105100234045444402e-04
6.683792737046064802e-01 2.735448487681756656e-04
6.686167885492843022e-01 4.067162256991071361e-04
6.688543033939620130e-01 4.749248284408846810e-04
6.690918182386398350e-01 4.639856370729327482e-04
6.693293330833176569e-01 3.746604504854412891e-04
6.695668479279954788e-01 2.234755874545156669e-04
6.698043627726733007e-01 7.166066207751511485e-05
6.700418776173511226e-01 1.967464213009257354e-04
6.702793924620288335e-01 3.636134605981408349e-04
6.705169073067066554e-01 4.759922070462341130e-04
6.707544221513843663e-01 5.100102122205464519e-04
6.709919369960621882e-01 4.579421606438935605e-04
6.712294518407400101e-01 3.280232709069966376e-04
6.714669666854178320e-01 1.476739151336746165e-04
6.717044815300956540e-01 1.094543116425785096e-04
6.719419963747733648e-01 2.986043592510784868e-04
6.721795112194511868e-01 4.545359099510943440e-04
6.724170260641288976e-01 5.374445009996443173e-04
6.726545409088067196e-01 5.302680738108276476e-04
6.728920557534845415e-01 4.325568068551199994e-04
6.731295705981623634e-01 2.612706532917917815e-04
6.733670854428401853e-01 7.393034727105124904e-05
6.736046002875180072e-01 2.127504811701842573e-04
6.738421151321957181e-01 4.090184724304070027e-04
6.740796299768735400e-01 5.433024115315814462e-04
6.743171448215512509e-01 5.877224875575772596e-04
6.745546596662290728e-01 5.321843601543620617e-04
6.747921745109068947e-01 3.847094266707298945e-04
6.750296893555847166e-01 1.737132111052964469e-04
6.752672042002625385e-01 1.123542676668975055e-04
6.755047190449403605e-01 3.384569878506958293e-04
6.757422338896180714e-01 5.249935657151805039e-04
6.759797487342957822e-01 6.267658946608082671e-04
6.762172635789736042e-01 6.228847191025343360e-04
6.764547784236514261e-01 5.114631271635964715e-04
6.766922932683292480e-01 3.106205694909416589e-04
6.769298081130070699e-01 7.734735324966440003e-05
6.771673229576848918e-01 2.426771060440465443e-04
6.774048378023626027e-01 4.802671297413113778e-04
6.776423526470404246e-01 6.442350064472241030e-04
6.778798674917181355e-01 7.011953569347842983e-04
6.781173823363959574e-01 6.378718054915523969e-04
6.783548971810737793e-01 4.623801835632850975e-04
6.785924120257516012e-01 2.059295373919825707e-04
6.788299268704294231e-01 1.253786109129369827e-04
6.790674417151072451e-01 4.071062081629859956e-04
6.793049565597849559e-01 6.373499930371525615e-04
6.795424714044626668e-01 7.643096983090093754e-04
6.797799862491404888e-01 7.615677779152751599e-04
6.800175010938183107e-01 6.254540828509707728e-04
6.802550159384961326e-01 3.765726061806675502e-04
6.804925307831739545e-01 7.730329053855629568e-05
6.807300456278517764e-01 3.036596346052885804e-04
6.809675604725294873e-01 6.037290852357548752e-04
6.812050753172073092e-01 8.104037529245714444e-04
6.814425901618850201e-01 8.818045663535248714e-04
6.816801050065628420e-01 8.000034044648733546e-04
6.819176198512406639e-01 5.739496775260016954e-04
6.821551346959184858e-01 2.410198246584151270e-04
6.823926495405963077e-01 1.693383092913590686e-04
6.826301643852741297e-01 5.415068295435129580e-04
6.828676792299518405e-01 8.393921822910160521e-04
6.831051940746295514e-01 1.000742984137279910e-03
6.833427089193073733e-01 9.901729775388973687e-04
6.835802237639851953e-01 8.017911326592675175e-04
6.838177386086630172e-01 4.618277131632051347e-04
6.840552534533408391e-01 5.927820713349856926e-05
6.842927682980186610e-01 4.499706051648112780e-04
6.845302831426963719e-01 8.549004764587026959e-04
6.847677979873741938e-01 1.126593033806076597e-03
6.850053128320519047e-01 1.207644766573091801e-03
6.852428276767297266e-01 1.072599662312851299e-03
6.854803425214075485e-01 7.338717719066187913e-04
6.857178573660853704e-01 2.440980705750942913e-04
6.859553722107631923e-01 3.324413531250356118e-04
6.861928870554410143e-01 8.701746649877991268e-04
6.864304019001187251e-01 1.281836891549406740e-03
6.866679167447964360e-01 1.480405540137011032e-03
6.869054315894742579e-01 1.413442346206440032e-03
6.871429464341520799e-01 1.073987239705467703e-03
6.873804612788299018e-01 5.059932894509707249e-04
6.876179761235077237e-01 2.095231848886032402e-04
6.878554909681855456e-01 9.294451562764322137e-04
6.880930058128632565e-01 1.530216145738166151e-03
6.883305206575410784e-01 1.882495351787254797e-03
6.885680355022187893e-01 1.898622248189009258e-03
6.888055503468966112e-01 1.554270671529366359e-03
6.890430651915744331e-01 9.060343181799977632e-04
6.892805800362522550e-01 1.049829156246403491e-04
6.895180948809300769e-01 6.457877616135442467e-04
6.897556097256078989e-01 1.028271973198099237e-03
6.899931245702856097e-01 7.291589945167526289e-04
6.902306394149633206e-01 5.800103489749304942e-04
6.904681542596411425e-01 3.151193318205317614e-03
6.907056691043189645e-01 7.175640263962185933e-03
6.909431839489967864e-01 1.270277859399515999e-02
6.911806987936746083e-01 1.963473589723847487e-02
6.914182136383524302e-01 2.771719220136325060e-02
6.916557284830301411e-01 3.655026689605229973e-02
6.918932433277079630e-01 4.561723199872563111e-02
6.921307581723856739e-01 5.432842636037328587e-02
6.923682730170634958e-01 6.207579115818302046e-02
6.926057878617413177e-01 6.829197085648387733e-02
6.928433027064191396e-01 7.250718902660610587e-02
6.930808175510969615e-01 7.439723223690344889e-02
6.933183323957747834e-01 7.381685427240547437e-02
6.935558472404524943e-01 7.081462671953711596e-02
6.937933620851302052e-01 6.562748947271081212e-02
6.940308769298080271e-01 5.865570489633120665e-02
6.942683917744858491e-01 5.042127120680377217e-02
6.945059066191636710e-01 4.151479754544833145e-02
6.947434214638414929e-01 3.253713517873389749e-02
6.949809363085193148e-01 2.404253677890197047e-02
6.952184511531970257e-01 1.648973076590862577e-02
6.954559659978748476e-01 1.020611874761599876e-02
6.956934808425525585e-01 5.368504889472910761e-03
6.959309956872303804e-01 2.001599363446985788e-03
6.961685105319082023e-01 6.717459136584578574e-06
6.964060253765860242e-01 8.762854724118846524e-04
6.966435402212638461e-01 8.966892313474753495e-04
6.968810550659416680e-01 3.872595032473260678e-04
6.971185699106193789e-01 3.707964014014298953e-04
6.973560847552970898e-01 1.084041741542407337e-03
6.975935995999749117e-01 1.590861656398069417e-03
6.978311144446527337e-01 1.785601779482084289e-03
6.980686292893305556e-01 1.647412729799401692e-03
6.983061441340083775e-01 1.225573127903576819e-03
6.985436589786861994e-01 6.199555340731454593e-04
6.987811738233639103e-01 8.991234201484467044e-05
6.990186886680417322e-01 6.644946649703996648e-04
6.992562035127194431e-01 1.105660191761407380e-03
6.994937183573972650e-01 1.319009559157644992e-03
6.997312332020750869e-01 1.284105793466052640e-03
6.999687480467529088e-01 1.025784407027227098e-03
7.002062628914307307e-01 6.062081074073642599e-04
7.004437777361085526e-01 1.246271904343692130e-04
7.006812925807863746e-01 3.880428903641691208e-04
7.009188074254639744e-01 7.726788492749493611e-04
7.011563222701417963e-01 1.001992651040457382e-03
7.013938371148196183e-01 1.044410026652951937e-03
7.016313519594974402e-01 9.039175681642076972e-04
7.018688668041752621e-01 6.160863673891469466e-04
7.021063816488530840e-01 2.430394223942256504e-04
7.023438964935309059e-01 1.785689767586451729e-04
7.025814113382085058e-01 5.186305661589265571e-04
7.028189261828863277e-01 7.592959873661648488e-04
7.030564410275641496e-01 8.583231679278087315e-04
7.032939558722419715e-01 8.055194100427825890e-04
7.035314707169197934e-01 6.177922406532409703e-04
7.037689855615976153e-01 3.356095678742545153e-04
7.040065004062754372e-01 6.565024504015884183e-05
7.042440152509532592e-01 3.193896155674715628e-04
7.044815300956308590e-01 5.619142155252086291e-04
7.047190449403086809e-01 6.999413230782384641e-04
7.049565597849865028e-01 7.130274568653179046e-04
7.051940746296643248e-01 6.043275565116220391e-04
7.054315894743421467e-01 3.984342470073371921e-04
7.056691043190199686e-01 1.419556510701082050e-04
7.059066191636977905e-01 1.635018513442795026e-04
7.061441340083753904e-01 3.961731604446503394e-04
7.063816488530532123e-01 5.586530005982885553e-04
7.066191636977310342e-01 6.208472543402214104e-04
7.068566785424088561e-01 5.754957266062648256e-04
7.070941933870866780e-01 4.347624481526591840e-04
7.073317082317644999e-01 2.286550549269925048e-04
7.075692230764423218e-01 6.523375431620367362e-05
7.078067379211201438e-01 2.559269980175424850e-04
7.080442527657977436e-01 4.303391223792000500e-04
7.082817676104755655e-01 5.279581755017656022e-04
7.085192824551533874e-01 5.332426076974112333e-04
7.087567972998312094e-01 4.484031552566615270e-04
7.089943121445090313e-01 2.919927508664636024e-04
7.092318269891868532e-01 1.029778169117911426e-04
7.094693418338646751e-01 1.401618416462815334e-04
7.097068566785422750e-01 3.138573049662529485e-04
7.099443715232200969e-01 4.352235763651542697e-04
7.101818863678979188e-01 4.802189468126207938e-04
7.104194012125757407e-01 4.429835717962783866e-04
7.106569160572535626e-01 3.328079488498869132e-04
7.108944309019313845e-01 1.736741089917994904e-04
7.111319457466092064e-01 6.336310409913494803e-05
7.113694605912870284e-01 2.097225356252254834e-04
7.116069754359646282e-01 3.443055167647032853e-04
7.118444902806424501e-01 4.192720172031910676e-04
7.120820051253202720e-01 4.218949217077917107e-04
7.123195199699980940e-01 3.537269054614501835e-04
7.125570348146759159e-01 2.295855163699350699e-04
7.127945496593537378e-01 8.365564316614474360e-05
7.130320645040315597e-01 1.205997812396109281e-04
7.132695793487091596e-01 2.572253829116985285e-04
7.135070941933869815e-01 3.532388774500021646e-04
7.137446090380648034e-01 3.883251820976692660e-04
7.139821238827426253e-01 3.574862968592321956e-04
7.142196387274204472e-01 2.681513132174888391e-04
7.144571535720982691e-01 1.404119178537326692e-04
7.146946684167760910e-01 6.015925344432666698e-05
7.149321832614539129e-01 1.763541620782498140e-04
7.151696981061315128e-01 2.848604787331100729e-04
7.154072129508093347e-01 3.452827647518281399e-04
7.156447277954871566e-01 3.467659060654555377e-04
7.158822426401649786e-01 2.904306579523755752e-04
7.161197574848428005e-01 1.885967456911654674e-04
7.163572723295206224e-01 7.194002596064001556e-05
7.165947871741984443e-01 1.054054625380871886e-04
7.168323020188760442e-01 2.167855584945521923e-04
7.170698168635538661e-01 2.956056519404515475e-04
7.173073317082316880e-01 3.241727528454305400e-04
7.175448465529095099e-01 2.981085212315940725e-04
7.177823613975873318e-01 2.235741221635665461e-04
7.180198762422651537e-01 1.179450367666712876e-04
7.182573910869429756e-01 5.662769357999434600e-05
7.184949059316207975e-01 1.517620126678101346e-04
7.187324207762983974e-01 2.419719824807309717e-04
7.189699356209762193e-01 2.922345118491622784e-04
7.192074504656540412e-01 2.930698418471760309e-04
7.194449653103318632e-01 2.453226127944125104e-04
7.196824801550096851e-01 1.595468772021178762e-04
7.199199949996875070e-01 6.362282555769117334e-05
7.201575098443653289e-01 9.362095227627385548e-05
7.203950246890429288e-01 1.869478262199691747e-04
7.206325395337207507e-01 2.533897685510526831e-04
7.208700543783985726e-01 2.772864495270981771e-04
7.211075692230763945e-01 2.547510494768828238e-04
7.213450840677542164e-01 1.910472566482887915e-04
7.215825989124320383e-01 1.015395234192818260e-04
7.218201137571098602e-01 5.307000414559974189e-05
7.220576286017876821e-01 1.331838134138975871e-04
7.222951434464652820e-01 2.099862754774111783e-04
7.225326582911431039e-01 2.527636572585572911e-04
7.227701731358209258e-01 2.531205576308655442e-04
7.230076879804987477e-01 2.117297896932460893e-04
7.232452028251765697e-01 1.378409418001863085e-04
7.234827176698543916e-01 5.701158231376729442e-05
7.237202325145322135e-01 8.428864465681537327e-05
7.239577473592098134e-01 1.643167736197671412e-04
7.241952622038876353e-01 2.215056476231493771e-04
7.244327770485654572e-01 2.418783185633772330e-04
7.246702918932432791e-01 2.219606680129759314e-04
7.249078067379211010e-01 1.663591299334866156e-04
7.251453215825989229e-01 8.887431209871177293e-05
7.253828364272767448e-01 4.953612912486864259e-05
7.256203512719545667e-01 1.187885515397386866e-04
7.258578661166321666e-01 1.854987495107077080e-04
7.260953809613099885e-01 2.225808285797179940e-04
7.263328958059878104e-01 2.225353197624789156e-04
7.265704106506656323e-01 1.859304846796446756e-04
7.268079254953434543e-01 1.210127582660690742e-04
7.270454403400212762e-01 5.135156774736283902e-05
7.272829551846990981e-01 7.667464305103740478e-05
7.275204700293766980e-01 1.467333946555025252e-04
7.277579848740545199e-01 1.968479597890172459e-04
7.279954997187323418e-01 2.144892183520047434e-04
7.282330145634101637e-01 1.965383578102800023e-04
7.284705294080879856e-01 1.471026017645156339e-04
7.287080442527658075e-01 7.870892001112814531e-05
7.289455590974436294e-01 4.601082564933864057e-05
7.291830739421214513e-01 1.073450310420459510e-04
7.294205887867990512e-01 1.663391853800529638e-04
7.296581036314768731e-01 1.990139243381048098e-04
7.298956184761546950e-01 1.986294592938041867e-04
7.301331333208325169e-01 1.656893300639557189e-04
7.303706481655103389e-01 1.076364901771057983e-04
7.306081630101881608e-01 4.628225037729302401e-05
7.308456778548659827e-01 7.025353498061475983e-05
7.310831926995435825e-01 1.327662522414760609e-04
7.313207075442214045e-01 1.774092556653288685e-04
7.315582223888992264e-01 1.929184160117377114e-04
7.317957372335770483e-01 1.764810251235889255e-04
7.320332520782548702e-01 1.318082049479892394e-04
7.322707669229326921e-01 7.034004584074498515e-05
7.325082817676105140e-01 4.247122534357289684e-05
7.327457966122883359e-01 9.800900894838099320e-05
7.329833114569659358e-01 1.510580932649534616e-04
7.332208263016437577e-01 1.803051865366514842e-04
7.334583411463215796e-01 1.796603571844648914e-04
7.336958559909994015e-01 1.495815509944489361e-04
7.339333708356772235e-01 9.684010632663101327e-05
7.341708856803550454e-01 4.162748425543947895e-05
7.344084005250328673e-01 6.465823943926044144e-05
7.346459153697104671e-01 1.214332501451256292e-04
7.348834302143882891e-01 1.618301920104826689e-04
7.351209450590661110e-01 1.756919741063192434e-04
7.353584599037439329e-01 1.604649646044195609e-04
7.355959747484217548e-01 1.195294908088818996e-04
7.358334895930995767e-01 6.335440114085226905e-05
7.360710044377773986e-01 3.890135020874322964e-05
7.363085192824552205e-01 9.019171274470685960e-05
7.365460341271328204e-01 1.386504618617603532e-04
7.367835489718106423e-01 1.652454117746934522e-04
7.370210638164884642e-01 1.644405372206963318e-04
7.372585786611662861e-01 1.366520387590889479e-04
7.374960935058441081e-01 8.806574865847048149e-05
7.377336083505219300e-01 3.730739995738336815e-05
7.379711231951997519e-01 5.963507296914214974e-05
7.382086380398773517e-01 1.120424574829663000e-04
7.384461528845551737e-01 1.491551185067037085e-04
7.386836677292329956e-01 1.617793554167735104e-04
7.389211825739108175e-01 1.475737803038566223e-04
7.391586974185886394e-01 1.096274403133585000e-04
7.393962122632664613e-01 5.750585593142386098e-05
7.396337271079442832e-01 3.529366932633596255e-05
7.398712419526221051e-01 8.347726198230450312e-05
7.401087567972997050e-01 1.283987748499338354e-04
7.403462716419775269e-01 1.529716170073443964e-04
7.405837864866553488e-01 1.521263621618265834e-04
7.408213013313331707e-01 1.262308111450477120e-04
7.410588161760109926e-01 8.094173590056552472e-05
7.412963310206888146e-01 3.329983425679491991e-05
7.415338458653666365e-01 5.500992513151624938e-05
7.417713607100442363e-01 1.040966237382948470e-04
7.420088755547220583e-01 1.386918578602375218e-04
7.422463903993998802e-01 1.504335970793682891e-04
7.424839052440777021e-01 1.371463116842132335e-04
7.427214200887555240e-01 1.016505859539391146e-04
7.429589349334333459e-01 5.264898562741955309e-05
7.431964497781111678e-01 3.164738885364808325e-05
7.434339646227889897e-01 7.756928211507116086e-05
7.436714794674665896e-01 1.197792275735215571e-04
7.439089943121444115e-01 1.428493143006602734e-04
7.441465091568222334e-01 1.420965956004998038e-04
7.443840240015000553e-01 1.178275227391365317e-04
7.446215388461778772e-01 7.520912235094417281e-05
7.448590536908556992e-01 2.962426419236893958e-05
7.450965685355335211e-01 5.066421433368800632e-05
7.453340833802111209e-01 9.723325479694330537e-05
7.455715982248889429e-01 1.299273354559000418e-04
7.458091130695667648e-01 1.410969440447823215e-04
7.460466279142445867e-01 1.286876836670177424e-04
7.462841427589224086e-01 9.526476283566034996e-05
7.465216576036002305e-01 4.869929888907755292e-05
7.467591724482780524e-01 2.796640025132918726e-05
7.469966872929558743e-01 7.225541554093547450e-05
7.472342021376334742e-01 1.124030680097623329e-04
7.474717169823112961e-01 1.344009459883768666e-04
7.477092318269891180e-01 1.338797311179913403e-04
7.479467466716669399e-01 1.110687173359254835e-04
7.481842615163447618e-01 7.067688936442978367e-05
7.484217763610225838e-01 2.633693328284202658e-05
7.486592912057004057e-01 4.651822607034002393e-05
7.488968060503780055e-01 9.118545433326553712e-05
7.491343208950558274e-01 1.224745546551428259e-04
7.493718357397336494e-01 1.333429057366579277e-04
7.496093505844114713e-01 1.218154843612489428e-04
7.498468654290892932e-01 9.021047456695594185e-05
7.500843802737671151e-01 4.560614881961426876e-05
7.503218951184449370e-01 2.425764147637252737e-05
7.505594099631227589e-01 6.738319488170527107e-05
7.507969248078003588e-01 1.059783379554897454e-04
7.510344396524781807e-01 1.272605979512140401e-04
7.512719544971560026e-01 1.271090245296132638e-04
7.515094693418338245e-01 1.056595508505279378e-04
7.517469841865116464e-01 6.719348942197829184e-05
7.519844990311894684e-01 2.353059586308591327e-05
7.522220138758672903e-01 4.251975484956978371e-05
7.524595287205448901e-01 8.575544704510530149e-05
7.526970435652227120e-01 1.160378908688442439e-04
7.529345584099005340e-01 1.268393716780261214e-04
7.531720732545783559e-01 1.162263556695360405e-04
7.534095880992561778e-01 8.627669397102192249e-05
7.536471029439339997e-01 4.333191285607426886e-05
7.538846177886118216e-01 2.052997997712867410e-05
7.541221326332896435e-01 6.284337272950547121e-05
7.543596474779672434e-01 1.002839765137137783e-04
7.545971623226450653e-01 1.211442181476279364e-04
7.548346771673228872e-01 1.214938035547437920e-04
7.550721920120007091e-01 1.013601529887049076e-04
7.553097068566785310e-01 6.462882784978314209e-05
7.555472217013563530e-01 2.133102379106550529e-05
7.557847365460341749e-01 3.863651816650733565e-05
7.560222513907117747e-01 8.079618414298437949e-05
7.562597662353895966e-01 1.103895066383178632e-04
7.564972810800674186e-01 1.213242787263362068e-04
7.567347959247452405e-01 1.116747941561987441e-04
7.569723107694230624e-01 8.328499907334115777e-05
7.572098256141008843e-01 4.183556760396396759e-05
7.574473404587787062e-01 1.679360149101866780e-05
7.576848553034565281e-01 5.855828391122491723e-05
7.579223701481341280e-01 9.515173187711603781e-05
7.581598849928119499e-01 1.158292895810202061e-04
7.583973998374897718e-01 1.168005707399905806e-04
7.586349146821675937e-01 9.797096531274394958e-05
7.588724295268454156e-01 6.286369065447353739e-05
7.591099443715232375e-01 1.987774465286499433e-05
7.593474592162010595e-01 3.485131511791244511e-05
7.595849740608786593e-01 7.619829959111601230e-05
7.598224889055564812e-01 1.053527787865268616e-04
7.600600037502343032e-01 1.165889597786606976e-04
7.602975185949121251e-01 1.079593628772902697e-04
7.605350334395899470e-01 8.108037459673209503e-05
7.607725482842677689e-01 4.106160401997922121e-05
7.610100631289455908e-01 1.306002973587175305e-05
7.612475779736234127e-01 5.447368568077628922e-05
7.614850928183010126e-01 9.045320331449160846e-05
7.617226076629788345e-01 1.111404624708703522e-04
7.619601225076566564e-01 1.128401026854159128e-04
7.621976373523344783e-01 9.532358848157702165e-05
7.624351521970123002e-01 6.178473562227586563e-05
7.626726670416901221e-01 1.927836614145307098e-05
7.629101818863679441e-01 3.115933296782067818e-05
7.631476967310455439e-01 7.188072403357672832e-05
7.633852115757233658e-01 1.007903180073905510e-04
7.636227264204011878e-01 1.124663213554464344e-04
7.638602412650790097e-01 1.049134158051475731e-04
7.640977561097568316e-01 7.952622115452931135e-05
7.643352709544346535e-01 4.093593393626121984e-05
7.645727857991124754e-01 9.343652123211286517e-06
7.648103006437902973e-01 5.055305676910276023e-05
7.650478154884678972e-01 8.609037629662840308e-05
7.652853303331457191e-01 1.069390776464818825e-04
7.655228451778235410e-01 1.094582841471557504e-04
7.657603600225013629e-01 9.327493283263043732e-05
7.659978748671791848e-01 6.128338505348965195e-05
7.662353897118570067e-01 1.955139514579311695e-05
7.664729045565348287e-01 2.756741263182809528e-05
7.667104194012124285e-01 6.778386530375025434e-05
7.669479342458902504e-01 9.659510968274364717e-05
7.671854490905680724e-01 1.088221527756816820e-04
7.674229639352458943e-01 1.023985674846332369e-04
7.676604787799237162e-01 7.850181905744262327e-05
7.678979936246015381e-01 4.136884994452736454e-05
7.681355084692793600e-01 5.670579987586836183e-06
7.683730233139571819e-01 4.677368237609970462e-05
7.686105381586347818e-01 8.198860962230348603e-05
7.688480530033126037e-01 1.031153270981764167e-04
7.690855678479904256e-01 1.065293234796963671e-04
7.693230826926682475e-01 9.170326770457660473e-05
7.695605975373460694e-01 6.125696512147703777e-05
7.697981123820238913e-01 2.060481874741912714e-05
7.700356272267017133e-01 2.409556655250275637e-05
7.702731420713793131e-01 6.386462871238289280e-05
7.705106569160571350e-01 9.268384857579508771e-05
7.707481717607349569e-01 1.055485420442878181e-04
7.709856866054127789e-01 1.002998418513529206e-04
7.712232014500906008e-01 7.790101595519243361e-05
7.714607162947684227e-01 4.226262567800960219e-05
7.716982311394462446e-01 2.178593261821543819e-06
7.719357459841240665e-01 4.312408791002239020e-05
7.721732608288016664e-01 7.809138699480208429e-05
7.724107756734794883e-01 9.958226882291771199e-05
7.726482905181573102e-01 1.039505398444852147e-04
7.728858053628351321e-01 9.050530897906402920e-05
7.731233202075129540e-01 6.161062725312638048e-05
7.733608350521907759e-01 2.227429290924127557e-05
7.735983498968685979e-01 2.078175871273089961e-05
7.738358647415461977e-01 6.009278162637044570e-05
7.740733795862240196e-01 8.899186088522388215e-05
7.743108944309018415e-01 1.025587678365751814e-04
7.745484092755796635e-01 9.852187447565324038e-05
7.747859241202574854e-01 7.763135235151155005e-05
7.750234389649353073e-01 4.352012076495064181e-05
7.752609538096131292e-01 2.105726359832151026e-06
7.754984686542909511e-01 3.960255300729917160e-05
7.757359834989685510e-01 7.435636354681365628e-05
7.759734983436463729e-01 9.627118993640774796e-05
7.762110131883241948e-01 1.016382369347821154e-04
7.764485280330020167e-01 8.959385667888948297e-05
7.766860428776798386e-01 6.225902624695087606e-05
7.769235577223576605e-01 2.438334580667433850e-05
7.771610725670354825e-01 1.769207461043505094e-05
7.773985874117130823e-01 5.644831941168348933e-05
7.776361022563909042e-01 8.546920152225289617e-05
7.778736171010687261e-01 9.978326824485265741e-05
7.781111319457465481e-01 9.698581271850319392e-05
7.783486467904243700e-01 7.761320399488274375e-05
7.785861616351021919e-01 4.505153978305681360e-05
7.788236764797800138e-01 5.507099482998386505e-06
7.790611913244578357e-01 3.621656477411910061e-05
7.792987061691354356e-01 7.075237796723018947e-05
7.795362210138132575e-01 9.312797776781642418e-05
7.797737358584910794e-01 9.952436835083207280e-05
7.800112507031689013e-01 8.889573598852024562e-05
7.802487655478467232e-01 6.312725551469809801e-05
7.804862803925245451e-01 2.678163325536148527e-05
7.807237952372023670e-01 1.493952091464112953e-05
7.809613100818799669e-01 5.291959460438088884e-05
7.811988249265577888e-01 8.207763707984396450e-05
7.814363397712356107e-01 9.716642314033030806e-05
7.816738546159134327e-01 9.562671693792001027e-05
7.819113694605912546e-01 7.777878169180438435e-05
7.821488843052690765e-01 4.677825388166165698e-05
7.823863991499468984e-01 9.017317485356403351e-06
7.826239139946247203e-01 3.298316422435981137e-05
7.828614288393023202e-01 6.725719479610076871e-05
7.830989436839801421e-01 9.011026085741970649e-05
7.833364585286579640e-01 9.755380886550348615e-05
7.835739733733357859e-01 8.834993757661187882e-05
7.838114882180136078e-01 6.415096546111573133e-05
7.840490030626914297e-01 2.935504822447170393e-05
7.842865179073692516e-01 1.271152523547187478e-05
7.845240327520468515e-01 4.950204509430952704e-05
7.847615475967246734e-01 7.878830542741791366e-05
7.849990624414024953e-01 9.466396838029337787e-05
7.852365772860803173e-01 9.439135312543598126e-05
7.854740921307581392e-01 7.807098441687102040e-05
7.857116069754359611e-01 4.863400276736327900e-05
7.859491218201137830e-01 1.249271467167323556e-05
7.861866366647916049e-01 2.993018936899657803e-05
7.864241515094692048e-01 6.385580624666100443e-05
7.866616663541470267e-01 8.718514710963216050e-05
7.868991811988248486e-01 9.568210760408399178e-05
7.871366960435026705e-01 8.790592588933890546e-05
7.873742108881804924e-01 6.527583208869943039e-05
7.876117257328583143e-01 3.202127267016343639e-05
7.878492405775361362e-01 1.128121266080635277e-05
7.880867554222137361e-01 4.619740979748268925e-05
7.883242702668915580e-01 7.557989765130627567e-05
7.885617851115693799e-01 9.224091003807721463e-05
7.887992999562472018e-01 9.323631178741797272e-05
7.890368148009250238e-01 7.844217060704756497e-05
7.892743296456028457e-01 5.056436965750598641e-05
7.895118444902806676e-01 1.590916743393319991e-05
7.897493593349584895e-01 2.709836229156172105e-05
7.899868741796360894e-01 6.053916941668778876e-05
7.902243890243139113e-01 8.432743015524073974e-05
7.904619038689917332e-01 9.387363432724102992e-05
7.906994187136695551e-01 8.752211344774314975e-05
7.909369335583473770e-01 6.645661963225016106e-05
7.911744484030251989e-01 3.472176657821193427e-05
7.914119632477030208e-01 1.091807116351738659e-05
7.916494780923808428e-01 4.301335688408594631e-05
7.918869929370584426e-01 7.243724707367541382e-05
7.921245077817362645e-01 8.986983912928574029e-05
7.923620226264140864e-01 9.212640873912057162e-05
7.925995374710919084e-01 7.885292641696250841e-05
7.928370523157697303e-01 5.252538919770884031e-05
7.930745671604475522e-01 1.925531651162181067e-05
7.933120820051253741e-01 2.454384811801066141e-05
7.935495968498029740e-01 5.730328819502867666e-05
7.937871116944807959e-01 8.151816554375196616e-05
7.940246265391586178e-01 9.210005059294768047e-05
7.942621413838364397e-01 8.716450528493918215e-05
7.944996562285142616e-01 6.765605847972632815e-05
7.947371710731920835e-01 3.741468987431038564e-05
7.949746859178699054e-01 1.167240343460529716e-05
7.952122007625477274e-01 3.996346983690549575e-05
7.954497156072253272e-01 6.935023839989354073e-05
7.956872304519031491e-01 8.752956924228962564e-05
7.959247452965809710e-01 9.103333249347607794e-05
7.961622601412587930e-01 7.927089564117250590e-05
7.963997749859366149e-01 5.448188290581238699e-05
7.966372898306144368e-01 2.252313861297854187e-05
7.968748046752922587e-01 2.234003441781889896e-05
7.971123195199698586e-01 5.414857406350487978e-05
7.973498343646476805e-01 7.874354085618208074e-05
7.975873492093255024e-01 9.033905088560981633e-05
7.978248640540033243e-01 8.680551363674436323e-05
7.980623788986811462e-01 6.884369837592705310e-05
7.982998937433589681e-01 4.006970514432793670e-05
7.985374085880367900e-01 1.330836605623177281e-05
7.987749234327146119e-01 3.706753475144179287e-05
7.990124382773922118e-01 6.631297105720572623e-05
7.992499531220700337e-01 8.520403548057169324e-05
7.994874679667478556e-01 8.993450692955826348e-05
7.997249828114256776e-01 7.966971321982716360e-05
7.999624976561034995e-01 5.640585227572465744e-05
8.002000125007813214e-01 2.570601388001841914e-05
8.004375273454591433e-01 2.057556141081584813e-05
8.006750421901367432e-01 5.107943752897023794e-05
8.009125570348145651e-01 7.599398059330058546e-05
8.011500718794923870e-01 8.857332819545205070e-05
8.013875867241702089e-01 8.642293663513546571e-05
8.016251015688480308e-01 6.999483411967290334e-05
8.018626164135258527e-01 4.266441600895316680e-05
8.021001312582036746e-01 1.550528162734030223e-05
8.023376461028814965e-01 3.435203507816953481e-05
8.025751609475590964e-01 6.332312700631702004e-05
8.028126757922369183e-01 8.288140537196217515e-05
8.030501906369147402e-01 8.881214051767502679e-05
8.032877054815925622e-01 8.002806314405748781e-05
8.035252203262703841e-01 5.827507494363485532e-05
8.037627351709482060e-01 2.879814578161614996e-05
8.040002500156260279e-01 1.934374746594439228e-05
8.042377648603036278e-01 4.810407339168717631e-05
8.044752797049814497e-01 7.326343960440064474e-05
8.047127945496592716e-01 8.678972562471990934e-05
8.049503093943370935e-01 8.599908894381502853e-05
8.051878242390149154e-01 7.108955170142018123e-05
8.054253390836927373e-01 4.518198352350048216e-05
8.056628539283705592e-01 1.801791445102259536e-05
8.059003687730483811e-01 3.185066214413864716e-05
8.061378836177259810e-01 6.038150522500066673e-05
8.063753984624038029e-01 8.055336192620914896e-05
8.066129133070816248e-01 8.765243525360391782e-05
8.068504281517594467e-01 8.032886519033276902e-05
8.070879429964372687e-01 6.007194305322654165e-05
8.073254578411150906e-01 3.179433990656447753e-05
8.075629726857929125e-01 1.871993775117959677e-05
8.078004875304705124e-01 4.523440804416541290e-05
8.080380023751483343e-01 7.054884905532942394e-05
8.082755172198261562e-01 8.497854206564657250e-05
8.085130320645039781e-01 8.552006913912546299e-05
8.087505469091818000e-01 7.211191055043198448e-05
8.089880617538596219e-01 4.760953537566103101e-05
8.092255765985374438e-01 2.069311632561130363e-05
8.094630914432152657e-01 2.960446274356802888e-05
8.097006062878928656e-01 5.749169424015308587e-05
8.099381211325706875e-01 7.821452681061060418e-05
8.101756359772485094e-01 8.644493126262750636e-05
8.104131508219263313e-01 8.055858465905453808e-05
8.106506656666041533e-01 6.178253151335515116e-05
8.108881805112819752e-01 3.468990315677467485e-05
8.111256953559597971e-01 1.873274903729008520e-05
8.113632102006373970e-01 4.248617312882561301e-05
8.116007250453152189e-01 6.784968679998822604e-05
8.118382398899930408e-01 8.313296492579992333e-05
8.120757547346708627e-01 8.497514693187652906e-05
8.123132695793486846e-01 7.304925831077292958e-05
8.125507844240265065e-01 4.993709605736571536e-05
8.127882992687043284e-01 2.343940245139364934e-05
8.130258141133821503e-01 2.766096260069810488e-05
8.132633289580597502e-01 5.465986051768696632e-05
8.135008438027375721e-01 7.586199792722833081e-05
8.137383586474153940e-01 8.518196544425749451e-05
8.139758734920932159e-01 8.070665366745995910e-05
8.142133883367710379e-01 6.339586367751278025e-05
8.144509031814488598e-01 3.748059051184277312e-05
8.146884180261266817e-01 1.934757506401581519e-05
8.149259328708042815e-01 3.987905365528068727e-05
8.151634477154821035e-01 6.516765022779091648e-05
8.154009625601599254e-01 8.124860755813445004e-05
8.156384774048377473e-01 8.435625342733390423e-05
8.158759922495155692e-01 7.389166526135841292e-05
8.161135070941933911e-01 5.215685825705928722e-05
8.163510219388712130e-01 2.620091578909368750e-05
8.165885367835490349e-01 2.607132511967297944e-05
8.168260516282266348e-01 5.189463454923842555e-05
8.170635664729044567e-01 7.349498084254359014e-05
8.173010813175822786e-01 8.385822543962327734e-05
8.175385961622601005e-01 8.076498995568463487e-05
8.177761110069379225e-01 6.490333793248363032e-05
8.180136258516157444e-01 4.016257302915718488e-05
8.182511406962935663e-01 2.047673741837584542e-05
8.184886555409711661e-01 3.743682499368177337e-05
8.187261703856489881e-01 6.250641472127648640e-05
8.189636852303268100e-01 7.932313304996281079e-05
8.192012000750046319e-01 8.365755890333693003e-05
8.194387149196824538e-01 7.463146200165647929e-05
8.196762297643602757e-01 5.426267906571873235e-05
8.199137446090380976e-01 2.894196794500573962e-05
8.201512594537159195e-01 2.488464989880907581e-05
8.203887742983935194e-01 4.920707730182395038e-05
8.206262891430713413e-01 7.111449754801881418e-05
8.208638039877491632e-01 8.247038279886991505e-05
8.211013188324269851e-01 8.072759904775979008e-05
8.213388336771048071e-01 6.629828156181481909e-05
8.215763485217826290e-01 4.273241630306365339e-05
8.218138633664604509e-01 2.200819912764454925e-05
8.220513782111380507e-01 3.518733605717386964e-05
8.222888930558158727e-01 5.987146425981152635e-05
8.225264079004936946e-01 7.735594912947695132e-05
8.227639227451715165e-01 8.287512385706544095e-05
8.230014375898493384e-01 7.526286357209709056e-05
8.232389524345271603e-01 5.624972589433653851e-05
8.234764672792049822e-01 3.163856976161116613e-05
8.237139821238828041e-01 2.413941391924933670e-05
8.239514969685604040e-01 4.661070748156825270e-05
8.241890118132382259e-01 6.872315975127694400e-05
8.244265266579160478e-01 8.101679189627516899e-05
8.246640415025938697e-01 8.059024650857280370e-05
8.249015563472716916e-01 6.757560371277121047e-05
8.251390711919495136e-01 4.518706461622328733e-05
8.253765860366273355e-01 2.383247570639844499e-05
8.256141008813049353e-01 3.316211742753582658e-05
8.258516157259827573e-01 5.726998349629688418e-05
8.260891305706605792e-01 7.534796206125028088e-05
8.263266454153384011e-01 8.200661118543676109e-05
8.265641602600162230e-01 7.578166465433001226e-05
8.268016751046940449e-01 5.811422352065185009e-05
8.270391899493718668e-01 3.427379625192014759e-05
8.272767047940496887e-01 2.385401083595559572e-05
8.275142196387272886e-01 4.412156219439235098e-05
8.277517344834051105e-01 6.632499626469720154e-05
8.279892493280829324e-01 7.949724325829411113e-05
8.282267641727607543e-01 8.035018834451283895e-05
8.284642790174385762e-01 6.873152473262442034e-05
8.287017938621163982e-01 4.752382830589633051e-05
8.289393087067942201e-01 2.585683356239823838e-05
8.291768235514718199e-01 3.139531221647102674e-05
8.294143383961496419e-01 5.471080192457390836e-05
8.296518532408274638e-01 7.330137954489660511e-05
8.298893680855052857e-01 8.105104902629652519e-05
8.301268829301831076e-01 7.618499264491025366e-05
8.303643977748609295e-01 5.985327030499956567e-05
8.306019126195387514e-01 3.683518462711623024e-05
8.308394274642165733e-01 2.402025389112768931e-05
8.310769423088941732e-01 4.175824970648915808e-05
8.313144571535719951e-01 6.392532642227651950e-05
8.315519719982498170e-01 7.791276194584152639e-05
8.317894868429276389e-01 8.000594935908464909e-05
8.320270016876054608e-01 6.976336413691116493e-05
8.322645165322832828e-01 4.974037309398435177e-05
8.325020313769611047e-01 2.800846414357591597e-05
8.327395462216387045e-01 2.992160187406711272e-05
8.329770610663165264e-01 5.220438087528959681e-05
8.332145759109943484e-01 7.121955471785227005e-05
8.334520907556721703e-01 8.000863545135025485e-05
8.336896056003499922e-01 7.647110729936304582e-05
8.339271204450278141e-01 6.146470244286929947e-05
8.341646352897056360e-01 3.931322385397053795e-05
8.344021501343834579e-01 2.460336415800424913e-05
8.346396649790610578e-01 3.954193099278547458e-05
8.348771798237388797e-01 6.153067304352172824e-05
8.351146946684167016e-01 7.626544350774156161e-05
8.353522095130945235e-01 7.955714094100113621e-05
8.355897243577723454e-01 7.066937366568923514e-05
8.358272392024501674e-01 5.183471075312683025e-05
8.360647540471279893e-01 3.023218942334136980e-05
8.363022688918055891e-01 2.877293088139816387e-05
8.365397837364834110e-01 4.976283239993350922e-05
8.367772985811612330e-01 6.910686487635210725e-05
8.370148134258390549e-01 7.888057781553619858e-05
8.372523282705168768e-01 7.663923785056672559e-05
8.374898431151946987e-01 6.294699202143966125e-05
8.377273579598725206e-01 4.170044680281348101e-05
8.379648728045503425e-01 2.554867201209921337e-05
8.382023876492279424e-01 3.749613685273216456e-05
8.384399024939057643e-01 5.914870942640824037e-05
8.386774173385835862e-01 7.455832121238037044e-05
8.389149321832614081e-01 7.900431104599351826e-05
8.391524470279392300e-01 7.144860484388915048e-05
8.393899618726170520e-01 5.380519053391867725e-05
8.396274767172948739e-01 3.248665717775479461e-05
8.398649915619724737e-01 2.797422480335904038e-05
8.401025064066502956e-01 4.739995540616174813e-05
8.403400212513281176e-01 6.696861996007993608e-05
8.405775360960059395e-01 7.766896078989512868e-05
8.408150509406837614e-01 7.668945022146976239e-05
8.410525657853615833e-01 6.429916917569717565e-05
8.412900806300394052e-01 4.399086615351076215e-05
8.415275954747172271e-01 2.679166568531959612e-05
8.417651103193948270e-01 3.564629528724305263e-05
8.420026251640726489e-01 5.678823552856222199e-05
8.422401400087504708e-01 7.279525968801795312e-05
8.424776548534282927e-01 7.834882063264192106e-05
8.427151696981061146e-01 7.210080327136144567e-05
8.429526845427839365e-01 5.565049125507313743e-05
8.431901993874617585e-01 3.474079356961709249e-05
8.434277142321393583e-01 2.753891237700058296e-05
8.436652290768171802e-01 4.513126753537897426e-05
8.439027439214950022e-01 6.481099666856519480e-05
8.441402587661728241e-01 7.637663822903914600e-05
8.443777736108506460e-01 7.662253831984830530e-05
8.446152884555284679e-01 6.552076166554828246e-05
8.448528033002062898e-01 4.617961272519736151e-05
8.450903181448841117e-01 2.826721150506240503e-05
8.453278329895617116e-01 3.401882315462878835e-05
8.455653478342395335e-01 5.445917813167247285e-05
8.458028626789173554e-01 7.098087091090020178e-05
8.460403775235951773e-01 7.759274172860549529e-05
8.462778923682729992e-01 7.262632349133145177e-05
8.465154072129508211e-01 5.736961371855718123e-05
8.467529220576286431e-01 3.697101326727675162e-05
8.469904369023062429e-01 2.746559299828466437e-05
8.472279517469840648e-01 4.297400137802585255e-05
8.474654665916618868e-01 6.264099497395756388e-05
8.477029814363397087e-01 7.500714495220712000e-05
8.479404962810175306e-01 7.643993473308210572e-05
8.481780111256953525e-01 6.661174713907324165e-05
8.484155259703731744e-01 4.826269674018175042e-05
8.486530408150509963e-01 2.991561418470491620e-05
8.488905556597285962e-01 3.263965422578679588e-05
8.491280705044064181e-01 5.217260900465183089e-05
8.493655853490842400e-01 6.912044945146660643e-05
8.496031001937620619e-01 7.673877336672590694e-05
8.498406150384398838e-01 7.302605993338850835e-05
8.500781298831177057e-01 5.896187341627941213e-05
8.503156447277955277e-01 3.915917522566877534e-05
8.505531595724731275e-01 2.773714343099435500e-05
8.507906744171509494e-01 4.094702009713107140e-05
8.510281892618287714e-01 6.046641425010929261e-05
8.512657041065065933e-01 7.356462534719674382e-05
8.515032189511844152e-01 7.614363709811111658e-05
8.517407337958622371e-01 6.757251481065638097e-05
8.519782486405400590e-01 5.023684591629594566e-05
8.522157634852178809e-01 3.168538858566639671e-05
8.524532783298954808e-01 3.153216786410078224e-05
8.526907931745733027e-01 4.994077275559291292e-05
8.529283080192511246e-01 6.721992440505774420e-05
8.531658228639289465e-01 7.579017228358051340e-05
8.534033377086067684e-01 7.330139035711672932e-05
8.536408525532845903e-01 6.042689343873671712e-05
8.538783673979624123e-01 4.129112885833563805e-05
8.541158822426400121e-01 2.832272141873515883e-05
8.543533970873178340e-01 3.907059207024157229e-05
8.545909119319956559e-01 5.829584627395970585e-05
8.548284267766734779e-01 7.205377622091204619e-05
8.550659416213512998e-01 7.573614712548466842e-05
8.553034564660291217e-01 6.840383415210775440e-05
8.555409713107069436e-01 5.209939272959488121e-05
8.557784861553847655e-01 3.353372928213331174e-05
8.560160010000623654e-01 3.071467063748951573e-05
8.562535158447401873e-01 4.777711272636424718e-05
8.564910306894180092e-01 6.528582599098154066e-05
8.567285455340958311e-01 7.475069591441817435e-05
8.569660603787736530e-01 7.345412922104862087e-05
8.572035752234514749e-01 6.176459747205582539e-05
8.574410900681292969e-01 4.335569032833433943e-05
8.576786049128068967e-01 2.918195000468396956e-05
8.579161197574847186e-01 3.736595136685636658e-05
8.581536346021625405e-01 5.613868240653497666e-05
8.583911494468403625e-01 7.047980200522269113e-05
8.586286642915181844e-01 7.522042000837420516e-05
8.588661791361960063e-01 6.910682889281919501e-05
8.591036939808738282e-01 5.384819395873926412e-05
8.593412088255516501e-01 3.542576344347100556e-05
8.595787236702292500e-01 3.019783598386673550e-05
8.598162385149070719e-01 4.569627810807617757e-05
8.600537533595848938e-01 6.332526523192512152e-05
8.602912682042627157e-01 7.362455579043790898e-05
8.605287830489405376e-01 7.348648885118936745e-05
8.607662978936183595e-01 6.297520291420231290e-05
8.610038127382961815e-01 4.534392109414126323e-05
8.612413275829737813e-01 3.026984373289117532e-05
8.614788424276516032e-01 3.585456865358035251e-05
8.617163572723294251e-01 5.400513133077449791e-05
8.619538721170072471e-01 6.884838062938336079e-05
8.621913869616850690e-01 7.459982232022953732e-05
8.624289018063628909e-01 6.968295505528743325e-05
8.626664166510407128e-01 5.548157180298012047e-05
8.629039314957185347e-01 3.733334841118103299e-05
8.631414463403961346e-01 2.998270998023628268e-05
8.633789611850739565e-01 4.371408856446075294e-05
8.636164760297517784e-01 6.134592511005022711e-05
8.638539908744296003e-01 7.241637973516680613e-05
8.640915057191074222e-01 7.340104690683300231e-05
8.643290205637852441e-01 6.405921398906684074e-05
8.645665354084630660e-01 4.724861614100287507e-05
8.648040502531406659e-01 3.154113914899035981e-05
8.650415650978184878e-01 3.455707905933977142e-05
8.652790799424963097e-01 5.190624278780343935e-05
8.655165947871741317e-01 6.716563897914506575e-05
8.657541096318519536e-01 7.387809701978107055e-05
8.659916244765297755e-01 7.013398212876606431e-05
8.662291393212075974e-01 5.699826972595993611e-05
8.664666541658854193e-01 3.923382990106129921e-05
8.667041690105630192e-01 3.005988647830130936e-05
8.669416838552408411e-01 4.184742457938318128e-05
8.671791986999186630e-01 5.935606195767166484e-05
8.674167135445964849e-01 7.113118171720360188e-05
8.676542283892743068e-01 7.320071889223206992e-05
8.678917432339521287e-01 6.501741491506575629e-05
8.681292580786299506e-01 4.906393738430075654e-05
8.683667729233075505e-01 3.295332327021854467e-05
8.686042877679853724e-01 3.349187273468312093e-05
8.688418026126631943e-01 4.985393057103664236e-05
8.690793174573410163e-01 6.543813680551534067e-05
8.693168323020188382e-01 7.305933438327762456e-05
8.695543471466966601e-01 7.046197669893608550e-05
8.697918619913744820e-01 5.839741849438014466e-05
8.700293768360523039e-01 4.110894177254295308e-05
8.702668916807299038e-01 3.041016227320677564e-05
8.705044065254077257e-01 4.011400371412030208e-05
8.707419213700855476e-01 5.736451537899352551e-05
8.709794362147633695e-01 6.977433837359899688e-05
8.712169510594411914e-01 7.288873486216955336e-05
8.714544659041190133e-01 6.585086311227274886e-05
8.716919807487968352e-01 5.078514790881556896e-05
8.719294955934744351e-01 3.446829539711580815e-05
8.721670104381522570e-01 3.267345449999258374e-05
8.724045252828300789e-01 4.786098539786309180e-05
8.726420401275079008e-01 6.367285837105962491e-05
8.728795549721857228e-01 7.214794804569408561e-05
8.731170698168635447e-01 7.066928800574196010e-05
8.733545846615413666e-01 5.967850938890261375e-05
8.735920995062191885e-01 4.294389987192541382e-05
8.738296143508967884e-01 3.100651342546871270e-05
8.740671291955746103e-01 3.853199822110249854e-05
8.743046440402524322e-01 5.538072479293176928e-05
8.745421588849302541e-01 6.835157152147571739e-05
8.747796737296080760e-01 7.246861956218489267e-05
8.750171885742858979e-01 6.656088238431737353e-05
8.752547034189637198e-01 5.240841695672195376e-05
8.754922182636413197e-01 3.605296133857943360e-05
8.757297331083191416e-01 3.211080214106590015e-05
8.759672479529969635e-01 4.594106440746047063e-05
8.762047627976747854e-01 6.187721106729109034e-05
8.764422776423526074e-01 7.114865544962353566e-05
8.766797924870304293e-01 7.075853514169899586e-05
8.769173073317082512e-01 6.084137255072283133e-05
8.771548221763860731e-01 4.472668384204842268e-05
8.773923370210636730e-01 3.181683829222556786e-05
8.776298518657414949e-01 3.711945279328519458e-05
8.778673667104193168e-01 5.341474978324724237e-05
8.781048815550971387e-01 6.686893603116784231e-05
8.783423963997749606e-01 7.194417545846976223e-05
8.785799112444527825e-01 6.714905613359897990e-05
8.788174260891306044e-01 5.393067474971408346e-05
8.790549409338082043e-01 3.767914741908119061e-05
8.792924557784860262e-01 3.180604770345198102e-05
8.795299706231638481e-01 4.410863943856156076e-05
8.797674854678416700e-01 6.005903029694555751e-05
8.800050003125194920e-01 7.006646222677241772e-05
8.802425151571973139e-01 7.073259550358158604e-05
8.804800300018751358e-01 6.188615901570462612e-05
8.807175448465529577e-01 4.644747906393944885e-05
8.809550596912305576e-01 3.280678914609492369e-05
8.811925745359083795e-01 3.589347959055852016e-05
8.814300893805862014e-01 5.147729055335582501e-05
8.816676042252640233e-01 6.533281273321220903e-05
8.819051190699418452e-01 7.131946835923796176e-05
8.821426339146196671e-01 6.761722060935334915e-05
8.823801487592974890e-01 5.534950303518686409e-05
8.826176636039750889e-01 3.932315848343258410e-05
8.828551784486529108e-01 3.175380938332944140e-05
8.830926932933307327e-01 4.237888131478051277e-05
8.833302081380085546e-01 5.822658966228643434e-05
8.835677229826863766e-01 6.890665003502203275e-05
8.838052378273641985e-01 7.059459437990339118e-05
8.840427526720420204e-01 6.281332539159236990e-05
8.842802675167198423e-01 4.809824709969935062e-05
8.845177823613974422e-01 3.394216453737171156e-05
8.847552972060752641e-01 3.486924601345353338e-05
8.849928120507530860e-01 4.957970283200079700e-05
8.852303268954309079e-01 6.374990589196730443e-05
8.854678417401087298e-01 7.059881521756957410e-05
8.857053565847865517e-01 6.796745823201482762e-05
8.859428714294643736e-01 5.666305134771637840e-05
8.861803862741419735e-01 4.096519859479461279e-05
8.864179011188197954e-01 3.194137652037923786e-05
8.866554159634976173e-01 4.076745328423077931e-05
8.868929308081754392e-01 5.638861550327432093e-05
8.871304456528532612e-01 6.767476775280778349e-05
8.873679604975310831e-01 7.034789555604830107e-05
8.876054753422089050e-01 6.362362060326826258e-05
8.878429901868867269e-01 4.967239594795062299e-05
8.880805050315643268e-01 3.519061065908009252e-05
8.883180198762421487e-01 3.405882946181760189e-05
8.885555347209199706e-01 4.773399962108722499e-05
8.887930495655977925e-01 6.212724494210584709e-05
8.890305644102756144e-01 6.978677394129546299e-05
8.892680792549534363e-01 6.820209089006374031e-05
8.895055940996312582e-01 5.786997190268611599e-05
8.897431089443088581e-01 4.258878040249092700e-05
8.899806237889866800e-01 3.234973085515698428e-05
8.902181386336645019e-01 3.929018534033736825e-05
8.904556534783423238e-01 5.455430402899711387e-05
8.906931683230201457e-01 6.637662562764456899e-05
8.909306831676979677e-01 6.999609277181362667e-05
8.911681980123757896e-01 6.431807408165257233e-05
8.914057128570536115e-01 5.116452655280383433e-05
8.916432277017312114e-01 3.652262461200073932e-05
8.918807425464090333e-01 3.347008083129405381e-05
8.921182573910868552e-01 4.595282943923860203e-05
8.923557722357646771e-01 6.047219018841013221e-05
8.925932870804424990e-01 6.888813511229442167e-05
8.928308019251203209e-01 6.832367345284409894e-05
8.930683167697981428e-01 5.896936836236501542e-05
8.933058316144759647e-01 4.418018523621125798e-05
8.935433464591535646e-01 3.295516931453554873e-05
8.937808613038313865e-01 3.796260591696386038e-05
8.940183761485092084e-01 5.273333885622000488e-05
8.942558909931870303e-01 6.501829237462504615e-05
8.944934058378648523e-01 6.954300204153869927e-05
8.947309206825426742e-01 6.489798505560063178e-05
8.949684355272204961e-01 5.257023706446918343e-05
8.952059503718980960e-01 3.791199270201914859e-05
8.954434652165759179e-01 3.310568946250355070e-05
8.956809800612537398e-01 4.424941743827630401e-05
8.959184949059315617e-01 5.879244193500921309e-05
8.961560097506093836e-01 6.790791542848101012e-05
8.963935245952872055e-01 6.833498730919591966e-05
8.966310394399650274e-01 5.996075476464521472e-05
8.968685542846428493e-01 4.572799733878942646e-05
8.971060691293204492e-01 3.373117382708928479e-05
8.973435839739982711e-01 3.679932134111016552e-05
8.975810988186760930e-01 5.093590569869139127e-05
8.978186136633539149e-01 6.360609501780745188e-05
8.980561285080317369e-01 6.899265474984035685e-05
8.982936433527095588e-01 6.536491274049199905e-05
8.985311581973873807e-01 5.388597078504920055e-05
8.987686730420649805e-01 3.933583877250569730e-05
8.990061878867428025e-01 3.296264689902264470e-05
8.992437027314206244e-01 4.263745297228520162e-05
8.994812175760984463e-01 5.709605246596358407e-05
8.997187324207762682e-01 6.685135291470406657e-05
8.999562472654540901e-01 6.823903410858244919e-05
9.001937621101319120e-01 6.084402212305328983e-05
9.004312769548097339e-01 4.722271527987971512e-05
9.006687917994873338e-01 3.465018742718963554e-05
9.009063066441651557e-01 3.581325909477694168e-05
9.011438214888429776e-01 4.917269961008322715e-05
9.013813363335207995e-01 6.214662141800991551e-05
9.016188511781986215e-01 6.834929163925399843e-05
9.018563660228764434e-01 6.572066722914341071e-05
9.020938808675542653e-01 5.510889716101462270e-05
9.023313957122318651e-01 4.077443977101433603e-05
9.025689105569096871e-01 3.303224607255650120e-05
9.028064254015875090e-01 4.113090488142581252e-05
9.030439402462653309e-01 5.539143995854869007e-05
9.032814550909431528e-01 6.572390379535841235e-05
9.035189699356209747e-01 6.803902970364467183e-05
9.037564847802987966e-01 6.161941081937544684e-05
9.039939996249766185e-01 4.865643393843204504e-05
9.042315144696542184e-01 3.568506575329799009e-05
9.044690293143320403e-01 3.501482750254275307e-05
9.047065441590098622e-01 4.745491858450041260e-05
9.049440590036876841e-01 6.064672527326364198e-05
9.051815738483655061e-01 6.761735752025964017e-05
9.054190886930433280e-01 6.596730085468269266e-05
9.056566035377211499e-01 5.623681775199434270e-05
9.058941183823987497e-01 4.221092547469232836e-05
9.061316332270765717e-01 3.330063793465893815e-05
9.063691480717543936e-01 3.974374608547003181e-05
9.066066629164322155e-01 5.368740297103604569e-05
9.068441777611100374e-01 6.453124108016429104e-05
9.070816926057878593e-01 6.773839833713434910e-05
9.073192074504656812e-01 6.228748741152209472e-05
9.075567222951435031e-01 5.002258710873324900e-05
9.077942371398211030e-01 3.681010948924557958e-05
9.080317519844989249e-01 3.441108492401345921e-05
9.082692668291767468e-01 4.579423529273536430e-05
9.085067816738545687e-01 5.911353346370460169e-05
9.087442965185323906e-01 6.680149693537601344e-05
9.089818113632102126e-01 6.610710009562244661e-05
9.092193262078880345e-01 5.726809132010534173e-05
9.094568410525656343e-01 4.363093903033641316e-05
9.096943558972434563e-01 3.374984094116443298e-05
9.099318707419212782e-01 3.848957337729523186e-05
9.101693855865991001e-01 5.199313352824294849e-05
9.104069004312769220e-01 6.327925481807626868e-05
9.106444152759547439e-01 6.734076708588427598e-05
9.108819301206325658e-01 6.284912480150304257e-05
9.111194449653103877e-01 5.131574012033403726e-05
9.113569598099879876e-01 3.800169192444766012e-05
9.115944746546658095e-01 3.400504174505910747e-05
9.118319894993436314e-01 4.420273668980762125e-05
9.120695043440214533e-01 5.755445529186537781e-05
9.123070191886992752e-01 6.590655066684257134e-05
9.125445340333770972e-01 6.614257783345869847e-05
9.127820488780549191e-01 5.820157344184615959e-05
9.130195637227325189e-01 4.502230276754759541e-05
9.132570785674103409e-01 3.435900940159093648e-05
9.134945934120881628e-01 3.738111879578295062e-05
9.137321082567659847e-01 5.031822614901822850e-05
9.139696231014438066e-01 6.197405405013926925e-05
9.142071379461216285e-01 6.684996074440019702e-05
9.144446527907994504e-01 6.330548509494896925e-05
9.146821676354772723e-01 5.253142310639511678e-05
9.149196824801548722e-01 3.923855661271795234e-05
9.151571973248326941e-01 3.379522333784518374e-05
9.153947121695105160e-01 4.269281924350881713e-05
9.156322270141883379e-01 5.597719324584643150e-05
9.158697418588661598e-01 6.493755324647569604e-05
9.161072567035439818e-01 6.607646601415841016e-05
9.163447715482218037e-01 5.903656735232500063e-05
9.165822863928994035e-01 4.637471209303494917e-05
9.168198012375772255e-01 3.510574410761995953e-05
9.170573160822550474e-01 3.642966656052634477e-05
9.172948309269328693e-01 4.867267892182992623e-05
9.175323457716106912e-01 6.062197040139019215e-05
9.177698606162885131e-01 6.626999701721848497e-05
9.180073754609663350e-01 6.365800446794925077e-05
9.182448903056441569e-01 5.366599663352196876e-05
9.184824051503217568e-01 4.050187840406497771e-05
9.187199199949995787e-01 3.377558998603812042e-05
9.189574348396774006e-01 4.127702660603892355e-05
9.191949496843552225e-01 5.438975434215553677e-05
9.194324645290330444e-01 6.389973143372859989e-05
9.196699793737108664e-01 6.591170860985677267e-05
9.199074942183886883e-01 5.977278343327438622e-05
9.201450090630662881e-01 4.767946659634352116e-05
9.203825239077441100e-01 3.596726762815627952e-05
9.206200387524219320e-01 3.564441351706834480e-05
9.208575535970997539e-01 4.706688164321969276e-05
9.210950684417775758e-01 5.922956324233200455e-05
9.213325832864553977e-01 6.560508223958778603e-05
9.215700981311332196e-01 6.390837973037955834e-05
9.218076129758110415e-01 5.471654309566453936e-05
9.220451278204886414e-01 4.177517348846699279e-05
9.222826426651664633e-01 3.393584516429964249e-05
9.225201575098442852e-01 3.996781724649125676e-05
9.227576723545221071e-01 5.280046100271054986e-05
9.229951871991999290e-01 6.279850379365785058e-05
9.232327020438777510e-01 6.565145500158809538e-05
9.234702168885555729e-01 6.041030546323681005e-05
9.237077317332331727e-01 4.892923987778424706e-05
9.239452465779109946e-01 3.692135863956319119e-05
9.241827614225888166e-01 3.503183679155144630e-05
9.244202762672666385e-01 4.551158456640817660e-05
9.246577911119444604e-01 5.780362624696546732e-05
9.248953059566222823e-01 6.485960764654053053e-05
9.251328208013001042e-01 6.405855616171615696e-05
9.253703356459779261e-01 5.568077847074350413e-05
9.256078504906555260e-01 4.304412538693907543e-05
9.258453653353333479e-01 3.426208591504988684e-05
9.260828801800111698e-01 3.877725323064353126e-05
9.263203950246889917e-01 5.121795974187495651e-05
9.265579098693668136e-01 6.163948136335603274e-05
9.267954247140446356e-01 6.529905366000417384e-05
9.270329395587224575e-01 6.094956210301025786e-05
9.272704544034000573e-01 5.011788554689352649e-05
9.275079692480778792e-01 3.794701192371037897e-05
9.277454840927557012e-01 3.459515202070956162e-05
9.279829989374335231e-01 4.401783975529337419e-05
9.282205137821113450e-01 5.635119506653688063e-05
9.284580286267891669e-01 6.403814618747244545e-05
9.286955434714669888e-01 6.411071645818880481e-05
9.289330583161448107e-01 5.655698014349446861e-05
9.291705731608224106e-01 4.429637369109757429e-05
9.294080880055002325e-01 3.473768533114022941e-05
9.296456028501780544e-01 3.771660914352857618e-05
9.298831176948558763e-01 4.965122537077066640e-05
9.301206325395336982e-01 6.042846942957713776e-05
9.303581473842115201e-01 6.485804625660883524e-05
9.305956622288893421e-01 6.139130257450709806e-05
9.308331770735669419e-01 5.124027527821262980e-05
9.310706919182447638e-01 3.902484380219459794e-05
9.313082067629225858e-01 3.433394996680331189e-05
9.315457216076004077e-01 4.259690607761150980e-05
9.317832364522782296e-01 5.487955569523725606e-05
9.320207512969560515e-01 6.314545006802586347e-05
9.322582661416338734e-01 6.406727059455368987e-05
9.324957809863116953e-01 5.734392749393143942e-05
9.327332958309892952e-01 4.552129537461242369e-05
9.329708106756671171e-01 3.534426785358397066e-05
9.332083255203449390e-01 3.679591260161220895e-05
9.334458403650227609e-01 4.810955755803074700e-05
9.336833552097005828e-01 5.917147042757542043e-05
9.339208700543784047e-01 6.433216217522459094e-05
9.341583848990562267e-01 6.173657559480176798e-05
9.343958997437338265e-01 5.229216423440557565e-05
9.346334145884116484e-01 4.013729078884817927e-05
9.348709294330894704e-01 3.424408153252244568e-05
9.351084442777672923e-01 4.126010809556825083e-05
9.353459591224451142e-01 5.339625276323972273e-05
9.355834739671229361e-01 6.218644895748368822e-05
9.358209888118007580e-01 6.393084643757100032e-05
9.360585036564785799e-01 5.804085251502655622e-05
9.362960185011561798e-01 4.670979588716989915e-05
9.365335333458340017e-01 3.606264708554308165e-05
9.367710481905118236e-01 3.602344395688233508e-05
9.370085630351896455e-01 4.660256575603763862e-05
9.372460778798674674e-01 5.787468788980204749e-05
9.374835927245452893e-01 6.372531348324598458e-05
9.377211075692231113e-01 6.198671097998537452e-05
9.379586224139007111e-01 5.327007941261230610e-05
9.381961372585785330e-01 4.126865720106359458e-05
9.384336521032563549e-01 3.431782282244849917e-05
9.386711669479341769e-01 4.001864027792163315e-05
9.389086817926119988e-01 5.190909683495785205e-05
9.391461966372898207e-01 6.116624902523980440e-05
9.393837114819676426e-01 6.370428103922628614e-05
9.396212263266454645e-01 5.864739847401936109e-05
9.398587411713230644e-01 4.785411873817907186e-05
9.400962560160008863e-01 3.687363197374090765e-05
9.403337708606787082e-01 3.540524024576922581e-05
9.405712857053565301e-01 4.514013728483414042e-05
9.408088005500343520e-01 5.654453127648458331e-05
9.410463153947121739e-01 6.304159037260694302e-05
9.412838302393899959e-01 6.214330335812178960e-05
9.415213450840675957e-01 5.417122697653491852e-05
9.417588599287454176e-01 4.240506265364745917e-05
9.419963747734232395e-01 3.454430221761735961e-05
9.422338896181010615e-01 3.888331073704986095e-05
9.424714044627788834e-01 5.042616927271525794e-05
9.427089193074567053e-01 6.009013275518729799e-05
9.429464341521345272e-01 6.339061258995823975e-05
9.431839489968123491e-01 5.916358493963737216e-05
9.434214638414899490e-01 4.894767701362237963e-05
9.436589786861677709e-01 3.775865289403583909e-05
9.438964935308455928e-01 3.494466186524863236e-05
9.441340083755234147e-01 4.373238248939014363e-05
9.443715232202012366e-01 5.518762142619166531e-05
9.446090380648790585e-01 6.228525715889779099e-05
9.448465529095568805e-01 6.220819759165020660e-05
9.450840677542344803e-01 5.499341503925483601e-05
9.453215825989123022e-01 4.353433020460575811e-05
9.455590974435901241e-01 3.491012585837983257e-05
9.457966122882679461e-01 3.786422456423847672e-05
9.460341271329457680e-01 4.895582268562503555e-05
9.462716419776235899e-01 5.896355959977133825e-05
9.465091568223014118e-01 6.299307291388063338e-05
9.467466716669792337e-01 5.958977793478837986e-05
9.469841865116568336e-01 4.998490698157763201e-05
9.472217013563346555e-01 3.870019946820022952e-05
9.474592162010124774e-01 3.464208461165988026e-05
9.476967310456902993e-01 4.238955016304020993e-05
9.479342458903681212e-01 5.381079629258004601e-05
9.481717607350459431e-01 6.146074884638785092e-05
9.484092755797237650e-01 6.218347567596916507e-05
9.486467904244013649e-01 5.573498917600310323e-05
9.488843052690791868e-01 4.464584489176336033e-05
9.491218201137570087e-01 3.540011090654362623e-05
9.493593349584348307e-01 3.697041564011490267e-05
9.495968498031126526e-01 4.750667447901260788e-05
9.498343646477904745e-01 5.779216746772770572e-05
9.500718794924682964e-01 6.251508053618865988e-05
9.503093943371461183e-01 5.992666416719860992e-05
9.505469091818237182e-01 5.096114241824441579e-05
9.507844240265015401e-01 3.968208925975703997e-05
9.510219388711793620e-01 3.449476984089484746e-05
9.512594537158571839e-01 4.112190604524019219e-05
9.514969685605350058e-01 5.242111631329081822e-05
9.517344834052128277e-01 6.057266832360241475e-05
9.519719982498906496e-01 6.207144481881345208e-05
9.522095130945682495e-01 5.639477821522886013e-05
9.524470279392460714e-01 4.573040251256347248e-05
9.526845427839238933e-01 3.599803208892301377e-05
9.529220576286017153e-01 3.620944734312971422e-05
9.531595724732795372e-01 4.608759016028564549e-05
9.533970873179573591e-01 5.658177488970985168e-05
9.536346021626351810e-01 6.196023428893219110e-05
9.538721170073130029e-01 6.017522861692011231e-05
9.541096318519906028e-01 5.187250748237465280e-05
9.543471466966684247e-01 4.068960010174458544e-05
9.545846615413462466e-01 3.449694169894248114e-05
9.548221763860240685e-01 3.993956818045431691e-05
9.550596912307018904e-01 5.102586851403185901e-05
9.552972060753797123e-01 5.962578417161925346e-05
9.555347209200575342e-01 6.187462650434010327e-05
9.557722357647351341e-01 5.697204833996042132e-05
9.560097506094129560e-01 4.678006095752879518e-05
9.562472654540907779e-01 3.668730368778982324e-05
9.564847802987685998e-01 3.558701446353035910e-05
9.567222951434464218e-01 4.470765243891501855e-05
9.569598099881242437e-01 5.533838384646365855e-05
9.571973248328020656e-01 6.133230745720486595e-05
9.574348396774798875e-01 6.033673478690096111e-05
9.576723545221574874e-01 5.271582567813721631e-05
9.579098693668353093e-01 4.170950182792832964e-05
9.581473842115131312e-01 3.464006782016859631e-05
9.583848990561909531e-01 3.885229526275174155e-05
9.586224139008687750e-01 4.963256827892827030e-05
9.588599287455465969e-01 5.862502917886616661e-05
9.590974435902244188e-01 6.159574650975284003e-05
9.593349584349020187e-01 5.746646407221781661e-05
9.595724732795798406e-01 4.778800120602205508e-05
9.598099881242576625e-01 3.745154717960190563e-05
9.600475029689354844e-01 3.510658863075417772e-05
9.602850178136133064e-01 4.337611131339922559e-05
9.605225326582911283e-01 5.406818296990026270e-05
9.607600475029689502e-01 6.063524252458981847e-05
9.609975623476467721e-01 6.041270720000205404e-05
9.612350771923243720e-01 5.348854259758145576e-05
9.614725920370021939e-01 4.273001984978490087e-05
9.617101068816800158e-01 3.491330706902987408e-05
9.619476217263578377e-01 3.786922825879658844e-05
9.621851365710356596e-01 4.824895706006028132e-05
9.624226514157134815e-01 5.757549949328046718e-05
9.626601662603913034e-01 6.123772565065318304e-05
9.628976811050689033e-01 5.787805471138326166e-05
9.631351959497467252e-01 4.874840114883744981e-05
9.633727107944245471e-01 3.827502325443527854e-05
9.636102256391023690e-01 3.476915313536574868e-05
9.638477404837801910e-01 4.210230994314814376e-05
9.640852553284580129e-01 5.277755071753394671e-05
9.643227701731358348e-01 5.987314642323885035e-05
9.645602850178136567e-01 6.040491570331144201e-05
9.647977998624912566e-01 5.418866026659987525e-05
9.650353147071690785e-01 4.374075673383570070e-05
9.652728295518469004e-01 3.530406484887514348e-05
9.655103443965247223e-01 3.699859209076598377e-05
9.657478592412025442e-01 4.688299405943242094e-05
9.659853740858803661e-01 5.648245443423802106e-05
9.662228889305581880e-01 6.080367128334154950e-05
9.664604037752357879e-01 5.820718535280374368e-05
9.666979186199136098e-01 4.965632348394853103e-05
9.669354334645914317e-01 3.914293044432189621e-05
9.671729483092692536e-01 3.457306781314631588e-05
9.674104631539470756e-01 4.089558094645996553e-05
9.676479779986248975e-01 5.147305812986735437e-05
9.678854928433027194e-01 5.905028641515777069e-05
9.681230076879805413e-01 6.031536129628932826e-05
9.683605225326581412e-01 5.481468119600044604e-05
9.685980373773359631e-01 4.473259135511453938e-05
9.688355522220137850e-01 3.579858767512968841e-05
9.690730670666916069e-01 3.624737231614925861e-05
9.693105819113694288e-01 4.554283918709349163e-05
9.695480967560472507e-01 5.535131684124692977e-05
9.697856116007250726e-01 6.029686941981277516e-05
9.700231264454026725e-01 5.845453154765831925e-05
9.702606412900804944e-01 5.050761732372979610e-05
9.704981561347583163e-01 4.004158677589746151e-05
9.707356709794361382e-01 3.451408983346061852e-05
9.709731858241139602e-01 3.976510856990377556e-05
9.712107006687917821e-01 5.016147031497454319e-05
9.714482155134696040e-01 5.817108652357472518e-05
9.716857303581474259e-01 6.014626324677878273e-05
9.719232452028250258e-01 5.536556050834831529e-05
9.721607600475028477e-01 4.569756906324011297e-05
9.723982748921806696e-01 3.638253489528659048e-05
9.726357897368584915e-01 3.562099047073371806e-05
9.728733045815363134e-01 4.423682418889616911e-05
9.731108194262141353e-01 5.418767388141660556e-05
9.733483342708919572e-01 5.972077750934922540e-05
9.735858491155695571e-01 5.862105703835633109e-05
9.738233639602473790e-01 5.129883256372062481e-05
9.740608788049252009e-01 4.095851799448705575e-05
9.742983936496030228e-01 3.458555408207208905e-05
9.745359084942808447e-01 3.871975384536532872e-05
9.747734233389586667e-01 4.884974578494910899e-05
9.750109381836364886e-01 5.724012459437101511e-05
9.752484530283143105e-01 5.990004733397200716e-05
9.754859678729919104e-01 5.584066480062634688e-05
9.757234827176697323e-01 4.662879178958803189e-05
9.759609975623475542e-01 3.704148156876382235e-05
9.761985124070253761e-01 3.512300897506753805e-05
9.764360272517031980e-01 4.297340821869905463e-05
9.766735420963810199e-01 5.299727809641099913e-05
9.769110569410588418e-01 5.907901779997559938e-05
9.771485717857364417e-01 5.870799396678393290e-05
9.773860866304142636e-01 5.202714572491073719e-05
9.776236014750920855e-01 4.188247648348230522e-05
9.778611163197699074e-01 3.477869347788597397e-05
9.780986311644477293e-01 3.776784303042715016e-05
9.783361460091255513e-01 4.754503228625580149e-05
9.785736608538033732e-01 5.626212988007048201e-05
9.788111756984811951e-01 5.957933498441971969e-05
9.790486905431587950e-01 5.623973652666116105e-05
9.792862053878366169e-01 4.752031323181252984e-05
9.795237202325144388e-01 3.776132636655576941e-05
9.797612350771922607e-01 3.475490004858683467e-05
9.799987499218700826e-01 4.176111384115205636e-05
9.802362647665479045e-01 5.178604834917418062e-05
9.804737796112257264e-01 5.837537128095171877e-05
9.807112944559033263e-01 5.871682518423346924e-05
9.809488093005811482e-01 5.269029580287750493e-05
9.811863241452589701e-01 4.280341248046005617e-05
9.814238389899367920e-01 3.508306020544475155e-05
9.816613538346146139e-01 3.691692432789257745e-05
9.818988686792924359e-01 4.625465746288521504e-05
9.821363835239702578e-01 5.524198117477203360e-05
9.823738983686480797e-01 5.918693331621790185e-05
9.826114132133256795e-01 5.656286301267907248e-05
9.828489280580035015e-01 4.836704209531326445e-05
9.830864429026813234e-01 3.852859673369717227e-05
9.833239577473591453e-01 3.451591044142804919e-05
9.835614725920369672e-01 4.060843948502869985e-05
9.837989874367147891e-01 5.056007033363485507e-05
9.840365022813926110e-01 5.761377220660736571e-05
9.842740171260702109e-01 5.864926830217878049e-05
9.845115319707480328e-01 5.328652883397073909e-05
9.847490468154258547e-01 4.371241527369096791e-05
9.849865616601036766e-01 3.548699899865852833e-05
9.852240765047814985e-01 3.617350382721834284e-05
9.854615913494593205e-01 4.498611237359407183e-05
9.856991061941371424e-01 5.418470544022364638e-05
9.859366210388149643e-01 5.872582588315693848e-05
9.861741358834925641e-01 5.681044926535003318e-05
9.864116507281703861e-01 4.916465446106573682e-05
9.866491655728482080e-01 3.933065703036241277e-05
9.868866804175260299e-01 3.440304450116028691e-05
9.871241952622038518e-01 3.952374470498724597e-05
9.873617101068816737e-01 4.932559591914097098e-05
9.875992249515594956e-01 5.679830315062504620e-05
9.878367397962370955e-01 5.850726116652121036e-05
9.880742546409149174e-01 5.381454983911303864e-05
9.883117694855927393e-01 4.460163751917269504e-05
9.885492843302705612e-01 3.597812352845416225e-05
9.887867991749483831e-01 3.554277784349266635e-05
9.890243140196262051e-01 4.374702524391221208e-05
9.892618288643040270e-01 5.309547672420286435e-05
9.894993437089818489e-01 5.819916415201080098e-05
9.897368585536594487e-01 5.698319397507496838e-05
9.899743733983372707e-01 4.990951561935521560e-05
9.902118882430150926e-01 4.015583347607516913e-05
9.904494030876929145e-01 3.441117342981513897e-05
9.906869179323707364e-01 3.851510629797971579e-05
9.909244327770485583e-01 4.808904067026155128e-05
9.911619476217263802e-01 5.593319063110846137e-05
9.913994624664039801e-01 5.829294863678370658e-05
9.916369773110818020e-01 5.427348104981579932e-05
9.918744921557596239e-01 4.546421216985802109e-05
9.921120070004374458e-01 3.654375580456663627e-05
9.923495218451152677e-01 3.502838460807462020e-05
9.925870366897930896e-01 4.254512273314122291e-05
9.928245515344709116e-01 5.197961527648142755e-05
9.930620663791487335e-01 5.761025957308205575e-05
9.932995812238263333e-01 5.708206814179784123e-05
9.935370960685041553e-01 5.059861084856150397e-05
9.937746109131819772e-01 4.099347295623846215e-05
9.940121257578597991e-01 3.453326114912517515e-05
9.942496406025376210e-01 3.759014521021350713e-05
9.944871554472154429e-01 4.685697842725276504e-05
9.947246702918932648e-01 5.502280122645994426e-05
9.949621851365710867e-01 5.800867037860443239e-05
9.951996999812486866e-01 5.466282547593058396e-05
9.954372148259265085e-01 4.629416836552091428e-05
9.956747296706043304e-01 3.717130161263562421e-05
9.959122445152821523e-01 3.463220133364196783e-05
9.961497593599599742e-01 4.138817553563691316e-05
9.963872742046377962e-01 5.084258657851205965e-05
9.966247890493156181e-01 5.696257627990708921e-05
9.968623038939932179e-01 5.710829590162730022e-05
9.970998187386710399e-01 5.122948446484076922e-05
9.973373335833488618e-01 4.183395270588005145e-05
9.975748484280266837e-01 3.476068212233174900e-05
9.978123632727045056e-01 3.675582783133344081e-05
9.980498781173823275e-01 4.563613165110583057e-05
9.982873929620601494e-01 5.407163815127340612e-05
9.985249078067379713e-01 5.765694962123938218e-05
9.987624226514155712e-01 5.498243493433437355e-05
9.989999374960933931e-01 4.708635016313070574e-05
9.992374523407712150e-01 3.784854885118934457e-05
9.994749671854490369e-01 3.435421177993014396e-05
9.997124820301268588e-01 4.028392532919408036e-05
9.999499968748046808e-01 4.968999994691712310e-05
1.000187511719482503e+00 5.625972433533747583e-05
1.000425026564160103e+00 5.706333723292748161e-05
1.000662541408837924e+00 5.180018634121315616e-05
1.000900056253515746e+00 4.266865583382606087e-05
1.001137571098193568e+00 3.508359629738733827e-05
1.001375085942871390e+00 3.601824953094140771e-05
1.001612600787549212e+00 4.443335596060756063e-05
1.001850115632227034e+00 5.308433825524019872e-05
1.002087630476904856e+00 5.724048272023748117e-05
1.002325145321582456e+00 5.523248180022096484e-05
1.002562660166260278e+00 4.783634043788126216e-05
1.002800175010938100e+00 3.856388731102243750e-05
1.003037689855615922e+00 3.419246385300060654e-05
1.003275204700293743e+00 3.923999025261835032e-05
1.003512719544971565e+00 4.852760620068082372e-05
1.003750234389649387e+00 5.550545351982562119e-05
1.003987749234326987e+00 5.694887216943334511e-05
1.004225264079004809e+00 5.230922488621865264e-05
1.004462778923682631e+00 4.348992490133020281e-05
1.004700293768360453e+00 3.549134347209277076e-05
1.004937808613038275e+00 3.538241286339535518e-05
1.005175323457716097e+00 4.325561689999947272e-05
1.005412838302393919e+00 5.206566925827667009e-05
1.005650353147071741e+00 5.676212943978148069e-05
1.005887867991749340e+00 5.541343397189075771e-05
1.006125382836427162e+00 4.854039101411966893e-05
1.006362897681104984e+00 3.930645659813541260e-05
1.006600412525782806e+00 3.414312686186916934e-05
1.006837927370460628e+00 3.826374732381767978e-05
1.007075442215138450e+00 4.736129381077937897e-05
1.007312957059816272e+00 5.470364761177006564e-05
1.007550471904493872e+00 5.676678642865587150e-05
1.007787986749171694e+00 5.275552576618308497e-05
1.008025501593849516e+00 4.429100289725751389e-05
1.008263016438527337e+00 3.597282315944251921e-05
1.008500531283205159e+00 3.485201753815107774e-05
1.008738046127882981e+00 4.210995680927200296e-05
1.008975560972560803e+00 5.102052722553574034e-05
1.009213075817238625e+00 5.622490392565211871e-05
1.009450590661916225e+00 5.552603245386029479e-05
1.009688105506594047e+00 4.919535945305109065e-05
1.009925620351271869e+00 4.006623332548128990e-05
1.010163135195949691e+00 3.420064560357117753e-05
1.010400650040627513e+00 3.736219153832821333e-05
1.010638164885305335e+00 4.619708270823396382e-05
1.010875679729983156e+00 5.385831915143666788e-05
1.011113194574660756e+00 5.651915806803040423e-05
1.011350709419338578e+00 5.313839547841759070e-05
1.011588224264016400e+00 4.506596821775977454e-05
1.011825739108694222e+00 3.651683414080304112e-05
1.012063253953372044e+00 3.442928166293110243e-05
1.012300768798049866e+00 4.100344937812552484e-05
1.012538283642727688e+00 4.995393388325788318e-05
1.012775798487405510e+00 5.563196623006060520e-05
1.013013313332083110e+00 5.557127115978759694e-05
1.013250828176760931e+00 4.979865226083896138e-05
1.013488343021438753e+00 4.083407032531156234e-05
1.013725857866116575e+00 3.435797646075662923e-05
1.013963372710794397e+00 3.654177422386928862e-05
1.014200887555472219e+00 4.504111475831132458e-05
1.014438402400150041e+00 5.297360460561693066e-05
1.014675917244827641e+00 5.620824521697767221e-05
1.014913432089505463e+00 5.345748914799663666e-05
1.015150946934183285e+00 4.580966838681450415e-05
1.015388461778861107e+00 3.711235821563305923e-05
1.015625976623538929e+00 3.411481435046247624e-05
1.015863491468216750e+00 3.994313956906954513e-05
1.016101006312894572e+00 4.887103367860004294e-05
1.016338521157572394e+00 5.498661443796957771e-05
1.016576036002249994e+00 5.555037865752584153e-05
1.016813550846927816e+00 5.034817424207927437e-05
1.017051065691605638e+00 4.160170009375793986e-05
1.017288580536283460e+00 3.460688128183501776e-05
1.017526095380961282e+00 3.580822583514270077e-05
1.017763610225639104e+00 4.389963960616219039e-05
1.018001125070316926e+00 5.205375988493690669e-05
1.018238639914994526e+00 5.583647456780388294e-05
1.018476154759672347e+00 5.371278184198729377e-05
1.018713669604350169e+00 4.651765538702774480e-05
1.018951184449027991e+00 3.774878191745163595e-05
1.019188699293705813e+00 3.390755623956300137e-05
1.019426214138383635e+00 3.893596680839770259e-05
1.019663728983061457e+00 4.777709007771058339e-05
1.019901243827739279e+00 5.429227728237232328e-05
1.020138758672416879e+00 5.546480146146163945e-05
1.020376273517094701e+00 5.084228337738549357e-05
1.020613788361772523e+00 4.236171321602558225e-05
1.020851303206450345e+00 3.493825067366039414e-05
1.021088818051128166e+00 3.516637241531088534e-05
1.021326332895805988e+00 4.277899458747035468e-05
1.021563847740483810e+00 5.110315615607272745e-05
1.021801362585161410e+00 5.540643071777711612e-05
1.022038877429839232e+00 5.390454303498228754e-05
1.022276392274517054e+00 4.718612445953765193e-05
1.022513907119194876e+00 3.841605776622709716e-05
1.022751421963872698e+00 3.380479829587547267e-05
1.022988936808550520e+00 3.798866999714214026e-05
1.023226451653228342e+00 4.667748074356009379e-05
1.023463966497906164e+00 5.355250723371698842e-05
1.023701481342583763e+00 5.531618869730934137e-05
1.023938996187261585e+00 5.127975067618894265e-05
1.024176511031939407e+00 4.310752046367225405e-05
1.024414025876617229e+00 3.534242863232902010e-05
1.024651540721295051e+00 3.461995795747121671e-05
1.024889055565972873e+00 4.168557689846339918e-05
1.025126570410650695e+00 5.012627579779915018e-05
1.025364085255328295e+00 5.492084609778890707e-05
1.025601600100006117e+00 5.403331352481897688e-05
1.025839114944683939e+00 4.781185730471690213e-05
1.026076629789361760e+00 3.910481133534325979e-05
1.026314144634039582e+00 3.380228024607828240e-05
1.026551659478717404e+00 3.710767409631987661e-05
1.026789174323395226e+00 4.557769085285900420e-05
1.027026689168073048e+00 5.277097401489338265e-05
1.027264204012750648e+00 5.510637792494575693e-05
1.027501718857428470e+00 5.165972440651687650e-05
1.027739233702106292e+00 4.383330526884232105e-05
1.027976748546784114e+00 3.580951518287298790e-05
1.028214263391461936e+00 3.417148745794220413e-05
1.028451778236139758e+00 4.062580634820428364e-05
1.028689293080817579e+00 4.912770830714252465e-05
1.028926807925495179e+00 5.438259151045826510e-05
1.029164322770173001e+00 5.409988466934866709e-05
1.029401837614850823e+00 4.839216997949175877e-05
1.029639352459528645e+00 3.980640301815457959e-05
1.029876867304206467e+00 3.389436076983882578e-05
1.030114382148884289e+00 3.629895971938654621e-05
1.030351896993562111e+00 4.448330395112822411e-05
1.030589411838239933e+00 5.195145853156358032e-05
1.030826926682917533e+00 5.483738198890310462e-05
1.031064441527595354e+00 5.198169820459680896e-05
1.031301956372273176e+00 4.453397148668411645e-05
1.031539471216950998e+00 3.632963080119371355e-05
1.031776986061628820e+00 3.382210645639024824e-05
1.032014500906306642e+00 3.960607689199815323e-05
1.032252015750984464e+00 4.811214604657311272e-05
1.032489530595662064e+00 5.379466725643523172e-05
1.032727045440339886e+00 5.410527937890070150e-05
1.032964560285017708e+00 4.892486563589478670e-05
1.033202075129695530e+00 4.051295419858168121e-05
1.033439589974373352e+00 3.407424346779284151e-05
1.033677104819051173e+00 3.556791935525361481e-05
1.033914619663728995e+00 4.339998928954248643e-05
1.034152134508406817e+00 5.109784708183830317e-05
1.034389649353084417e+00 5.451137665300462341e-05
1.034627164197762239e+00 5.224548241164023540e-05
1.034864679042440061e+00 4.520508982796513293e-05
1.035102193887117883e+00 3.689313352582369252e-05
1.035339708731795705e+00 3.357153088866599635e-05
1.035577223576473527e+00 3.863269526691760503e-05
1.035814738421151349e+00 4.708437946352220081e-05
1.036052253265828949e+00 5.316019466730632855e-05
1.036289768110506770e+00 5.405073477160404706e-05
1.036527282955184592e+00 4.940819178012127575e-05
1.036764797799862414e+00 4.121734673229702372e-05
1.037002312644540236e+00 3.433423775966440769e-05
1.037239827489218058e+00 3.491920652288921933e-05
1.037477342333895880e+00 4.233348468629065110e-05
1.037714857178573702e+00 5.021412586383566107e-05
1.037952372023251302e+00 5.413068909127467446e-05
1.038189886867929124e+00 5.245117834428976531e-05
1.038427401712606946e+00 4.584284524876510358e-05
1.038664916557284768e+00 3.749078649306413169e-05
1.038902431401962589e+00 3.341803751829237797e-05
1.039139946246640411e+00 3.771180561463190835e-05
1.039377461091318233e+00 4.604929146212196034e-05
1.039614975935995833e+00 5.248240818911392166e-05
1.039852490780673655e+00 5.393768614280024644e-05
1.040090005625351477e+00 4.984080176193636665e-05
1.040327520470029299e+00 4.191320372088430874e-05
1.040565035314707121e+00 3.466603226660539282e-05
1.040802550159384943e+00 3.435658667107702863e-05
1.041040065004062765e+00 4.128957368061524368e-05
1.041277579848740586e+00 4.930437564659309678e-05
1.041515094693418186e+00 5.369778694099192122e-05
1.041752609538096008e+00 5.259915500434935804e-05
1.041990124382773830e+00 4.644398671595119653e-05
1.042227639227451652e+00 3.811387840722176972e-05
1.042465154072129474e+00 3.335851885221511356e-05
1.042702668916807296e+00 3.684929967298170039e-05
1.042940183761485118e+00 4.501185052633637840e-05
1.043177698606162718e+00 5.176464774463619570e-05
1.043415213450840540e+00 5.376775209863897127e-05
1.043652728295518362e+00 5.022172007948913811e-05
1.043890243140196183e+00 4.259485782929629767e-05
1.044127757984874005e+00 3.506096040572508104e-05
1.044365272829551827e+00 3.388280072667440395e-05
1.044602787674229649e+00 4.027405558435520090e-05
1.044840302518907471e+00 4.837276645673553279e-05
1.045077817363585071e+00 5.321526799362281534e-05
1.045315332208262893e+00 5.269002784742868702e-05
1.045552847052940715e+00 4.700578010986104240e-05
1.045790361897618537e+00 3.875430255184034704e-05
1.046027876742296359e+00 3.338859953309379012e-05
1.046265391586974181e+00 3.605071324228364997e-05
1.046502906431652002e+00 4.397710197163063207e-05
1.046740421276329602e+00 5.101035155830860903e-05
1.046977936121007424e+00 5.354272065707420741e-05
1.047215450965685246e+00 5.055031110275440666e-05
1.047452965810363068e+00 4.325731216099680879e-05
1.047690480655040890e+00 3.551024223374089580e-05
1.047927995499718712e+00 3.349945342911425498e-05
1.048165510344396534e+00 3.929270726076753930e-05
1.048403025189074356e+00 4.742355220534188748e-05
1.048640540033751956e+00 5.268585039633616186e-05
1.048878054878429777e+00 5.272463944953485244e-05
1.049115569723107599e+00 4.752596461970600789e-05
1.049353084567785421e+00 3.940460141272739640e-05
1.049590599412463243e+00 3.350280465120007988e-05
1.049828114257141065e+00 3.532111132948591612e-05
1.050065629101818887e+00 4.295015681216263420e-05
1.050303143946496487e+00 5.022304924003760147e-05
1.050540658791174309e+00 5.326453626749432256e-05
1.050778173635852131e+00 5.082625083845768204e-05
1.051015688480529953e+00 4.389619732189799879e-05
1.051253203325207775e+00 3.600519216710719000e-05
1.051490718169885596e+00 3.320693791297187709e-05
1.051728233014563418e+00 3.835123523741415540e-05
1.051965747859241240e+00 4.646106499859828820e-05
1.052203262703918840e+00 5.211236330818487219e-05
1.052440777548596662e+00 5.270404159538347801e-05
1.052678292393274484e+00 4.800271270679048807e-05
1.052915807237952306e+00 4.005798418703525386e-05
1.053153322082630128e+00 3.369476514395739538e-05
1.053390836927307950e+00 3.466496604501212496e-05
1.053628351771985772e+00 4.193617730811920245e-05
1.053865866616663372e+00 4.940635513381429759e-05
1.054103381461341193e+00 5.293528748096568262e-05
1.054340896306019015e+00 5.104950126627825357e-05
1.054578411150696837e+00 4.450772726668387276e-05
1.054815925995374659e+00 3.653738745590213934e-05
1.055053440840052481e+00 3.300440588833009856e-05
1.055290955684730303e+00 3.745521729369928252e-05
1.055528470529408125e+00 4.548970890359558595e-05
1.055765985374085725e+00 5.149773797301621087e-05
1.056003500218763547e+00 5.262947877189947277e-05
1.056241015063441369e+00 4.843459354041278653e-05
1.056478529908119190e+00 4.070832404509444526e-05
1.056716044752797012e+00 3.395744334494447649e-05
1.056953559597474834e+00 3.408603335768844300e-05
1.057191074442152656e+00 4.094035852206575211e-05
1.057428589286830256e+00 4.856396183918878980e-05
1.057666104131508078e+00 5.255719532069070421e-05
1.057903618976185900e+00 5.122028701257713750e-05
1.058141133820863722e+00 4.508865564540598110e-05
1.058378648665541544e+00 3.709879696529488132e-05
1.058616163510219366e+00 3.288978879971375517e-05
1.058853678354897188e+00 3.661003301094971731e-05
1.059091193199575009e+00 4.451395290336891518e-05
1.059328708044252609e+00 5.084499919313435653e-05
1.059566222888930431e+00 5.250237277198550699e-05
1.059803737733608253e+00 4.882053966987986667e-05
1.060041252578286075e+00 4.135014097960092031e-05
1.060278767422963897e+00 3.428336149282167609e-05
1.060516282267641719e+00 3.358723663089828877e-05
1.060753797112319541e+00 3.996790485062801757e-05
1.060991311956997141e+00 4.769963386980413726e-05
1.061228826801674963e+00 5.213260221048005228e-05
1.061466341646352785e+00 5.133907400889133873e-05
1.061703856491030606e+00 4.563623380961334116e-05
1.061941371335708428e+00 3.768187304265534118e-05
1.062178886180386250e+00 3.285987029690948816e-05
1.062416401025064072e+00 3.582078359915063343e-05
1.062653915869741894e+00 4.353832263109229524e-05
1.062891430714419494e+00 5.015725708218377564e-05
1.063128945559097316e+00 5.232430821107105423e-05
1.063366460403775138e+00 4.915981665584530564e-05
1.063603975248452960e+00 4.197857494140475081e-05
1.063841490093130782e+00 3.466481860350990066e-05
1.064079004937808604e+00 3.317056578716471422e-05
1.064316519782486425e+00 3.902400061176662329e-05
1.064554034627164025e+00 4.681720129591992411e-05
1.064791549471841847e+00 5.166396137804294607e-05
1.065029064316519669e+00 5.140654983786236944e-05
1.065266579161197491e+00 4.614817108979544716e-05
1.065504094005875313e+00 3.827961118326466035e-05
1.065741608850553135e+00 3.291040515591387252e-05
1.065979123695230957e+00 3.509220234903874497e-05
1.066216638539908779e+00 4.256739049055330488e-05
1.066454153384586379e+00 4.943769919120441308e-05
1.066691668229264200e+00 5.209701896431114573e-05
1.066929183073942022e+00 4.945199541617281979e-05
1.067166697918619844e+00 4.258935315439175203e-05
1.067404212763297666e+00 3.509408476305651137e-05
1.067641727607975488e+00 3.283700139072178408e-05
1.067879242452653310e+00 3.811377378006348705e-05
1.068116757297330910e+00 4.592055326849076908e-05
1.068354272142008732e+00 5.115382673147677813e-05
1.068591786986686554e+00 5.142360557210369162e-05
1.068829301831364376e+00 4.662259769895688521e-05
1.069066816676042198e+00 3.888558304344585741e-05
1.069304331520720019e+00 3.303627511923723362e-05
1.069541846365397841e+00 3.442855822029266578e-05
1.069779361210075663e+00 4.160576364011236576e-05
1.070016876054753263e+00 4.868958280910629446e-05
1.070254390899431085e+00 5.182237524740653862e-05
1.070491905744108907e+00 4.969692690290143081e-05
1.070729420588786729e+00 4.317875418106532866e-05
1.070966935433464551e+00 3.556356606273050771e-05
1.071204450278142373e+00 3.258647170732720673e-05
1.071441965122820195e+00 3.724225211037023909e-05
1.071679479967497794e+00 4.501363126079659631e-05
1.071916994812175616e+00 5.060484305979214860e-05
1.072154509656853438e+00 5.139131884586414307e-05
1.072392024501531260e+00 4.705803028165329274e-05
1.072629539346209082e+00 3.949394842827173293e-05
1.072867054190886904e+00 3.323166933178775637e-05
1.073104569035564726e+00 3.383355663899496088e-05
1.073342083880242548e+00 4.065806932022826445e-05
1.073579598724920148e+00 4.791622755526316605e-05
1.073817113569597970e+00 5.150237136100280352e-05
1.074054628414275792e+00 4.989471896409733675e-05
1.074292143258953613e+00 4.374357095412408547e-05
1.074529658103631435e+00 3.606593742225750918e-05
1.074767172948309257e+00 3.241784865769402373e-05
1.075004687792987079e+00 3.641431127031135245e-05
1.075242202637664679e+00 4.410042189772160745e-05
1.075479717482342501e+00 5.001973670791245112e-05
1.075717232327020323e+00 5.131093807445110023e-05
1.075954747171698145e+00 4.745334022147012473e-05
1.076192262016375967e+00 4.009945154426603858e-05
1.076429776861053789e+00 3.349027578456006455e-05
1.076667291705731611e+00 3.331024280510510763e-05
1.076904806550409432e+00 3.972893678739170085e-05
1.077142321395087032e+00 4.712100801825660275e-05
1.077379836239764854e+00 5.113911392686350732e-05
1.077617351084442676e+00 5.004571492125785412e-05
1.077854865929120498e+00 4.428107390136428806e-05
1.078092380773798320e+00 3.659424347478845572e-05
1.078329895618476142e+00 3.232898487815085526e-05
1.078567410463153964e+00 3.563461481816505231e-05
1.078804925307831564e+00 4.318494903704901905e-05
1.079042440152509386e+00 4.940130642042449223e-05
1.079279954997187208e+00 5.118386752361411043e-05
1.079517469841865029e+00 4.780772435303286852e-05
1.079754984686542851e+00 4.069740583693634301e-05
1.079992499531220673e+00 3.380547093990183416e-05
1.080230014375898495e+00 3.286091394485589259e-05
1.080467529220576317e+00 3.882297545308221532e-05
1.080705044065253917e+00 4.630734661948764477e-05
1.080942558909931739e+00 5.073481069961730656e-05
1.081180073754609561e+00 5.015047389082363566e-05
1.081417588599287383e+00 4.478897534486947724e-05
1.081655103443965205e+00 3.714197038097615721e-05
1.081892618288643027e+00 3.231679080765418357e-05
1.082130133133320848e+00 3.490754692781499775e-05
1.082367647977998448e+00 4.227126495673515005e-05
1.082605162822676270e+00 4.875241457452110554e-05
1.082842677667354092e+00 5.101165326753691792e-05
1.083080192512031914e+00 4.812067808134376696e-05
1.083317707356709736e+00 4.128367115380888411e-05
1.083555222201387558e+00 3.417049699208524216e-05
1.083792737046065380e+00 3.248704735838244304e-05
1.084030251890743202e+00 3.794474830439080421e-05
1.084267766735420802e+00 4.547870641674589385e-05
1.084505281580098623e+00 5.029175964242223841e-05
1.084742796424776445e+00 5.020975239152322976e-05
1.084980311269454267e+00 4.526539544323990853e-05
1.085217826114132089e+00 3.770309211115467645e-05
1.085455340958809911e+00 3.237734622740876125e-05
1.085692855803487733e+00 3.423713912320940360e-05
1.085930370648165333e+00 4.136344033304258111e-05
1.086167885492843155e+00 4.807597866531212333e-05
1.086405400337520977e+00 5.079596978217278309e-05
1.086642915182198799e+00 4.839197059521916418e-05
1.086880430026876621e+00 4.185462605626022838e-05
1.087117944871554442e+00 3.457861906291617742e-05
1.087355459716232264e+00 3.218925101439842803e-05
1.087592974560910086e+00 3.709874035182537407e-05
1.087830489405587686e+00 4.463858384361930621e-05
1.088068004250265508e+00 4.981233851587112680e-05
1.088305519094943330e+00 5.022448719682288883e-05
1.088543033939621152e+00 4.570883017838999108e-05
1.088780548784298974e+00 3.827209578959844377e-05
1.089018063628976796e+00 3.250603824842408481e-05
1.089255578473654618e+00 3.362699352227604559e-05
1.089493093318332217e+00 4.046555254083637423e-05
1.089730608163010039e+00 4.737496291680732251e-05
1.089968123007687861e+00 5.053860714240368399e-05
1.090205637852365683e+00 4.862162195507670198e-05
1.090443152697043505e+00 4.240713749082172226e-05
1.090680667541721327e+00 3.502325790272897829e-05
1.090918182386399149e+00 3.196724210756172839e-05
1.091155697231076971e+00 3.628932155559440488e-05
1.091393212075754571e+00 4.379050138782629621e-05
1.091630726920432393e+00 4.929899473357503243e-05
1.091868241765110215e+00 5.019577923660940486e-05
1.092105756609788036e+00 4.611812134273258898e-05
1.092343271454465858e+00 3.884399041859601392e-05
1.092580786299143680e+00 3.269771563626272157e-05
1.092818301143821502e+00 3.308020600904282066e-05
1.093055815988499102e+00 3.958167215680630105e-05
1.093293330833176924e+00 4.665237022730447491e-05
1.093530845677854746e+00 5.024145876620844859e-05
1.093768360522532568e+00 4.880988191496424055e-05
1.094005875367210390e+00 4.293852935005511702e-05
1.094243390211888212e+00 3.549809640034438360e-05
1.094480905056566034e+00 3.181985716980541908e-05
1.094718419901243855e+00 3.552070415801159535e-05
1.094955934745921455e+00 4.293799987460218762e-05
1.095193449590599277e+00 4.875423550684339802e-05
1.095430964435277099e+00 5.012487836047637004e-05
1.095668479279954921e+00 4.649242859932729507e-05
1.095905994124632743e+00 3.941430294645278742e-05
1.096143508969310565e+00 3.294684904334648596e-05
1.096381023813988387e+00 3.259929352223742393e-05
1.096618538658666209e+00 3.871584701887535143e-05
1.096856053503343809e+00 4.591123418790955135e-05
1.097093568348021630e+00 4.990650957925410475e-05
1.097331083192699452e+00 4.895721019170781512e-05
1.097568598037377274e+00 4.344655102394702853e-05
1.097806112882055096e+00 3.599716056252208712e-05
1.098043627726732918e+00 3.174509450776955911e-05
1.098281142571410740e+00 3.479689469341366528e-05
1.098518657416088340e+00 4.208463047638915343e-05
1.098756172260766162e+00 4.818061830110485099e-05
1.098993687105443984e+00 5.001316889657211976e-05
1.099231201950121806e+00 4.683120354281931056e-05
1.099468716794799628e+00 3.997906523577123705e-05
1.099706231639477449e+00 3.324768762669026321e-05
1.099943746484155271e+00 3.218613039890829840e-05
1.100181261328833093e+00 3.787208369944029509e-05
1.100418776173510693e+00 4.515461128799638563e-05
1.100656291018188515e+00 4.953582459535482008e-05
1.100893805862866337e+00 4.906425804374476136e-05
1.101131320707544159e+00 4.392934675020425275e-05
1.101368835552221981e+00 3.651487713536230454e-05
1.101606350396899803e+00 3.174018703195601460e-05
1.101843865241577625e+00 3.412164139580546639e-05
1.102081380086255225e+00 4.123394607906640994e-05
1.102318894930933046e+00 4.758074152663438879e-05
1.102556409775610868e+00 4.986215586421782476e-05
1.102793924620288690e+00 4.713416554547438924e-05
1.103031439464966512e+00 4.053479462337607322e-05
1.103268954309644334e+00 3.359440425119554436e-05
1.103506469154322156e+00 3.184189873267342854e-05
1.103743983998999978e+00 3.705432588433435075e-05
1.103981498843677578e+00 4.438557320509223340e-05
1.104219013688355400e+00 4.913153784144139478e-05
1.104456528533033222e+00 4.913185099872172795e-05
1.104694043377711044e+00 4.438542610967886220e-05
1.104931558222388865e+00 3.704611093093187742e-05
1.105169073067066687e+00 3.180170077529730424e-05
1.105406587911744509e+00 3.349837829082895639e-05
1.105644102756422109e+00 4.038949199210855478e-05
1.105881617601099931e+00 4.695723546839501749e-05
1.106119132445777753e+00 4.967345177175183424e-05
1.106356647290455575e+00 4.740127932869569446e-05
1.106594162135133397e+00 4.107847047745965277e-05
1.106831676979811219e+00 3.398122381543296227e-05
1.107069191824489041e+00 3.156705746325490957e-05
1.107306706669166863e+00 3.626642952440337796e-05
1.107544221513844462e+00 4.360719919646093912e-05
1.107781736358522284e+00 4.869584161816580469e-05
1.108019251203200106e+00 4.916097254999784143e-05
1.108256766047877928e+00 4.481363603604505931e-05
1.108494280892555750e+00 3.758618531135159998e-05
1.108731795737233572e+00 3.192565253915591913e-05
1.108969310581911394e+00 3.293016796514901002e-05
1.109206825426588994e+00 3.955479579591218036e-05
1.109444340271266816e+00 4.631275348151784032e-05
1.109681855115944638e+00 4.944876389566980819e-05
1.109919369960622459e+00 4.763273404896243646e-05
1.110156884805300281e+00 4.160750840509949678e-05
1.110394399649978103e+00 3.440253155232784983e-05
1.110631914494655925e+00 3.136133379491130103e-05
1.110869429339333747e+00 3.551213453709838231e-05
1.111106944184011347e+00 4.282256849812494969e-05
1.111344459028689169e+00 4.823097601746995344e-05
1.111581973873366991e+00 4.915274871039085851e-05
1.111819488718044813e+00 4.521313435301828278e-05
1.112057003562722635e+00 3.813088923298703158e-05
1.112294518407400457e+00 3.210763880421811650e-05
1.112532033252078278e+00 3.241964555319495477e-05
1.112769548096755878e+00 3.873335607971346140e-05
1.113007062941433700e+00 4.564996335232718007e-05
1.113244577786111522e+00 4.918988202715022373e-05
1.113482092630789344e+00 4.782892373147656044e-05
1.113719607475467166e+00 4.211973335126030727e-05
1.113957122320144988e+00 3.485296023025805687e-05
1.114194637164822810e+00 3.122373904849551335e-05
1.114432152009500632e+00 3.479503318807779602e-05
1.114669666854178232e+00 4.203475276837380332e-05
1.114907181698856053e+00 4.773921874355395548e-05
1.115144696543533875e+00 4.910843331836151001e-05
1.115382211388211697e+00 4.558336499529742105e-05
1.115619726232889519e+00 3.867647401443478683e-05
1.115857241077567341e+00 3.234296815909013233e-05
1.116094755922245163e+00 3.196896705860434082e-05
1.116332270766922763e+00 3.792863001091202401e-05
1.116569785611600585e+00 4.497153894544977850e-05
1.116807300456278407e+00 4.889866657245026344e-05
1.117044815300956229e+00 4.799042892210016181e-05
1.117282330145634051e+00 4.261335255434118294e-05
1.117519844990311872e+00 3.532745682513308976e-05
1.117757359834989694e+00 3.115260914602690985e-05
1.117994874679667516e+00 3.411853539614822698e-05
1.118232389524345116e+00 4.124680845265608898e-05
1.118469904369022938e+00 4.722287518358244112e-05
1.118707419213700760e+00 4.902939398799439772e-05
1.118944934058378582e+00 4.592403467643087152e-05
1.119182448903056404e+00 3.921964243140103028e-05
1.119419963747734226e+00 3.262678997451339192e-05
1.119657478592412048e+00 3.157976538641511224e-05
1.119894993437089648e+00 3.714401947064450667e-05
1.120132508281767469e+00 4.428015203939381376e-05
1.120370023126445291e+00 4.857703700338982634e-05
1.120607537971123113e+00 4.811799940699379463e-05
1.120845052815800935e+00 4.308692893594596763e-05
1.121082567660478757e+00 3.582133047389839055e-05
1.121320082505156579e+00 3.114566791595142255e-05
1.121557597349834401e+00 3.348583169649958199e-05
1.121795112194512001e+00 4.046176909500775001e-05
1.122032627039189823e+00 4.668426872812523091e-05
1.122270141883867645e+00 4.891709858256949558e-05
1.122507656728545467e+00 4.623509109392464689e-05
1.122745171573223288e+00 3.975753255702978541e-05
1.122982686417901110e+00 3.295421366317202440e-05
1.123220201262578932e+00 3.125311757135992223e-05
1.123457716107256532e+00 3.638285572216979149e-05
1.123695230951934354e+00 4.357846439367922081e-05
1.123932745796612176e+00 4.822696063582825813e-05
1.124170260641289998e+00 4.821253787603977433e-05
1.124407775485967820e+00 4.353935539093188405e-05
1.124645290330645642e+00 3.633028397371056693e-05
1.124882805175323464e+00 3.120010954608135940e-05
1.125120320020001285e+00 3.289985467605631181e-05
1.125357834864678885e+00 3.968263753739485571e-05
1.125595349709356707e+00 4.612573133714721688e-05
1.125832864554034529e+00 4.877310222019128440e-05
1.126070379398712351e+00 4.651670245469446908e-05
1.126307894243390173e+00 4.028769798847209001e-05
1.126545409088067995e+00 3.332041438111577150e-05
1.126782923932745817e+00 3.098952630405925085e-05
1.127020438777423417e+00 3.564838250433219189e-05
1.127257953622101239e+00 4.286912011753145991e-05
1.127495468466779061e+00 4.785044167034752311e-05
1.127732983311456882e+00 4.827508437755774414e-05
1.127970498156134704e+00 4.396983010404290933e-05
1.128208013000812526e+00 3.685043158616275782e-05
1.128445527845490348e+00 3.131269521470466690e-05
1.128683042690168170e+00 3.236324038076068127e-05
1.128920557534845770e+00 3.891237796479829681e-05
1.129158072379523592e+00 4.554959441932048789e-05
1.129395587224201414e+00 4.859903469893116061e-05
1.129633102068879236e+00 4.676923828942611993e-05
1.129870616913557058e+00 4.080808603111132519e-05
1.130108131758234880e+00 3.372072283331460906e-05
1.130345646602912701e+00 3.078891814687511512e-05
1.130583161447590301e+00 3.494373756459363627e-05
1.130820676292268123e+00 4.215473823902711616e-05
1.131058191136945945e+00 4.744951053164857870e-05
1.131295705981623767e+00 4.830680151880227183e-05
1.131533220826301589e+00 4.437783313766975314e-05
1.131770735670979411e+00 3.737830573933563662e-05
1.132008250515657233e+00 3.147985810872834923e-05
1.132245765360335055e+00 3.187829130234495946e-05
1.132483280205012655e+00 3.815390776937783388e-05
1.132720795049690476e+00 4.495817988783494632e-05
1.132958309894368298e+00 4.839658825295088961e-05
1.133195824739046120e+00 4.699325127629399771e-05
1.133433339583723942e+00 4.131701468349931422e-05
1.133670854428401764e+00 3.415069827415031714e-05
1.133908369273079586e+00 3.065065971386114892e-05
1.134145884117757186e+00 3.427193281674410666e-05
1.134383398962435008e+00 4.143790563811884257e-05
1.134620913807112830e+00 4.702621345218421838e-05
1.134858428651790652e+00 4.830896028501017976e-05
1.135095943496468474e+00 4.476310423022622086e-05
1.135333458341146295e+00 3.791085516049955020e-05
1.135570973185824117e+00 3.169781114247963237e-05
1.135808488030501939e+00 3.144694308825278598e-05
1.136046002875179539e+00 3.741008929088596028e-05
1.136283517719857361e+00 4.435379166017351242e-05
1.136521032564535183e+00 4.816750574066073663e-05
1.136758547409213005e+00 4.718946020457233116e-05
1.136996062253890827e+00 4.181314943258648403e-05
1.137233577098568649e+00 3.460618517428011863e-05
1.137471091943246471e+00 3.057359190849587733e-05
1.137708606787924071e+00 3.363583327450182732e-05
1.137946121632601892e+00 4.072117023791499061e-05
1.138183636477279714e+00 4.658260232551876198e-05
1.138421151321957536e+00 4.828292639463818220e-05
1.138658666166635358e+00 4.512562187134637530e-05
1.138896181011313180e+00 3.844543650435615432e-05
1.139133695855991002e+00 3.196265189040413504e-05
1.139371210700668824e+00 3.107073692116398906e-05
1.139608725545346424e+00 3.668372129266851114e-05
1.139846240390024246e+00 4.373870735949484458e-05
1.140083755234702068e+00 4.791356905654230543e-05
1.140321270079379889e+00 4.735873371596649239e-05
1.140558784924057711e+00 4.229548019469636454e-05
1.140796299768735533e+00 3.508335477006611035e-05
1.141033814613413355e+00 3.055608098662813998e-05
1.141271329458090955e+00 3.303813536070397336e-05
1.141508844302768777e+00 4.000703469653957148e-05
1.141746359147446599e+00 4.612072484573052846e-05
1.141983873992124421e+00 4.823014715710984571e-05
1.142221388836802243e+00 4.546558352528743552e-05
1.142458903681480065e+00 3.897980138924758578e-05
1.142696418526157887e+00 3.227046056007942766e-05
1.142933933370835708e+00 3.075079997646112761e-05
1.143171448215513308e+00 3.597753036715492953e-05
1.143408963060191130e+00 4.311517046206028242e-05
1.143646477904868952e+00 4.763658788682492376e-05
1.143883992749546774e+00 4.750207489447018312e-05
1.144121507594224596e+00 4.276329884462992719e-05
1.144359022438902418e+00 3.557873323235205635e-05
1.144596537283580240e+00 3.059608375332239583e-05
1.144834052128257840e+00 3.248134500459093886e-05
1.145071566972935662e+00 3.929795038777567318e-05
1.145309081817613484e+00 4.564261491226014305e-05
1.145546596662291305e+00 4.815213876562593877e-05
1.145784111506969127e+00 4.578338700400916674e-05
1.146021626351646949e+00 3.951208022755718614e-05
1.146259141196324771e+00 3.261738774495315945e-05
1.146496656041002593e+00 3.048783573082195013e-05
1.146734170885680193e+00 3.529416225215806382e-05
1.146971685730358015e+00 4.248538287400635462e-05
1.147209200575035837e+00 4.733838874379279164e-05
1.147446715419713659e+00 4.762060655803275868e-05
1.147684230264391481e+00 4.321617762976618933e-05
1.147921745109069303e+00 3.608921858216659429e-05
1.148159259953747124e+00 3.069122368452238990e-05
1.148396774798424724e+00 3.196775650466411589e-05
1.148634289643102546e+00 3.859631201592755460e-05
1.148871804487780368e+00 4.515028338944729791e-05
1.149109319332458190e+00 4.805047397373658373e-05
1.149346834177136012e+00 4.607961285839742355e-05
1.149584349021813834e+00 4.004076412161463862e-05
1.149821863866491656e+00 3.299973003419895922e-05
1.150059378711169478e+00 3.028212569997130145e-05
1.150296893555847078e+00 3.463617316058999120e-05
1.150534408400524899e+00 4.185149793827623333e-05
1.150771923245202721e+00 4.702080426336875365e-05
1.151009438089880543e+00 4.771555716571562988e-05
1.151246952934558365e+00 4.365394842593087351e-05
1.151484467779236187e+00 3.661208829927156184e-05
1.151721982623914009e+00 3.083887376438655339e-05
1.151959497468591609e+00 3.149943293201651454e-05
1.152197012313269431e+00 3.790445273715209088e-05
1.152434527157947253e+00 4.464570911148044879e-05
1.152672042002625075e+00 4.792677011497180827e-05
1.152909556847302897e+00 4.635500769293870603e-05
1.153147071691980718e+00 4.056468560409979196e-05
1.153384586536658540e+00 3.341399268505389523e-05
1.153622101381336362e+00 3.013354353150479525e-05
1.153859616226013962e+00 3.400602128617847376e-05
1.154097131070691784e+00 4.121561405047296253e-05
1.154334645915369606e+00 4.668566277087154136e-05
1.154572160760047428e+00 4.778824728380402635e-05
1.154809675604725250e+00 4.407668309999223044e-05
1.155047190449403072e+00 3.714499964008038393e-05
1.155284705294080894e+00 3.103624211082376571e-05
1.155522220138758493e+00 3.107818933093346850e-05
1.155759734983436315e+00 3.722464001933912294e-05
1.155997249828114137e+00 4.413083040940909561e-05
1.156234764672791959e+00 4.778267747928469208e-05
1.156472279517469781e+00 4.661046839526811067e-05
1.156709794362147603e+00 4.108299901220637847e-05
1.156947309206825425e+00 3.385693942449457075e-05
1.157184824051503247e+00 3.004158153193200358e-05
1.157422338896180847e+00 3.340605871953648110e-05
1.157659853740858669e+00 4.057976887939774392e-05
1.157897368585536491e+00 4.633477817535238341e-05
1.158134883430214312e+00 4.784007658522521810e-05
1.158372398274892134e+00 4.448467483537658131e-05
1.158609913119569956e+00 3.768598434758749249e-05
1.158847427964247778e+00 3.128045636999866137e-05
1.159084942808925378e+00 3.070557976384174402e-05
1.159322457653603200e+00 3.655907226919587004e-05
1.159559972498281022e+00 4.360753693676592088e-05
1.159797487342958844e+00 4.761986798119439171e-05
1.160035002187636666e+00 4.684702713184507036e-05
1.160272517032314488e+00 4.159516089207505760e-05
1.160510031876992310e+00 3.432563025822365642e-05
1.160747546721670131e+00 3.000538895895995501e-05
1.160985061566347731e+00 3.283852398368679570e-05
1.161222576411025553e+00 3.994593432779876854e-05
1.161460091255703375e+00 4.596994012334246226e-05
1.161697606100381197e+00 4.787251126023783169e-05
1.161935120945059019e+00 4.487842047932208249e-05
1.162172635789736841e+00 3.823343926895088964e-05
1.162410150634414663e+00 3.156864379190813679e-05
1.162647665479092263e+00 3.038288942005133638e-05
1.162885180323770085e+00 3.590987643466682979e-05
1.163122695168447907e+00 4.307766204052189895e-05
1.163360210013125728e+00 4.744002415397074768e-05
1.163597724857803550e+00 4.706583703909710328e-05
1.163835239702481372e+00 4.210091080345489383e-05
1.164072754547159194e+00 3.481744842050787464e-05
1.164310269391837016e+00 3.002382067078606206e-05
1.164547784236514616e+00 3.230553553672443283e-05
1.164785299081192438e+00 3.931601233285733838e-05
1.165022813925870260e+00 4.559290450773621360e-05
1.165260328770548082e+00 4.788707189962719313e-05
1.165497843615225904e+00 4.525860385495760678e-05
1.165735358459903726e+00 3.878611410712679404e-05
1.165972873304581547e+00 3.189800429959769760e-05
1.166210388149259147e+00 3.011113282470590207e-05
1.166447902993936969e+00 3.527910662730594186e-05
1.166685417838614791e+00 4.254297565666684673e-05
1.166922932683292613e+00 4.724482840272248085e-05
1.167160447527970435e+00 4.726815862112506670e-05
1.167397962372648257e+00 4.260025278940424219e-05
1.167635477217326079e+00 3.533011805357464926e-05
1.167872992062003901e+00 3.009549402245438978e-05
1.168110506906681501e+00 3.180908662290343693e-05
1.168348021751359322e+00 3.869183163717840605e-05
1.168585536596037144e+00 4.520538431360429470e-05
1.168823051440714966e+00 4.788532174872152397e-05
1.169060566285392788e+00 4.562608003969876599e-05
1.169298081130070610e+00 3.934309728730143730e-05
1.169535595974748432e+00 3.226587508361552532e-05
1.169773110819426032e+00 2.989105902808700301e-05
1.170010625664103854e+00 3.466874401914067048e-05
1.170248140508781676e+00 4.200517782417374996e-05
1.170485655353459498e+00 4.703595260614979796e-05
1.170723170198137320e+00 4.745534670236239511e-05
1.170960685042815141e+00 4.309343760020686642e-05
1.171198199887492963e+00 3.586171408769471780e-05
1.171435714732170785e+00 3.021885151897919650e-05
1.171673229576848385e+00 3.135104184671345050e-05
1.171910744421526207e+00 3.807514562177493023e-05
1.172148259266204029e+00 4.480904085153520537e-05
1.172385774110881851e+00 4.786885533072403657e-05
1.172623288955559673e+00 4.598186042418643424e-05
1.172860803800237495e+00 3.990380079148282813e-05
1.173098318644915317e+00 3.266978566675225975e-05
1.173335833489592916e+00 2.972316431365788447e-05
1.173573348334270738e+00 3.408069818626510825e-05
1.173810863178948560e+00 4.146589289245237547e-05
1.174048378023626382e+00 4.681504802545874362e-05
1.174285892868304204e+00 4.762883799429630142e-05
1.174523407712982026e+00 4.358094583217497075e-05
1.174760922557659848e+00 3.641066590038735386e-05
1.174998437402337670e+00 3.039222663072031045e-05
1.175235952247015270e+00 3.093313602100865545e-05
1.175473467091693092e+00 3.746763144408319762e-05
1.175710981936370914e+00 4.440547542323913327e-05
1.175948496781048735e+00 4.783928745024059245e-05
1.176186011625726557e+00 4.632709872089376996e-05
1.176423526470404379e+00 4.046794447570434831e-05
1.176661041315082201e+00 3.310750338150311354e-05
1.176898556159759801e+00 2.960771264006616978e-05
1.177136071004437623e+00 3.351680998206639283e-05
1.177373585849115445e+00 4.092666450522618166e-05
1.177611100693793267e+00 4.658373546795521183e-05
1.177848615538471089e+00 4.779013913821982744e-05
1.178086130383148911e+00 4.406347195790523327e-05
1.178323645227826733e+00 3.697575612950535986e-05
1.178561160072504554e+00 3.061391001920212419e-05
1.178798674917182154e+00 3.055697554944173527e-05
1.179036189761859976e+00 3.687089052884054722e-05
1.179273704606537798e+00 4.399622142991992899e-05
1.179511219451215620e+00 4.779824253777721421e-05
1.179748734295893442e+00 4.666307765695231060e-05
1.179986249140571264e+00 4.103554042417110114e-05
1.180223763985249086e+00 3.357706964195879918e-05
1.180461278829926686e+00 2.954476361354203804e-05
1.180698793674604508e+00 3.297885628890478803e-05
1.180936308519282329e+00 4.038895149678763065e-05
1.181173823363960151e+00 4.634359587817460916e-05
1.181411338208637973e+00 4.794081529309376363e-05
1.181648853053315795e+00 4.454190933519454489e-05
1.181886367897993617e+00 3.755611583323144542e-05
1.182123882742671439e+00 3.088221404912090310e-05
1.182361397587349039e+00 3.022404305451794235e-05
1.182598912432026861e+00 3.628645069989189497e-05
1.182836427276704683e+00 4.358273700289948174e-05
1.183073942121382505e+00 4.774734435334144372e-05
1.183311456966060327e+00 4.699119646050506144e-05
1.183548971810738148e+00 4.160687763187631951e-05
1.183786486655415970e+00 3.407682765379697567e-05
1.184024001500093570e+00 2.953420733796899373e-05
1.184261516344771392e+00 3.246855672577891617e-05
1.184499031189449214e+00 3.985412475760338567e-05
1.184736546034127036e+00 4.609616122670394433e-05
1.184974060878804858e+00 4.808247921805878811e-05
1.185211575723482680e+00 4.501733619964986551e-05
1.185449090568160502e+00 3.815121714379497085e-05
1.185686605412838324e+00 3.119553347984310075e-05
1.185924120257515924e+00 2.993570541127146622e-05
1.186161635102193745e+00 3.571577007678011372e-05
1.186399149946871567e+00 4.316639820248707678e-05
1.186636664791549389e+00 4.768820603982741293e-05
1.186874179636227211e+00 4.731295908206392008e-05
1.187111694480905033e+00 4.218250730469519041e-05
1.187349209325582855e+00 3.460544274998297566e-05
1.187586724170260455e+00 2.957580524156611158e-05
1.187824239014938277e+00 3.198758256156978202e-05
1.188061753859616099e+00 3.932346520033714416e-05
1.188299268704293921e+00 4.584290577080806758e-05
1.188536783548971743e+00 4.821678078475125925e-05
1.188774298393649564e+00 4.549100256465903812e-05
1.189011813238327386e+00 3.876086420985902465e-05
1.189249328083005208e+00 3.155240104398559668e-05
1.189486842927682808e+00 2.969322564306281650e-05
1.189724357772360630e+00 3.516024299115093858e-05
1.189961872617038452e+00 4.274849278847249489e-05
1.190199387461716274e+00 4.762242055495074003e-05
1.190436902306394096e+00 4.762996310946017903e-05
1.190674417151071918e+00 4.276322897629811074e-05
1.190911931995749740e+00 3.516191636280283588e-05
1.191149446840427339e+00 2.966923554340278229e-05
1.191386961685105161e+00 3.153756803003688626e-05
1.191624476529782983e+00 3.879816300995917903e-05
1.191861991374460805e+00 4.558523770952563868e-05
1.192099506219138627e+00 4.834539700297777967e-05
1.192337021063816449e+00 4.596431812671435244e-05
1.192574535908494271e+00 3.938518319668715960e-05
1.192812050753172093e+00 3.195153703278529977e-05
1.193049565597849693e+00 2.949777886960942516e-05
1.193287080442527515e+00 3.462120809046730145e-05
1.193524595287205337e+00 4.233021469482623085e-05
1.193762110131883158e+00 4.755155145152552878e-05
1.193999624976560980e+00 4.794388933587218234e-05
1.194237139821238802e+00 4.335007750903373377e-05
1.194474654665916624e+00 3.574559482220136564e-05
1.194712169510594224e+00 2.981414199330652672e-05
1.194949684355272046e+00 3.112012415682522223e-05
1.195187199199949868e+00 3.827931826177864992e-05
1.195424714044627690e+00 4.532449128181284027e-05
1.195662228889305512e+00 4.847002252945029202e-05
1.195899743733983334e+00 4.643884114528827373e-05
1.196137258578661156e+00 4.002461199517482848e-05
1.196374773423338977e+00 3.239189243912492808e-05
1.196612288268016577e+00 2.935047237633174743e-05
1.196849803112694399e+00 3.409995896620900629e-05
1.197087317957372221e+00 4.191265917738793415e-05
1.197324832802050043e+00 4.747712401634885277e-05
1.197562347646727865e+00 4.825649209714071247e-05
1.197799862491405687e+00 4.394431119019896688e-05
1.198037377336083509e+00 3.635617415068844696e-05
1.198274892180761109e+00 3.001018441668004596e-05
1.198512407025438931e+00 3.073685534109576735e-05
1.198749921870116752e+00 3.776794310330261933e-05
1.198987436714794574e+00 4.506191923466066766e-05
1.199224951559472396e+00 4.859236064677040755e-05
1.199462466404150218e+00 4.691626828042238248e-05
1.199699981248828040e+00 4.067989006385097926e-05
1.199937496093505862e+00 3.287268574334376833e-05
1.200175010938183462e+00 2.925236981254743723e-05
1.200412525782861284e+00 3.359775744346700093e-05
1.200650040627539106e+00 4.149681877568735000e-05
1.200887555472216928e+00 4.740061685801293226e-05
1.201125070316894750e+00 4.856959025017619128e-05
1.201362585161572571e+00 4.454740098020703128e-05
1.201600100006250171e+00 3.699370186180949186e-05
1.201837614850927993e+00 3.025708960145458420e-05
1.202075129695605815e+00 3.038937867156758934e-05
1.202312644540283637e+00 3.726496564609568584e-05
1.202550159384961459e+00 4.479868573113761089e-05
1.202787674229639281e+00 4.871411471559492813e-05
1.203025189074317103e+00 4.739842540814468753e-05
1.203262703918994703e+00 4.135204876178271094e-05
1.203500218763672525e+00 3.339343368563516418e-05
1.203737733608350347e+00 2.920451930288997964e-05
1.203975248453028168e+00 3.311584993513906437e-05
1.204212763297705990e+00 4.108358012014372187e-05
1.204450278142383812e+00 4.732345379987350014e-05
1.204687792987061634e+00 4.888505891429594441e-05
1.204925307831739456e+00 4.516102097589152554e-05
1.205162822676417056e+00 3.765857670963118593e-05
1.205400337521094878e+00 3.055470140190953400e-05
1.205637852365772700e+00 3.007934617589653656e-05
1.205875367210450522e+00 3.677123581783080908e-05
1.206112882055128344e+00 4.453585974361024078e-05
1.206350396899806166e+00 4.883698019096098817e-05
1.206587911744483987e+00 4.788725950780554815e-05
1.206825426589161587e+00 4.204240263331175020e-05
1.207062941433839409e+00 3.395397669682357505e-05
1.207300456278517231e+00 2.920798512365416360e-05
1.207537971123195053e+00 3.265548699085643223e-05
1.207775485967872875e+00 4.067372156990808083e-05
1.208013000812550697e+00 4.724699622056979098e-05
1.208250515657228519e+00 4.920482190790302288e-05
1.208488030501906341e+00 4.578704015428761712e-05
1.208725545346583941e+00 3.835154724953151073e-05
1.208963060191261762e+00 3.090302893647059576e-05
1.209200575035939584e+00 2.980846993786907511e-05
1.209438089880617406e+00 3.628753339785350786e-05
1.209675604725295228e+00 4.427440887401743765e-05
1.209913119569973050e+00 4.896263712809615460e-05
1.210150634414650872e+00 4.838483163634643355e-05
1.210388149259328472e+00 4.275254182725480234e-05
1.210625664104006294e+00 3.455449973764736980e-05
1.210863178948684116e+00 2.926388266860570787e-05
1.211100693793361938e+00 3.221794648519641789e-05
1.211338208638039760e+00 4.026791191107947796e-05
1.211575723482717581e+00 4.717253576095314791e-05
1.211813238327395403e+00 4.953084504760430190e-05
1.212050753172073225e+00 4.642751559716700642e-05
1.212288268016750825e+00 3.907370997944923139e-05
1.212525782861428647e+00 3.130229226944369273e-05
1.212763297706106469e+00 2.957855007436316534e-05
1.213000812550784291e+00 3.581457845188048395e-05
1.213238327395462113e+00 4.401519357889721308e-05
1.213475842240139935e+00 4.909274323474554147e-05
1.213713357084817757e+00 4.889331094434125330e-05
1.213950871929495356e+00 4.348432588697900895e-05
1.214188386774173178e+00 3.519554945119944100e-05
1.214425901618851000e+00 2.937341599674647474e-05
1.214663416463528822e+00 3.180456073606650251e-05
1.214900931308206644e+00 3.986671006635426022e-05
1.215138446152884466e+00 4.710128740966589955e-05
1.215375960997562288e+00 4.986513020992245222e-05
1.215613475842240110e+00 4.708468714822923207e-05
1.215850990686917710e+00 3.982650764795063448e-05
1.216088505531595532e+00 3.175296515264760551e-05
1.216326020376273354e+00 2.939150552438464853e-05
1.216563535220951175e+00 3.535304458026149144e-05
1.216801050065628997e+00 4.375896188235099460e-05
1.217038564910306819e+00 4.922892749885455138e-05
1.217276079754984641e+00 4.941497002146949844e-05
1.217513594599662241e+00 4.423987926626211573e-05
1.217751109444340063e+00 3.587804858931567412e-05
1.217988624289017885e+00 2.953791765178137043e-05
1.218226139133695707e+00 3.141674775015532471e-05
1.218463653978373529e+00 3.947056596788458470e-05
1.218701168823051351e+00 4.703438293609334787e-05
1.218938683667729173e+00 5.020971030736790278e-05
1.219176198512406994e+00 4.776097380290515151e-05
1.219413713357084594e+00 4.061172839707255164e-05
1.219651228201762416e+00 3.225581470001559551e-05
1.219888743046440238e+00 2.924940749221672135e-05
1.220126257891118060e+00 3.490357526045568626e-05
1.220363772735795882e+00 4.350634448376468799e-05
1.220601287580473704e+00 4.937278436426256051e-05
1.220838802425151526e+00 4.995218147433715003e-05
1.221076317269829126e+00 4.502158869800625162e-05
1.221313832114506948e+00 3.660330863413207409e-05
1.221551346959184770e+00 2.975889013781449324e-05
1.221788861803862591e+00 3.105604714080788812e-05
1.222026376648540413e+00 3.907982269332050778e-05
1.222263891493218235e+00 4.697286471165337249e-05
1.222501406337896057e+00 5.056664520373314284e-05
1.222738921182573879e+00 4.845897175036665931e-05
1.222976436027251479e+00 4.143150628084985482e-05
1.223213950871929301e+00 3.281193818497851836e-05
1.223451465716607123e+00 2.915451537393796606e-05
1.223688980561284945e+00 3.446680383200985734e-05
1.223926495405962767e+00 4.325785023340803425e-05
1.224164010250640588e+00 4.952586851397242182e-05
1.224401525095318410e+00 5.050741595232465642e-05
1.224639039939996010e+00 4.583210273605184783e-05
1.224876554784673832e+00 3.737304161641331445e-05
1.225114069629351654e+00 3.003804863398178311e-05
1.225351584474029476e+00 3.072416090217409105e-05
1.225589099318707298e+00 3.869471999082688601e-05
1.225826614163385120e+00 4.691767974614192012e-05
1.226064129008062942e+00 5.093801864450268896e-05
1.226301643852740764e+00 4.918145451495110275e-05
1.226539158697418364e+00 4.228832363907562093e-05
1.226776673542096185e+00 3.342279742216414795e-05
1.227014188386774007e+00 2.910931500061478361e-05
1.227251703231451829e+00 3.404337760597980875e-05
1.227489218076129651e+00 4.301386202361671615e-05
1.227726732920807473e+00 4.968969029251750112e-05
1.227964247765485295e+00 5.108324174551604640e-05
1.228201762610162895e+00 4.667433372577030608e-05
1.228439277454840717e+00 3.818937195817837915e-05
1.228676792299518539e+00 3.037736465791121169e-05
1.228914307144196361e+00 3.042299945245146862e-05
1.229151821988874183e+00 3.831539948520139023e-05
1.229389336833552004e+00 4.686967406919527180e-05
1.229626851678229826e+00 5.132593634561081596e-05
1.229864366522907648e+00 4.993137522659002019e-05
1.230101881367585248e+00 4.318501589969028364e-05
1.230339396212263070e+00 3.409025129519370668e-05
1.230576911056940892e+00 2.911655899289346765e-05
1.230814425901618714e+00 3.363398682493125411e-05
1.231051940746296536e+00 4.277463292975239214e-05
1.231289455590974358e+00 4.986571164411974296e-05
1.231526970435652180e+00 5.168232611163813196e-05
1.231764485280329779e+00 4.755146254123316518e-05
1.232002000125007601e+00 3.905484937858451816e-05
1.232239514969685423e+00 3.077911049007701937e-05
1.232477029814363245e+00 3.015473324717759179e-05
1.232714544659041067e+00 3.794191160143724868e-05
1.232952059503718889e+00 4.682958724868650243e-05
1.233189574348396711e+00 5.173252519523831083e-05
1.233427089193074533e+00 5.071187130813985136e-05
1.233664604037752133e+00 4.412477930983642977e-05
1.233902118882429955e+00 3.481658725330932872e-05
1.234139633727107777e+00 2.917930899240420655e-05
1.234377148571785598e+00 3.323939925163692358e-05
1.234614663416463420e+00 4.254028276398339359e-05
1.234852178261141242e+00 5.005534279972885737e-05
1.235089693105819064e+00 5.230743855180769480e-05
1.235327207950496664e+00 4.846694648731890605e-05
1.235564722795174486e+00 3.997246369501048527e-05
1.235802237639852308e+00 3.124590441801066061e-05
1.236039752484530130e+00 2.992185020945413998e-05
1.236277267329207952e+00 3.757422474146482122e-05
1.236514782173885774e+00 4.679804706734724075e-05
1.236752297018563596e+00 5.215993386938763622e-05
1.236989811863241417e+00 5.152627198990158345e-05
1.237227326707919017e+00 4.511118218219331761e-05
1.237464841552596839e+00 3.560455281963045219e-05
1.237702356397274661e+00 2.930097971897568606e-05
1.237939871241952483e+00 3.286050140105781952e-05
1.238177386086630305e+00 4.231079476015759419e-05
1.238414900931308127e+00 5.025993951522783745e-05
1.238652415775985949e+00 5.296145625871646678e-05
1.238889930620663549e+00 4.942453074733232731e-05
1.239127445465341371e+00 4.094566246816382359e-05
1.239364960310019192e+00 3.178075696476534851e-05
1.239602475154697014e+00 2.972721919756959221e-05
1.239839989999374836e+00 3.721223699562376409e-05
1.240077504844052658e+00 4.677556423654583750e-05
1.240315019688730480e+00 5.261033488388861771e-05
1.240552534533408302e+00 5.237810887157730685e-05
1.240790049378085902e+00 4.614818030782881367e-05
1.241027564222763724e+00 3.645738804070232662e-05
1.241265079067441546e+00 2.948538479562205232e-05
1.241502593912119368e+00 3.249834765827076940e-05
1.241740108756797190e+00 4.208601261216226728e-05
1.241977623601475011e+00 5.048080101736280895e-05
1.242215138446152833e+00 5.364737206676574655e-05
1.242452653290830433e+00 5.042826398518788182e-05
1.242690168135508255e+00 4.197837256050335257e-05
1.242927682980186077e+00 3.238711872136143652e-05
1.243165197824863899e+00 2.957415962792233914e-05
1.243402712669541721e+00 3.685579100846730975e-05
1.243640227514219543e+00 4.676252707694651813e-05
1.243877742358897365e+00 5.308592826903309631e-05
1.244115257203575187e+00 5.327113019519845910e-05
1.244352772048252787e+00 4.724013730583802680e-05
1.244590286892930608e+00 3.737886033506779515e-05
1.244827801737608430e+00 2.973678443909069142e-05
1.245065316582286252e+00 3.215421858041578182e-05
1.245302831426964074e+00 4.186563765153722362e-05
1.245540346271641896e+00 5.071916855618400474e-05
1.245777861116319718e+00 5.436830516916218271e-05
1.246015375960997318e+00 5.148251864128101062e-05
1.246252890805675140e+00 4.307502655088503598e-05
1.246490405650352962e+00 3.306893038136425833e-05
1.246727920495030784e+00 2.946651710646340481e-05
1.246965435339708606e+00 3.650469268889177516e-05
1.247202950184386427e+00 4.675919606468343406e-05
1.247440465029064249e+00 5.358894711466699688e-05
1.247677979873742071e+00 5.420931916644688845e-05
1.247915494718419671e+00 4.839185066899857153e-05
1.248153009563097493e+00 3.837330292422898846e-05
1.248390524407775315e+00 3.005993543559275013e-05
1.248628039252453137e+00 3.182969034429011140e-05
1.248865554097130959e+00 4.164922635100086365e-05
1.249103068941808781e+00 5.097622473613068011e-05
1.249340583786486603e+00 5.512751518249979911e-05
1.249578098631164202e+00 5.259201684974707566e-05
1.249815613475842024e+00 4.424059531699751761e-05
1.250053128320519846e+00 3.383067620075492192e-05
1.250290643165197668e+00 2.940874498675665505e-05
1.250528158009875490e+00 3.615873481391700453e-05
1.250765672854553312e+00 4.676569804714024279e-05
1.251003187699231134e+00 5.412166519495294540e-05
1.251240702543908956e+00 5.519691716222904218e-05
1.251478217388586556e+00 4.960858465556632752e-05
1.251715732233264378e+00 3.944565851538503611e-05
1.251953247077942200e+00 3.046014401707847831e-05
1.252190761922620021e+00 3.152671707506744526e-05
1.252428276767297843e+00 4.143618807604000637e-05
1.252665791611975665e+00 5.125309352997427795e-05
1.252903306456653487e+00 5.592841992675067045e-05
1.253140821301331087e+00 5.376186270513756823e-05
1.253378336146008909e+00 4.548062813048885718e-05
1.253615850990686731e+00 3.467744208273017818e-05
1.253853365835364553e+00 2.940599124600417670e-05
1.254090880680042375e+00 3.581772668759286468e-05
1.254328395524720197e+00 4.678202014779316318e-05
1.254565910369398019e+00 5.468640696348749070e-05
1.254803425214075840e+00 5.623845253419097322e-05
1.255040940058753440e+00 5.089611112552004272e-05
1.255278454903431262e+00 4.060152999333812267e-05
1.255515969748109084e+00 3.094332261694923312e-05
1.255753484592786906e+00 3.124772857616360034e-05
1.255990999437464728e+00 4.122578325745464219e-05
1.256228514282142550e+00 5.155084109656356522e-05
1.256466029126820372e+00 5.677461764886888114e-05
1.256703543971497972e+00 5.499758223243920438e-05
1.256941058816175794e+00 4.680130175328850895e-05
1.257178573660853615e+00 3.561498013683508500e-05
1.257416088505531437e+00 2.946419021330879589e-05
1.257653603350209259e+00 3.548153170187041993e-05
1.257891118194887081e+00 4.680800310032361697e-05
1.258128633039564903e+00 5.528556043024362483e-05
1.258366147884242725e+00 5.733877615466743179e-05
1.258603662728920325e+00 5.226075995528745840e-05
1.258841177573598147e+00 4.184724010087824690e-05
1.259078692418275969e+00 3.151605214709115753e-05
1.259316207262953791e+00 3.099574590276664638e-05
1.259553722107631613e+00 4.101712218351156254e-05
1.259791236952309434e+00 5.187047749812945236e-05
1.260028751796987256e+00 5.766991448333837867e-05
1.260266266641664856e+00 5.630517228618761919e-05
1.260503781486342678e+00 4.820948059644456369e-05
1.260741296331020500e+00 3.664978176824162812e-05
1.260978811175698322e+00 2.959015829372329948e-05
1.261216326020376144e+00 3.515011484913307304e-05
1.261453840865053966e+00 4.684333388071157644e-05
1.261691355709731788e+00 5.592159325736050955e-05
1.261928870554409610e+00 5.850310483030644865e-05
1.262166385399087210e+00 5.370948069773228735e-05
1.262403900243765031e+00 4.318990255284495727e-05
1.262641415088442853e+00 3.218565172073733816e-05
1.262878929933120675e+00 3.077451766827373988e-05
1.263116444777798497e+00 4.080916463217510896e-05
1.263353959622476319e+00 5.221295937027395871e-05
1.263591474467154141e+00 5.861835813201673860e-05
1.263828989311831741e+00 5.769116027883156202e-05
1.264066504156509563e+00 4.971279008589540426e-05
1.264304019001187385e+00 3.778916190441719390e-05
1.264541533845865207e+00 2.979169293684922373e-05
1.264779048690543028e+00 3.482360322474064099e-05
1.265016563535220850e+00 4.688753755478292025e-05
1.265254078379898672e+00 5.659707279562654886e-05
1.265491593224576494e+00 5.973707417593108424e-05
1.265729108069254094e+00 5.524991784873223175e-05
1.265966622913931916e+00 4.463750735276417062e-05
1.266204137758609738e+00 3.296025864023758689e-05
1.266441652603287560e+00 3.058867986595480604e-05
1.266679167447965382e+00 4.060072091214558332e-05
1.266916682292643204e+00 5.257919385662415934e-05
1.267154197137321026e+00 5.962427902721550765e-05
1.267391711981998625e+00 5.916267676059652444e-05
1.267629226826676447e+00 5.131970610669304831e-05
1.267866741671354269e+00 3.904135755338995273e-05
1.268104256516032091e+00 3.007767431615491262e-05
1.268341771360709913e+00 3.450236321514488019e-05
1.268579286205387735e+00 4.693996803579189250e-05
1.268816801050065557e+00 5.731469083840071382e-05
1.269054315894743379e+00 6.104680299910346093e-05
1.269291830739420979e+00 5.689050247373715093e-05
1.269529345584098801e+00 4.619902371024047942e-05
1.269766860428776623e+00 3.384892216435530572e-05
1.270004375273454444e+00 3.044394201148841280e-05
1.270241890118132266e+00 4.039045486021561896e-05
1.270479404962810088e+00 5.297004385616786590e-05
1.270716919807487910e+00 6.069234054949387906e-05
1.270954434652165510e+00 6.072754374074076325e-05
1.271191949496843332e+00 5.303966396505687000e-05
1.271429464341521154e+00 4.041564453394678829e-05
1.271666979186198976e+00 3.045816983875672493e-05
1.271904494030876798e+00 3.418709938358463062e-05
1.272142008875554620e+00 4.699979775828196869e-05
1.272379523720232442e+00 5.807729416046502236e-05
1.272617038564910263e+00 6.243897154696509877e-05
1.272854553409587863e+00 5.864056373240697468e-05
1.273092068254265685e+00 4.788452477052088568e-05
1.273329583098943507e+00 3.486171549295116566e-05
1.273567097943621329e+00 3.034730179296976093e-05
1.273804612788299151e+00 4.017688982959172038e-05
1.274042127632976973e+00 5.338633506031949624e-05
1.274279642477654795e+00 6.182760031622708339e-05
1.274517157322332395e+00 6.239438194623025795e-05
1.274754672167010217e+00 5.488319113108547587e-05
1.274992187011688038e+00 4.192247707619451092e-05
1.275229701856365860e+00 3.094454260841470936e-05
1.275467216701043682e+00 3.387898138838095073e-05
1.275704731545721504e+00 4.706600590187747001e-05
1.275942246390399326e+00 5.888792208514401200e-05
1.276179761235077148e+00 6.392091679698286505e-05
1.276417276079754748e+00 6.051046464593685384e-05
1.276654790924432570e+00 4.970533919529721532e-05
1.276892305769110392e+00 3.600987150225245132e-05
1.277129820613788214e+00 3.030728965286318382e-05
1.277367335458466036e+00 3.995841907741114619e-05
1.277604850303143857e+00 5.382886521049080430e-05
1.277842365147821679e+00 6.303558515209350943e-05
1.278079879992499501e+00 6.417274158874301836e-05
1.278317394837177101e+00 5.686206926460288171e-05
1.278554909681854923e+00 4.357365622789138084e-05
1.278792424526532745e+00 3.154956687038455525e-05
1.279029939371210567e+00 3.357980726207307037e-05
1.279267454215888389e+00 4.713736510979278123e-05
1.279504969060566211e+00 5.974985289976269707e-05
1.279742483905244033e+00 6.550074883425597617e-05
1.279979998749921632e+00 6.251176784708029619e-05
1.280217513594599454e+00 5.167423612868215252e-05
1.280455028439277276e+00 3.730594897178092669e-05
1.280692543283955098e+00 3.033424305993482755e-05
1.280930058128632920e+00 3.973332248434283934e-05
1.281167572973310742e+00 5.429841612499169062e-05
1.281405087817988564e+00 6.432238299827026332e-05
1.281642602662666386e+00 6.607326213183510729e-05
1.281880117507343986e+00 5.898953238694544239e-05
1.282117632352021808e+00 4.538253436700543823e-05
1.282355147196699630e+00 3.228755597895077587e-05
1.282592662041377451e+00 3.329221360045982848e-05
1.282830176886055273e+00 4.721242646832833151e-05
1.283067691730733095e+00 6.066666132510535982e-05
1.283305206575410917e+00 6.718749337808451393e-05
1.283542721420088517e+00 6.465743839369936816e-05
1.283780236264766339e+00 5.380565160041137456e-05
1.284017751109444161e+00 3.876403778177760158e-05
1.284255265954121983e+00 3.044060847683994521e-05
1.284492780798799805e+00 3.949979248710502145e-05
1.284730295643477627e+00 5.479576943117540986e-05
1.284967810488155449e+00 6.569475615737316461e-05
1.285205325332833270e+00 6.810786810924051584e-05
1.285442840177510870e+00 6.128051003285555883e-05
1.285680355022188692e+00 4.736426505367509628e-05
1.285917869866866514e+00 3.317451158604388400e-05
1.286155384711544336e+00 3.301994605877329661e-05
1.286392899556222158e+00 4.728950258285480318e-05
1.286630414400899980e+00 6.164229004474291995e-05
1.286867929245577802e+00 6.899126731422073027e-05
1.287105444090255402e+00 6.696209304410516276e-05
1.287342958934933224e+00 5.611596690410798871e-05
1.287580473779611046e+00 4.040001348962575024e-05
1.287817988624288867e+00 3.064126655113250510e-05
1.288055503468966689e+00 3.925597333304114170e-05
1.288293018313644511e+00 5.532172706193375799e-05
1.288530533158322333e+00 6.716028148871512312e-05
1.288768048003000155e+00 7.029001056407441542e-05
1.289005562847677755e+00 6.375192683057080744e-05
1.289243077692355577e+00 4.953611004350309274e-05
1.289480592537033399e+00 3.422830705292656713e-05
1.289718107381711221e+00 3.276820672054301563e-05
1.289955622226389043e+00 4.736664860247070269e-05
1.290193137071066865e+00 6.268113916817527999e-05
1.290430651915744686e+00 7.092349578221816147e-05
1.290668166760422286e+00 6.944230807765384549e-05
1.290905681605100108e+00 5.862385237360238899e-05
1.291143196449777930e+00 4.223185440772594869e-05
1.291380711294455752e+00 3.095387408023103268e-05
1.291618226139133574e+00 3.900001948073204957e-05
1.291855740983811396e+00 5.587713825176062610e-05
1.292093255828489218e+00 6.872752498669167304e-05
1.292330770673167040e+00 7.263496613986461319e-05
1.292568285517844640e+00 6.642307357075785462e-05
1.292805800362522461e+00 5.191781885060998985e-05
1.293043315207200283e+00 3.546892264350280411e-05
1.293280830051878105e+00 3.254409864174372487e-05
1.293518344896555927e+00 4.744164113842672744e-05
1.293755859741233749e+00 6.378817898654600934e-05
1.293993374585911571e+00 7.299718260721463369e-05
1.294230889430589171e+00 7.211700158649517764e-05
1.294468404275266993e+00 6.135069424531865005e-05
1.294705919119944815e+00 4.428003784758406496e-05
1.294943433964622637e+00 3.139921534125980667e-05
1.295180948809300459e+00 3.873018144607726256e-05
1.295418463653978280e+00 5.646293501626238902e-05
1.295655978498656102e+00 7.040626075551764521e-05
1.295893493343333924e+00 7.516021007304656942e-05
1.296131008188011524e+00 6.931606927966652888e-05
1.296368523032689346e+00 5.453210074043805133e-05
1.296606037877367168e+00 3.691875534887622157e-05
1.296843552722044990e+00 3.235719085136005415e-05
1.297081067566722812e+00 4.751195503525325244e-05
1.297318582411400634e+00 6.496909307796073824e-05
1.297556097256078456e+00 7.522724935598563794e-05
1.297793612100756055e+00 7.500791140621647010e-05
1.298031126945433877e+00 6.432112796793912509e-05
1.298268641790111699e+00 4.656803735265124415e-05
1.298506156634789521e+00 3.200155773481373750e-05
1.298743671479467343e+00 3.844493148441369048e-05
1.298981186324145165e+00 5.708017936609583094e-05
1.299218701168822987e+00 7.220774764719160182e-05
1.299456216013500809e+00 7.788588473654193981e-05
1.299693730858178409e+00 7.245644070107869683e-05
1.299931245702856231e+00 5.740521570446342943e-05
1.300168760547534053e+00 3.860303235187442398e-05
1.300406275392211874e+00 3.222022955514268272e-05
1.300643790236889696e+00 4.757473829687075111e-05
1.300881305081567518e+00 6.623046145633984961e-05
1.301118819926245340e+00 7.763096385795770855e-05
1.301356334770922940e+00 7.814019705178680108e-05
1.301593849615600762e+00 6.756370910432590686e-05
1.301831364460278584e+00 4.912294942598286173e-05
1.302068879304956406e+00 3.278901352678259995e-05
1.302306394149634228e+00 3.814314653240996199e-05
1.302543908994312050e+00 5.773012646058730006e-05
1.302781423838989872e+00 7.414508185843843291e-05
1.303018938683667693e+00 8.083539287712534452e-05
1.303256453528345293e+00 7.587385448387896838e-05
1.303493968373023115e+00 6.056771987955794666e-05
1.303731483217700937e+00 4.055036412599775562e-05
1.303968998062378759e+00 3.215002083095430040e-05
1.304206512907056581e+00 4.762678549903182079e-05
1.304444027751734403e+00 6.757999712456448757e-05
1.304681542596412225e+00 8.022848638439554654e-05
1.304919057441089825e+00 8.154320401477720105e-05
1.305156572285767647e+00 7.111176392769833886e-05
1.305394087130445469e+00 5.197628800767327780e-05
1.305631601975123290e+00 3.379392373144241794e-05
1.305869116819801112e+00 3.782437427539660696e-05
1.306106631664478934e+00 5.841430984084459776e-05
1.306344146509156756e+00 7.623365037929126205e-05
1.306581661353834578e+00 8.403615549253642860e-05
1.306819176198512178e+00 7.960305010733194266e-05
1.307056691043190000e+00 6.405541356646297241e-05
1.307294205887867822e+00 4.279348238395479719e-05
1.307531720732545644e+00 3.216850471339363827e-05
1.307769235577223466e+00 4.766451091839467834e-05
1.308006750421901287e+00 6.902685478072622110e-05
1.308244265266579109e+00 8.304357259115580233e-05
1.308481780111256709e+00 8.525144323533650949e-05
1.308719294955934531e+00 7.500447733401742099e-05
1.308956809800612353e+00 5.516499899282391838e-05
1.309194324645290175e+00 3.505330304830480515e-05
1.309431839489967997e+00 3.748921984970917710e-05
1.309669354334645819e+00 5.913465764344496379e-05
1.309906869179323641e+00 7.849172018799344748e-05
1.310144384024001463e+00 8.752058941764827695e-05
1.310381898868679063e+00 8.368503986928210660e-05
1.310619413713356884e+00 6.791055774635797453e-05
1.310856928558034706e+00 4.537022053303894106e-05
1.311094443402712528e+00 3.230402766623331225e-05
1.311331958247390350e+00 4.768392311096640053e-05
1.311569473092068172e+00 7.058203802929219513e-05
1.311806987936745994e+00 8.610448746217360023e-05
1.312044502781423594e+00 8.930585895456883501e-05
1.312282017626101416e+00 7.928829782026282629e-05
1.312519532470779238e+00 5.873276654319155120e-05
1.312757047315457060e+00 3.660941568269653089e-05
1.312994562160134882e+00 3.713990842280667543e-05
1.313232077004812703e+00 5.989365269988771947e-05
1.313469591849490525e+00 8.094121244137334067e-05
1.313707106694168347e+00 9.132738206136792314e-05
1.313944621538845947e+00 8.816866854140161403e-05
1.314182136383523769e+00 7.218345129945907639e-05
1.314419651228201591e+00 4.832481307851505914e-05
1.314657166072879413e+00 3.259279839252528493e-05
1.314894680917557235e+00 4.768060433949299038e-05
1.315132195762235057e+00 7.225894329367290724e-05
1.315369710606912879e+00 8.944520752026844735e-05
1.315607225451590478e+00 9.375548820133764545e-05
1.315844740296268300e+00 8.401877159646604942e-05
1.316082255140946122e+00 6.273171223046651861e-05
1.316319769985623944e+00 3.851059018924148157e-05
1.316557284830301766e+00 3.678110398777584094e-05
1.316794799674979588e+00 6.069455601693910673e-05
1.317032314519657410e+00 8.360873220931552136e-05
1.317269829364335232e+00 9.550317323591049038e-05
1.317507344209012832e+00 9.311266384861464158e-05
1.317744859053690654e+00 7.693449864969197820e-05
1.317982373898368476e+00 5.170961840111021563e-05
1.318219888743046297e+00 3.308048192283632874e-05
1.318457403587724119e+00 4.764970049892160191e-05
1.318694918432401941e+00 7.407409584136877268e-05
1.318932433277079763e+00 9.310702193265035884e-05
1.319169948121757363e+00 9.865965956157270796e-05
1.319407462966435185e+00 8.926296548476783156e-05
1.319644977811113007e+00 6.722463014334938483e-05
1.319882492655790829e+00 4.081242372487726272e-05
1.320120007500468651e+00 3.642110130001727968e-05
1.320357522345146473e+00 6.154172290131285224e-05
1.320595037189824295e+00 8.652695685726393272e-05
1.320832552034502116e+00 1.001048032312004270e-04
1.321070066879179716e+00 9.858836678109292296e-05
1.321307581723857538e+00 8.223695431371491474e-05
1.321545096568535360e+00 5.558741258293641783e-05
1.321782611413213182e+00 3.382386146881204142e-05
1.322020126257891004e+00 4.758593119437124505e-05
1.322257641102568826e+00 7.604816089579354271e-05
1.322495155947246648e+00 9.714069501639801185e-05
1.322732670791924248e+00 1.040909462339719560e-04
1.322970185636602070e+00 9.510271029667562831e-05
1.323207700481279891e+00 7.228796533812983406e-05
1.323445215325957713e+00 4.357957371673285062e-05
1.323682730170635535e+00 3.607355768251177487e-05
1.323920245015313357e+00 6.244105732172255778e-05
1.324157759859991179e+00 8.973653606016001596e-05
1.324395274704669001e+00 1.052023613018187583e-04
1.324632789549346601e+00 1.046834184701584281e-04
1.324870304394024423e+00 8.818061634802005209e-05
1.325107819238702245e+00 6.003446855047131850e-05
1.325345334083380067e+00 3.489250052325881639e-05
1.325582848928057889e+00 4.748363619911409388e-05
1.325820363772735710e+00 7.820735537548261374e-05
1.326057878617413532e+00 1.016094319798088394e-04
1.326295393462091132e+00 1.101391918218575894e-04
1.326532908306768954e+00 1.016390063270144675e-04
1.326770423151446776e+00 7.801584014827892682e-05
1.327007937996124598e+00 4.688839226691949024e-05
1.327245452840802420e+00 3.575999602580273663e-05
1.327482967685480242e+00 6.340067653511237866e-05
1.327720482530158064e+00 9.328873553995682829e-05
1.327957997374835886e+00 1.108833860831810389e-04
1.328195512219513486e+00 1.115068171257897875e-04
1.328433027064191307e+00 9.487687319641907905e-05
1.328670541908869129e+00 6.514473851922533232e-05
1.328908056753546951e+00 3.637041233754082642e-05
1.329145571598224773e+00 4.733688533202331844e-05
1.329383086442902595e+00 8.058545546366601125e-05
1.329620601287580417e+00 1.065930165993892088e-04
1.329858116132258017e+00 1.169170908078263926e-04
1.330095630976935839e+00 1.089981056707834593e-04
1.330333145821613661e+00 8.452558490865123874e-05
1.330570660666291483e+00 5.083074249782860120e-05
1.330808175510969305e+00 3.551338242080086764e-05
1.331045690355647126e+00 6.443190291511789703e-05
1.331283205200324948e+00 9.724918422313357771e-05
1.331520720045002770e+00 1.172587572154687344e-04
1.331758234889680370e+00 1.191959758707145860e-04
1.331995749734358192e+00 1.024657181368575186e-04
1.332233264579036014e+00 7.103562154936014382e-05
1.332470779423713836e+00 3.835793342634475500e-05
1.332708294268391658e+00 4.713969753600994063e-05
1.332945809113069480e+00 8.322671015902868884e-05
1.333183323957747302e+00 1.121936952841791769e-04
1.333420838802424901e+00 1.245680692199509286e-04
1.333658353647102723e+00 1.173400635887088001e-04
1.333895868491780545e+00 9.196547202161137722e-05
1.334133383336458367e+00 5.551947383776481652e-05
1.334370898181136189e+00 3.538313659239683393e-05
1.334608413025814011e+00 6.555077792689908045e-05
1.334845927870491833e+00 1.017032968231034346e-04
1.335083442715169655e+00 1.244711255746151811e-04
1.335320957559847255e+00 1.279267668362050981e-04
1.335558472404525077e+00 1.111256855496410936e-04
1.335795987249202899e+00 7.785606138363929563e-05
1.336033502093880720e+00 4.097432355528758804e-05
1.336271016938558542e+00 4.688644586032080912e-05
1.336508531783236364e+00 8.619016802118252476e-05
1.336746046627914186e+00 1.185447267132437897e-04
1.336983561472591786e+00 1.332776488845725164e-04
1.337221076317269608e+00 1.268710091469074598e-04
1.337458591161947430e+00 1.005257489598527723e-04
1.337696106006625252e+00 6.109627170635909823e-05
1.337933620851303074e+00 3.544190843534068645e-05
1.338171135695980896e+00 6.678043337182527710e-05
1.338408650540658718e+00 1.067643067279907404e-04
1.338646165385336539e+00 1.327072508827046411e-04
1.338883680230014139e+00 1.379281325137117530e-04
1.339121195074691961e+00 1.210882302965009618e-04
1.339358709919369783e+00 8.579815435250554316e-05
1.339596224764047605e+00 4.436204639757324931e-05
1.339833739608725427e+00 4.657257817254600705e-05
1.340071254453403249e+00 8.955627168303157565e-05
1.340308769298081071e+00 1.258231111577542841e-04
1.340546284142758671e+00 1.432902276154352536e-04
1.340783798987436493e+00 1.378611636582966046e-04
1.341021313832114314e+00 1.104547340640383787e-04
1.341258828676792136e+00 6.774301230635957694e-05
1.341496343521469958e+00 3.579423429034553008e-05
1.341733858366147780e+00 6.815491620131742146e-05
1.341971373210825602e+00 1.125854868590441487e-04
1.342208888055503424e+00 1.422165255793741523e-04
1.342446402900181024e+00 1.495038772879141295e-04
1.342683917744858846e+00 1.326590467071002693e-04
1.342921432589536668e+00 9.511418391658162824e-05
1.343158947434214490e+00 4.869416412017392454e-05
1.343396462278892312e+00 4.619587311276656229e-05
1.343633977123570133e+00 9.343721097489279543e-05
1.343871491968247955e+00 1.342690777465683637e-04
1.344109006812925555e+00 1.549345341875507924e-04
1.344346521657603377e+00 1.506720030365550807e-04
1.344584036502281199e+00 1.220829012845042782e-04
1.344821551346959021e+00 7.569847646038852396e-05
1.345059066191636843e+00 3.658662963797237384e-05
1.345296581036314665e+00 6.972557111264894049e-05
1.345534095880992487e+00 1.193793188161162852e-04
1.345771610725670309e+00 1.533396154795062857e-04
1.346009125570347909e+00 1.630661082323682585e-04
1.346246640415025730e+00 1.462505614281677131e-04
1.346484155259703552e+00 1.061422908406906978e-04
1.346721670104381374e+00 5.418680472501583045e-05
1.346959184949059196e+00 4.575860156139899927e-05
1.347196699793737018e+00 9.799374071617589048e-05
1.347434214638414840e+00 1.442168902011648065e-04
1.347671729483092440e+00 1.686634611077015493e-04
1.347909244327770262e+00 1.657984572933241256e-04
1.348146759172448084e+00 1.358599760276273463e-04
1.348384274017125906e+00 8.528355539793929874e-05
1.348621788861803727e+00 3.801777746345149961e-05
1.348859303706481549e+00 7.157211877388723544e-05
1.349096818551159371e+00 1.274486433880913966e-04
1.349334333395837193e+00 1.665542724567153020e-04
1.349571848240514793e+00 1.791882711060850566e-04
1.349809363085192615e+00 1.624330552476296809e-04
1.350046877929870437e+00 1.193463364056024769e-04
1.350284392774548259e+00 6.111940414714167851e-05
1.350521907619226081e+00 4.527121368453441638e-05
1.350759422463903903e+00 1.034636043813465868e-04
1.350996937308581725e+00 1.561453999029183734e-04
1.351234452153259324e+00 1.851186892364962847e-04
1.351471966997937146e+00 1.839368033106170770e-04
1.351709481842614968e+00 1.524140038257593653e-04
1.351946996687292790e+00 9.694039880885057115e-05
1.352184511531970612e+00 4.034671935155442106e-05
1.352422026376648434e+00 7.382279280435105747e-05
1.352659541221326256e+00 1.372394251535948571e-04
1.352897056066004078e+00 1.825515900603210057e-04
1.353134570910681678e+00 1.986925646517313923e-04
1.353372085755359500e+00 1.820181205216270931e-04
1.353609600600037322e+00 1.353799651764745838e-04
1.353847115444715143e+00 6.986678879317019715e-05
1.354084630289392965e+00 4.475857489419370641e-05
1.354322145134070787e+00 1.102118664156463327e-04
1.354559659978748609e+00 1.707647456684999350e-04
1.354797174823426209e+00 2.052400906299952960e-04
1.355034689668104031e+00 2.060984634892816406e-04
1.355272204512781853e+00 1.726491126175577014e-04
1.355509719357459675e+00 1.112952959202205896e-04
1.355747234202137497e+00 4.389741093085802964e-05
1.355984749046815319e+00 7.669300038057348114e-05
1.356222263891493141e+00 1.494346444601833451e-04
1.356459778736170962e+00 2.023690724164670151e-04
1.356697293580848562e+00 2.228007312776767812e-04
1.356934808425526384e+00 2.062009531390989218e-04
1.357172323270204206e+00 1.551936955847695010e-04
1.357409838114882028e+00 8.094973868999636509e-05
1.357647352959559850e+00 4.427044084174247259e-05
1.357884867804237672e+00 1.188251486481297091e-04
1.358122382648915494e+00 1.891731135672241465e-04
1.358359897493593094e+00 2.304605904783680367e-04
1.358597412338270916e+00 2.338102689812619729e-04
1.358834927182948737e+00 1.979148206375981481e-04
1.359072442027626559e+00 1.292634913110149691e-04
1.359309956872304381e+00 4.905971471716933085e-05
1.359547471716982203e+00 8.056457873303169521e-05
1.359784986561660025e+00 1.651316309047558490e-04
1.360022501406337847e+00 2.276364681398506697e-04
1.360260016251015447e+00 2.534088033810052184e-04
1.360497531095693269e+00 2.368158251632290073e-04
1.360735045940371091e+00 1.802222621177843563e-04
1.360972560785048913e+00 9.511496702970210777e-05
1.361210075629726735e+00 4.389933165030376487e-05
1.361447590474404556e+00 1.303004512428238644e-04
1.361685105319082378e+00 2.131590398987973024e-04
1.361922620163759978e+00 2.630753557107513114e-04
1.362160135008437800e+00 2.694882136172426206e-04
1.362397649853115622e+00 2.303154218161741187e-04
1.362635164697793444e+00 1.522308708498284178e-04
1.362872679542471266e+00 5.628413022330568870e-05
1.363110194387149088e+00 8.616178352555104412e-05
1.363347709231826910e+00 1.862025412406877699e-04
1.363585224076504732e+00 2.610629408313365593e-04
1.363822738921182331e+00 2.936223566151915888e-04
1.364060253765860153e+00 2.768242804971724228e-04
1.364297768610537975e+00 2.127298830514167273e-04
1.364535283455215797e+00 1.134601885596348806e-04
1.364772798299893619e+00 4.381550702309585087e-05
1.365010313144571441e+00 1.464568593851595471e-04
1.365247827989249263e+00 2.458331984577871937e-04
1.365485342833926863e+00 3.069969882514994326e-04
1.365722857678604685e+00 3.171871663897039601e-04
1.365960372523282507e+00 2.733126347603355498e-04
1.366197887367960329e+00 1.823805034112689681e-04
1.366435402212638150e+00 6.603827088531043275e-05
1.366672917057315972e+00 9.498274312249427830e-05
1.366910431901993794e+00 2.160985915087540498e-04
1.367147946746671616e+00 3.074918033297942472e-04
1.367385461591349216e+00 3.488902023264073391e-04
1.367622976436027038e+00 3.313218560940880703e-04
1.367860491280704860e+00 2.564842951387977525e-04
1.368098006125382682e+00 1.376108730449934552e-04
1.368335520970060504e+00 4.437593157313445024e-05
1.368573035814738326e+00 1.709361364606310212e-04
1.368810550659416148e+00 2.930922770731595058e-04
1.369048065504093747e+00 3.694585741891526307e-04
1.369285580348771569e+00 3.842464807481278102e-04
1.369523095193449391e+00 3.329910764871127425e-04
1.369760610038127213e+00 2.232876072852787780e-04
1.369998124882805035e+00 7.855316895823560451e-05
1.370235639727482857e+00 1.104994341548684285e-04
1.370473154572160679e+00 2.618765879479464302e-04
1.370710669416838501e+00 3.764621220186366106e-04
1.370948184261516101e+00 4.296762995090146870e-04
1.371185699106193923e+00 4.098164838866895821e-04
1.371423213950871745e+00 3.181447810269474570e-04
1.371660728795549566e+00 1.698289677653060581e-04
1.371898243640227388e+00 4.676290526736812445e-05
1.372135758484905210e+00 2.120139581533248474e-04
1.372373273329583032e+00 3.675093841620874166e-04
1.372610788174260632e+00 4.653772946369327985e-04
1.372848303018938454e+00 4.853364428331448312e-04
1.373085817863616276e+00 4.209400556681603669e-04
1.373323332708294098e+00 2.808901087187593124e-04
1.373560847552971920e+00 9.248954465756010297e-05
1.373798362397649742e+00 1.421080392143251486e-04
1.374035877242327564e+00 3.402283911031538598e-04
1.374273392087005385e+00 4.894694912599905582e-04
1.374510906931682985e+00 5.586931913187322043e-04
1.374748421776360807e+00 5.319694515014613016e-04
1.374985936621038629e+00 4.100964086953633983e-04
1.375223451465716451e+00 2.118841365263601426e-04
1.375460966310394273e+00 5.814789587249363860e-05
1.375698481155072095e+00 2.922866299848695553e-04
1.375935995999749917e+00 5.008366585997209297e-04
1.376173510844427517e+00 6.306130707696832195e-04
1.376411025689105339e+00 6.538588228253923483e-04
1.376648540533783160e+00 5.610627602824111134e-04
1.376886055378460982e+00 3.633981350848806383e-04
1.377123570223138804e+00 9.724060697919016010e-05
1.377361085067816626e+00 2.217446168085725438e-04
1.377598599912494448e+00 5.002396381638856467e-04
1.377836114757172270e+00 7.054036993673851392e-04
1.378073629601849870e+00 7.940825589037932460e-04
1.378311144446527692e+00 7.429697095776002444e-04
1.378548659291205514e+00 5.529097421615288216e-04
1.378786174135883336e+00 2.512532105835201326e-04
1.379023688980561158e+00 1.294830714445865006e-04
1.379261203825238979e+00 4.938357489719228700e-04
1.379498718669916801e+00 7.963529261550265394e-04
1.379736233514594623e+00 9.712236418424013929e-04
1.379973748359272223e+00 9.758053061195990155e-04
1.380211263203950045e+00 7.960031723342394236e-04
1.380448778048627867e+00 4.514656986157169409e-04
1.380686292893305689e+00 4.608118671756311109e-05
1.380923807737983511e+00 5.065300925089698215e-04
1.381161322582661333e+00 9.437562946441532818e-04
1.381398837427339155e+00 1.235535823630693007e-03
1.381636352272016754e+00 1.312473999588289076e-03
1.381873867116694576e+00 1.143842415721198300e-03
1.382111381961372398e+00 7.512212570725474358e-04
1.382348896806050220e+00 2.181723932871608516e-04
1.382586411650728042e+00 3.294418329892114406e-04
1.382823926495405864e+00 6.816303939732925926e-04
1.383061441340083686e+00 6.291152348092762673e-04
1.383298956184761508e+00 5.588601705488362154e-05
1.383536471029439108e+00 1.573540685507405839e-03
1.383773985874116930e+00 4.074273907781737585e-03
1.384011500718794752e+00 7.625542338788891816e-03
1.384249015563472573e+00 1.219570321777290953e-02
1.384486530408150395e+00 1.764427970157934553e-02
1.384724045252828217e+00 2.372498014787007697e-02
1.384961560097506039e+00 3.010130857094011486e-02
1.385199074942183639e+00 3.637360204497908089e-02
1.385436589786861461e+00 4.211483291379086030e-02
1.385674104631539283e+00 4.691131019793052387e-02
1.385911619476217105e+00 5.040367747518343516e-02
1.386149134320894927e+00 5.232344270270650188e-02
1.386386649165572749e+00 5.252072105456228462e-02
1.386624164010250571e+00 5.097987479584381587e-02
1.386861678854928392e+00 4.782116836656524761e-02
1.387099193699605992e+00 4.328823688697699262e-02
1.387336708544283814e+00 3.772287303296102678e-02
1.387574223388961636e+00 3.153014775982886791e-02
1.387811738233639458e+00 2.513799874396598424e-02
1.388049253078317280e+00 1.895600456412210866e-02
1.388286767922995102e+00 1.333804353609045583e-02
1.388524282767672924e+00 8.552926933453284045e-03
1.388761797612350524e+00 4.765991843561535532e-03
1.388999312457028346e+00 2.033225344948385443e-03
1.389236827301706168e+00 3.091885820426787650e-04
1.389474342146383989e+00 5.461181162589770054e-04
1.389711856991061811e+00 7.162497051468170962e-04
1.389949371835739633e+00 4.297085961609023821e-04
1.390186886680417455e+00 9.668709635399694280e-05
1.390424401525095277e+00 6.464818394446153471e-04
1.390661916369772877e+00 1.082214186426075928e-03
1.390899431214450699e+00 1.305108227684639724e-03
1.391136946059128521e+00 1.280687474041286014e-03
1.391374460903806343e+00 1.029262325995717155e-03
1.391611975748484165e+00 6.132679372939353049e-04
1.391849490593161986e+00 1.230874016926005918e-04
1.392087005437839808e+00 3.612654193390000385e-04
1.392324520282517408e+00 7.394453439006527795e-04
1.392562035127195230e+00 9.603404568349562138e-04
1.392799549971873052e+00 9.965592195824417993e-04
1.393037064816550874e+00 8.550685170248230804e-04
1.393274579661228696e+00 5.730253002642588878e-04
1.393512094505906518e+00 2.103380309775438987e-04
1.393749609350584340e+00 1.758270848334080212e-04
1.393987124195262162e+00 4.996004055806453495e-04
1.394224639039939762e+00 7.202338363032146414e-04
1.394462153884617583e+00 8.041054832128057602e-04
1.394699668729295405e+00 7.445645283030076457e-04
1.394937183573973227e+00 5.599867685425854221e-04
1.395174698418651049e+00 2.896053186831068840e-04
1.395412213263328871e+00 4.473594430839889570e-05
1.395649728108006693e+00 3.117007241139663123e-04
1.395887242952684293e+00 5.321809011391940170e-04
1.396124757797362115e+00 6.518275648589671144e-04
1.396362272642039937e+00 6.545509646968100106e-04
1.396599787486717759e+00 5.453744635573861072e-04
1.396837302331395581e+00 3.484588808899487700e-04
1.397074817176073402e+00 1.058873251436578451e-04
1.397312332020751224e+00 1.625467074219307255e-04
1.397549846865429046e+00 3.767041729212508355e-04
1.397787361710106646e+00 5.204553872990906561e-04
1.398024876554784468e+00 5.702829741422189022e-04
1.398262391399462290e+00 5.212964989442335625e-04
1.398499906244140112e+00 3.859327547601885022e-04
1.398737421088817934e+00 1.920206616418382360e-04
1.398974935933495756e+00 5.437350804387150124e-05
1.399212450778173578e+00 2.447756904608222790e-04
1.399449965622851177e+00 4.020536150375149300e-04
1.399687480467528999e+00 4.866887431258478986e-04
1.399924995312206821e+00 4.861652527286404696e-04
1.400162510156884643e+00 4.035369034269315380e-04
1.400400025001562465e+00 2.562932435899799408e-04
1.400637539846240287e+00 7.894233609519890355e-05
1.400875054690918109e+00 1.334995498540140222e-04
1.401112569535595931e+00 2.937901097200026597e-04
1.401350084380273531e+00 4.026667986283801533e-04
1.401587599224951353e+00 4.407097581275193788e-04
1.401825114069629175e+00 4.033728398091149768e-04
1.402062628914306996e+00 2.995763027575255042e-04
1.402300143758984818e+00 1.509804071640126781e-04
1.402537658603662640e+00 5.256277826367284966e-05
1.402775173448340462e+00 1.954650076912844037e-04
1.403012688293018062e+00 3.189323604849675213e-04
1.403250203137695884e+00 3.866581080718262380e-04
1.403487717982373706e+00 3.877373908102604329e-04
1.403725232827051528e+00 3.238246902171819743e-04
1.403962747671729350e+00 2.083832958264875471e-04
1.404200262516407172e+00 7.104670810813404260e-05
1.404437777361084994e+00 1.093814517592640596e-04
1.404675292205762815e+00 2.371539001260854413e-04
1.404912807050440415e+00 3.262357442946480727e-04
1.405150321895118237e+00 3.590523194094136900e-04
1.405387836739796059e+00 3.310535084671390967e-04
1.405625351584473881e+00 2.488445813720989181e-04
1.405862866429151703e+00 1.301507531154695834e-04
1.406100381273829525e+00 4.992524684040698814e-05
1.406337896118507347e+00 1.597735368581876963e-04
1.406575410963184947e+00 2.619550330407826428e-04
1.406812925807862769e+00 3.198537962657720026e-04
1.407050440652540590e+00 3.233446030208603369e-04
1.407287955497218412e+00 2.730479780218036836e-04
1.407525470341896234e+00 1.797093448507429154e-04
1.407762985186574056e+00 6.902623725927053858e-05
1.408000500031251878e+00 9.120912765550776046e-05
1.408238014875929700e+00 1.965728776999106902e-04
1.408475529720607300e+00 2.727865996476909450e-04
1.408713044565285122e+00 3.028976957354299307e-04
1.408950559409962944e+00 2.822173598946536551e-04
1.409188074254640766e+00 2.156959571472637509e-04
1.409425589099318588e+00 1.182528440440486076e-04
1.409663103943996409e+00 4.878476281150660694e-05
1.409900618788674231e+00 1.333663232424291308e-04
1.410138133633351831e+00 2.206113152217201786e-04
1.410375648478029653e+00 2.720542541835984664e-04
1.410613163322707475e+00 2.778807682370675915e-04
1.410850678167385297e+00 2.379014993762230154e-04
1.411088193012063119e+00 1.608770000958871906e-04
1.411325707856740941e+00 6.914907578610948247e-05
1.411563222701418763e+00 7.794990657192437799e-05
1.411800737546096585e+00 1.662906711909268480e-04
1.412038252390774185e+00 2.333031075760749729e-04
1.412275767235452006e+00 2.618283606623419794e-04
1.412513282080129828e+00 2.469614982009431421e-04
1.412750796924807650e+00 1.923929944984486499e-04
1.412988311769485472e+00 1.108835830418282523e-04
1.413225826614163294e+00 4.919442608672595750e-05
1.413463341458841116e+00 1.134331360673617063e-04
1.413700856303518716e+00 1.893007752769583203e-04
1.413938371148196538e+00 2.360902683988405583e-04
1.414175885992874360e+00 2.439726409972458297e-04
1.414413400837552182e+00 2.120876561270588980e-04
1.414650915682230004e+00 1.476588237016977258e-04
1.414888430526907825e+00 7.014386163347650460e-05
1.415125945371585647e+00 6.860375047993268150e-05
1.415363460216263469e+00 1.429975149780139676e-04
1.415600975060941069e+00 2.029209616416612278e-04
1.415838489905618891e+00 2.303917171657105900e-04
1.416076004750296713e+00 2.202259568043662052e-04
1.416313519594974535e+00 1.751052596150795137e-04
1.416551034439652357e+00 1.060403669938562516e-04
1.416788549284330179e+00 5.071094349526788944e-05
1.417026064129008001e+00 9.822215110765410867e-05
1.417263578973685600e+00 1.648203679065265168e-04
1.417501093818363422e+00 2.079858464858796226e-04
1.417738608663041244e+00 2.176139319978908011e-04
1.417976123507719066e+00 1.922591035560220645e-04
1.418213638352396888e+00 1.378991198212371630e-04
1.418451153197074710e+00 7.150479307095773999e-05
1.418688668041752532e+00 6.238746171616096155e-05
1.418926182886430354e+00 1.247005828860190421e-04
1.419163697731107954e+00 1.788074663189487983e-04
1.419401212575785776e+00 2.054710763548637414e-04
1.419638727420463598e+00 1.991664190593707515e-04
1.419876242265141419e+00 1.617320282949128699e-04
1.420113757109819241e+00 1.027061524170664106e-04
1.420351271954497063e+00 5.289871986971770342e-05
1.420588786799174885e+00 8.662107113457362373e-05
1.420826301643852485e+00 1.452262823083961239e-04
1.421063816488530307e+00 1.853698477009263338e-04
1.421301331333208129e+00 1.964475613584821981e-04
1.421538846177885951e+00 1.764785610919711572e-04
1.421776361022563773e+00 1.303931431471430343e-04
1.422013875867241595e+00 7.300563162766374257e-05
1.422251390711919417e+00 5.866522640729520294e-05
1.422488905556597238e+00 1.101485971971197486e-04
1.422726420401274838e+00 1.592124075325397983e-04
1.422963935245952660e+00 1.851620019140602191e-04
1.423201450090630482e+00 1.820652014309796427e-04
1.423438964935308304e+00 1.510293661568896462e-04
1.423676479779986126e+00 1.003189159717593080e-04
1.423913994624663948e+00 5.544440772071374451e-05
1.424151509469341770e+00 7.789747380740446030e-05
1.424389024314019370e+00 1.292830399040916433e-04
1.424626539158697192e+00 1.667471664040387361e-04
1.424864054003375013e+00 1.789997689227912684e-04
1.425101568848052835e+00 1.635495252232030666e-04
1.425339083692730657e+00 1.244185718224583351e-04
1.425576598537408479e+00 7.453623781173698360e-05
1.425814113382086301e+00 5.688715649232041043e-05
1.426051628226764123e+00 9.852846724432785309e-05
1.426289143071441723e+00 1.430042209812983523e-04
1.426526657916119545e+00 1.682392448301916696e-04
1.426764172760797367e+00 1.678257198377922110e-04
1.427001687605475189e+00 1.422154224417943068e-04
1.427239202450153011e+00 9.854639590795853156e-05
1.427476717294830832e+00 5.814819529575592568e-05
1.427714232139508654e+00 7.154088260525972068e-05
1.427951746984186254e+00 1.161776198834193167e-04
1.428189261828864076e+00 1.511337670484078001e-04
1.428426776673541898e+00 1.643042320088493248e-04
1.428664291518219720e+00 1.526942240641849700e-04
1.428901806362897542e+00 1.195174325340743812e-04
1.429139321207575364e+00 7.603952834695629540e-05
1.429376836052253186e+00 5.657180770203733760e-05
1.429614350896931008e+00 8.929582918495293639e-05
1.429851865741608608e+00 1.294260767704204825e-04
1.430089380586286429e+00 1.538822687985760774e-04
1.430326895430964251e+00 1.557164014301934732e-04
1.430564410275642073e+00 1.347747527161560549e-04
1.430801925120319895e+00 9.718087190757227975e-05
1.431039439964997717e+00 6.088974448745442479e-05
1.431276954809675539e+00 6.716476153045670516e-05
1.431514469654353139e+00 1.053613997423893326e-04
1.431751984499030961e+00 1.378606335810247875e-04
1.431989499343708783e+00 1.517031430745348255e-04
1.432227014188386605e+00 1.433858393692316417e-04
1.432464529033064426e+00 1.153857579438631158e-04
1.432702043877742248e+00 7.748437524796638600e-05
1.432939558722420070e+00 5.731392746656466068e-05
1.433177073567097892e+00 8.207391541126855480e-05
1.433414588411775492e+00 1.179595351136491517e-04
1.433652103256453314e+00 1.415243752113135120e-04
1.433889618101131136e+00 1.452316690488584486e-04
1.434127132945808958e+00 1.283539983783946279e-04
1.434364647790486780e+00 9.608613036411058040e-05
1.434602162635164602e+00 6.359875413294945707e-05
1.434839677479842424e+00 6.444767618560647807e-05
1.435077192324520023e+00 9.645739697492701254e-05
1.435314707169197845e+00 1.264622712379206970e-04
1.435552222013875667e+00 1.407353805443132514e-04
1.435789736858553489e+00 1.352553594367974425e-04
1.436027251703231311e+00 1.118138958767677440e-04
1.436264766547909133e+00 7.885294194540863177e-05
1.436502281392586955e+00 5.879192851387556176e-05
1.436739796237264777e+00 7.658901122054368100e-05
1.436977311081942377e+00 1.082442101441137149e-04
1.437214825926620199e+00 1.307652659908693305e-04
1.437452340771298021e+00 1.360121437206494746e-04
1.437689855615975842e+00 1.227029029375757338e-04
1.437927370460653664e+00 9.516901436856174310e-05
1.438164885305331486e+00 6.623497972507210992e-05
1.438402400150009308e+00 6.310338184989616695e-05
1.438639914994686908e+00 8.920238909403638641e-05
1.438877429839364730e+00 1.166102216224151590e-04
1.439114944684042552e+00 1.310704853974048911e-04
1.439352459528720374e+00 1.280371149992009518e-04
1.439589974373398196e+00 1.086524026448522091e-04
1.439827489218076018e+00 8.013437691269121850e-05
1.440065004062753840e+00 6.076408352192954888e-05
1.440302518907431661e+00 7.262726409149023420e-05
1.440540033752109261e+00 1.000280375947889340e-04
1.440777548596787083e+00 1.213181392626450691e-04
1.441015063441464905e+00 1.277967046308197915e-04
1.441252578286142727e+00 1.176393079324379067e-04
1.441490093130820549e+00 9.436334609685243478e-05
1.441727607975498371e+00 6.877580892841937102e-05
1.441965122820176193e+00 6.287155452862321699e-05
1.442202637664853793e+00 8.340830407048955663e-05
1.442440152509531615e+00 1.080717603215865225e-04
1.442677667354209436e+00 1.224681026307721334e-04
1.442915182198887258e+00 1.215355455402701790e-04
1.443152697043565080e+00 1.057916458162180259e-04
1.443390211888242902e+00 8.132151675312908681e-05
1.443627726732920724e+00 6.305580113916333534e-05
1.443865241577598546e+00 7.000606940765065442e-05
1.444102756422276146e+00 9.313481556905568292e-05
1.444340271266953968e+00 1.129765274015815107e-04
1.444577786111631790e+00 1.203926015062464452e-04
1.444815300956309612e+00 1.130275257550494687e-04
1.445052815800987434e+00 9.362043014506592990e-05
1.445290330645665255e+00 7.120879857911270876e-05
1.445527845490343077e+00 6.351976550224538629e-05
1.445765360335020677e+00 7.893472664622055751e-05
1.446002875179698499e+00 1.006832130834102624e-04
1.446240390024376321e+00 1.147522655898879882e-04
1.446477904869054143e+00 1.156041978030436789e-04
1.446715419713731965e+00 1.031491274715140143e-04
1.446952934558409787e+00 8.240909689140297166e-05
1.447190449403087609e+00 6.554408995171133012e-05
1.447427964247765431e+00 6.855718709332988409e-05
1.447665479092443030e+00 8.744163677594466865e-05
1.447902993937120852e+00 1.055928819511959546e-04
1.448140508781798674e+00 1.136562684300168862e-04
1.448378023626476496e+00 1.087645216952365075e-04
1.448615538471154318e+00 9.290322634252988455e-05
1.448853053315832140e+00 7.352724608838896768e-05
1.449090568160509962e+00 6.484809549859975059e-05
1.449328083005187562e+00 7.566851605308906332e-05
1.449565597849865384e+00 9.433193019166207448e-05
1.449803112694543206e+00 1.077946942195045056e-04
1.450040627539221028e+00 1.101320779693635318e-04
1.450278142383898849e+00 1.006613445499863921e-04
1.450515657228576671e+00 8.339275212237932792e-05
1.450753172073254493e+00 6.814340642539542842e-05
1.450990686917932315e+00 6.811962738583286347e-05
1.451228201762609915e+00 8.286200060593726401e-05
1.451465716607287737e+00 9.906435365896554214e-05
1.451703231451965559e+00 1.074807432009510790e-04
1.451940746296643381e+00 1.047708398204038135e-04
1.452178261141321203e+00 9.218265369907014100e-05
1.452415775985999025e+00 7.572756792186818571e-05
1.452653290830676847e+00 6.669131803069218347e-05
1.452890805675354446e+00 7.350898145854871119e-05
1.453128320520032268e+00 8.894335998820777347e-05
1.453365835364710090e+00 1.015037628765110201e-04
1.453603350209387912e+00 1.050345988318216654e-04
1.453840865054065734e+00 9.827841652278193293e-05
1.454078379898743556e+00 8.426844535560623476e-05
1.454315894743421378e+00 7.079446554952396680e-05
1.454553409588099200e+00 6.853958769912969317e-05
1.454790924432776800e+00 7.933229109902042303e-05
1.455028439277454622e+00 9.332302975696574535e-05
1.455265954122132444e+00 1.017873208785820938e-04
1.455503468966810265e+00 1.009845166861086328e-04
1.455740983811488087e+00 9.143517691172964497e-05
1.455978498656165909e+00 7.780774599666526138e-05
1.456216013500843731e+00 6.891745494498847859e-05
1.456453528345521331e+00 7.235830214157892815e-05
1.456691043190199153e+00 8.447099435241935551e-05
1.456928558034876975e+00 9.581713253543132727e-05
1.457166072879554797e+00 1.002475076072709316e-04
1.457403587724232619e+00 9.596045848949919736e-05
1.457641102568910441e+00 8.503213436524680198e-05
1.457878617413588263e+00 7.345604060094011354e-05
1.458116132258266084e+00 6.967398517013311638e-05
1.458353647102943684e+00 7.680060990150809164e-05
1.458591161947621506e+00 8.832886954289783505e-05
1.458828676792299328e+00 9.652002226069891723e-05
1.459066191636977150e+00 9.735694368151707882e-05
1.459303706481654972e+00 9.064118965748055876e-05
1.459541221326332794e+00 7.976640550415683203e-05
1.459778736171010616e+00 7.142373465687153482e-05
1.460016251015688216e+00 7.211704362730542313e-05
1.460253765860366038e+00 8.088779082413523531e-05
1.460491280705043859e+00 9.069677818209671025e-05
1.460728795549721681e+00 9.572282387637357968e-05
1.460966310394399503e+00 9.367509048749729668e-05
1.461203825239077325e+00 8.567957337423904262e-05
1.461441340083755147e+00 7.609919512194826628e-05
1.461678854928432969e+00 7.139445520016791144e-05
1.461916369773110569e+00 7.521788586245635596e-05
1.462153884617788391e+00 8.406412016395627303e-05
1.462391399462466213e+00 9.164199899669271416e-05
1.462628914307144035e+00 9.385004745181686715e-05
1.462866429151821857e+00 8.978390731573472801e-05
1.463103943996499678e+00 8.160226716439613823e-05
1.463341458841177500e+00 7.413147526519198714e-05
1.463578973685855100e+00 7.268402079645198727e-05
1.463816488530532922e+00 7.817831597831351067e-05
1.464054003375210744e+00 8.612554320151639378e-05
1.464291518219888566e+00 9.142619383780205310e-05
1.464529033064566388e+00 9.139571026253727633e-05
1.464766547909244210e+00 8.620619115887584569e-05
1.465004062753922032e+00 7.870330965985584417e-05
1.465241577598599854e+00 7.358993151455523233e-05
1.465479092443277453e+00 7.453169647924833355e-05
1.465716607287955275e+00 8.052831997228830153e-05
1.465954122132633097e+00 8.713330850659035812e-05
1.466191636977310919e+00 9.043440068924101861e-05
1.466429151821988741e+00 8.884859448059546114e-05
1.466666666666666563e+00 8.331382186119365007e-05
1.466904181511344385e+00 7.698102569966315534e-05
1.467141696356021985e+00 7.395901497861085501e-05
1.467379211200699807e+00 7.633144379230779176e-05
1.467616726045377629e+00 8.210455578441829667e-05
1.467854240890055451e+00 8.733529526461155127e-05
1.468091755734733272e+00 8.910029793753923403e-05
1.468329270579411094e+00 8.660701251884816044e-05
1.468566785424088916e+00 8.125336937024482892e-05
1.468804300268766738e+00 7.616728306137019182e-05
1.469041815113444338e+00 7.468322021778746290e-05
1.469279329958122160e+00 7.773325462070732679e-05
1.469516844802799982e+00 8.298966176843182961e-05
1.469754359647477804e+00 8.708802611431367747e-05
1.469991874492155626e+00 8.782201895549967305e-05
1.470229389336833448e+00 8.489913697851902378e-05
1.470466904181511270e+00 7.992735115981957489e-05
1.470704419026188869e+00 7.584656089197782032e-05
1.470941933870866691e+00 7.533397344782875209e-05
1.471179448715544513e+00 7.865092956009392487e-05
1.471416963560222335e+00 8.343906816869983657e-05
1.471654478404900157e+00 8.677060812421149400e-05
1.471891993249577979e+00 8.687660328204069651e-05
1.472129508094255801e+00 8.373811547363978192e-05
1.472367022938933623e+00 7.905035614851973027e-05
1.472604537783611223e+00 7.560724756346657617e-05
1.472842052628289045e+00 7.569753190841929148e-05
1.473079567472966867e+00 7.922182173348455380e-05
1.473317082317644688e+00 8.379575482744639023e-05
1.473554597162322510e+00 8.669206386940171358e-05
1.473792112007000332e+00 8.635573964704255673e-05
1.474029626851678154e+00 8.293644816262501899e-05
1.474267141696355754e+00 7.825934867698100268e-05
1.474504656541033576e+00 7.516586454623274316e-05
1.474742171385711398e+00 7.579520859595344630e-05
1.474979686230389220e+00 7.973763174103247801e-05
1.475217201075067042e+00 8.439166227509694467e-05
1.475454715919744864e+00 8.700902726773255289e-05
1.475692230764422685e+00 8.614878172817871959e-05
1.475929745609100507e+00 8.217806918057433973e-05
1.476167260453778107e+00 7.723452440788705511e-05
1.476404775298455929e+00 7.444083944085807788e-05
1.476642290143133751e+00 7.585532904362611139e-05
1.476879804987811573e+00 8.054906888075494514e-05
1.477117319832489395e+00 8.544745548422409231e-05
1.477354834677167217e+00 8.768054348928478673e-05
1.477592349521845039e+00 8.598255719702772545e-05
1.477829864366522639e+00 8.112046408832418963e-05
1.478067379211200461e+00 7.579775575546629854e-05
1.478304894055878282e+00 7.357807901321584379e-05
1.478542408900556104e+00 7.624279105954242153e-05
1.478779923745233926e+00 8.195149395929167099e-05
1.479017438589911748e+00 8.699780793943713510e-05
1.479254953434589570e+00 8.847822531352611249e-05
1.479492468279267392e+00 8.550214518338645380e-05
1.479729983123944992e+00 7.949528110881802360e-05
1.479967497968622814e+00 7.397840242260926254e-05
1.480205012813300636e+00 7.293016899295476992e-05
1.480442527657978458e+00 7.734640941230936707e-05
1.480680042502656280e+00 8.407758091428146939e-05
1.480917557347334101e+00 8.886979806253210770e-05
1.481155072192011923e+00 8.904605235662314757e-05
1.481392587036689745e+00 8.436432997587883613e-05
1.481630101881367345e+00 7.719100651110378998e-05
1.481867616726045167e+00 7.204604483588934933e-05
1.482105131570722989e+00 7.297903781477252003e-05
1.482342646415400811e+00 7.944113123354790075e-05
1.482580161260078633e+00 8.683589041987978762e-05
1.482817676104756455e+00 9.072032349303739635e-05
1.483055190949434277e+00 8.898487603177788108e-05
1.483292705794111876e+00 8.232281784311586419e-05
1.483530220638789698e+00 7.431650255274442575e-05
1.483767735483467520e+00 7.049989457100282208e-05
1.484005250328145342e+00 7.419397297374870164e-05
1.484242765172823164e+00 8.257238284996712343e-05
1.484480280017500986e+00 8.991904786750607858e-05
1.484717794862178808e+00 9.211186930702097968e-05
1.484955309706856630e+00 8.793660009196850060e-05
1.485192824551534230e+00 7.929988336314696806e-05
1.485430339396212052e+00 7.124612078548874980e-05
1.485667854240889874e+00 6.998489696996936828e-05
1.485905369085567695e+00 7.685482860579963564e-05
1.486142883930245517e+00 8.651560146881982576e-05
1.486380398774923339e+00 9.286954944189345295e-05
1.486617913619601161e+00 9.259712869221513635e-05
1.486855428464278761e+00 8.565638005207761236e-05
1.487092943308956583e+00 7.544994023562845214e-05
1.487330458153634405e+00 6.862964282396586085e-05
1.487567972998312227e+00 7.110704989852532974e-05
1.487805487842990049e+00 8.092232850230216511e-05
1.488043002687667871e+00 9.082309211854340547e-05
1.488280517532345693e+00 9.516834595674755076e-05
1.488518032377023514e+00 9.179338482294998854e-05
1.488755547221701114e+00 8.207503187925652090e-05
1.488993062066378936e+00 7.122010753774190759e-05
1.489230576911056758e+00 6.731434812288041632e-05
1.489468091755734580e+00 7.419059140841726720e-05
1.489705606600412402e+00 8.602860606671002594e-05
1.489943121445090224e+00 9.492066884854704224e-05
1.490180636289768046e+00 9.631667473981465736e-05
1.490418151134445646e+00 8.944301922820129707e-05
1.490655665979123468e+00 7.736192694564905615e-05
1.490893180823801289e+00 6.739253511709945692e-05
1.491130695668479111e+00 6.811197471317707256e-05
1.491368210513156933e+00 7.911846045494736119e-05
1.491605725357834755e+00 9.157593934159702234e-05
1.491843240202512577e+00 9.820637339257989114e-05
1.492080755047190399e+00 9.590015584412060810e-05
1.492318269891867999e+00 8.546725377321537321e-05
1.492555784736545821e+00 7.199950124171145308e-05
1.492793299581223643e+00 6.503784349445697398e-05
1.493030814425901465e+00 7.145107088505825758e-05
1.493268329270579287e+00 8.536586071622033586e-05
1.493505844115257108e+00 9.686851740348004051e-05
1.493743358959934930e+00 1.001268492700161929e-04
1.493980873804612530e+00 9.363849204099048524e-05
1.494218388649290352e+00 8.002623899994149676e-05
1.494455903493968174e+00 6.686427366604619324e-05
1.494693418338645996e+00 6.524874019469189884e-05
1.494930933183323818e+00 7.715254938067582166e-05
1.495168448028001640e+00 9.217075219325658142e-05
1.495405962872679462e+00 1.012187778406073191e-04
1.495643477717357284e+00 1.002305812132925491e-04
1.495880992562034884e+00 8.943082932246548063e-05
1.496118507406712705e+00 7.360225051561589224e-05
1.496356022251390527e+00 6.324217810208836361e-05
1.496593537096068349e+00 6.864495447395713493e-05
1.496831051940746171e+00 8.451756468831702512e-05
1.497068566785423993e+00 9.870783188114396888e-05
1.497306081630101815e+00 1.040155099946285045e-04
1.497543596474779415e+00 9.820743542566618908e-05
1.497781111319457237e+00 8.341088485404642833e-05
1.498018626164135059e+00 6.711640063740419192e-05
1.498256141008812881e+00 6.257423742824630821e-05
1.498493655853490703e+00 7.501738502869614476e-05
1.498731170698168524e+00 9.259977877562428235e-05
1.498968685542846346e+00 1.041998747408658517e-04
1.499206200387524168e+00 1.047654460328712454e-04
1.499443715232201768e+00 9.392600073185390338e-05
1.499681230076879590e+00 7.603220398243613269e-05
1.499918744921557412e+00 6.202825613239432948e-05
1.500156259766235234e+00 6.578903373951324807e-05
1.500393774610913056e+00 8.347311234979589442e-05
1.500631289455590878e+00 1.004331156622060011e-04
1.500868804300268700e+00 1.079742550121340426e-04
1.501106319144946299e+00 1.031230968025756753e-04
1.501343833989624121e+00 8.748230800551383499e-05
1.501581348834301943e+00 6.820950615449078089e-05
1.501818863678979765e+00 6.016586073905726302e-05
1.502056378523657587e+00 7.270726618847281450e-05
1.502293893368335409e+00 9.285426674703689618e-05
1.502531408213013231e+00 1.071451514544165587e-04
1.502768923057691053e+00 1.094917397179022059e-04
1.503006437902368653e+00 9.892057130182535431e-05
1.503243952747046475e+00 7.928130201857596260e-05
1.503481467591724297e+00 6.150589203501384994e-05
1.503718982436402118e+00 6.291120261139735359e-05
1.503956497281079940e+00 8.222105271297536688e-05
1.504194012125757762e+00 1.020385250216334288e-04
1.504431526970435584e+00 1.119978582987151192e-04
1.504669041815113184e+00 1.083668609078545527e-04
1.504906556659791006e+00 9.220929971912144023e-05
1.505144071504468828e+00 7.018819924410962742e-05
1.505381586349146650e+00 5.812478074890671618e-05
1.505619101193824472e+00 7.021878817037458529e-05
1.505856616038502294e+00 9.292435666417029130e-05
1.506094130883180116e+00 1.100510482174081958e-04
1.506331645727857937e+00 1.144019447222799021e-04
1.506569160572535537e+00 1.043907851508290180e-04
1.506806675417213359e+00 8.333377278597362350e-05
1.507044190261891181e+00 6.178550256153121439e-05
1.507281705106569003e+00 6.005470276624509109e-05
1.507519219951246825e+00 8.074906663729756345e-05
1.507756734795924647e+00 1.035177659249934508e-04
1.507994249640602469e+00 1.160838880746195594e-04
1.508231764485280069e+00 1.139277514775943804e-04
1.508469279329957891e+00 9.756615692670857361e-05
1.508706794174635712e+00 7.307941022521071686e-05
1.508944309019313534e+00 5.657751432740950313e-05
1.509181823863991356e+00 6.755208601668442295e-05
1.509419338708669178e+00 9.279895044446561801e-05
1.509656853553347000e+00 1.129148156408143935e-04
1.509894368398024822e+00 1.194935354565077490e-04
1.510131883242702422e+00 1.103217317064023940e-04
1.510369398087380244e+00 8.817119912858442372e-05
1.510606912932058066e+00 6.296796581823046785e-05
1.510844427776735888e+00 5.728394160139777783e-05
1.511081942621413710e+00 7.904398011698600672e-05
1.511319457466091531e+00 1.048639934998893874e-04
1.511556972310769353e+00 1.202324819324627786e-04
1.511794487155446953e+00 1.198020271604356463e-04
1.512032002000124775e+00 1.035349836781034651e-04
1.512269516844802597e+00 7.689453487235524127e-05
1.512507031689480419e+00 5.567370455653974492e-05
1.512744546534158241e+00 6.471278800076178282e-05
1.512982061378836063e+00 9.246555035712055706e-05
1.513219576223513885e+00 1.157344347871676273e-04
1.513457091068191707e+00 1.247686863396832023e-04
1.513694605912869307e+00 1.167075149687529898e-04
1.513932120757547128e+00 9.377743535950348679e-05
1.514169635602224950e+00 6.513545707620645219e-05
1.514407150446902772e+00 5.469202598594579415e-05
1.514644665291580594e+00 7.709184512469561905e-05
1.514882180136258416e+00 1.060697077071033460e-04
1.515119694980936238e+00 1.244462612965233257e-04
1.515357209825613838e+00 1.259929481668857270e-04
1.515594724670291660e+00 1.101072789205015308e-04
1.515832239514969482e+00 8.163464514891643803e-05
1.516069754359647304e+00 5.557793183147192886e-05
1.516307269204325126e+00 6.171508876787762539e-05
1.516544784049002947e+00 9.191006317414018726e-05
1.516782298893680769e+00 1.185085915964880090e-04
1.517019813738358591e+00 1.302341870703777028e-04
1.517257328583036191e+00 1.235513875759196376e-04
1.517494843427714013e+00 1.001427738036712493e-04
1.517732358272391835e+00 6.834653932289882605e-05
1.517969873117069657e+00 5.240950678323635350e-05
1.518207387961747479e+00 7.487814220592543119e-05
1.518444902806425301e+00 1.071266394217979711e-04
1.518682417651103123e+00 1.287303775635624146e-04
1.518919932495780722e+00 1.325107653427678837e-04
1.519157447340458544e+00 1.172850652529555448e-04
1.519394962185136366e+00 8.729722577258350476e-05
1.519632477029814188e+00 5.645497103168559984e-05
1.519869991874492010e+00 5.858659447921194197e-05
1.520107506719169832e+00 9.111656346808349820e-05
1.520345021563847654e+00 1.212367025725359453e-04
1.520582536408525476e+00 1.359015689233831613e-04
1.520820051253203076e+00 1.308660049792651457e-04
1.521057566097880898e+00 1.072672157625808312e-04
1.521295080942558720e+00 7.263742384493251535e-05
1.521532595787236541e+00 5.061229346365889382e-05
1.521770110631914363e+00 7.238819913051250669e-05
1.522007625476592185e+00 1.080256213982267621e-04
1.522245140321270007e+00 1.330926910761770976e-04
1.522482655165947607e+00 1.393729735494601981e-04
1.522720170010625429e+00 1.250818321516239796e-04
1.522957684855303251e+00 9.388294868331847334e-05
1.523195199699981073e+00 5.845159113768500560e-05
1.523432714544658895e+00 5.537595209067027770e-05
1.523670229389336717e+00 9.006700958087941473e-05
1.523907744234014539e+00 1.239189936430818654e-04
1.524145259078692360e+00 1.417874562426571961e-04
1.524382773923369960e+00 1.386739229395212683e-04
1.524620288768047782e+00 1.151630209184592747e-04
1.524857803612725604e+00 7.802883447096882507e-05
1.525095318457403426e+00 4.952406814123906599e-05
1.525332833302081248e+00 6.960799245060284555e-05
1.525570348146759070e+00 1.087564387281681345e-04
1.525807862991436892e+00 1.375440954093461372e-04
1.526045377836114492e+00 1.466048744533029211e-04
1.526282892680792314e+00 1.335235446304799316e-04
1.526520407525470135e+00 1.014015998926049653e-04
1.526757922370147957e+00 6.168180149283917363e-05
1.526995437214825779e+00 5.216471916449964369e-05
1.527232952059503601e+00 8.874090551247021668e-05
1.527470466904181423e+00 1.265566392835402207e-04
1.527707981748859245e+00 1.479141720787088604e-04
1.527945496593536845e+00 1.470084471779343159e-04
1.528183011438214667e+00 1.238568663376177345e-04
1.528420526282892489e+00 8.453602527679468699e-05
1.528658041127570311e+00 4.940602654473143397e-05
1.528895555972248133e+00 6.652563229174514336e-05
1.529133070816925954e+00 1.093076527779176599e-04
1.529370585661603776e+00 1.420990113460858777e-04
1.529608100506281376e+00 1.542405076863002944e-04
1.529845615350959198e+00 1.426499402741183682e-04
1.530083130195637020e+00 1.098769630026908990e-04
1.530320645040314842e+00 6.622254817733032816e-05
1.530558159884992664e+00 4.908518565476046068e-05
1.530795674729670486e+00 8.711490395671763213e-05
1.531033189574348308e+00 1.291519760645678042e-04
1.531270704419026130e+00 1.543106466910653676e-04
1.531508219263703729e+00 1.559149490248440330e-04
1.531745734108381551e+00 1.333919910200748789e-04
1.531983248953059373e+00 9.217927230543549691e-05
1.532220763797737195e+00 5.052858406030795191e-05
1.532458278642415017e+00 6.313408312685561425e-05
1.532695793487092839e+00 1.096663923851258732e-04
1.532933308331770661e+00 1.467760914984797918e-04
1.533170823176448261e+00 1.623240349529043807e-04
1.533408338021126083e+00 1.525163262565636232e-04
1.533645852865803905e+00 1.193509536740144613e-04
1.533883367710481727e+00 7.212190530467639429e-05
1.534120882555159548e+00 4.634488564237679341e-05
1.534358397399837370e+00 8.516235013790176775e-05
1.534595912244515192e+00 1.317088133457400354e-04
1.534833427089193014e+00 1.610137056026838100e-04
1.535070941933870614e+00 1.654527861024879959e-04
1.535308456778548436e+00 1.438307013430418938e-04
1.535545971623226258e+00 1.009932147768389870e-04
1.535783486467904080e+00 5.313051652612109756e-05
1.536021001312581902e+00 5.943616183973238914e-05
1.536258516157259724e+00 1.098181056312910113e-04
1.536496031001937546e+00 1.515991986931035655e-04
1.536733545846615145e+00 1.709117009502582492e-04
1.536971060691292967e+00 1.631961041259820887e-04
1.537208575535970789e+00 1.298875435304779210e-04
1.537446090380648611e+00 7.941573983432055411e-05
1.537683605225326433e+00 4.425364279078817148e-05
1.537921120070004255e+00 8.285277777091810351e-05
1.538158634914682077e+00 1.342328770556596503e-04
1.538396149759359899e+00 1.680698523086429804e-04
1.538633664604037499e+00 1.756980164017729086e-04
1.538871179448715321e+00 1.552576172768324126e-04
1.539108694293393143e+00 1.110347426161047938e-04
1.539346209138070964e+00 5.738586215535762471e-05
1.539583723982748786e+00 5.545381436151259041e-05
1.539821238827426608e+00 1.097462654372840938e-04
1.540058753672104430e+00 1.565987531155470648e-04
1.540296268516782030e+00 1.800745536724049725e-04
1.540533783361459852e+00 1.747843018426919939e-04
1.540771298206137674e+00 1.415771027780911762e-04
1.541008813050815496e+00 8.814659793975062967e-05
1.541246327895493318e+00 4.323631538771911885e-05
1.541483842740171140e+00 8.015139563834443174e-05
1.541721357584848962e+00 1.367324421092994786e-04
1.541958872429526783e+00 1.755377185604235345e-04
1.542196387274204383e+00 1.867471739488139231e-04
1.542433902118882205e+00 1.677840822822501644e-04
1.542671416963560027e+00 1.223900507047567170e-04
1.542908931808237849e+00 6.339994470440998983e-05
1.543146446652915671e+00 5.124555637762713800e-05
1.543383961497593493e+00 1.094320234376984155e-04
1.543621476342271315e+00 1.618135912647752494e-04
1.543858991186948915e+00 1.899021952647675024e-04
1.544096506031626737e+00 1.874024915189495435e-04
1.544334020876304558e+00 1.545418398636997281e-04
1.544571535720982380e+00 9.838063021845304293e-05
1.544809050565660202e+00 4.379807048775058150e-05
1.545046565410338024e+00 7.701866163511467036e-05
1.545284080255015846e+00 1.392192395047384395e-04
1.545521595099693668e+00 1.834914401222465451e-04
1.545759109944371268e+00 1.987224992732543577e-04
1.545996624789049090e+00 1.815542663214220317e-04
1.546234139633726912e+00 1.351819280144443485e-04
1.546471654478404734e+00 7.123642469420468333e-05
1.546709169323082556e+00 4.693946721674943927e-05
1.546946684167760377e+00 1.088538100786730692e-04
1.547184199012438199e+00 1.672935534002990279e-04
1.547421713857115799e+00 2.005079689746870782e-04
1.547659228701793621e+00 2.012056357917564641e-04
1.547896743546471443e+00 1.689431123566503086e-04
1.548134258391149265e+00 1.102217438159259805e-04
1.548371773235827087e+00 4.642088711905556882e-05
1.548609288080504909e+00 7.341017317080229994e-05
1.548846802925182731e+00 1.417097736143646612e-04
1.549084317769860553e+00 1.920253493156583136e-04
1.549321832614538152e+00 2.117792131416974810e-04
1.549559347459215974e+00 1.967536911602293416e-04
1.549796862303893796e+00 1.495785439363147282e-04
1.550034377148571618e+00 8.095834093958722416e-05
1.550271891993249440e+00 4.279431725942884897e-05
1.550509406837927262e+00 1.079868876537482810e-04
1.550746921682605084e+00 1.731031330826407998e-04
1.550984436527282684e+00 2.120361981470226620e-04
1.551221951371960506e+00 2.163916713112952039e-04
1.551459466216638328e+00 1.849915948434739481e-04
1.551696981061316150e+00 1.238245020504869030e-04
1.551934495905993971e+00 5.144311876913211116e-05
1.552172010750671793e+00 6.927740069269493347e-05
1.552409525595349615e+00 1.442272664888908230e-04
1.552647040440027437e+00 2.012605858144902408e-04
1.552884555284705037e+00 2.261157304063566935e-04
1.553122070129382859e+00 2.136212471234673804e-04
1.553359584974060681e+00 1.658051879601842710e-04
1.553597099818738503e+00 9.266620474664679838e-05
1.553834614663416325e+00 3.930193227292659043e-05
1.554072129508094147e+00 1.068028829640720815e-04
1.554309644352771969e+00 1.793267127006018468e-04
1.554547159197449568e+00 2.246724301804885410e-04
1.554784674042127390e+00 2.332150662177204573e-04
1.555022188886805212e+00 2.029616899391906420e-04
1.555259703731483034e+00 1.394083103930712894e-04
1.555497218576160856e+00 5.902906743896496893e-05
1.555734733420838678e+00 6.457049419178632964e-05
1.555972248265516500e+00 1.468045849366781677e-04
1.556209763110194322e+00 2.113545716965529683e-04
1.556447277954871922e+00 2.419882111780355090e-04
1.556684792799549744e+00 2.324663357978305615e-04
1.556922307644227566e+00 1.841608152037279254e-04
1.557159822488905387e+00 1.065279428049927457e-04
1.557397337333583209e+00 3.730634577149354817e-05
1.557634852178261031e+00 1.052693681419835975e-04
1.557872367022938853e+00 1.860762278054938683e-04
1.558109881867616453e+00 2.386581920010672170e-04
1.558347396712294275e+00 2.520062918976592411e-04
1.558584911556972097e+00 2.232122725030014770e-04
1.558822426401649919e+00 1.572758776893862719e-04
1.559059941246327741e+00 6.925436925347206233e-05
1.559297456091005563e+00 5.924613581135790248e-05
1.559534970935683384e+00 1.494887489309592980e-04
1.559772485780361206e+00 2.225148751025955761e-04
1.560010000625038806e+00 2.597316779364436065e-04
1.560247515469716628e+00 2.536937195093322533e-04
1.560485030314394450e+00 2.050420389782096908e-04
1.560722545159072272e+00 1.228047256393928780e-04
1.560960060003750094e+00 3.797564716481295155e-05
1.561197574848427916e+00 1.033496488570552463e-04
1.561435089693105738e+00 1.935026549318611224e-04
1.561672604537783338e+00 2.543127046710554756e-04
1.561910119382461160e+00 2.732003355451986413e-04
1.562147634227138981e+00 2.462170719995910944e-04
1.562385149071816803e+00 1.778395977685924133e-04
1.562622663916494625e+00 8.222636642046036147e-05
1.562860178761172447e+00 5.328801052637051490e-05
1.563097693605850269e+00 1.523480607647514245e-04
1.563335208450528091e+00 2.350199923135195699e-04
1.563572723295205691e+00 2.797913553404097033e-04
1.563810238139883513e+00 2.778402778762692591e-04
1.564047752984561335e+00 2.289786714831490747e-04
1.564285267829239157e+00 1.418801070450120588e-04
1.564522782673916979e+00 4.238539467741766857e-05
1.564760297518594800e+00 1.010031107459675266e-04
1.564997812363272622e+00 2.018137055889736287e-04
1.565235327207950222e+00 2.720656546054888380e-04
1.565472842052628044e+00 2.973794431410467661e-04
1.565710356897305866e+00 2.726101193122373975e-04
1.565947871741983688e+00 2.016609679721450556e-04
1.566185386586661510e+00 9.817477101317301029e-05
1.566422901431339332e+00 4.676042556314449034e-05
1.566660416276017154e+00 1.554837232657093292e-04
1.566897931120694976e+00 2.492513889146732282e-04
1.567135445965372575e+00 3.027704283935248671e-04
1.567372960810050397e+00 3.056307327361381895e-04
1.567610475654728219e+00 2.566875566675284426e-04
1.567847990499406041e+00 1.643008968276954494e-04
1.568085505344083863e+00 5.102577920116278755e-05
1.568323020188761685e+00 9.818689231784461218e-05
1.568560535033439507e+00 2.113019499234527793e-04
1.568798049878117107e+00 2.925081277586815895e-04
1.569035564722794929e+00 3.253390067335634240e-04
1.569273079567472751e+00 3.032554964089032370e-04
1.569510594412150573e+00 2.295111543654699562e-04
1.569748109256828394e+00 1.175136809731462781e-04
1.569985624101506216e+00 3.995357047433557163e-05
1.570223138946184038e+00 1.590494435895199081e-04
1.570460653790861860e+00 2.657445410174190110e-04
1.570698168635539460e+00 3.295051133973347728e-04
1.570935683480217282e+00 3.380646501784985588e-04
1.571173198324895104e+00 2.891562968333023982e-04
1.571410713169572926e+00 1.908402824498691395e-04
1.571648228014250748e+00 6.393622788204470181e-05
1.571885742858928570e+00 9.486058541548263385e-05
1.572123257703606392e+00 2.223911815261456562e-04
1.572360772548283991e+00 3.164745424752462752e-04
1.572598287392961813e+00 3.581925206137774186e-04
1.572835802237639635e+00 3.393577419076985080e-04
1.573073317082317457e+00 2.624666093127069424e-04
1.573310831926995279e+00 1.409039996166781719e-04
1.573548346771673101e+00 3.377714144364769329e-05
1.573785861616350923e+00 1.632858767646349534e-04
1.574023376461028745e+00 2.852734122627091640e-04
1.574260891305706345e+00 3.611870422035270869e-04
1.574498406150384167e+00 3.765570914212929194e-04
1.574735920995061988e+00 3.277777137159328330e-04
1.574973435839739810e+00 2.225993408338884573e-04
1.575210950684417632e+00 8.121573964254193026e-05
1.575448465529095454e+00 9.099783556271792966e-05
1.575685980373773276e+00 2.357162014135776203e-04
1.575923495218450876e+00 3.451798896466965719e-04
1.576161010063128698e+00 3.975453891328414716e-04
1.576398524907806520e+00 3.826431731896805352e-04
1.576636039752484342e+00 3.020649673786879514e-04
1.576873554597162164e+00 1.693466399100905886e-04
1.577111069441839986e+00 3.058317747723187361e-05
1.577348584286517807e+00 1.685840945098028944e-04
1.577586099131195629e+00 3.089967342639348856e-04
1.577823613975873229e+00 3.995715776833597935e-04
1.578061128820551051e+00 4.231756048418616268e-04
1.578298643665228873e+00 3.745742944452135677e-04
1.578536158509906695e+00 2.611754239466291508e-04
1.578773673354584517e+00 1.033427628384942372e-04
1.579011188199262339e+00 8.661404628951769127e-05
1.579248703043940161e+00 2.522672812975431766e-04
1.579486217888617761e+00 3.804609614618530578e-04
1.579723732733295583e+00 4.457963715086978680e-04
1.579961247577973404e+00 4.356710942057340848e-04
1.580198762422651226e+00 3.505694277561187855e-04
1.580436277267329048e+00 2.043405418566551248e-04
1.580673792112006870e+00 3.412457529299683489e-05
1.580911306956684692e+00 1.756093880675458903e-04
1.581148821801362514e+00 3.387254120936320661e-04
1.581386336646040114e+00 4.473512246457499392e-04
1.581623851490717936e+00 4.810598558244158821e-04
1.581861366335395758e+00 4.325906816847299892e-04
1.582098881180073580e+00 3.089518323133785003e-04
1.582336396024751402e+00 1.313212839326378435e-04
1.582573910869429223e+00 8.183344551084860419e-05
1.582811425714107045e+00 2.736683317288474853e-04
1.583048940558784867e+00 4.252257950746878316e-04
1.583286455403462467e+00 5.066903990985134219e-04
1.583523970248140289e+00 5.023970544471783413e-04
1.583761485092818111e+00 4.114390952026212201e-04
1.583998999937495933e+00 2.481591052761844920e-04
1.584236514782173755e+00 4.611545046005404526e-05
1.584474029626851577e+00 1.855600831718064159e-04
1.584711544471529399e+00 3.774447811453058828e-04
1.584949059316206998e+00 5.088685541059379935e-04
1.585186574160884820e+00 5.552107926063234479e-04
1.585424089005562642e+00 5.066197348151190534e-04
1.585661603850240464e+00 3.696190967479911420e-04
1.585899118694918286e+00 1.668404990184547813e-04
1.586136633539596108e+00 7.705953948591928455e-05
1.586374148384273930e+00 3.027547032936854640e-04
1.586611663228951752e+00 4.843534047555380349e-04
1.586849178073629352e+00 5.864043328000240890e-04
1.587086692918307174e+00 5.892605374476470211e-04
1.587324207762984996e+00 4.902154745673979741e-04
1.587561722607662817e+00 3.043453496436232726e-04
1.587799237452340639e+00 6.553832989104087096e-05
1.588036752297018461e+00 2.007573731341121524e-04
1.588274267141696283e+00 4.304224186530497477e-04
1.588511781986373883e+00 5.915885303019220460e-04
1.588749296831051705e+00 6.540896013829111937e-04
1.588986811675729527e+00 6.046409876287409807e-04
1.589224326520407349e+00 4.491642893507427452e-04
1.589461841365085171e+00 2.125428256344847971e-04
1.589699356209762993e+00 7.344790819981849477e-05
1.589936871054440815e+00 3.448941678264780784e-04
1.590174385899118636e+00 5.666660871593541277e-04
1.590411900743796236e+00 6.958712733836554818e-04
1.590649415588474058e+00 7.074610455890786766e-04
1.590886930433151880e+00 5.963127559905041309e-04
1.591124445277829702e+00 3.786168485648292652e-04
1.591361960122507524e+00 9.143004260178689559e-05
1.591599474967185346e+00 2.261470475356182927e-04
1.591836989811863168e+00 5.078211189454351956e-04
1.592074504656540768e+00 7.094603277436085931e-04
1.592312019501218590e+00 7.931773247557497974e-04
1.592549534345896411e+00 7.409205024574039723e-04
1.592787049190574233e+00 5.578579404642301830e-04
1.593024564035252055e+00 2.723507321415516826e-04
1.593262078879929877e+00 7.441053331957376616e-05
1.593499593724607699e+00 4.114106775740603559e-04
1.593737108569285521e+00 6.897963182949633102e-04
1.593974623413963121e+00 8.563412371024467723e-04
1.594212138258640943e+00 8.782274307447383594e-04
1.594449653103318765e+00 7.469318376157392959e-04
1.594687167947996587e+00 4.804732171996789567e-04
1.594924682792674409e+00 1.221973827944962648e-04
1.595162197637352230e+00 2.737335478627883558e-04
1.595399712482030052e+00 6.317990714000560606e-04
1.595637227326707652e+00 8.916821841549501648e-04
1.595874742171385474e+00 1.003923353713753047e-03
1.596112257016063296e+00 9.434033089976700008e-04
1.596349771860741118e+00 7.143910757863927707e-04
1.596587286705418940e+00 3.510136387357760848e-04
1.596824801550096762e+00 9.135871354484140607e-05
1.597062316394774584e+00 5.301197367783631572e-04
1.597299831239452406e+00 8.942882563631891681e-04
1.597537346084130006e+00 1.114796873501460979e-03
1.597774860928807827e+00 1.146656862508055232e-03
1.598012375773485649e+00 9.762584150420030747e-04
1.598249890618163471e+00 6.250943709179444460e-04
1.598487405462841293e+00 1.481951835941060637e-04
1.598724920307519115e+00 3.787227112706584840e-04
1.598962435152196937e+00 8.600234255224621172e-04
1.599199949996874537e+00 1.210088507570981128e-03
1.599437464841552359e+00 1.360044040244941200e-03
1.599674979686230181e+00 1.273238652999461248e-03
1.599912494530908003e+00 9.532395078327634023e-04
1.600150009375585825e+00 4.453787569216671803e-04
1.600387524220263646e+00 1.705599503340776040e-04
1.600625039064941468e+00 7.868851822548367366e-04
1.600862553909619290e+00 1.294815063457860869e-03
1.601100068754296890e+00 1.595813975337346657e-03
1.601337583598974712e+00 1.623079183592917056e-03
1.601575098443652534e+00 1.354960631746167854e-03
1.601812613288330356e+00 8.217560741128292472e-04
1.602050128133008178e+00 1.043962816499035759e-04
1.602287642977686000e+00 6.801104038714069584e-04
1.602525157822363822e+00 1.389275265015452003e-03
1.602762672667041421e+00 1.887636774633130688e-03
1.603000187511719243e+00 2.066898527047864292e-03
1.603237702356397065e+00 1.869078019612617015e-03
1.603475217201074887e+00 1.301387325784872373e-03
1.603712732045752709e+00 4.407601935718878498e-04
1.603950246890430531e+00 5.741785024352913467e-04
1.604187761735108353e+00 1.562303622963808055e-03
1.604425276579786175e+00 2.331287553268992715e-03
1.604662791424463775e+00 2.713448525373681874e-03
1.604900306269141597e+00 2.603695529220064961e-03
1.605137821113819419e+00 1.992410782391584693e-03
1.605375335958497240e+00 9.877840087283954081e-04
1.605612850803175062e+00 1.772042846296582278e-04
1.605850365647852884e+00 1.155469828764749216e-03
1.606087880492530706e+00 1.516092390743114648e-03
1.606325395337208306e+00 7.901600258354724710e-04
1.606562910181886128e+00 1.476247244207025671e-03
1.606800425026563950e+00 5.645940147660180423e-03
1.607037939871241772e+00 1.194979644547628991e-02
1.607275454715919594e+00 2.042587829616167305e-02
1.607512969560597416e+00 3.089362854618804208e-02
1.607750484405275238e+00 4.294724807017858553e-02
1.607987999249953059e+00 5.597532664432190025e-02
1.608225514094630659e+00 6.920567354106914315e-02
1.608463028939308481e+00 8.177130788417737162e-02
1.608700543783986303e+00 9.279075235922250309e-02
1.608938058628664125e+00 1.014537457271396520e-01
1.609175573473341947e+00 1.071025513158166409e-01
1.609413088318019769e+00 1.092993387867122468e-01
1.609650603162697591e+00 1.078716363210828616e-01
1.609888118007375191e+00 1.029304056141035068e-01
1.610125632852053013e+00 9.485855682196625560e-02
1.610363147696730834e+00 8.427127151494896717e-02
1.610600662541408656e+00 7.195287584404726211e-02
1.610838177386086478e+00 5.877776468311340929e-02
1.611075692230764300e+00 4.562466587101267346e-02
1.611313207075442122e+00 3.329412976271800551e-02
1.611550721920119944e+00 2.243847299939696199e-02
1.611788236764797544e+00 1.351160531389120067e-02
1.612025751609475366e+00 6.743485595180286583e-03
1.612263266454153188e+00 2.140784000987884430e-03
1.612500781298831010e+00 4.888610987030013325e-04
1.612738296143508832e+00 1.488852944261320537e-03
1.612975810988186653e+00 1.301010708462806880e-03
1.613213325832864475e+00 3.993315101924300808e-04
1.613450840677542075e+00 7.757391734850713682e-04
1.613688355522219897e+00 1.846063105299618418e-03
1.613925870366897719e+00 2.555773413602688889e-03
1.614163385211575541e+00 2.769642861336113222e-03
1.614400900056253363e+00 2.474626719749243881e-03
1.614638414900931185e+00 1.760003304696516283e-03
1.614875929745609007e+00 7.861431068374415609e-04
1.615113444590286829e+00 2.583795052540468671e-04
1.615350959434964428e+00 1.174573716023200520e-03
1.615588474279642250e+00 1.818702989250286020e-03
1.615825989124320072e+00 2.096859770369668627e-03
1.616063503968997894e+00 1.987122497559569087e-03
1.616301018813675716e+00 1.535890297602428636e-03
1.616538533658353538e+00 8.447748094105689103e-04
1.616776048503031360e+00 5.919862544203024324e-05
1.617013563347708960e+00 7.101348104683902771e-04
1.617251078192386782e+00 1.299792684041261052e-03
1.617488593037064604e+00 1.631362997232104102e-03
1.617726107881742426e+00 1.662780785878221861e-03
1.617963622726420247e+00 1.405609900202878107e-03
1.618201137571098069e+00 9.197881919530801094e-04
1.618438652415775891e+00 3.014483142879171478e-04
1.618676167260453713e+00 3.421549925962059165e-04
1.618913682105131313e+00 8.919802171666182467e-04
1.619151196949809135e+00 1.263587987115325070e-03
1.619388711794486957e+00 1.401607981604849730e-03
1.619626226639164779e+00 1.293452841077460122e-03
1.619863741483842601e+00 9.688595376180896696e-04
1.620101256328520423e+00 4.930240863689681853e-04
1.620338771173198245e+00 5.711720898812970115e-05
1.620576286017875844e+00 5.586808422973937090e-04
1.620813800862553666e+00 9.520488784432954701e-04
1.621051315707231488e+00 1.167618050633983376e-03
1.621288830551909310e+00 1.175747436931135793e-03
1.621526345396587132e+00 9.832129264646350623e-04
1.621763860241264954e+00 6.305479199814092691e-04
1.622001375085942776e+00 1.849340229965282809e-04
1.622238889930620598e+00 2.811095628505923955e-04
1.622476404775298198e+00 6.784212432007633627e-04
1.622713919619976020e+00 9.471733248598546671e-04
1.622951434464653842e+00 1.045705990983490869e-03
1.623188949309331663e+00 9.631065140092824346e-04
1.623426464154009485e+00 7.195495701975388077e-04
1.623663978998687307e+00 3.620054436963033727e-04
1.623901493843365129e+00 5.475211877592074650e-05
1.624139008688042729e+00 4.351584701798797816e-04
1.624376523532720551e+00 7.361366166329009640e-04
1.624614038377398373e+00 9.031407925110000517e-04
1.624851553222076195e+00 9.117746183235223359e-04
1.625089068066754017e+00 7.653344059570059681e-04
1.625326582911431839e+00 4.933587797991077209e-04
1.625564097756109661e+00 1.469610407809296632e-04
1.625801612600787482e+00 2.200159290907061440e-04
1.626039127445465082e+00 5.346951042533547175e-04
1.626276642290142904e+00 7.507617318574038526e-04
1.626514157134820726e+00 8.336652103139766644e-04
1.626751671979498548e+00 7.728950295684439446e-04
1.626989186824176370e+00 5.826327609740682926e-04
1.627226701668854192e+00 2.988639317535832121e-04
1.627464216513532014e+00 3.953421161010122511e-05
1.627701731358209614e+00 3.450778775314065927e-04
1.627939246202887436e+00 5.926340325403306507e-04
1.628176761047565257e+00 7.338351520595110975e-04
1.628414275892243079e+00 7.471613085856094148e-04
1.628651790736920901e+00 6.334534868835344336e-04
1.628889305581598723e+00 4.151554670527418103e-04
1.629126820426276545e+00 1.329791394417445028e-04
1.629364335270954367e+00 1.706551269114673633e-04
1.629601850115631967e+00 4.334266470908124591e-04
1.629839364960309789e+00 6.176732031718130391e-04
1.630076879804987611e+00 6.931728339923333470e-04
1.630314394649665433e+00 6.494735532883001792e-04
1.630551909494343255e+00 4.966507508625034231e-04
1.630789424339021076e+00 2.632964811469628696e-04
1.631026939183698898e+00 2.672882186906583418e-05
1.631264454028376498e+00 2.780143571089601718e-04
1.631501968873054320e+00 4.907156049793835045e-04
1.631739483717732142e+00 6.161429820311569924e-04
1.631976998562409964e+00 6.345858698627815332e-04
1.632214513407087786e+00 5.450799776482628724e-04
1.632452028251765608e+00 3.650891363254345299e-04
1.632689543096443430e+00 1.279793421956766230e-04
1.632927057941121252e+00 1.315393399724375603e-04
1.633164572785798851e+00 3.584931458510747459e-04
1.633402087630476673e+00 5.214387223181939091e-04
1.633639602475154495e+00 5.930202369692022741e-04
1.633877117319832317e+00 5.627338969457833196e-04
1.634114632164510139e+00 4.376578694822307221e-04
1.634352147009187961e+00 2.410383094376580923e-04
1.634589661853865783e+00 2.352546506581355325e-05
1.634827176698543383e+00 2.264324223627157278e-04
1.635064691543221205e+00 4.145049067393040843e-04
1.635302206387899027e+00 5.293447396892307167e-04
1.635539721232576849e+00 5.524799654576074493e-04
1.635777236077254670e+00 4.815661387132420682e-04
1.636014750921932492e+00 3.303632754899151901e-04
1.636252265766610314e+00 1.267536425257155324e-04
1.636489780611288136e+00 1.002201418957225068e-04
1.636727295455965736e+00 3.007638392926956792e-04
1.636964810300643558e+00 4.484021272662294904e-04
1.637202325145321380e+00 5.177438293717106111e-04
1.637439839989999202e+00 4.981984492516146855e-04
1.637677354834677024e+00 3.945535549266358539e-04
1.637914869679354846e+00 2.259911884594683663e-04
1.638152384524032668e+00 2.969316936128238880e-05
1.638389899368710267e+00 1.855590697205144806e-04
1.638627414213388089e+00 3.552063309197646271e-04
1.638864929058065911e+00 4.624417031853846082e-04
1.639102443902743733e+00 4.896900969576484892e-04
1.639339958747421555e+00 4.335181816224862347e-04
1.639577473592099377e+00 3.048128316627533754e-04
1.639814988436777199e+00 1.271975423189069946e-04
1.640052503281455021e+00 7.479356674155323735e-05
1.640290018126132621e+00 2.548274834084813265e-04
1.640527532970810443e+00 3.908748850214566585e-04
1.640765047815488265e+00 4.588545715771373133e-04
1.641002562660166086e+00 4.480823274301836984e-04
1.641240077504843908e+00 3.615337919391114390e-04
1.641477592349521730e+00 2.151847950900021293e-04
1.641715107194199552e+00 3.890009846521149935e-05
1.641952622038877152e+00 1.523488298990563353e-04
1.642190136883554974e+00 3.076013782098231176e-04
1.642427651728232796e+00 4.090826989066437790e-04
1.642665166572910618e+00 4.398912202853896814e-04
1.642902681417588440e+00 3.957129875257344126e-04
1.643140196262266262e+00 2.851339301349587688e-04
1.643377711106944083e+00 1.283681034578457397e-04
1.643615225951621905e+00 5.396652109105795598e-05
1.643852740796299505e+00 2.173096352116716493e-04
1.644090255640977327e+00 3.442170500280408068e-04
1.644327770485655149e+00 4.113184487876909100e-04
1.644565285330332971e+00 4.078397972885346818e-04
1.644802800175010793e+00 3.352848987819190990e-04
1.645040315019688615e+00 2.070271702685342523e-04
1.645277829864366437e+00 4.813253265484365967e-05
1.645515344709044037e+00 1.248002464796060915e-04
1.645752859553721859e+00 2.684124492253670740e-04
1.645990374398399680e+00 3.653534174989912808e-04
1.646227889243077502e+00 3.992371438047650654e-04
1.646465404087755324e+00 3.650235163334431421e-04
1.646702918932433146e+00 2.694093944176634281e-04
1.646940433777110968e+00 1.298121323984045871e-04
1.647177948621788790e+00 3.701421591418505166e-05
1.647415463466466390e+00 1.860084423673668164e-04
1.647652978311144212e+00 3.054694760760740153e-04
1.647890493155822034e+00 3.719664685527938365e-04
1.648128008000499856e+00 3.746436007487505206e-04
1.648365522845177678e+00 3.137839043519508975e-04
1.648603037689855499e+00 2.006003672200741160e-04
1.648840552534533321e+00 5.662305835008985233e-05
1.649078067379210921e+00 1.015566999324266621e-04
1.649315582223888743e+00 2.354826438254993082e-04
1.649553097068566565e+00 3.287138477820924750e-04
1.649790611913244387e+00 3.652580158790218168e-04
1.650028126757922209e+00 3.394670884714899887e-04
1.650265641602600031e+00 2.564559823300564334e-04
1.650503156447277853e+00 1.313016785029370848e-04
1.650740671291955675e+00 2.400485758706860873e-05
1.650978186136633274e+00 1.594306177158540637e-04
1.651215700981311096e+00 2.726588943703066054e-04
1.651453215825988918e+00 3.387066616723045996e-04
1.651690730670666740e+00 3.466455219628011321e-04
1.651928245515344562e+00 2.957290180871618144e-04
1.652165760360022384e+00 1.953436507205283542e-04
1.652403275204700206e+00 6.423719497762027332e-05
1.652640790049377806e+00 8.167419912123964284e-05
1.652878304894055628e+00 2.073368527579597001e-04
1.653115819738733450e+00 2.974456898158425993e-04
1.653353334583411272e+00 3.362970173332861692e-04
1.653590849428089093e+00 3.177277588134974585e-04
1.653828364272766915e+00 2.455066689668879512e-04
1.654065879117444737e+00 1.327192879424468782e-04
1.654303393962122559e+00 1.676906533466816492e-05
1.654540908806800159e+00 1.365297968419502050e-04
1.654778423651477981e+00 2.444203928493995709e-04
1.655015938496155803e+00 3.101037178980101312e-04
1.655253453340833625e+00 3.225877581997335132e-04
1.655490968185511447e+00 2.802462311632518974e-04
1.655728483030189269e+00 1.908981574997190510e-04
1.655965997874867091e+00 7.101078870904513579e-05
1.656203512719544690e+00 6.448475024269220484e-05
1.656441027564222512e+00 1.829333014412379971e-04
1.656678542408900334e+00 2.703460035039306287e-04
1.656916057253578156e+00 3.112023181019516328e-04
1.657153572098255978e+00 2.988989448042780233e-04
1.657391086942933800e+00 2.360439755712524063e-04
1.657628601787611622e+00 1.340043835833263839e-04
1.657866116632289444e+00 1.792257257522879914e-05
1.658103631476967044e+00 1.165522070775231703e-04
1.658341146321644866e+00 2.197806102172011368e-04
1.658578661166322687e+00 2.851409349723955911e-04
1.658816176011000509e+00 3.015854806202798418e-04
1.659053690855678331e+00 2.667279467435920205e-04
1.659291205700356153e+00 1.870252619373192799e-04
1.659528720545033975e+00 7.702256940032312451e-05
1.659766235389711575e+00 4.951823022835907128e-05
1.660003750234389397e+00 1.615160103108129706e-04
1.660241265079067219e+00 2.465481732103768937e-04
1.660478779923745041e+00 2.891490240784675651e-04
1.660716294768422863e+00 2.823364945883427221e-04
1.660953809613100685e+00 2.277070590632342096e-04
1.661191324457778506e+00 1.351267141676886440e-04
1.661428839302456328e+00 2.421560354907560694e-05
1.661666354147133928e+00 9.894195789565258224e-05
1.661903868991811750e+00 1.980272936534898233e-04
1.662141383836489572e+00 2.630785868976685165e-04
1.662378898681167394e+00 2.829987582320511643e-04
1.662616413525845216e+00 2.547393353869863868e-04
1.662853928370523038e+00 1.835611633297902577e-04
1.663091443215200860e+00 8.235584200324294699e-05
1.663328958059878460e+00 3.647009026669663893e-05
1.663566472904556282e+00 1.425235283615796170e-04
1.663803987749234103e+00 2.254125556504457423e-04
1.664041502593911925e+00 2.695314077585902308e-04
1.664279017438589747e+00 2.675706943632960967e-04
1.664516532283267569e+00 2.202372479838061775e-04
1.664754047127945391e+00 1.360725940403782427e-04
1.664991561972623213e+00 3.164552344884797317e-05
1.665229076817300813e+00 8.328092456246039368e-05
1.665466591661978635e+00 1.786276587681554732e-04
1.665704106506656457e+00 2.433660892791207587e-04
1.665941621351334279e+00 2.663538038193917338e-04
1.666179136196012101e+00 2.439615031317278265e-04
1.666416651040689922e+00 1.803903914818641777e-04
1.666654165885367744e+00 8.708689288301838926e-05
1.666891680730045344e+00 2.523742575810762530e-05
1.667129195574723166e+00 1.255304582400990770e-04
1.667366710419400988e+00 2.064571405380287027e-04
1.667604225264078810e+00 2.518950923584593947e-04
1.667841740108756632e+00 2.542514067266365171e-04
1.668079254953434454e+00 2.134447352935887096e-04
1.668316769798112276e+00 1.368375121273440905e-04
1.668554284642790098e+00 3.890769394053412354e-05
1.668791799487467697e+00 6.924955500910440350e-05
1.669029314332145519e+00 1.611755357874008294e-04
1.669266829176823341e+00 2.255855693007190502e-04
1.669504344021501163e+00 2.512927475088471579e-04
1.669741858866178985e+00 2.341556665954085885e-04
1.669979373710856807e+00 1.774297120029368860e-04
1.670216888555534629e+00 9.128218199999188444e-05
1.670454403400212229e+00 1.617174219263752639e-05
1.670691918244890051e+00 1.102088320847374151e-04
1.670929433089567873e+00 1.893121468517782889e-04
1.671166947934245695e+00 2.358929341261878571e-04
1.671404462778923516e+00 2.421126692883857014e-04
1.671641977623601338e+00 2.071874607310378552e-04
1.671879492468279160e+00 1.374220518381732666e-04
1.672117007312956982e+00 4.567545394293030900e-05
1.672354522157634582e+00 5.660094621246321349e-05
1.672592037002312404e+00 1.453561358379047220e-04
1.672829551846990226e+00 2.094144920798111681e-04
1.673067066691668048e+00 2.375405836393718907e-04
1.673304581536345870e+00 2.251398225922589984e-04
1.673542096381023692e+00 1.746180037455619398e-04
1.673779611225701514e+00 9.499850968020445490e-05
1.674017126070379113e+00 1.108671978671712739e-05
1.674254640915056935e+00 9.630191058729935488e-05
1.674492155759734757e+00 1.736894519882454526e-04
1.674729670604412579e+00 2.212554839143096466e-04
1.674967185449090401e+00 2.309491623997488279e-04
1.675204700293768223e+00 2.013572974828044390e-04
1.675442215138446045e+00 1.378295936027234918e-04
1.675679729983123867e+00 5.188416083391958732e-05
1.675917244827801467e+00 4.514405202434144569e-05
1.676154759672479289e+00 1.309219563006124715e-04
1.676392274517157110e+00 1.946002447269649710e-04
1.676629789361834932e+00 2.248828185282627807e-04
1.676867304206512754e+00 2.167731192079033070e-04
1.677104819051190576e+00 1.719096973958492234e-04
1.677342333895868398e+00 9.828411462150640136e-05
1.677579848740545998e+00 1.269382515996413082e-05
1.677817363585223820e+00 8.360598753226921220e-05
1.678054878429901642e+00 1.593615014376208443e-04
1.678292393274579464e+00 2.077707077166046645e-04
1.678529908119257286e+00 2.206001569439921671e-04
1.678767422963935108e+00 1.958707684686997598e-04
1.679004937808612929e+00 1.380650059084399838e-04
1.679242452653290751e+00 5.754542750716134326e-05
1.679479967497968351e+00 3.473465283657287643e-05
1.679717482342646173e+00 1.176759312429151384e-04
1.679954997187323995e+00 1.809424469692128251e-04
1.680192512032001817e+00 2.131499900789840909e-04
1.680430026876679639e+00 2.089451242803617309e-04
1.680667541721357461e+00 1.692704088585583213e-04
1.680905056566035283e+00 1.011799589974345115e-04
1.681142571410712883e+00 1.819563695845651045e-05
1.681380086255390705e+00 7.195748773681326057e-05
1.681617601100068526e+00 1.461464446161772287e-04
1.681855115944746348e+00 1.952697532327235118e-04
1.682092630789424170e+00 2.109383126716511897e-04
1.682330145634101992e+00 1.906626560957698610e-04
1.682567660478779814e+00 1.381338971228183077e-04
1.682805175323457636e+00 6.269339005397467867e-05
1.683042690168135236e+00 2.527739226089353156e-05
1.683280205012813058e+00 1.054594159487485156e-04
1.683517719857490880e+00 1.682803859245508426e-04
1.683755234702168702e+00 2.022067188621350152e-04
1.683992749546846524e+00 2.015682945060018392e-04
1.684230264391524345e+00 1.666739650079986351e-04
1.684467779236202167e+00 1.037209360761360682e-04
1.684705294080879767e+00 2.446176837744162445e-05
1.684942808925557589e+00 6.122364685447218718e-05
1.685180323770235411e+00 1.338974611161526489e-04
1.685417838614913233e+00 1.836167636007340204e-04
1.685655353459591055e+00 2.018617031066078586e-04
1.685892868304268877e+00 1.856815104938314652e-04
1.686130383148946699e+00 1.380421918661721783e-04
1.686367897993624521e+00 6.736712110557315479e-05
1.686605412838302120e+00 1.676049825171329363e-05
1.686842927682979942e+00 9.414347299495247335e-05
1.687080442527657764e+00 1.564839285696853488e-04
1.687317957372335586e+00 1.919438187440561155e-04
1.687555472217013408e+00 1.945725877331597816e-04
1.687792987061691230e+00 1.641003360965853273e-04
1.688030501906369052e+00 1.059369202871910542e-04
1.688268016751046874e+00 3.060210327950658603e-05
1.688505531595724474e+00 5.129566505774386411e-05
1.688743046440402296e+00 1.224949700761944048e-04
1.688980561285080118e+00 1.727014606324831782e-04
1.689218076129757939e+00 1.932880354303917307e-04
1.689455590974435761e+00 1.808864326678365382e-04
1.689693105819113583e+00 1.377958977271877717e-04
1.689930620663791405e+00 7.160453160544084808e-05
1.690168135508469005e+00 9.470888393514070185e-06
1.690405650353146827e+00 8.362246507977596718e-05
1.690643165197824649e+00 1.454468448256901480e-04
1.690880680042502471e+00 1.822725174256302342e-04
1.691118194887180293e+00 1.879015421893688706e-04
1.691355709731858115e+00 1.615341722593444183e-04
1.691593224576535937e+00 1.078536500831957966e-04
1.691830739421213758e+00 3.639651780982334833e-05
1.692068254265891358e+00 4.208360161203792766e-05
1.692305769110569180e+00 1.118408651347671968e-04
1.692543283955247002e+00 1.624336616646880138e-04
1.692780798799924824e+00 1.851503944317157513e-04
1.693018313644602646e+00 1.762447325831995764e-04
1.693255828489280468e+00 1.374009848126446877e-04
1.693493343333958290e+00 7.544035565795188358e-05
1.693730858178635890e+00 5.603183429134205503e-06
1.693968373023313712e+00 7.380929925394148945e-05
1.694205887867991533e+00 1.350818342403667589e-04
1.694443402712669355e+00 1.731201601831453625e-04
1.694680917557347177e+00 1.815093794362673991e-04
1.694918432402024999e+00 1.589637512104212361e-04
1.695155947246702821e+00 1.094934592011366189e-04
1.695393462091380643e+00 4.179371299619543453e-05
1.695630976936058243e+00 3.351251537966736259e-05
1.695868491780736065e+00 1.018542023767989035e-04
1.696106006625413887e+00 1.527391714649400814e-04
1.696343521470091709e+00 1.773940644240050196e-04
1.696581036314769531e+00 1.717301990455416972e-04
1.696818551159447352e+00 1.368633325985838000e-04
1.697056066004125174e+00 7.890568514893775171e-05
1.697293580848802774e+00 8.876985552804515268e-06
1.697531095693480596e+00 6.463189188550323456e-05
1.697768610538158418e+00 1.253167791117920540e-04
1.698006125382836240e+00 1.644269747006921612e-04
1.698243640227514062e+00 1.753588349695626178e-04
1.698481155072191884e+00 1.563802113712509231e-04
1.698718669916869706e+00 1.108758790543751472e-04
1.698956184761547528e+00 4.679256896642918921e-05
1.699193699606225127e+00 2.551951146367526310e-05
1.699431214450902949e+00 9.246795404655610597e-05
1.699668729295580771e+00 1.435566688555630634e-04
1.699906244140258593e+00 1.699741264446826146e-04
1.700143758984936415e+00 1.673218052957452142e-04
1.700381273829614237e+00 1.361887170679904665e-04
1.700618788674292059e+00 8.202810074724468849e-05
1.700856303518969659e+00 1.448654726673388995e-05
1.701093818363647481e+00 5.603058546438340520e-05
1.701331333208325303e+00 1.160918968405531669e-04
1.701568848053003125e+00 1.561436075496182795e-04
1.701806362897680946e+00 1.694195143405303973e-04
1.702043877742358768e+00 1.537769866248905643e-04
1.702281392587036590e+00 1.120181347259787698e-04
1.702518907431714412e+00 5.140832696700757299e-05
1.702756422276392012e+00 1.805145928354633168e-05
1.702993937121069834e+00 8.362656643562469804e-05
1.703231451965747656e+00 1.348353249567008495e-04
1.703468966810425478e+00 1.628536221784536897e-04
1.703706481655103300e+00 1.630027298920212352e-04
1.703943996499781122e+00 1.353828219078445714e-04
1.704181511344458944e+00 8.483201691738282216e-05
1.704419026189136543e+00 2.016269189641127634e-05
1.704656541033814365e+00 4.795638876813794818e-05
1.704894055878492187e+00 1.073575648135042442e-04
1.705131570723170009e+00 1.482292305221032710e-04
1.705369085567847831e+00 1.636666350285182424e-04
1.705606600412525653e+00 1.511493861162397831e-04
1.705844115257203475e+00 1.129355547474295408e-04
1.706081630101881297e+00 5.566122768264216385e-05
1.706319144946558897e+00 1.106323292527441424e-05
1.706556659791236719e+00 7.528414964654521610e-05
1.706794174635914541e+00 1.265329684638219964e-04
1.707031689480592362e+00 1.560021381077929985e-04
1.707269204325270184e+00 1.587596094843621926e-04
1.707506719169948006e+00 1.344512641148533100e-04
1.707744234014625828e+00 8.733908275957226496e-05
1.707981748859303428e+00 2.557235601858071357e-05
1.708219263703981250e+00 4.037008633448237058e-05
1.708456778548659072e+00 9.907265991704619580e-05
1.708694293393336894e+00 1.406500742595942184e-04
1.708931808238014716e+00 1.580800554750638374e-04
1.709169323082692538e+00 1.484942801312848595e-04
1.709406837927370360e+00 1.136419112905244646e-04
1.709644352772048181e+00 5.957229602841322680e-05
1.709881867616725781e+00 4.516591798689891591e-06
1.710119382461403603e+00 6.740319717850723729e-05
1.710356897306081425e+00 1.186146671455591740e-04
1.710594412150759247e+00 1.493947059434902285e-04
1.710831926995437069e+00 1.545819645351720719e-04
1.711069441840114891e+00 1.333996283117957679e-04
1.711306956684792713e+00 8.956857394223659882e-05
1.711544471529470313e+00 3.065505579912265044e-05
1.711781986374148135e+00 3.324259119070229325e-05
1.712019501218825956e+00 9.120330390054410760e-05
1.712257016063503778e+00 1.333782871699169923e-04
1.712494530908181600e+00 1.526435209765867902e-04
1.712732045752859422e+00 1.458098649954227819e-04
1.712969560597537244e+00 1.141497048918200516e-04
1.713207075442215066e+00 6.316173096662728833e-05
1.713444590286892666e+00 1.627240361343446916e-06
1.713682105131570488e+00 5.995379816184746722e-05
1.713919619976248310e+00 1.110516322391060033e-04
1.714157134820926132e+00 1.430109444565813841e-04
1.714394649665603954e+00 1.504617561892451273e-04
1.714632164510281775e+00 1.322335064305189595e-04
1.714869679354959597e+00 9.153775142321160508e-05
1.715107194199637197e+00 3.540562403533988587e-05
1.715344709044315019e+00 2.655776221498919092e-05
1.715582223888992841e+00 8.372194228758708982e-05
1.715819738733670663e+00 1.263910458235005692e-04
1.716057253578348485e+00 1.473440757119318860e-04
1.716294768423026307e+00 1.430954875918995933e-04
1.716532283267704129e+00 1.144704046626268326e-04
1.716769798112381951e+00 6.644833689627017005e-05
1.717007312957059550e+00 7.385079087225673164e-06
1.717244827801737372e+00 5.291338189441819494e-05
1.717482342646415194e+00 1.038203794023281906e-04
1.717719857491093016e+00 1.368343882423991788e-04
1.717957372335770838e+00 1.463930438707330072e-04
1.718194887180448660e+00 1.309585410481092034e-04
1.718432402025126482e+00 9.326218020504399120e-05
1.718669916869804082e+00 3.983379299822616278e-05
1.718907431714481904e+00 2.032163285474035712e-05
1.719144946559159726e+00 7.660671419156246198e-05
1.719382461403837548e+00 1.196698633073362721e-04
1.719619976248515369e+00 1.421716039322395498e-04
1.719857491093193191e+00 1.403515162150339741e-04
1.720095005937871013e+00 1.146146535193374793e-04
1.720332520782548835e+00 6.944939510315787854e-05
1.720570035627226435e+00 1.279095235257151681e-05
1.720807550471904257e+00 4.626714853629700731e-05
1.721045065316582079e+00 9.690209935757951136e-05
1.721282580161259901e+00 1.308519634757721983e-04
1.721520095005937723e+00 1.423717216369693337e-04
1.721757609850615545e+00 1.295804714625721781e-04
1.721995124695293367e+00 9.475600921071224267e-05
1.722232639539970966e+00 4.395350981802085909e-05
1.722470154384648788e+00 1.459272600290325068e-05
1.722707669229326610e+00 6.984109680886930885e-05
1.722945184074004432e+00 1.132000564779162162e-04
1.723182698918682254e+00 1.371184729222701764e-04
1.723420213763360076e+00 1.375792477356543701e-04
1.723657728608037898e+00 1.145924454493296068e-04
1.723895243452715720e+00 7.218072398576077706e-05
1.724132758297393320e+00 1.786464003361876930e-05
1.724370273142071142e+00 4.000954255766099875e-05
1.724607787986748964e+00 9.028220670864607730e-05
1.724845302831426785e+00 1.250535811454069404e-04
1.725082817676104607e+00 1.383953171335755908e-04
1.725320332520782429e+00 1.281051824600683699e-04
1.725557847365460251e+00 9.603221646428369059e-05
1.725795362210137851e+00 4.777949671625299948e-05
1.726032877054815673e+00 9.600243232555249706e-06
1.726270391899493495e+00 6.341383580421687679e-05
1.726507906744171317e+00 1.069703434063491070e-04
1.726745421588849139e+00 1.321792575400791974e-04
1.726982936433526961e+00 1.347808441865232102e-04
1.727220451278204782e+00 1.144132812561499926e-04
1.727457966122882604e+00 7.465681755469635741e-05
1.727695480967560204e+00 2.262515321840308789e-05
1.727932995812238026e+00 3.414752219497678426e-05
1.728170510656915848e+00 8.395004681089930784e-05
1.728408025501593670e+00 1.194318257305841170e-04
1.728645540346271492e+00 1.344628409584257408e-04
1.728883055190949314e+00 1.265387556432998994e-04
1.729120570035627136e+00 9.710282428160592252e-05
1.729358084880304736e+00 5.132604571390284699e-05
1.729595599724982558e+00 6.260311396111120831e-06
1.729833114569660379e+00 5.731920520078398175e-05
1.730070629414338201e+00 1.009725505817692716e-04
1.730308144259016023e+00 1.273505313082351519e-04
1.730545659103693845e+00 1.319592937303790917e-04
1.730783173948371667e+00 1.140863076431559232e-04
1.731020688793049489e+00 7.689101184086389413e-05
1.731258203637727089e+00 2.708935466521991301e-05
1.731495718482404911e+00 2.870718897928067128e-05
1.731733233327082733e+00 7.789875069695790296e-05
1.731970748171760555e+00 1.139817229279596204e-04
1.732208263016438377e+00 1.305746777984102532e-04
1.732445777861116198e+00 1.248875240887558854e-04
1.732683292705794020e+00 9.797909002825492977e-05
1.732920807550471620e+00 5.460661533829817030e-05
1.733158322395149442e+00 6.632325217366265840e-06
1.733395837239827264e+00 5.155768059369870943e-05
1.733633352084505086e+00 9.520141472642714927e-05
1.733870866929182908e+00 1.226307124396416610e-04
1.734108381773860730e+00 1.291183923358024156e-04
1.734345896618538552e+00 1.136204439301643571e-04
1.734583411463216374e+00 7.889565641353580021e-05
1.734820926307893973e+00 3.127222981381633460e-05
1.735058441152571795e+00 2.374695965081879094e-05
1.735295955997249617e+00 7.212523587090232313e-05
1.735533470841927439e+00 1.087005740023916784e-04
1.735770985686605261e+00 1.267325124270363829e-04
1.736008500531283083e+00 1.231581307578053560e-04
1.736246015375960905e+00 9.867167692610589905e-05
1.736483530220638505e+00 5.763374401750018570e-05
1.736721045065316327e+00 9.883520967938712236e-06
1.736958559909994149e+00 4.613716138452213553e-05
1.737196074754671971e+00 8.965446846434975620e-05
1.737433589599349792e+00 1.180199561670582326e-04
1.737671104444027614e+00 1.262627435898129656e-04
1.737908619288705436e+00 1.130244997872054981e-04
1.738146134133383258e+00 8.068228126663008792e-05
1.738383648978060858e+00 3.518716852743445321e-05
1.738621163822738680e+00 1.938306241272510128e-05
1.738858678667416502e+00 6.663035703587436671e-05
1.739096193512094324e+00 1.035878468339113400e-04
1.739333708356772146e+00 1.229392855943445295e-04
1.739571223201449968e+00 1.213575914067916187e-04
1.739808738046127790e+00 9.919080935062810642e-05
1.740046252890805389e+00 6.041909472476157547e-05
1.740283767735483211e+00 1.387108775729749026e-05
1.740521282580161033e+00 4.107493465469774687e-05
1.740758797424838855e+00 8.433200153425936469e-05
1.740996312269516677e+00 1.135200863608431431e-04
1.741233827114194499e+00 1.233977747937348916e-04
1.741471341958872321e+00 1.123072874581723310e-04
1.741708856803550143e+00 8.226175558917531085e-05
1.741946371648227743e+00 3.884621417007955288e-05
1.742183886492905565e+00 1.583277171855336954e-05
1.742421401337583386e+00 6.141921366868024514e-05
1.742658916182261208e+00 9.864511590095203185e-05
1.742896431026939030e+00 1.191991757397864877e-04
1.743133945871616852e+00 1.194933628062485611e-04
1.743371460716294674e+00 9.954641655351688465e-05
1.743608975560972274e+00 6.297355444123646094e-05
1.743846490405650096e+00 1.792034318211731440e-05
1.744084005250327918e+00 3.640060187311403478e-05
1.744321520095005740e+00 7.923708972543792254e-05
1.744559034939683562e+00 1.091345608172629927e-04
1.744796549784361384e+00 1.205297679936747154e-04
1.745034064629039205e+00 1.114777307213709885e-04
1.745271579473717027e+00 8.364443819753965607e-05
1.745509094318394627e+00 4.226028119953961776e-05
1.745746609163072449e+00 1.345082615038395180e-05
1.745984124007750271e+00 5.650161784622910054e-05
1.746221638852428093e+00 9.387604342164012424e-05
1.746459153697105915e+00 1.155176032684874094e-04
1.746696668541783737e+00 1.175734170287785014e-04
1.746934183386461559e+00 9.974826823282815515e-05
1.747171698231139159e+00 6.530735542826776715e-05
1.747409213075816981e+00 2.185407805110471425e-05
1.747646727920494802e+00 3.216007441983238801e-05
1.747884242765172624e+00 7.437568208834380594e-05
1.748121757609850446e+00 1.048684647217305524e-04
1.748359272454528268e+00 1.176659048085581345e-04
1.748596787299206090e+00 1.105449733406977991e-04
1.748834302143883912e+00 8.484032064598123692e-05
1.749071816988561512e+00 4.543934668139605046e-05
1.749309331833239334e+00 1.262059147832718906e-05
1.749546846677917156e+00 5.189270796672898012e-05
1.749784361522594978e+00 8.928639385657853459e-05
1.750021876367272800e+00 1.119012543008878272e-04
1.750259391211950621e+00 1.156063226175710221e-04
1.750496906056628443e+00 9.980610521254246745e-05
1.750734420901306043e+00 6.743020385489105332e-05
1.750971935745983865e+00 2.561565861830714414e-05
1.751209450590661687e+00 2.842016697435563956e-05
1.751446965435339509e+00 6.975673157114138103e-05
1.751684480280017331e+00 1.007285268745046388e-04
1.751921995124695153e+00 1.148143239637499529e-04
1.752159509969372975e+00 1.095184888851825444e-04
1.752397024814050797e+00 8.585916521534657714e-05
1.752634539658728396e+00 4.839262131533847281e-05
1.752872054503406218e+00 1.338728881396820831e-05
1.753109569348084040e+00 4.761365023314550473e-05
1.753347084192761862e+00 8.488407147056291628e-05
1.753584599037439684e+00 1.083581207212030349e-04
1.753822113882117506e+00 1.136013330994540649e-04
1.754059628726795328e+00 9.972976801436128874e-05
1.754297143571472928e+00 6.935141003922878813e-05
1.754534658416150750e+00 2.918496741472658470e-05
1.754772173260828572e+00 2.527160613242894279e-05
1.755009688105506394e+00 6.539234380407010631e-05
1.755247202950184215e+00 9.672315219442152343e-05
1.755484717794862037e+00 1.119841904692999091e-04
1.755722232639539859e+00 1.084081939829078308e-04
1.755959747484217681e+00 8.671063994035022439e-05
1.756197262328895281e+00 5.112870470746768244e-05
1.756434777173573103e+00 1.532286084820526714e-05
1.756672292018250925e+00 4.369227721591329816e-05
1.756909806862928747e+00 8.067916691408730625e-05
1.757147321707606569e+00 1.048975527602691928e-04
1.757384836552284391e+00 1.115684833977079432e-04
1.757622351396962213e+00 9.952932603409197880e-05
1.757859866241639812e+00 7.108001886233166302e-05
1.758097381086317634e+00 3.255535566560223073e-05
1.758334895930995456e+00 2.282470583783459858e-05
1.758572410775673278e+00 6.129790066351423466e-05
1.758809925620351100e+00 9.286246201844046639e-05
1.759047440465028922e+00 1.091857745150223675e-04
1.759284955309706744e+00 1.072245664858792713e-04
1.759522470154384566e+00 8.740445315460734961e-05
1.759759984999062166e+00 5.365572937049776218e-05
1.759997499843739988e+00 1.790349322897331389e-05
1.760235014688417809e+00 4.016334750066720660e-05
1.760472529533095631e+00 7.668399264146991395e-05
1.760710044377773453e+00 1.015303190742296828e-04
1.760947559222451275e+00 1.095186940516715263e-04
1.761185074067129097e+00 9.921520967645832952e-05
1.761422588911806697e+00 7.262494065141605415e-05
1.761660103756484519e+00 3.572586629376465648e-05
1.761897618601162341e+00 2.118821453919139574e-05
1.762135133445840163e+00 5.749208799107102439e-05
1.762372648290517985e+00 8.915833078986254510e-05
1.762610163135195807e+00 1.064305378658147219e-04
1.762847677979873628e+00 1.059787699220675415e-04
1.763085192824551450e+00 8.795049027681488382e-05
1.763322707669229050e+00 5.598149730318404348e-05
1.763560222513906872e+00 2.077121359763638554e-05
1.763797737358584694e+00 3.706785917494911139e-05
1.764035252203262516e+00 7.291307795706399280e-05
1.764272767047940338e+00 9.826866781479620780e-05
1.764510281892618160e+00 1.074638826070062634e-04
1.764747796737295982e+00 9.879834777792585428e-05
1.764985311581973582e+00 7.399508423127362040e-05
1.765222826426651404e+00 3.869818860121803175e-05
1.765460341271329225e+00 2.042688672082816967e-05
1.765697856116007047e+00 5.399671981589097071e-05
1.765935370960684869e+00 8.562440368710105951e-05
1.766172885805362691e+00 1.037312239610983918e-04
1.766410400650040513e+00 1.046827851150305901e-04
1.766647915494718335e+00 8.835895515141717067e-05
1.766885430339395935e+00 5.811361304202734992e-05
1.767122945184073757e+00 2.372559643550856048e-05
1.767360460028751579e+00 3.445057515290557795e-05
1.767597974873429401e+00 6.938308339608038867e-05
1.767835489718107223e+00 9.512637929274251518e-05
1.768073004562785044e+00 1.054170808886553359e-04
1.768310519407462866e+00 9.829031198724767771e-05
1.768548034252140466e+00 7.519949426642142081e-05
1.768785549096818288e+00 4.147534330122418445e-05
1.769023063941496110e+00 2.051699007113530707e-05
1.769260578786173932e+00 5.083620866843260947e-05
1.769498093630851754e+00 8.227607426774859059e-05
1.769735608475529576e+00 1.011019464436934025e-04
1.769973123320207398e+00 1.033495491594347529e-04
1.770210638164885220e+00 8.864051859797451893e-05
1.770448153009562819e+00 6.005961640341853715e-05
1.770685667854240641e+00 2.665840246463657326e-05
1.770923182698918463e+00 3.235485258460067931e-05
1.771160697543596285e+00 6.611258136017972992e-05
1.771398212388274107e+00 9.211879823663717763e-05
1.771635727232951929e+00 1.033925554777353849e-04
1.771873242077629751e+00 9.770347004811659616e-05
1.772110756922307351e+00 7.624749558901296013e-05
1.772348271766985173e+00 4.406108665073724172e-05
1.772585786611662995e+00 2.133876849959965181e-05
1.772823301456340817e+00 4.803649923414490819e-05
1.773060816301018638e+00 7.913039536308208585e-05
1.773298331145696460e+00 9.855826872276402569e-05
1.773535845990374282e+00 1.019931013819948376e-04
1.773773360835052104e+00 8.880647664148153605e-05
1.774010875679729704e+00 6.182711892534995804e-05
1.774248390524407526e+00 2.950986266330862738e-05
1.774485905369085348e+00 3.081446250145257536e-05
1.774723420213763170e+00 6.312163869356952992e-05
1.774960935058440992e+00 8.926282926237738102e-05
1.775198449903118814e+00 1.014059271616150838e-04
1.775435964747796636e+00 9.705114863671527074e-05
1.775673479592474235e+00 7.714884712140416601e-05
1.775910994437152057e+00 4.645964631777552053e-05
1.776148509281829879e+00 2.271691786351999885e-05
1.776386024126507701e+00 4.562329110252230256e-05
1.776623538971185523e+00 7.620589055533035948e-05
1.776861053815863345e+00 9.611726437445836189e-05
1.777098568660541167e+00 1.006287344161832493e-04
1.777336083505218989e+00 8.886892054013590227e-05
1.777573598349896589e+00 6.342394720483676088e-05
1.777811113194574411e+00 3.224579103776949477e-05
1.778048628039252232e+00 2.984370418932468221e-05
1.778286142883930054e+00 6.043113327134294746e-05
1.778523657728607876e+00 8.657687579843837506e-05
1.778761172573285698e+00 9.947428338438396903e-05
1.778998687417963520e+00 9.634780658154407237e-05
1.779236202262641120e+00 7.791390872909789516e-05
1.779473717107318942e+00 4.867562592918595488e-05
1.779711231951996764e+00 2.447361494083006621e-05
1.779948746796674586e+00 4.361947032785338840e-05
1.780186261641352408e+00 7.352222948128090687e-05
1.780423776486030230e+00 9.379754498992970066e-05
1.780661291330708051e+00 9.927314749661395857e-05
1.780898806175385873e+00 8.884092063891022310e-05
1.781136321020063473e+00 6.485829726934915938e-05
1.781373835864741295e+00 3.484603560644656802e-05
1.781611350709419117e+00 2.942921832791614946e-05
1.781848865554096939e+00 5.806174859644823606e-05
1.782086380398774761e+00 8.408069857343327953e-05
1.782323895243452583e+00 9.761627471329319204e-05
1.782561410088130405e+00 9.560921733726388027e-05
1.782798924932808005e+00 7.855382369324677991e-05
1.783036439777485826e+00 5.071400445162964647e-05
1.783273954622163648e+00 2.646015867744826706e-05
1.783511469466841470e+00 4.204188887646253300e-05
1.783748984311519292e+00 7.109973157523290645e-05
1.783986499156197114e+00 9.161923934621273534e-05
1.784224014000874936e+00 9.794459665735707598e-05
1.784461528845552758e+00 8.873672551004364243e-05
1.784699043690230358e+00 6.613890387257914194e-05
1.784936558534908180e+00 3.729853004465219984e-05
1.785174073379586002e+00 2.952759073752188809e-05
1.785411588224263824e+00 5.603262840132071327e-05
1.785649103068941645e+00 8.179516842770954922e-05
1.785886617913619467e+00 9.585218416804885640e-05
1.786124132758297289e+00 9.485265906407456139e-05
1.786361647602974889e+00 7.908072024321716718e-05
1.786599162447652711e+00 5.258019637176574639e-05
1.786836677292330533e+00 2.856435048945200889e-05
1.787074192137008355e+00 4.089795458249955145e-05
1.787311706981686177e+00 6.895867143962931876e-05
1.787549221826363999e+00 8.960390427283978370e-05
1.787786736671041821e+00 9.666303443221483012e-05
1.788024251515719643e+00 8.857197678348588540e-05
1.788261766360397242e+00 6.727522910706733815e-05
1.788499281205075064e+00 3.959612573357000436e-05
1.788736796049752886e+00 3.007051445808581720e-05
1.788974310894430708e+00 5.435974364898746736e-05
1.789211825739108530e+00 7.974188921985067395e-05
1.789449340583786352e+00 9.420395450523118080e-05
1.789686855428464174e+00 9.409710810009478386e-05
1.789924370273141996e+00 7.950793463915830012e-05
1.790161885117819596e+00 5.428015694728789779e-05
1.790399399962497418e+00 3.070552614847189620e-05
1.790636914807175240e+00 4.018280061379948185e-05
1.790874429651853061e+00 6.711838113421413131e-05
1.791111944496530883e+00 8.777434697708110390e-05
1.791349459341208705e+00 9.545022880720259808e-05
1.791586974185886527e+00 8.836393938433169555e-05
1.791824489030564127e+00 6.827767497784146579e-05
1.792062003875241949e+00 4.173485552544634096e-05
1.792299518719919771e+00 3.097526012038245559e-05
1.792537033564597593e+00 5.305412142483970333e-05
1.792774548409275415e+00 7.794267381166791340e-05
1.793012063253953237e+00 9.269515680204982544e-05
1.793249578098631059e+00 9.336342966244413986e-05
1.793487092943308880e+00 7.985025839759986950e-05
1.793724607787986480e+00 5.582052680134859428e-05
1.793962122632664302e+00 3.282662916250623326e-05
1.794199637477342124e+00 3.987787802042748665e-05
1.794437152322019946e+00 6.559617872883880365e-05
1.794674667166697768e+00 8.615433894241486773e-05
1.794912182011375590e+00 9.432984779660536379e-05
1.795149696856053412e+00 8.813174422671696967e-05
1.795387211700731012e+00 6.915782463803586450e-05
1.795624726545408834e+00 4.371297138672937236e-05
1.795862241390086655e+00 3.215592625254834100e-05
1.796099756234764477e+00 5.212018364123232310e-05
1.796337271079442299e+00 7.641887017968515712e-05
1.796574785924120121e+00 9.135088126507131840e-05
1.796812300768797943e+00 9.267455634043616347e-05
1.797049815613475765e+00 8.012421090313556640e-05
1.797287330458153365e+00 5.720881543744837792e-05
1.797524845302831187e+00 3.488724754195152958e-05
1.797762360147509009e+00 3.995150639394150682e-05
1.797999874992186831e+00 6.440619892121551132e-05
1.798237389836864653e+00 8.476820746949993918e-05
1.798474904681542474e+00 9.332749368645946607e-05
1.798712419526220296e+00 8.789663917250208969e-05
1.798949934370897896e+00 6.992871726095712911e-05
1.799187449215575718e+00 4.553042503591720093e-05
1.799424964060253540e+00 3.353188492481690386e-05
1.799662478904931362e+00 5.155450020163238056e-05
1.799899993749609184e+00 7.519055663919494597e-05
1.800137508594287006e+00 9.019753239329591609e-05
1.800375023438964828e+00 9.205564187521930231e-05
1.800612538283642650e+00 8.034833742718958019e-05
1.800850053128320249e+00 5.845362689154520286e-05
1.801087567972998071e+00 3.685847447526535703e-05
1.801325082817675893e+00 4.036130355006096402e-05
1.801562597662353715e+00 6.355824781034897283e-05
1.801800112507031537e+00 8.364030081788910442e-05
1.802037627351709359e+00 9.247066838741552415e-05
1.802275142196387181e+00 8.768223972166973887e-05
1.802512657041064781e+00 7.060516086035927268e-05
1.802750171885742603e+00 4.718862025331479012e-05
1.802987686730420425e+00 3.503230494005211087e-05
1.803225201575098247e+00 5.134523302934381107e-05
1.803462716419776068e+00 7.427565365222684411e-05
1.803700231264453890e+00 8.926251407102876051e-05
1.803937746109131712e+00 9.153417403652796798e-05
1.804175260953809534e+00 8.054353007756118166e-05
1.804412775798487134e+00 5.956493292644978441e-05
1.804650290643164956e+00 3.871937721048649924e-05
1.804887805487842778e+00 4.105781649157806690e-05
1.805125320332520600e+00 6.305683641512626085e-05
1.805362835177198422e+00 8.279433941968871932e-05
1.805600350021876244e+00 9.178865143318488398e-05
1.805837864866554066e+00 8.751476812013172526e-05
1.806075379711231665e+00 7.120408694761382702e-05
1.806312894555909487e+00 4.869034745731270765e-05
1.806550409400587309e+00 3.659746327687356460e-05
1.806787924245265131e+00 5.147241953886484169e-05
1.807025439089942953e+00 7.368902911251572121e-05
1.807262953934620775e+00 8.857379876593199906e-05
1.807500468779298597e+00 9.114002767032841547e-05
1.807737983623976419e+00 8.073336618045133214e-05
1.807975498468654019e+00 6.055440096632161786e-05
1.808213013313331841e+00 4.045465084606729650e-05
1.808450528158009663e+00 4.198841172231781792e-05
1.808688043002687484e+00 6.290054838075790136e-05
1.808925557847365306e+00 8.225268671348174470e-05
1.809163072692043128e+00 9.131227459660143451e-05
1.809400587536720950e+00 8.742326447359122699e-05
1.809638102381398550e+00 7.174494854928398268e-05
1.809875617226076372e+00 5.003985504304636210e-05
1.810113132070754194e+00 3.817812621114636466e-05
1.810350646915432016e+00 5.190905416942322002e-05
1.810588161760109838e+00 7.344169661072433557e-05
1.810825676604787660e+00 8.815938799342933042e-05
1.811063191449465481e+00 9.090543743963435861e-05
1.811300706294143303e+00 8.094445401452106338e-05
1.811538221138820903e+00 6.143578483244454126e-05
1.811775735983498725e+00 4.205309397699126734e-05
1.812013250828176547e+00 4.310062687680891644e-05
1.812250765672854369e+00 6.308185729806637331e-05
1.812488280517532191e+00 8.203559561869452573e-05
1.812725795362210013e+00 9.107358389375676364e-05
1.812963310206887835e+00 8.743974984773297907e-05
1.813200825051565435e+00 7.225016090534813545e-05
1.813438339896243257e+00 5.124303720444269619e-05
1.813675854740921078e+00 3.973407490376552523e-05
1.813913369585598900e+00 5.262274664167978995e-05
1.814150884430276722e+00 7.354021268074420871e-05
1.814388399274954544e+00 8.804668931732938936e-05
1.814625914119632366e+00 9.086487113424925239e-05
1.814863428964310188e+00 8.120677062609662166e-05
1.815100943808987788e+00 6.222538671104616871e-05
1.815338458653665610e+00 4.350664906649471744e-05
1.815575973498343432e+00 4.434456059303759499e-05
1.815813488343021254e+00 6.358743362690772306e-05
1.816051003187699076e+00 8.216050567756393573e-05
1.816288518032376897e+00 9.110539158437273193e-05
1.816526032877054719e+00 8.759931780979364501e-05
1.816763547721732319e+00 7.274557905558586576e-05
1.817001062566410141e+00 5.230773378771431270e-05
1.817238577411087963e+00 4.123243888670906056e-05
1.817476092255765785e+00 5.357763546479349625e-05
1.817713607100443607e+00 7.398636327009906668e-05
1.817951121945121429e+00 8.826185470278707533e-05
1.818188636789799251e+00 9.105478946239875971e-05
1.818426151634477073e+00 8.155397031718140423e-05
1.818663666479154672e+00 6.294259740221629996e-05
1.818901181323832494e+00 4.480984093115978039e-05
1.819138696168510316e+00 4.567424682550514720e-05
1.819376211013188138e+00 6.439889233244903662e-05
1.819613725857865960e+00 8.264147480286908342e-05
1.819851240702543782e+00 9.144073675634722010e-05
1.820088755547221604e+00 8.794012997036338504e-05
1.820326270391899204e+00 7.326100029516557325e-05
1.820563785236577026e+00 5.324414776508582583e-05
1.820801300081254848e+00 4.264616461898274312e-05
1.821038814925932670e+00 5.473624044663670779e-05
1.821276329770610491e+00 7.477719210030841753e-05
1.821513844615288313e+00 8.882914358773062638e-05
1.821751359459966135e+00 9.151328914403765457e-05
1.821988874304643957e+00 8.202363630006648037e-05
1.822226389149321557e+00 6.361051903851908302e-05
1.822463903993999379e+00 4.595951216195577475e-05
1.822701418838677201e+00 4.704818882263011280e-05
1.822938933683355023e+00 6.549385727303523846e-05
1.823176448528032845e+00 8.348882386925905339e-05
1.823413963372710667e+00 9.211229314862665865e-05
1.823651478217388489e+00 8.850329482658915697e-05
1.823888993062066088e+00 7.383067119640978812e-05
1.824126507906743910e+00 5.406539341738879329e-05
1.824364022751421732e+00 4.395274218895519345e-05
1.824601537596099554e+00 5.606102305758949939e-05
1.824839052440777376e+00 7.590537178602336707e-05
1.825076567285455198e+00 8.977038489992682072e-05
1.825314082130133020e+00 9.227964197292249607e-05
1.825551596974810842e+00 8.265744403247607614e-05
1.825789111819488442e+00 6.425666832299574329e-05
1.826026626664166264e+00 4.695480077246710524e-05
1.826264141508844085e+00 4.842930677185904801e-05
1.826501656353521907e+00 6.684717999321513520e-05
1.826739171198199729e+00 8.470905070195594436e-05
1.826976686042877551e+00 9.315178172353689827e-05
1.827214200887555373e+00 8.933261788880894323e-05
1.827451715732232973e+00 7.449376853880833782e-05
1.827689230576910795e+00 5.478819275852773817e-05
1.827926745421588617e+00 4.513321220513034253e-05
1.828164260266266439e+00 5.751553946791414788e-05
1.828401775110944261e+00 7.735986774070648109e-05
1.828639289955622083e+00 9.110461292374614085e-05
1.828876804800299904e+00 9.339376337755279890e-05
1.829114319644977726e+00 8.350120421381611725e-05
1.829351834489655326e+00 6.491374896767893943e-05
1.829589349334333148e+00 4.779733941708986925e-05
1.829826864179010970e+00 4.978453482005939699e-05
1.830064379023688792e+00 6.843215348008634482e-05
1.830301893868366614e+00 8.630503564603688436e-05
1.830539408713044436e+00 9.458946025409989953e-05
1.830776923557722258e+00 9.047422789205971684e-05
1.831014438402399858e+00 7.529481348327309465e-05
1.831251953247077680e+00 5.543373933378234280e-05
1.831489468091755501e+00 4.617143478341221056e-05
1.831726982936433323e+00 5.906517267279669280e-05
1.831964497781111145e+00 7.912680753370082525e-05
1.832202012625788967e+00 9.284793854087740805e-05
1.832439527470466789e+00 9.489566632819652263e-05
1.832677042315144611e+00 8.460476006078981046e-05
1.832914557159822211e+00 6.562046694453499787e-05
1.833152072004500033e+00 4.849168129496426522e-05
1.833389586849177855e+00 5.108424497537361923e-05
1.833627101693855677e+00 7.022159747435211528e-05
1.833864616538533499e+00 8.827652369197858280e-05
1.834102131383211320e+00 9.645376747892206871e-05
1.834339646227889142e+00 9.197610690137165404e-05
1.834577161072566742e+00 7.628397078216749081e-05
1.834814675917244564e+00 5.602874515874940134e-05
1.835052190761922386e+00 4.705359577215983502e-05
1.835289705606600208e+00 6.067749585888287315e-05
1.835527220451278030e+00 8.119045313287426790e-05
1.835764735295955852e+00 9.501369311120270241e-05
1.836002250140633674e+00 9.682497577399492292e-05
1.836239764985311496e+00 8.602172933313551983e-05
1.836477279829989095e+00 6.642234363207640240e-05
1.836714794674666917e+00 4.904598132324007739e-05
1.836952309519344739e+00 5.230161399564442015e-05
1.837189824364022561e+00 7.218874216674121098e-05
1.837427339208700383e+00 9.062083549634804649e-05
1.837664854053378205e+00 9.877119285069036641e-05
1.837902368898056027e+00 9.388757998086941941e-05
1.838139883742733627e+00 7.751718365227506548e-05
1.838377398587411449e+00 5.660667559165312310e-05
1.838614913432089271e+00 4.776793352115188532e-05
1.838852428276767093e+00 6.232234816530953436e-05
1.839089943121444914e+00 8.353418100980641750e-05
1.839327457966122736e+00 9.761285212105427322e-05
1.839564972810800558e+00 9.922059044910444721e-05
1.839802487655478380e+00 8.780910824422091799e-05
1.840040002500155980e+00 6.737245964983185965e-05
1.840277517344833802e+00 4.947298139063660636e-05
1.840515032189511624e+00 5.341200034987863730e-05
1.840752547034189446e+00 7.430788536923543732e-05
1.840990061878867268e+00 9.333374054059478378e-05
1.841227576723545090e+00 1.015664244561245548e-04
1.841465091568222912e+00 9.625884702981530488e-05
1.841702606412900511e+00 7.905610652028924920e-05
1.841940121257578333e+00 5.720915482627914441e-05
1.842177636102256155e+00 4.830468749302634486e-05
1.842415150946933977e+00 6.397170576900804292e-05
1.842652665791611799e+00 8.614139822299852274e-05
1.842890180636289621e+00 1.006547173739886516e-04
1.843127695480967443e+00 1.021205784186072867e-04
1.843365210325645265e+00 9.002679059075126657e-05
1.843602725170322865e+00 6.853204235323771159e-05
1.843840240015000687e+00 4.979136733847181997e-05
1.844077754859678508e+00 5.439236536953133232e-05
1.844315269704356330e+00 7.655483529236588671e-05
1.844552784549034152e+00 9.641042324661705510e-05
1.844790299393711974e+00 1.048628028345826002e-04
1.845027814238389796e+00 9.914066050269489930e-05
1.845265329083067396e+00 8.096782603156317711e-05
1.845502843927745218e+00 5.788748691874212571e-05
1.845740358772423040e+00 4.865629351429040387e-05
1.845977873617100862e+00 6.559941852605152292e-05
1.846215388461778684e+00 8.899635316491616151e-05
1.846452903306456506e+00 1.041478169500818335e-04
1.846690418151134327e+00 1.055623800681053414e-04
1.846927932995812149e+00 9.273709563655964231e-05
1.847165447840489749e+00 6.997080142248417124e-05
1.847402962685167571e+00 5.002757860751366813e-05
1.847640477529845393e+00 5.522075324286164884e-05
1.847877992374523215e+00 7.890717258439667941e-05
1.848115507219201037e+00 9.984648377845444975e-05
1.848353022063878859e+00 1.086830823044267587e-04
1.848590536908556681e+00 1.025842604206337667e-04
1.848828051753234281e+00 8.332440855096503519e-05
1.849065566597912103e+00 5.870418275119061046e-05
1.849303081442589924e+00 4.881788315933279182e-05
1.849540596287267746e+00 6.718086453261992187e-05
1.849778111131945568e+00 9.208482930420131441e-05
1.850015625976623390e+00 1.081009758743039579e-04
1.850253140821301212e+00 1.095833703903758655e-04
1.850490655665979034e+00 9.600443489562348514e-05
1.850728170510656634e+00 7.176693244983493229e-05
1.850965685355334456e+00 5.021815028478958317e-05
1.851203200200012278e+00 5.587583528817536091e-05
1.851440715044690100e+00 8.134437450500823499e-05
1.851678229889367922e+00 1.036389367320862529e-04
1.851915744734045743e+00 1.130504827692508827e-04
1.852153259578723565e+00 1.066416721711626269e-04
1.852390774423401165e+00 8.620237498835731343e-05
1.852628289268078987e+00 5.973431662741114667e-05
1.852865804112756809e+00 4.878818890388811824e-05
1.853103318957434631e+00 6.869255725411546371e-05
1.853340833802112453e+00 9.539473466620024549e-05
1.853578348646790275e+00 1.125245173093269486e-04
1.853815863491468097e+00 1.142218086971598997e-04
1.854053378336145919e+00 9.989527072168742281e-05
1.854290893180823518e+00 7.400676131822998447e-05
1.854528408025501340e+00 5.041263641511923725e-05
1.854765922870179162e+00 5.633652257673840333e-05
1.855003437714856984e+00 8.384784462348822745e-05
1.855240952559534806e+00 1.077871960855046482e-04
1.855478467404212628e+00 1.179900080104171996e-04
1.855715982248890450e+00 1.113664537645336287e-04
1.855953497093568050e+00 8.968227104803728577e-05
1.856191011938245872e+00 6.106647727975106832e-05
1.856428526782923694e+00 4.857101961434793304e-05
1.856666041627601516e+00 7.011172488840951799e-05
1.856903556472279337e+00 9.891661681279464698e-05
1.857141071316957159e+00 1.174315727264493224e-04
1.857378586161634981e+00 1.195181854891246600e-04
1.857616101006312803e+00 1.044785238263834585e-04
1.857853615850990403e+00 7.678409884009880027e-05
1.858091130695668225e+00 5.067707499641734334e-05
1.858328645540346047e+00 5.658165639349465155e-05
1.858566160385023869e+00 8.640088727337185304e-05
1.858803675229701691e+00 1.122940603968534859e-04
1.859041190074379513e+00 1.235300139534919854e-04
1.859278704919057335e+00 1.168149563320916931e-04
1.859516219763734934e+00 9.384855506388724137e-05
1.859753734608412756e+00 6.280306241966772992e-05
1.859991249453090578e+00 4.817755950408835380e-05
1.860228764297768400e+00 7.141587065902216648e-05
1.860466279142446222e+00 1.026441451967594569e-04
1.860703793987124044e+00 1.228395056446698462e-04
1.860941308831801866e+00 1.255169719646551053e-04
1.861178823676479688e+00 1.098265723587265235e-04
1.861416338521157288e+00 8.019950569155733639e-05
1.861653853365835110e+00 5.109777721319484637e-05
1.861891368210512931e+00 5.658979893233968117e-05
1.862128883055190753e+00 8.898866083401734534e-05
1.862366397899868575e+00 1.171667359835623390e-04
1.862603912744546397e+00 1.297040323762079872e-04
1.862841427589224219e+00 1.230481448351435038e-04
1.863078942433901819e+00 9.879005286774151032e-05
1.863316457278579641e+00 6.505974868896172657e-05
1.863553972123257463e+00 4.762986491904942755e-05
1.863791486967935285e+00 7.258231349638070095e-05
1.864029001812613107e+00 1.065746107908143424e-04
1.864266516657290929e+00 1.287714847797852074e-04
1.864504031501968750e+00 1.322687898009694996e-04
1.864741546346646572e+00 1.160169618253802955e-04
1.864979061191324172e+00 8.435980225630386594e-05
1.865216576036001994e+00 5.178493512305772778e-05
1.865454090880679816e+00 5.633917141252989209e-05
1.865691605725357638e+00 9.159813991951676825e-05
1.865929120570035460e+00 1.224179588068054257e-04
1.866166635414713282e+00 1.365528896698956049e-04
1.866404150259391104e+00 1.301340256904489115e-04
1.866641665104068704e+00 1.046012231776580458e-04
1.866879179948746525e+00 6.796418993489863490e-05
1.867116694793424347e+00 4.696608060342880199e-05
1.867354209638102169e+00 7.358770275052270340e-05
1.867591724482779991e+00 1.107095013458902989e-04
1.867829239327457813e+00 1.352582782317564259e-04
1.868066754172135635e+00 1.398330521725146683e-04
1.868304269016813457e+00 1.231349284678952901e-04
1.868541783861491057e+00 8.937825562606259151e-05
1.868779298706168879e+00 5.287518706256752791e-05
1.869016813550846701e+00 5.580783023824006456e-05
1.869254328395524523e+00 9.421811438270331256e-05
1.869491843240202344e+00 1.280672996923749125e-04
1.869729358084880166e+00 1.441272060588194462e-04
1.869966872929557988e+00 1.381507524651685132e-04
1.870204387774235588e+00 1.113844496492775993e-04
1.870441902618913410e+00 7.165434747557847749e-05
1.870679417463591232e+00 4.624802803111814560e-05
1.870916932308269054e+00 7.440749545869366555e-05
1.871154447152946876e+00 1.150552218096018430e-04
1.871391961997624698e+00 1.423403814884890962e-04
1.871629476842302520e+00 1.482811796007079211e-04
1.871866991686980342e+00 1.312768452513845586e-04
1.872104506531657941e+00 9.537590381777005712e-05
1.872342021376335763e+00 5.453204205951284037e-05
1.872579536221013585e+00 5.497425137056249363e-05
1.872817051065691407e+00 9.683925565901678294e-05
1.873054565910369229e+00 1.341427672881730928e-04
1.873292080755047051e+00 1.524904204117719087e-04
1.873529595599724873e+00 1.471905359916024795e-04
1.873767110444402473e+00 1.192535521635603086e-04
1.874004625289080295e+00 7.627723901414239628e-05
1.874242140133758117e+00 4.557178598857975768e-05
1.874479654978435939e+00 7.501538085651974206e-05
1.874717169823113760e+00 1.196240474465324260e-04
1.874954684667791582e+00 1.500706443930301787e-04
1.875192199512469404e+00 1.577005711777747666e-04
1.875429714357147226e+00 1.405547453264978494e-04
1.875667229201824826e+00 1.024844377244417523e-04
1.875904744046502648e+00 5.694330064257314690e-05
1.876142258891180470e+00 5.381863941216331838e-05
1.876379773735858292e+00 9.945428820365378628e-05
1.876617288580536114e+00 1.406828641812132895e-04
1.876854803425213936e+00 1.617225633733690004e-04
1.877092318269891758e+00 1.573645764971811625e-04
1.877329833114569357e+00 1.283387216094983145e-04
1.877567347959247179e+00 8.198914508720005700e-05
1.877804862803925001e+00 4.508133280190451485e-05
1.878042377648602823e+00 7.538263370067657307e-05
1.878279892493280645e+00 1.244354269853146968e-04
1.878517407337958467e+00 1.585176332187856747e-04
1.878754922182636289e+00 1.681996185732798988e-04
1.878992437027314111e+00 1.511021754605399413e-04
1.879229951871991711e+00 1.108510001218574663e-04
1.879467466716669533e+00 6.031567436613394006e-05
1.879704981561347354e+00 5.232555427823811921e-05
1.879942496406025176e+00 1.020583189524643385e-04
1.880180011250702998e+00 1.477393135247243060e-04
1.880417526095380820e+00 1.719251101110202821e-04
1.880655040940058642e+00 1.688093722515422159e-04
1.880892555784736242e+00 1.387931617046208688e-04
1.881130070629414064e+00 8.895831614178412216e-05
1.881367585474091886e+00 4.498360653390445394e-05
1.881605100318769708e+00 7.547737626404224444e-05
1.881842615163447530e+00 1.295178018382325846e-04
1.882080130008125352e+00 1.677700686932981757e-04
1.882317644852803173e+00 1.799142020667638059e-04
1.882555159697480995e+00 1.630817956254533845e-04
1.882792674542158595e+00 1.206452493960238871e-04
1.883030189386836417e+00 6.486859563160675684e-05
1.883267704231514239e+00 5.048897934161690519e-05
1.883505219076192061e+00 1.046494053092012746e-04
1.883742733920869883e+00 1.553807694902972390e-04
1.883980248765547705e+00 1.832274023610801629e-04
1.884217763610225527e+00 1.816949609554345958e-04
1.884455278454903127e+00 1.508018954872945546e-04
1.884692793299580948e+00 9.737100945885379839e-05
1.884930308144258770e+00 4.555989805263096663e-05
1.885167822988936592e+00 7.526372940606546893e-05
1.885405337833614414e+00 1.349111868196878220e-04
1.885642852678292236e+00 1.779428405390880369e-04
1.885880367522970058e+00 1.930163323238196773e-04
1.886117882367647880e+00 1.766953952178827410e-04
1.886355397212325480e+00 1.320691506521536062e-04
1.886592912057003302e+00 7.083080918787000102e-05
1.886830426901681124e+00 4.832198523700361484e-05
1.887067941746358946e+00 1.072294893388981232e-04
1.887305456591036767e+00 1.636979782455258458e-04
1.887542971435714589e+00 1.957953719111968176e-04
1.887780486280392411e+00 1.962359515800705262e-04
1.888018001125070011e+00 1.645934946670125530e-04
1.888255515969747833e+00 1.074414579367521071e-04
1.888493030814425655e+00 4.716450251358841661e-05
1.888730545659103477e+00 7.470083987654893662e-05
1.888968060503781299e+00 1.406708892857588757e-04
1.889205575348459121e+00 1.891853533625767741e-04
1.889443090193136943e+00 2.077259469618954483e-04
1.889680605037814765e+00 1.921973859174504109e-04
1.889918119882492364e+00 1.453702603962754776e-04
1.890155634727170186e+00 7.844353767205968766e-05
1.890393149571848008e+00 4.587511283522823202e-05
1.890630664416525830e+00 1.098059092018755271e-04
1.890868179261203652e+00 1.728111065747259148e-04
1.891105694105881474e+00 2.098436834081478654e-04
1.891343208950559296e+00 2.127066734870782601e-04
1.891580723795237118e+00 1.804559725135940890e-04
1.891818238639914718e+00 1.194263923060426096e-04
1.892055753484592540e+00 5.020252760011631053e-05
1.892293268329270362e+00 7.374179149690887798e-05
1.892530783173948183e+00 1.468729631751427916e-04
1.892768298018626005e+00 2.016933726183172998e-04
1.893005812863303827e+00 2.243274225215834443e-04
1.893243327707981649e+00 2.099134414110987476e-04
1.893480842552659249e+00 1.608598315576275652e-04
1.893718357397337071e+00 8.797260641229771372e-05
1.893955872242014893e+00 4.327108136757139197e-05
1.894193387086692715e+00 1.123938446770817172e-04
1.894430901931370537e+00 1.828803730700961211e-04
1.894668416776048359e+00 2.256530465066004668e-04
1.894905931620726180e+00 2.314625231569860081e-04
1.895143446465404002e+00 1.987588473870919973e-04
1.895380961310081602e+00 1.336452076378179894e-04
1.895618476154759424e+00 5.509187935811026595e-05
1.895855990999437246e+00 7.233245851373801608e-05
1.896093505844115068e+00 1.536223732727318571e-04
1.896331020688792890e+00 2.157262350717328728e-04
1.896568535533470712e+00 2.431932750461708440e-04
1.896806050378148534e+00 2.302669448792762149e-04
1.897043565222826134e+00 1.789379947930540282e-04
1.897281080067503956e+00 9.973020315950797022e-05
1.897518594912181777e+00 4.076799698924480774e-05
1.897756109756859599e+00 1.150203205225440055e-04
1.897993624601537421e+00 1.941218356334520627e-04
1.898231139446215243e+00 2.435955178687343741e-04
1.898468654290893065e+00 2.529708480057373389e-04
1.898706169135570887e+00 2.199846368125425310e-04
1.898943683980248487e+00 1.505079173212981597e-04
1.899181198824926309e+00 6.223421579279880551e-05
1.899418713669604131e+00 7.041047834199403767e-05
1.899656228514281953e+00 1.610655146170622380e-04
1.899893743358959775e+00 2.316324914737136491e-04
1.900131258203637596e+00 2.648190827784846013e-04
1.900368773048315418e+00 2.538175740722754879e-04
1.900606287892993018e+00 2.001298016838510391e-04
1.900843802737670840e+00 1.141066261248311763e-04
1.901081317582348662e+00 3.886157086146939599e-05
1.901318832427026484e+00 1.177308921671421107e-04
1.901556347271704306e+00 2.068314643091355041e-04
1.901793862116382128e+00 2.641724860987171774e-04
1.902031376961059950e+00 2.778568857731340304e-04
1.902268891805737772e+00 2.447751706337476102e-04
1.902506406650415371e+00 1.705548671699638004e-04
1.902743921495093193e+00 7.202287915731371733e-05
1.902981436339771015e+00 6.790479157359947970e-05
1.903218951184448837e+00 1.694099640158593036e-04
1.903456466029126659e+00 2.498892071866916777e-04
1.903693980873804481e+00 2.898764313735746655e-04
1.903931495718482303e+00 2.813192795367122807e-04
1.904169010563159903e+00 2.251385199574623111e-04
1.904406525407837725e+00 1.316141867246355948e-04
1.904644040252515547e+00 3.839854926223643594e-05
1.904881555097193369e+00 1.206011179329579612e-04
1.905119069941871190e+00 2.214229821854000774e-04
1.905356584786549012e+00 2.880734353056062496e-04
1.905594099631226834e+00 3.069741965116457743e-04
1.905831614475904656e+00 2.740018841781868917e-04
1.906069129320582256e+00 1.945152615082414160e-04
1.906306644165260078e+00 8.489432636314820757e-05
1.906544159009937900e+00 6.473681311077814234e-05
1.906781673854615722e+00 1.789566993916261552e-04
1.907019188699293544e+00 2.711641738891824123e-04
1.907256703543971366e+00 3.192957856997013567e-04
1.907494218388649188e+00 3.138102514418545665e-04
1.907731733233326787e+00 2.549272170792860320e-04
1.907969248078004609e+00 1.529493302504757451e-04
1.908206762922682431e+00 4.055841615291657737e-05
1.908444277767360253e+00 1.237569257001895563e-04
1.908681792612038075e+00 2.384894925373369111e-04
1.908919307456715897e+00 3.162700327038711927e-04
1.909156822301393719e+00 3.415163762731219144e-04
1.909394337146071541e+00 3.088762407031080278e-04
1.909631851990749141e+00 2.233969726867742790e-04
1.909869366835426963e+00 1.014102848082737462e-04
1.910106881680104784e+00 6.082570729995080775e-05
1.910344396524782606e+00 1.901547655406731667e-04
1.910581911369460428e+00 2.964181613985057326e-04
1.910819426214138250e+00 3.544010443389626337e-04
1.911056941058816072e+00 3.527576679003938294e-04
1.911294455903493672e+00 2.908483754141052025e-04
1.911531970748171494e+00 1.790853876157734600e-04
1.911769485592849316e+00 4.652986796752986166e-05
1.912007000437527138e+00 1.274123018918947624e-04
1.912244515282204960e+00 2.589081150387801192e-04
1.912482030126882782e+00 3.501729367996278281e-04
1.912719544971560603e+00 3.832013167232493044e-04
1.912957059816238425e+00 3.511300109359901853e-04
1.913194574660916025e+00 2.586302430913303045e-04
1.913432089505593847e+00 1.223624590498400698e-04
1.913669604350271669e+00 5.610348522270533950e-05
1.913907119194949491e+00 2.036984581662928690e-04
1.914144634039627313e+00 3.270806049938575753e-04
1.914382148884305135e+00 3.971375859008893718e-04
1.914619663728982957e+00 4.003005140038350725e-04
1.914857178573660557e+00 3.348584577216913308e-04
1.915094693418338379e+00 2.114192125669726939e-04
1.915332208263016200e+00 5.713949010250589779e-05
1.915569723107694022e+00 1.319426341658455875e-04
1.915807237952371844e+00 2.840266904022663839e-04
1.916044752797049666e+00 3.919058599997795700e-04
1.916282267641727488e+00 4.345894268993636062e-04
1.916519782486405310e+00 4.033229902465289935e-04
1.916757297331082910e+00 3.023080016717457426e-04
1.916994812175760732e+00 1.489114651499677219e-04
1.917232327020438554e+00 5.055297733416539297e-05
1.917469841865116376e+00 2.207100607180856897e-04
1.917707356709794198e+00 3.653679550599501927e-04
1.917944871554472019e+00 4.504790500984336425e-04
1.918182386399149841e+00 4.596774949371766074e-04
1.918419901243827441e+00 3.898901840300169697e-04
1.918657416088505263e+00 2.520154457397157728e-04
1.918894930933183085e+00 7.294500685966717225e-05
1.919132445777860907e+00 1.380364703609966162e-04
1.919369960622538729e+00 3.160175579459567770e-04
1.919607475467216551e+00 4.448128406343251125e-04
1.919844990311894373e+00 4.996643664183079460e-04
1.920082505156572195e+00 4.693965645829624293e-04
1.920320020001249794e+00 3.576077717639212367e-04
1.920557534845927616e+00 1.827936565304746756e-04
1.920795049690605438e+00 4.429654486664061364e-05
1.921032564535283260e+00 2.431078002274079399e-04
1.921270079379961082e+00 4.148992168948038612e-04
1.921507594224638904e+00 5.191994676405034970e-04
1.921745109069316726e+00 5.360272372833035839e-04
1.921982623913994326e+00 4.605350163276505839e-04
1.922220138758672148e+00 3.040336251200922947e-04
1.922457653603349970e+00 9.463210701525035114e-05
1.922695168448027792e+00 1.470343175841283632e-04
1.922932683292705613e+00 3.585995381093510506e-04
1.923170198137383435e+00 5.144658711977319852e-04
1.923407712982061257e+00 5.849667820067031227e-04
1.923645227826739079e+00 5.557345933822850420e-04
1.923882742671416679e+00 4.295742807411642608e-04
1.924120257516094501e+00 2.266520514182651105e-04
1.924357772360772323e+00 3.777892028943586060e-05
1.924595287205450145e+00 2.744128824323610973e-04
1.924832802050127967e+00 4.819865362394268890e-04
1.925070316894805789e+00 6.114564637338367262e-04
1.925307831739483611e+00 6.379978062592500752e-04
1.925545346584161210e+00 5.543791665524261739e-04
1.925782861428839032e+00 3.725095506662968840e-04
1.926020376273516854e+00 1.232420320502471372e-04
1.926257891118194676e+00 1.617613611441998437e-04
1.926495405962872498e+00 4.186564477315748490e-04
1.926732920807550320e+00 6.108529271712117127e-04
1.926970435652228142e+00 7.020024073052632662e-04
1.927207950496905964e+00 6.733603228187331341e-04
1.927445465341583564e+00 5.266637184049133801e-04
1.927682980186261386e+00 2.845569263351927880e-04
1.927920495030939207e+00 3.201817926513058282e-05
1.928158009875617029e+00 3.217251510811946200e-04
1.928395524720294851e+00 5.786376417973806583e-04
1.928633039564972673e+00 7.423729545272078579e-04
1.928870554409650495e+00 7.812935672295260063e-04
1.929108069254328095e+00 6.848312565818061521e-04
1.929345584099005917e+00 4.658298183879896071e-04
1.929583098943683739e+00 1.598800315111813264e-04
1.929820613788361561e+00 1.888487860490443006e-04
1.930058128633039383e+00 5.103398249727504393e-04
1.930295643477717205e+00 7.537128416176795426e-04
1.930533158322395026e+00 8.729406536692133761e-04
1.930770673167072848e+00 8.429417901419771755e-04
1.931008188011750448e+00 6.639874607633492387e-04
1.931245702856428270e+00 3.626095865972613899e-04
1.931483217701106092e+00 2.893248643468657790e-05
1.931720732545783914e+00 4.013245958428109041e-04
1.931958247390461736e+00 7.305771366981532802e-04
1.932195762235139558e+00 9.432563478235269890e-04
1.932433277079817380e+00 9.974520992970694992e-04
1.932670791924494980e+00 8.776558063458993111e-04
1.932908306769172802e+00 5.983857395049106470e-04
1.933145821613850623e+00 2.033459452956512840e-04
1.933383336458528445e+00 2.464286895890032292e-04
1.933620851303206267e+00 6.673686248729106827e-04
1.933858366147884089e+00 9.877416863870304257e-04
1.934095880992561911e+00 1.146144396293272485e-03
1.934333395837239733e+00 1.107563867498053854e-03
1.934570910681917333e+00 8.702742351608565904e-04
1.934808425526595155e+00 4.676825206171138986e-04
1.935045940371272977e+00 4.295903009676165093e-05
1.935283455215950799e+00 5.581993536450854379e-04
1.935520970060628621e+00 1.003216569840404597e-03
1.935758484905306442e+00 1.289824596971304600e-03
1.935995999749984264e+00 1.358883135229889969e-03
1.936233514594661864e+00 1.186994230258458377e-03
1.936471029439339686e+00 7.924746637089297640e-04
1.936708544284017508e+00 2.347204259291882432e-04
1.936946059128695330e+00 3.970614796960679547e-04
1.937183573973373152e+00 9.899501263961306158e-04
1.937421088818050974e+00 1.436381336473468908e-03
1.937658603662728796e+00 1.646643328869791143e-03
1.937896118507406618e+00 1.568161425544081083e-03
1.938133633352084217e+00 1.197146047770904697e-03
1.938371148196762039e+00 5.825647162868137583e-04
1.938608663041439861e+00 1.801910305120883629e-04
1.938846177886117683e+00 9.585951291205183338e-04
1.939083692730795505e+00 1.611857616811581155e-03
1.939321207575473327e+00 2.009012846160255269e-03
1.939558722420151149e+00 2.056475502929231130e-03
1.939796237264828749e+00 1.717817700632747304e-03
1.940033752109506571e+00 1.025472294846212044e-03
1.940271266954184393e+00 8.159807238147127331e-05
1.940508781798862215e+00 9.571770359989162239e-04
1.940746296643540036e+00 1.897732015977143284e-03
1.940983811488217858e+00 2.550507357849075060e-03
1.941221326332895680e+00 2.764193048959054551e-03
1.941458841177573502e+00 2.463766165801976795e-03
1.941696356022251102e+00 1.680760020112484054e-03
1.941933870866928924e+00 5.709828234825040181e-04
1.942171385711606746e+00 5.847122167214720756e-04
1.942408900556284568e+00 1.397951196049877212e-03
1.942646415400962390e+00 1.409900829730992419e-03
1.942883930245640212e+00 1.491911435907280006e-04
1.943121445090318034e+00 2.843458572148961552e-03
1.943358959934995633e+00 7.874359697401920113e-03
1.943596474779673455e+00 1.512048440633390924e-02
1.943833989624351277e+00 2.454351594730787289e-02
1.944071504469029099e+00 3.587660916534599759e-02
1.944309019313706921e+00 4.862703997399178690e-02
1.944546534158384743e+00 6.210555739511395418e-02
1.944784049003062565e+00 7.548039213499957434e-02
1.945021563847740387e+00 8.785073158999215370e-02
1.945259078692417987e+00 9.833182478089619316e-02
1.945496593537095809e+00 1.061421636757869241e-01
1.945734108381773630e+00 1.106826557994517318e-01
1.945971623226451452e+00 1.115984518584138552e-01
1.946209138071129274e+00 1.088160430901263520e-01
1.946446652915807096e+00 1.025511540565893082e-01
1.946684167760484918e+00 9.328645375501798398e-02
1.946921682605162518e+00 8.172173635090075605e-02
1.947159197449840340e+00 6.870250910932367006e-02
1.947396712294518162e+00 5.513544229017185161e-02
1.947634227139195984e+00 4.190056204018839658e-02
1.947871741983873806e+00 2.977022955776721658e-02
1.948109256828551628e+00 1.934384630185390086e-02
1.948346771673229449e+00 1.100502411919213226e-02
1.948584286517907271e+00 4.904976763696702359e-03
1.948821801362584871e+00 9.726422137964378179e-04
1.949059316207262693e+00 1.052776007123797271e-03
1.949296831051940515e+00 1.566944229026089779e-03
1.949534345896618337e+00 1.042341470425319156e-03
1.949771860741296159e+00 5.795316366930377611e-05
1.950009375585973981e+00 1.245667862126352294e-03
1.950246890430651803e+00 2.231269550805562753e-03
1.950484405275329403e+00 2.778179823939058452e-03
1.950721920120007224e+00 2.795603547920007346e-03
1.950959434964685046e+00 2.312565476242606916e-03
1.951196949809362868e+00 1.452618440513024200e-03
1.951434464654040690e+00 3.993209100137727705e-04
1.951671979498718512e+00 6.511785311773616225e-04
1.951909494343396334e+00 1.506573121771939737e-03
1.952147009188074156e+00 2.035555624239755463e-03
1.952384524032751756e+00 2.169224342256726844e-03
1.952622038877429578e+00 1.912348129012470758e-03
1.952859553722107400e+00 1.336430167183849877e-03
1.953097068566785222e+00 5.628691570551362785e-04
1.953334583411463043e+00 2.665625920668943994e-04
1.953572098256140865e+00 9.966531307115244088e-04
1.953809613100818687e+00 1.514007257467391964e-03
1.954047127945496287e+00 1.740811774920739867e-03
1.954284642790174109e+00 1.654527744312355060e-03
1.954522157634851931e+00 1.287193525122011257e-03
1.954759672479529753e+00 7.169072721422695745e-04
1.954997187324207575e+00 6.039178906569923975e-05
1.955234702168885397e+00 5.926570078425789229e-04
1.955472217013563219e+00 1.102459413200448327e-03
1.955709731858241041e+00 1.399930702703919543e-03
1.955947246702918640e+00 1.444072955584977053e-03
1.956184761547596462e+00 1.238925145782717807e-03
1.956422276392274284e+00 8.306288751720133402e-04
1.956659791236952106e+00 2.982886614638196590e-04
1.956897306081629928e+00 2.673279591263930371e-04
1.957134820926307750e+00 7.603362762861104376e-04
1.957372335770985572e+00 1.105045894223001882e-03
1.957609850615663172e+00 1.247943876887212420e-03
1.957847365460340994e+00 1.172537681187605426e-03
1.958084880305018816e+00 9.000024561272268160e-04
1.958322395149696638e+00 4.842407769334983701e-04
1.958559909994374459e+00 2.921518457710103376e-05
1.958797424839052281e+00 4.680520122226536589e-04
1.959034939683730103e+00 8.387527306217631854e-04
1.959272454528407925e+00 1.054415524773659810e-03
1.959509969373085525e+00 1.083482415990077866e-03
1.959747484217763347e+00 9.272219745270946466e-04
1.959984999062441169e+00 6.183078170869479211e-04
1.960222513907118991e+00 2.149220126436035983e-04
1.960460028751796813e+00 2.169508614830793053e-04
1.960697543596474635e+00 5.945101152015466782e-04
1.960935058441152457e+00 8.606234620043656759e-04
1.961172573285830056e+00 9.727068790092493339e-04
1.961410088130507878e+00 9.162174151194166921e-04
1.961647602975185700e+00 7.056620297004715953e-04
1.961885117819863522e+00 3.813965717311364385e-04
1.962122632664541344e+00 2.619682639170765640e-05
1.962360147509219166e+00 3.709076791620385298e-04
1.962597662353896988e+00 6.677348248844823487e-04
1.962835177198574810e+00 8.435794509574986739e-04
1.963072692043252410e+00 8.715985226644416871e-04
1.963310206887930232e+00 7.508775270334424419e-04
1.963547721732608053e+00 5.058020798776221693e-04
1.963785236577285875e+00 1.818838115125854355e-04
1.964022751421963697e+00 1.692957257584454451e-04
1.964260266266641519e+00 4.788400277702743778e-04
1.964497781111319341e+00 7.006624632756819305e-04
1.964735295955996941e+00 7.983966017088879466e-04
1.964972810800674763e+00 7.583184099092858893e-04
1.965210325645352585e+00 5.904648723724231774e-04
1.965447840490030407e+00 3.264624531850839886e-04
1.965685355334708229e+00 2.641248620989543517e-05
1.965922870179386051e+00 2.979345815885927392e-04
1.966160385024063872e+00 5.491167679986915439e-04
1.966397899868741694e+00 7.019705417342396100e-04
1.966635414713419294e+00 7.324561799465773146e-04
1.966872929558097116e+00 6.379913017614107515e-04
1.967110444402774938e+00 4.373100615601105781e-04
1.967347959247452760e+00 1.673252304972467654e-04
1.967585474092130582e+00 1.297027966590423500e-04
1.967822988936808404e+00 3.943484387640780074e-04
1.968060503781486226e+00 5.879208003221032082e-04
1.968298018626163826e+00 6.780289030107239292e-04
1.968535533470841647e+00 6.513303790922851102e-04
1.968773048315519469e+00 5.146405553763789111e-04
1.969010563160197291e+00 2.934425923584807754e-04
1.969248078004875113e+00 3.325775677411091683e-05
1.969485592849552935e+00 2.417945511497187011e-04
1.969723107694230757e+00 4.619798484283271626e-04
1.969960622538908579e+00 6.000807113584727924e-04
1.970198137383586179e+00 6.339025067104290308e-04
1.970435652228264001e+00 5.595549496176849182e-04
1.970673167072941823e+00 3.916411859542081133e-04
1.970910681917619645e+00 1.608107687279080439e-04
1.971148196762297466e+00 9.721931967762332681e-05
1.971385711606975288e+00 3.298861195397991128e-04
1.971623226451653110e+00 5.039188901864736971e-04
1.971860741296330710e+00 5.896388545041385309e-04
1.972098256141008532e+00 5.738837104161756148e-04
1.972335770985686354e+00 4.610193932089001311e-04
1.972573285830364176e+00 2.719379287245641944e-04
1.972810800675041998e+00 4.326546532085410714e-05
1.973048315519719820e+00 1.972910848460707807e-04
1.973285830364397642e+00 3.950175030222888642e-04
1.973523345209075464e+00 5.229455788607225136e-04
1.973760860053753063e+00 5.601813661851251730e-04
1.973998374898430885e+00 5.017785059414972808e-04
1.974235889743108707e+00 3.591662197378846905e-04
1.974473404587786529e+00 1.582055297538057577e-04
1.974710919432464351e+00 7.030875207079297627e-05
1.974948434277142173e+00 2.788950420698738759e-04
1.975185949121819995e+00 4.386135516391201491e-04
1.975423463966497595e+00 5.216846865871737401e-04
1.975660978811175417e+00 5.150236147562478389e-04
1.975898493655853239e+00 4.210577298886317025e-04
1.976136008500531061e+00 2.570947958503602519e-04
1.976373523345208882e+00 5.375593393428975666e-05
1.976611038189886704e+00 1.610291809259196245e-04
1.976848553034564526e+00 3.416919405439640335e-04
1.977086067879242348e+00 4.622268683842359273e-04
1.977323582723919948e+00 5.027059601150691464e-04
1.977561097568597770e+00 4.573084247928861082e-04
1.977798612413275592e+00 3.349319139503656472e-04
1.978036127257953414e+00 1.576423255696090522e-04
1.978273642102631236e+00 4.773949113870283904e-05
1.978511156947309058e+00 2.373468249415995829e-04
1.978748671791986879e+00 3.861158848716202845e-04
1.978986186636664479e+00 4.675463515026004086e-04
1.979223701481342301e+00 4.685763070755058187e-04
1.979461216326020123e+00 3.900506574541764081e-04
1.979698731170697945e+00 2.463844014572652628e-04
1.979936246015375767e+00 6.378198122653815018e-05
1.980173760860053589e+00 1.307707634924078828e-04
1.980411275704731411e+00 2.979879860821587354e-04
1.980648790549409233e+00 4.129271672171667073e-04
1.980886305394086833e+00 4.564103742467082517e-04
1.981123820238764655e+00 4.218779121522519236e-04
1.981361335083442476e+00 3.161486008405272707e-04
1.981598849928120298e+00 1.581944796467410095e-04
1.981836364772798120e+00 2.875152369204552537e-05
1.982073879617475942e+00 2.026530988935010128e-04
1.982311394462153764e+00 3.427565986659126835e-04
1.982548909306831364e+00 4.231629968917703980e-04
1.982786424151509186e+00 4.308047344734467063e-04
1.983023938996187008e+00 3.652029597606993184e-04
1.983261453840864830e+00 2.383759885279451902e-04
1.983498968685542652e+00 7.308909980342917024e-05
1.983736483530220474e+00 1.050013352505401040e-04
1.983973998374898295e+00 2.613129844558402331e-04
1.984211513219576117e+00 3.718748427425854169e-04
1.984449028064253717e+00 4.181172490799832777e-04
1.984686542908931539e+00 3.928459773697204858e-04
1.984924057753609361e+00 3.011326561903406875e-04
1.985161572598287183e+00 1.593685498056639780e-04
1.985399087442965005e+00 1.375896525197795390e-05
1.985636602287642827e+00 1.730833922643820917e-04
1.985874117132320649e+00 3.061349355716552561e-04
1.986111631976998249e+00 3.859083216056500079e-04
1.986349146821676070e+00 3.993170975353738193e-04
1.986586661666353892e+00 3.447531496015805784e-04
1.986824176511031714e+00 2.322064568633470862e-04
1.987061691355709536e+00 8.165658085150329451e-05
1.987299206200387358e+00 8.266704696500083076e-05
1.987536721045065180e+00 2.299223829070729365e-04
1.987774235889743002e+00 3.369624310786351398e-04
1.988011750734420602e+00 3.857344564372163550e-04
1.988249265579098424e+00 3.684923160493101444e-04
1.988486780423776246e+00 2.888110540920938514e-04
1.988724295268454068e+00 1.608874296183934792e-04
1.988961810113131889e+00 1.062280705772655590e-05
1.989199324957809711e+00 1.474416839563739046e-04
1.989436839802487533e+00 2.746164292675162691e-04
1.989674354647165133e+00 3.540097851295441879e-04
1.989911869491842955e+00 3.725125216801790633e-04
1.990149384336520777e+00 3.275375767467312432e-04
1.990386899181198599e+00 2.273277870522631390e-04
1.990624414025876421e+00 8.953961541784218644e-05
1.990861928870554243e+00 6.301665639589104520e-05
1.991099443715232065e+00 2.026020599944331369e-04
1.991336958559909887e+00 3.067361273520676922e-04
1.991574473404587486e+00 3.578288644843063819e-04
1.991811988249265308e+00 3.476489533730071023e-04
1.992049503093943130e+00 2.784690894525100081e-04
1.992287017938620952e+00 1.625892067717401223e-04
1.992524532783298774e+00 2.075890897728964064e-05
1.992762047627976596e+00 1.248795433763622649e-04
1.992999562472654418e+00 2.470514982417970260e-04
1.993237077317332240e+00 3.262283781132085166e-04
1.993474592162009840e+00 3.492793808681202193e-04
1.993712107006687662e+00 3.127572293444946631e-04
1.993949621851365483e+00 2.233771998865425928e-04
1.994187136696043305e+00 9.681397887589566088e-05
1.994424651540721127e+00 4.550799964384571750e-05
1.994662166385398949e+00 1.784840171420193518e-04
1.994899681230076771e+00 2.801615636433025126e-04
1.995137196074754371e+00 3.333860136456578147e-04
1.995374710919432193e+00 3.294951766560916804e-04
1.995612225764110015e+00 2.696130511720017304e-04
1.995849740608787837e+00 1.643766573516535379e-04
1.996087255453465659e+00 3.213588874569822727e-05
1.996324770298143481e+00 1.047854244213961065e-04
1.996562285142821302e+00 2.226099464502309276e-04
1.996799799987499124e+00 3.016723552999961921e-04
1.997037314832176724e+00 3.288216147250346845e-04
1.997274829676854546e+00 2.998454176447689474e-04
1.997512344521532368e+00 2.201061419179876932e-04
1.997749859366210190e+00 1.035564447511464701e-04
1.997987374210888012e+00 2.976598617996160692e-05
1.998224889055565834e+00 1.569354871481262281e-04
1.998462403900243656e+00 2.564837967728851413e-04
1.998699918744921256e+00 3.116676723728156371e-04
1.998937433589599078e+00 3.134372472893966026e-04
1.999174948434276899e+00 2.618912614342571539e-04
1.999412463278954721e+00 1.661906135608337651e-04
1.999649978123632543e+00 4.293361862931687140e-05
1.999887492968310365e+00 8.672022367248376988e-05
2.000125007812988187e+00 2.006798428771983426e-04
2.000362522657666009e+00 2.796840072017486249e-04
2.000600037502343831e+00 3.105539567967767153e-04
2.000837552347021653e+00 2.883889451130384400e-04
2.001075067191699475e+00 2.173394084696357608e-04
2.001312582036377297e+00 1.098384205275792315e-04
2.001550096881055119e+00 1.566820467941237196e-05
2.001787611725732940e+00 1.374909955150814891e-04
2.002025126570410762e+00 2.351404182724619696e-04
2.002262641415088140e+00 2.921238263273052819e-04
2.002500156259765962e+00 2.990346856459974402e-04
2.002737671104443784e+00 2.550465487080085924e-04
2.002975185949121606e+00 1.679953122652348490e-04
2.003212700793799428e+00 5.302628851694647573e-05
2.003450215638477250e+00 7.038671064628823485e-05
2.003687730483155072e+00 1.808041240930048459e-04
2.003925245327832894e+00 2.597683075250790345e-04
2.004162760172510716e+00 2.940362033348384026e-04
2.004400275017188537e+00 2.780791675532397070e-04
2.004637789861866359e+00 2.149505921684117388e-04
2.004875304706544181e+00 1.157246914664378104e-04
2.005112819551222003e+00 5.474568675098548939e-06
2.005350334395899825e+00 1.198116924807818859e-04
2.005587849240577647e+00 2.157061225289419058e-04
2.005825364085255025e+00 2.743363926576000895e-04
2.006062878929932847e+00 2.859533824999019010e-04
2.006300393774610669e+00 2.488865071895181151e-04
2.006537908619288491e+00 1.697700923109035458e-04
2.006775423463966312e+00 6.248115293662846314e-05
2.007012938308644134e+00 5.563613337435712532e-05
2.007250453153321956e+00 1.626406547129338525e-04
2.007487967997999778e+00 2.415466817684145989e-04
2.007725482842677600e+00 2.789305851385521281e-04
2.007962997687355422e+00 2.686805101936196472e-04
2.008200512532033244e+00 2.128468093349134742e-04
2.008438027376711066e+00 1.212741816868405717e-04
2.008675542221388888e+00 1.246612250823949843e-05
2.008913057066066710e+00 1.036646371989713780e-04
2.009150571910744532e+00 1.978568706720746642e-04
2.009388086755421909e+00 2.579822146441138140e-04
2.009625601600099731e+00 2.739348008734303276e-04
2.009863116444777553e+00 2.432642531314794620e-04
2.010100631289455375e+00 1.715046359088379330e-04
2.010338146134133197e+00 7.139531083328634587e-05
2.010575660978811019e+00 4.254403900568524917e-05
2.010813175823488841e+00 1.459381458436047416e-04
2.011050690668166663e+00 2.247265415228095478e-04
2.011288205512844485e+00 2.649733481437704843e-04
2.011525720357522307e+00 2.600095738244859850e-04
2.011763235202200129e+00 2.109589293216212525e-04
2.012000750046877950e+00 1.265415378764809921e-04
2.012238264891555772e+00 2.373033273222091739e-05
2.012475779736233594e+00 8.892074570635768863e-05
2.012713294580911416e+00 1.813470636659051728e-04
2.012950809425588794e+00 2.428082597773909338e-04
2.013188324270266616e+00 2.627751744504536798e-04
2.013425839114944438e+00 2.380656055566174420e-04
2.013663353959622260e+00 1.731963067450411242e-04
2.013900868804300082e+00 7.986743269180907197e-05
2.014138383648977904e+00 3.166095643377679403e-05
2.014375898493655725e+00 1.305243632855728202e-04
2.014613413338333547e+00 2.090812568460224637e-04
2.014850928183011369e+00 2.519553948792100013e-04
2.015088443027689191e+00 2.519208746553827215e-04
2.015325957872367013e+00 2.092352040049739906e-04
2.015563472717044835e+00 1.315791131454626393e-04
2.015800987561722657e+00 3.483637605283348873e-05
2.016038502406400479e+00 7.557638543980310381e-05
2.016276017251078301e+00 1.659962332973439689e-04
2.016513532095755679e+00 2.286149054841577909e-04
2.016751046940433501e+00 2.523111164578191543e-04
2.016988561785111322e+00 2.332003264821537068e-04
2.017226076629789144e+00 1.748488317360513331e-04
2.017463591474466966e+00 8.799360771734211631e-05
2.017701106319144788e+00 2.460777677601872423e-05
2.017938621163822610e+00 1.163060425493382194e-04
2.018176136008500432e+00 1.944375980658957120e-04
2.018413650853178254e+00 2.397089323424540167e-04
2.018651165697856076e+00 2.442968565391200877e-04
2.018888680542533898e+00 2.076370936088660379e-04
2.019126195387211720e+00 1.364392779341102419e-04
2.019363710231889542e+00 4.563440003510750109e-05
2.019601225076567363e+00 6.381143630192165036e-05
2.019838739921245185e+00 1.516838542669769318e-04
2.020076254765922563e+00 2.152449395357684001e-04
2.020313769610600385e+00 2.424094673826190601e-04
2.020551284455278207e+00 2.285960022932845585e-04
2.020788799299956029e+00 1.764719581259884451e-04
2.021026314144633851e+00 9.586935028368754003e-05
2.021263828989311673e+00 2.398330067682890126e-05
2.021501343833989495e+00 1.032827718632517720e-04
2.021738858678667317e+00 1.806692340130128531e-04
2.021976373523345138e+00 2.280983082787974654e-04
2.022213888368022960e+00 2.370407204645817050e-04
2.022451403212700782e+00 2.061365959205599071e-04
2.022688918057378604e+00 1.411771814262758381e-04
2.022926432902056426e+00 5.620608594538836945e-05
2.023163947746734248e+00 5.409962023043736066e-05
2.023401462591412070e+00 1.383526576554349992e-04
2.023638977436089448e+00 2.025770389688486375e-04
2.023876492280767270e+00 2.329600455927018879e-04
2.024114007125445092e+00 2.241936939183690003e-04
2.024351521970122914e+00 1.780819626345740952e-04
2.024589036814800735e+00 1.035939429859856115e-04
2.024826551659478557e+00 2.978527658799961828e-05
2.025064066504156379e+00 9.158002626882683615e-05
2.025301581348834201e+00 1.676961297266325141e-04
2.025539096193512023e+00 2.170140137915981459e-04
2.025776611038189845e+00 2.300711499806226614e-04
2.026014125882867667e+00 2.047147005836240916e-04
2.026251640727545489e+00 1.458542527494676800e-04
2.026489155572223311e+00 6.667749659207820759e-05
2.026726670416901133e+00 4.733980162252019645e-05
2.026964185261578955e+00 1.260227310235535064e-04
2.027201700106256332e+00 1.905233816799870462e-04
2.027439214950934154e+00 2.238704893824480682e-04
2.027676729795611976e+00 2.199448125444327187e-04
2.027914244640289798e+00 1.797030884641242880e-04
2.028151759484967620e+00 1.112765105339638693e-04
2.028389274329645442e+00 3.919926606227171716e-05
2.028626789174323264e+00 8.150749534602075655e-05
2.028864304019001086e+00 1.554910180862527976e-04
2.029101818863678908e+00 2.063694297249699658e-04
2.029339333708356730e+00 2.233183376060458674e-04
2.029576848553034552e+00 2.033608145836900290e-04
2.029814363397712373e+00 1.505429443542980578e-04
2.030051878242390195e+00 7.720063129972487732e-05
2.030289393087068017e+00 4.476571698948167752e-05
2.030526907931745839e+00 1.148208798086833879e-04
2.030764422776423217e+00 1.790319652046144360e-04
2.031001937621101039e+00 2.150627476390687594e-04
2.031239452465778861e+00 2.158088908999072637e-04
2.031476967310456683e+00 1.813702107927442147e-04
2.031714482155134505e+00 1.190443562312082490e-04
2.031951996999812327e+00 5.039775943135642934e-05
2.032189511844490148e+00 7.363818395367775901e-05
2.032427026689167970e+00 1.440958757389768682e-04
2.032664541533845792e+00 1.961004810929005936e-04
2.032902056378523614e+00 2.167209272334788257e-04
2.033139571223201436e+00 2.020732116753919648e-04
2.033377086067879258e+00 1.553335667048276621e-04
2.033614600912557080e+00 8.795930840873815275e-05
2.033852115757234902e+00 4.724405064703020681e-05
2.034089630601912724e+00 1.050313360774892746e-04
2.034327145446590102e+00 1.680954582133595580e-04
2.034564660291267923e+00 2.064710951998114221e-04
2.034802175135945745e+00 2.117520773718129510e-04
2.035039689980623567e+00 1.831333661194147974e-04
2.035277204825301389e+00 1.270549223598816486e-04
2.035514719669979211e+00 6.277192409251443621e-05
2.035752234514657033e+00 6.885751291624025072e-05
2.035989749359334855e+00 1.336538189845242299e-04
2.036227264204012677e+00 1.861691427873747508e-04
2.036464779048690499e+00 2.102236364901030781e-04
2.036702293893368321e+00 2.008608229642266300e-04
2.036939808738046143e+00 1.603446855757393891e-04
2.037177323582723965e+00 9.918504586892408991e-05
2.037414838427401786e+00 5.455423579768803593e-05
2.037652353272079608e+00 9.717073272360766544e-05
2.037889868116756986e+00 1.577704234385150751e-04
2.038127382961434808e+00 1.980419245702210124e-04
2.038364897806112630e+00 2.077463334979016301e-04
2.038602412650790452e+00 1.850653733640597934e-04
2.038839927495468274e+00 1.355138858886263469e-04
2.039077442340146096e+00 7.627495073947698203e-05
2.039314957184823918e+00 6.824800037117337585e-05
2.039552472029501740e+00 1.244648833964299745e-04
2.039789986874179561e+00 1.765730334139394399e-04
2.040027501718857383e+00 2.037754531273511314e-04
2.040265016563535205e+00 1.997471319456393750e-04
2.040502531408213027e+00 1.657397377288106642e-04
2.040740046252890849e+00 1.111835866152888517e-04
2.040977561097568671e+00 6.585125508717924769e-05
2.041215075942246493e+00 9.207097401391621137e-05
2.041452590786923871e+00 1.482141692038729190e-04
2.041690105631601693e+00 1.897361539501798077e-04
2.041927620476279515e+00 2.037695305338728489e-04
2.042165135320957337e+00 1.872749289434209343e-04
2.042402650165635158e+00 1.447039763907618213e-04
2.042640165010312980e+00 9.115411970120719997e-05
2.042877679854990802e+00 7.272709730859287509e-05
2.043115194699668624e+00 1.170755361935190824e-04
2.043352709544346446e+00 1.673657424689177758e-04
2.043590224389024268e+00 1.973284545709564838e-04
2.043827739233702090e+00 1.987778234422155619e-04
2.044065254078379912e+00 1.717548849570731801e-04
2.044302768923057734e+00 1.243783175818564230e-04
2.044540283767735556e+00 8.055189021938397584e-05
2.044777798612413378e+00 9.090695296638112710e-05
2.045015313457090755e+00 1.397520372861852744e-04
2.045252828301768577e+00 1.815361872793506558e-04
2.045490343146446399e+00 1.998070557316651661e-04
2.045727857991124221e+00 1.899299744292986473e-04
2.045965372835802043e+00 1.550332246299433129e-04
2.046202887680479865e+00 1.079010319270010912e-04
2.046440402525157687e+00 8.275131954654137557e-05
2.046677917369835509e+00 1.124035736225385081e-04
2.046915432214513331e+00 1.586972204953591287e-04
2.047152947059191153e+00 1.908375464930983764e-04
2.047390461903868975e+00 1.980358007092193303e-04
2.047627976748546796e+00 1.787481088432974700e-04
2.047865491593224618e+00 1.393839589185697154e-04
2.048103006437902440e+00 9.867330248791660019e-05
2.048340521282580262e+00 9.507779667186984265e-05
2.048578036127257640e+00 1.329953024304597272e-04
2.048815550971935462e+00 1.734615734739653890e-04
2.049053065816613284e+00 1.958565078840760799e-04
2.049290580661291106e+00 1.933015483052533037e-04
2.049528095505968928e+00 1.671200918616620615e-04
2.049765610350646750e+00 1.273139956036615443e-04
2.050003125195324571e+00 9.853609508565714162e-05
2.050240640040002393e+00 1.118681569413898497e-04
2.050478154884680215e+00 1.508926022452768871e-04
2.050715669729358037e+00 1.842618712967254864e-04
2.050953184574035859e+00 1.976719432094604175e-04
2.051190699418713681e+00 1.872907277685597217e-04
2.051428214263391503e+00 1.571382852210534799e-04
2.051665729108069325e+00 1.208878634781897438e-04
2.051903243952747147e+00 1.059949122564490673e-04
2.052140758797424525e+00 1.290335935323922573e-04
2.052378273642102346e+00 1.656020841798693378e-04
2.052615788486780168e+00 1.919396362549439605e-04
2.052853303331457990e+00 1.978514010779183275e-04
2.053090818176135812e+00 1.819528055668653116e-04
2.053328333020813634e+00 1.506717386559102898e-04
2.053565847865491456e+00 1.206456619500845164e-04
2.053803362710169278e+00 1.174511594695629727e-04
2.054040877554847100e+00 1.446039440622095488e-04
2.054278392399524922e+00 1.775694755690520547e-04
2.054515907244202744e+00 1.979726372108421507e-04
2.054753422088880566e+00 1.983495547394296119e-04
2.054990936933558388e+00 1.791529644748556069e-04
2.055228451778236209e+00 1.486735895622300541e-04
2.055465966622914031e+00 1.251184694088990025e-04
2.055703481467591409e+00 1.297084300889493169e-04
2.055940996312269231e+00 1.581860522094911178e-04
2.056178511156947053e+00 1.881334200774626656e-04
2.056416026001624875e+00 2.044210983062166149e-04
2.056653540846302697e+00 2.012093411955173054e-04
2.056891055690980519e+00 1.801003568303150655e-04
2.057128570535658341e+00 1.506151330769163422e-04
2.057366085380336163e+00 1.316833445679904116e-04
2.057603600225013984e+00 1.410911844220367594e-04
2.057841115069691806e+00 1.707481067202329915e-04
2.058078629914369628e+00 1.995227033343173191e-04
2.058316144759047450e+00 2.136796129678241883e-04
2.058553659603725272e+00 2.080299698336327918e-04
2.058791174448403094e+00 1.847810376819931781e-04
2.059028689293080916e+00 1.545670469926737625e-04
2.059266204137758294e+00 1.379238763164860378e-04
2.059503718982436116e+00 1.517166175260300219e-04
2.059741233827113938e+00 1.846591764024645165e-04
2.059978748671791760e+00 2.146813462102083289e-04
2.060216263516469581e+00 2.279591270732675618e-04
2.060453778361147403e+00 2.193694189807180871e-04
2.060691293205825225e+00 1.917591507325074811e-04
2.060928808050503047e+00 1.578752230113504096e-04
2.061166322895180869e+00 1.426897484080913480e-04
2.061403837739858691e+00 1.638253858722693427e-04
2.061641352584536513e+00 2.036500429106637817e-04
2.061878867429214335e+00 2.367608940193052856e-04
2.062116382273892157e+00 2.486356265078268259e-04
2.062353897118569979e+00 2.343945405688391140e-04
2.062591411963247801e+00 1.984128166398795500e-04
2.062828926807925178e+00 1.579750876777449246e-04
2.063066441652603000e+00 1.472073183925947347e-04
2.063303956497280822e+00 1.821825177564505044e-04
2.063541471341958644e+00 2.323387719184813482e-04
2.063778986186636466e+00 2.683890652492942029e-04
2.064016501031314288e+00 2.757946212306837527e-04
2.064254015875992110e+00 2.508788522390649153e-04
2.064491530720669932e+00 2.012807617291144878e-04
2.064729045565347754e+00 1.533986955448495644e-04
2.064966560410025576e+00 1.568945812895985743e-04
2.065204075254703397e+00 2.138517331235448185e-04
2.065441590099381219e+00 2.753534773685783056e-04
2.065679104944059041e+00 3.111427995683174632e-04
2.065916619788736863e+00 3.081143650277759754e-04
2.066154134633414685e+00 2.652432310641327472e-04
2.066391649478092063e+00 1.962475641053471574e-04
2.066629164322769885e+00 1.463226639176443036e-04
2.066866679167447707e+00 1.830976143345795846e-04
2.067104194012125529e+00 2.669478949060562320e-04
2.067341708856803351e+00 3.367682243132223870e-04
2.067579223701481173e+00 3.654775891747721319e-04
2.067816738546158994e+00 3.427424341079450044e-04
2.068054253390836816e+00 2.721146612828720520e-04
2.068291768235514638e+00 1.789234137128248975e-04
2.068529283080192460e+00 1.502018739204052608e-04
2.068766797924870282e+00 2.414577738682312041e-04
2.069004312769548104e+00 3.499092890335773185e-04
2.069241827614225926e+00 4.204478154101472893e-04
2.069479342458903748e+00 4.306676590161204036e-04
2.069716857303581570e+00 3.743100766158779071e-04
2.069954372148258948e+00 2.626613910138707753e-04
2.070191886992936769e+00 1.491184762216925101e-04
2.070429401837614591e+00 1.992693663168175022e-04
2.070666916682292413e+00 3.490401576838421719e-04
2.070904431526970235e+00 4.732505607753321325e-04
2.071141946371648057e+00 5.306836585136365247e-04
2.071379461216325879e+00 5.031937789374339547e-04
2.071616976061003701e+00 3.909274042804012630e-04
2.071854490905681523e+00 2.204425232906894545e-04
2.072092005750359345e+00 1.490707585465949833e-04
2.072329520595037167e+00 3.355155285917515214e-04
2.072567035439714989e+00 5.299638085039368087e-04
2.072804550284392811e+00 6.527551444385313196e-04
2.073042065129070632e+00 6.694922397737434420e-04
2.073279579973748454e+00 5.673507655674928573e-04
2.073517094818425832e+00 3.588381993837645397e-04
2.073754609663103654e+00 1.301166224869279423e-04
2.073992124507781476e+00 3.206313940622737384e-04
2.074229639352459298e+00 6.141192367246414013e-04
2.074467154197137120e+00 8.288859415681948482e-04
2.074704669041814942e+00 9.082097927649887374e-04
2.074942183886492764e+00 8.240110237212741129e-04
2.075179698731170586e+00 5.832567283478632368e-04
2.075417213575848407e+00 2.430798665373956797e-04
2.075654728420526229e+00 2.094695172234091452e-04
2.075892243265204051e+00 4.812913080668530168e-04
2.076129758109881873e+00 5.325743455960459897e-04
2.076367272954559695e+00 2.116319683764134204e-04
2.076604787799237517e+00 7.227515632233491366e-04
2.076842302643915339e+00 2.262724763052146454e-03
2.077079817488592717e+00 4.532969486846071677e-03
2.077317332333270539e+00 7.530139023114053136e-03
2.077554847177948361e+00 1.118055353018392387e-02
2.077792362022626182e+00 1.533611873591340588e-02
2.078029876867304004e+00 1.978169870657831703e-02
2.078267391711981826e+00 2.425103048743184123e-02
2.078504906556659648e+00 2.844952358037011395e-02
2.078742421401337470e+00 3.208154354082359133e-02
2.078979936246015292e+00 3.487915980798554638e-02
2.079217451090693114e+00 3.662906479324292558e-02
2.079454965935370936e+00 3.719450759905135184e-02
2.079692480780048758e+00 3.652962555103648340e-02
2.079929995624726580e+00 3.468443644977160789e-02
2.080167510469404402e+00 3.179986312303099277e-02
2.080405025314082224e+00 2.809335643775161262e-02
2.080642540158759601e+00 2.383680791424486883e-02
2.080880055003437423e+00 1.932935192078165387e-02
2.081117569848115245e+00 1.486823270989505105e-02
2.081355084692793067e+00 1.072108116972621608e-02
2.081592599537470889e+00 7.102693263597592739e-03
2.081830114382148711e+00 4.158768907603901943e-03
2.082067629226826533e+00 1.958170005426571481e-03
2.082305144071504355e+00 4.947498406046953916e-04
2.082542658916182177e+00 3.119721235430656303e-04
2.082780173760859999e+00 5.751864687642879032e-04
2.083017688605537820e+00 4.603666457348409543e-04
2.083255203450215642e+00 1.782297803675874346e-04
2.083492718294893464e+00 3.637377639721243224e-04
2.083730233139571286e+00 7.117502468975933335e-04
2.083967747984249108e+00 9.367505367004298408e-04
2.084205262828926486e+00 9.877503493235979554e-04
2.084442777673604308e+00 8.643484191228941859e-04
2.084680292518282130e+00 6.036148548904740965e-04
2.084917807362959952e+00 2.798315530178746287e-04
2.085155322207637774e+00 2.046816903494822382e-04
2.085392837052315596e+00 4.751667103905776453e-04
2.085630351896993417e+00 6.815189699176969285e-04
2.085867866741671239e+00 7.629418098344616962e-04
2.086105381586349061e+00 7.112894896092664728e-04
2.086342896431026883e+00 5.461765613085619100e-04
2.086580411275704705e+00 3.139313152921745166e-04
2.086817926120382527e+00 1.562894216752096091e-04
2.087055440965060349e+00 3.162899391446028852e-04
2.087292955809738171e+00 5.019535059415570653e-04
2.087530470654415993e+00 6.059989879966307504e-04
2.087767985499093371e+00 6.077938818795456527e-04
2.088005500343771192e+00 5.125976368402236204e-04
2.088243015188449014e+00 3.474041052710415546e-04
2.088480530033126836e+00 1.787805866641909336e-04
2.088718044877804658e+00 2.071003025631143663e-04
2.088955559722482480e+00 3.637513835205931530e-04
2.089193074567160302e+00 4.812532688144925924e-04
2.089430589411838124e+00 5.221158636688288078e-04
2.089668104256515946e+00 4.802901977604811926e-04
2.089905619101193768e+00 3.691438312704678785e-04
2.090143133945871590e+00 2.250654674232016941e-04
2.090380648790549412e+00 1.563728827286332444e-04
2.090618163635227233e+00 2.578245052923259150e-04
2.090855678479905055e+00 3.763932676719962617e-04
2.091093193324582877e+00 4.437977851331080569e-04
2.091330708169260255e+00 4.430204609209562115e-04
2.091568223013938077e+00 3.768878680350342173e-04
2.091805737858615899e+00 2.658098946873279017e-04
2.092043252703293721e+00 1.634753719045156769e-04
2.092280767547971543e+00 1.849868388770507983e-04
2.092518282392649365e+00 2.877305809485280379e-04
2.092755797237327187e+00 3.699009987151996711e-04
2.092993312082005009e+00 3.998420488756550132e-04
2.093230826926682830e+00 3.712094032444719963e-04
2.093468341771360652e+00 2.935822906419303046e-04
2.093705856616038474e+00 1.960409156673465793e-04
2.093943371460716296e+00 1.525826052232396451e-04
2.094180886305394118e+00 2.166317136319517158e-04
2.094418401150071940e+00 3.009149650326942713e-04
2.094655915994749762e+00 3.519683869462906850e-04
2.094893430839427584e+00 3.538115292770298553e-04
2.095130945684104962e+00 3.074087199793893756e-04
2.095368460528782784e+00 2.286383005586753892e-04
2.095605975373460605e+00 1.583908984893862512e-04
2.095843490218138427e+00 1.684628624144335687e-04
2.096081005062816249e+00 2.393937823626861273e-04
2.096318519907494071e+00 3.017224634874847021e-04
2.096556034752171893e+00 3.269856886834028543e-04
2.096793549596849715e+00 3.082577421548618034e-04
2.097031064441527537e+00 2.523922258335801810e-04
2.097268579286205359e+00 1.823212261091495428e-04
2.097506094130883181e+00 1.492245200996926359e-04
2.097743608975561003e+00 1.897041769560894691e-04
2.097981123820238825e+00 2.522132749130833926e-04
2.098218638664916647e+00 2.934329167436433919e-04
2.098456153509594468e+00 2.979037311743790964e-04
2.098693668354271846e+00 2.651170449713627776e-04
2.098931183198949668e+00 2.073833482860460028e-04
2.099168698043627490e+00 1.555298926017230658e-04
2.099406212888305312e+00 1.575967350782831551e-04
2.099643727732983134e+00 2.073450366642616885e-04
2.099881242577660956e+00 2.562254406953235570e-04
2.100118757422338778e+00 2.785994914656876793e-04
2.100356272267016600e+00 2.670142465750986521e-04
2.100593787111694422e+00 2.261735334661872990e-04
2.100831301956372243e+00 1.739708334969678047e-04
2.101068816801050065e+00 1.467966506430994653e-04
2.101306331645727887e+00 1.718635415410035188e-04
2.101543846490405709e+00 2.188516472731873283e-04
2.101781361335083531e+00 2.529720828762485238e-04
2.102018876179761353e+00 2.593540758626802843e-04
2.102256391024438731e+00 2.363044258544874491e-04
2.102493905869116553e+00 1.932159863626214892e-04
2.102731420713794375e+00 1.533781309792753257e-04
2.102968935558472197e+00 1.505190980271448053e-04
2.103206450403150019e+00 1.852863271834685787e-04
2.103443965247827840e+00 2.240007578852307255e-04
2.103681480092505662e+00 2.440348963391204547e-04
2.103918994937183484e+00 2.375919018850920490e-04
2.104156509781861306e+00 2.076201297521348662e-04
2.104394024626539128e+00 1.679404954662351188e-04
2.104631539471216950e+00 1.450318806517012491e-04
2.104869054315894772e+00 1.598080119812682982e-04
2.105106569160572594e+00 1.950274535194485188e-04
2.105344084005250416e+00 2.234132806470073124e-04
2.105581598849928238e+00 2.309689941253479479e-04
2.105819113694605615e+00 2.150721863437164618e-04
2.106056628539283437e+00 1.827011800237906994e-04
2.106294143383961259e+00 1.514806666417615208e-04
2.106531658228639081e+00 1.458372531804085295e-04
2.106769173073316903e+00 1.696973262516048725e-04
2.107006687917994725e+00 2.002284537634311753e-04
2.107244202762672547e+00 2.180572331855309325e-04
2.107481717607350369e+00 2.152973605673778033e-04
2.107719232452028191e+00 1.934561386155475874e-04
2.107956747296706013e+00 1.630601583848647403e-04
2.108194262141383835e+00 1.436572042512321084e-04
2.108431776986061656e+00 1.515217659822263793e-04
2.108669291830739478e+00 1.775328723242187664e-04
2.108906806675417300e+00 2.009714904142702123e-04
2.109144321520095122e+00 2.090629580665655197e-04
2.109381836364772500e+00 1.985068426574325060e-04
2.109619351209450322e+00 1.742755950010717357e-04
2.109856866054128144e+00 1.496577214613540447e-04
2.110094380898805966e+00 1.426590527398577054e-04
2.110331895743483788e+00 1.584845263373664277e-04
2.110569410588161610e+00 1.821998666071192579e-04
2.110806925432839432e+00 1.978127542721195176e-04
2.111044440277517253e+00 1.976397475143780837e-04
2.111281955122195075e+00 1.820227609791934774e-04
2.111519469966872897e+00 1.588046308442210650e-04
2.111756984811550719e+00 1.424843633747916144e-04
2.111994499656228541e+00 1.457446072586721184e-04
2.112232014500906363e+00 1.644521135318339350e-04
2.112469529345584185e+00 1.834693046522977886e-04
2.112707044190262007e+00 1.915657789694899451e-04
2.112944559034939385e+00 1.850204927100461709e-04
2.113182073879617207e+00 1.671423403863918496e-04
2.113419588724295028e+00 1.478268868218864508e-04
2.113657103568972850e+00 1.404245505931023025e-04
2.113894618413650672e+00 1.503277051682651289e-04
2.114132133258328494e+00 1.682750517001765130e-04
2.114369648103006316e+00 1.816202993759188434e-04
2.114607162947684138e+00 1.831846728090067496e-04
2.114844677792361960e+00 1.724017176095968046e-04
2.115082192637039782e+00 1.549101502270610351e-04
2.115319707481717604e+00 1.413937422461262626e-04
2.115557222326395426e+00 1.416647732231093783e-04
2.115794737171073248e+00 1.545645812539861246e-04
2.116032252015751070e+00 1.695665173506751130e-04
2.116269766860428891e+00 1.772314747778172648e-04
2.116507281705106269e+00 1.736819348289951853e-04
2.116744796549784091e+00 1.608593399694007613e-04
2.116982311394461913e+00 1.459474996523599634e-04
2.117219826239139735e+00 1.387792100641895476e-04
2.117457341083817557e+00 1.443533493372245447e-04
2.117694855928495379e+00 1.573983131207750492e-04
2.117932370773173201e+00 1.684280076415240585e-04
2.118169885617851023e+00 1.710535149327575973e-04
2.118407400462528845e+00 1.640491993076055089e-04
2.118644915307206666e+00 1.512329976322450214e-04
2.118882430151884488e+00 1.403108796085456315e-04
2.119119944996562310e+00 1.387451534252757534e-04
2.119357459841240132e+00 1.470499048580330463e-04
2.119594974685917954e+00 1.583914195907682127e-04
2.119832489530595776e+00 1.652689088503851050e-04
2.120070004375273154e+00 1.639136542553851260e-04
2.120307519219950976e+00 1.551650808852943621e-04
2.120545034064628798e+00 1.439990940481165047e-04
2.120782548909306620e+00 1.374947361294327416e-04
2.121020063753984441e+00 1.399614249671127123e-04
2.121257578598662263e+00 1.488538350154258423e-04
2.121495093443340085e+00 1.575449326012523488e-04
2.121732608288017907e+00 1.606817252587719588e-04
2.121970123132695729e+00 1.566260319141182268e-04
2.122207637977373551e+00 1.476901447815089292e-04
2.122445152822051373e+00 1.391896409276973474e-04
2.122682667666729195e+00 1.366221245643224873e-04
2.122920182511407017e+00 1.413321081541803897e-04
2.123157697356084839e+00 1.493496821645904499e-04
2.123395212200762661e+00 1.551538424387617317e-04
2.123632727045440038e+00 1.553416523798123374e-04
2.123870241890117860e+00 1.498971448326701810e-04
2.124107756734795682e+00 1.419718057838267205e-04
2.124345271579473504e+00 1.364213844410401327e-04
2.124582786424151326e+00 1.367277051108948638e-04
2.124820301268829148e+00 1.421340553932795136e-04
2.125057816113506970e+00 1.484981480058215203e-04
2.125295330958184792e+00 1.516926741481596701e-04
2.125532845802862614e+00 1.499121035401466278e-04
2.125770360647540436e+00 1.442317042957343446e-04
2.126007875492218258e+00 1.380015713680416475e-04
2.126245390336896079e+00 1.350446043738286151e-04
2.126482905181573901e+00 1.369924073889085563e-04
2.126720420026251723e+00 1.420187788577329684e-04
2.126957934870929545e+00 1.465264552102314743e-04
2.127195449715606923e+00 1.477155192534728790e-04
2.127432964560284745e+00 1.449509813800227106e-04
2.127670479404962567e+00 1.398616846934660357e-04
2.127907994249640389e+00 1.354591937782368024e-04
2.128145509094318211e+00 1.343455140054556458e-04
2.128383023938996033e+00 1.368649510945952480e-04
2.128620538783673855e+00 1.409518968217202389e-04
2.128858053628351676e+00 1.438274981016830724e-04
2.129095568473029498e+00 1.437602863538156789e-04
2.129333083317707320e+00 1.408270845030538043e-04
2.129570598162385142e+00 1.367293598136034031e-04
2.129808113007062964e+00 1.338361966933839897e-04
2.130045627851740786e+00 1.337178422267251232e-04
2.130283142696418608e+00 1.360866373262030948e-04
2.130520657541096430e+00 1.391321829334054119e-04
2.130758172385773808e+00 1.408633392546311926e-04
2.130995687230451630e+00 1.402576601707921874e-04
2.131233202075129451e+00 1.376682547516267462e-04
2.131470716919807273e+00 1.345403952731545627e-04
2.131708231764485095e+00 1.325892399047115078e-04
2.131945746609162917e+00 1.327617823708468578e-04
2.132183261453840739e+00 1.346595058308243560e-04
2.132420776298518561e+00 1.369039675483372804e-04
2.132658291143196383e+00 1.380702303920689866e-04
2.132895805987874205e+00 1.374575731777113845e-04
2.133133320832552027e+00 1.353628322951387966e-04
2.133370835677229849e+00 1.328710645591692175e-04
2.133608350521907671e+00 1.312695398629789938e-04
2.133845865366585492e+00 1.313145512793117476e-04
2.134083380211263314e+00 1.327858685023039118e-04
2.134320895055940692e+00 1.346649727143629652e-04
2.134558409900618514e+00 1.357712114625675881e-04
2.134795924745296336e+00 1.353931873384748479e-04
2.135033439589974158e+00 1.336184614878479159e-04
2.135270954434651980e+00 1.312905356141516892e-04
2.135508469279329802e+00 1.296019112690305526e-04
2.135745984124007624e+00 1.294336058154725003e-04
2.135983498968685446e+00 1.307912414012902895e-04
2.136221013813363268e+00 1.327727596058195648e-04
2.136458528658041089e+00 1.341121554378530789e-04
2.136696043502718911e+00 1.338964744822139833e-04
2.136933558347396733e+00 1.320582120841540870e-04
2.137171073192074555e+00 1.294622107762632794e-04
2.137408588036752377e+00 1.275140734026978596e-04
2.137646102881430199e+00 1.273491163234640345e-04
2.137883617726107577e+00 1.290355397952153897e-04
2.138121132570785399e+00 1.314610987833889197e-04
2.138358647415463221e+00 1.330395597104198013e-04
2.138596162260141043e+00 1.326611580738379912e-04
2.138833677104818864e+00 1.303222819871341267e-04
2.139071191949496686e+00 1.272075384175791880e-04
2.139308706794174508e+00 1.251270979005362528e-04
2.139546221638852330e+00 1.253937251123211634e-04
2.139783736483530152e+00 1.278202083130936418e-04
2.140021251328207974e+00 1.307850564561393399e-04
2.140258766172885796e+00 1.323278813864725231e-04
2.140496281017563618e+00 1.313310466321484398e-04
2.140733795862241440e+00 1.281503412415444323e-04
2.140971310706919262e+00 1.245322889299388999e-04
2.141208825551597084e+00 1.227154692281967640e-04
2.141446340396274461e+00 1.239148123787382880e-04
2.141683855240952283e+00 1.273075757034039545e-04
2.141921370085630105e+00 1.306114362854817953e-04
2.142158884930307927e+00 1.316460515277742549e-04
2.142396399774985749e+00 1.295875026021495332e-04
2.142633914619663571e+00 1.254343639218654673e-04
2.142871429464341393e+00 1.216207133573998886e-04
2.143108944309019215e+00 1.206403520059462389e-04
2.143346459153697037e+00 1.231802252847387770e-04
2.143583973998374859e+00 1.274742515079789733e-04
2.143821488843052681e+00 1.306567765759554414e-04
2.144059003687730502e+00 1.306403281870928542e-04
2.144296518532408324e+00 1.272185474492396279e-04
2.144534033377086146e+00 1.222422617705462653e-04
2.144771548221763968e+00 1.188004201708396098e-04
2.145009063066441346e+00 1.192601476826617878e-04
2.145246577911119168e+00 1.232987326304952626e-04
2.145484092755796990e+00 1.281136353252875892e-04
2.145721607600474812e+00 1.305575527498618090e-04
2.145959122445152634e+00 1.290115452472628420e-04
2.146196637289830456e+00 1.241638702594479165e-04
2.146434152134508277e+00 1.188147774944631028e-04
2.146671666979186099e+00 1.164772094791407695e-04
2.146909181823863921e+00 1.188316709799318955e-04
2.147146696668541743e+00 1.241805431241079915e-04
2.147384211513219565e+00 1.288843865190206011e-04
2.147621726357897387e+00 1.299493321728525637e-04
2.147859241202575209e+00 1.265746250995449461e-04
2.148096756047253031e+00 1.205367335641895754e-04
2.148334270891930853e+00 1.155345400016716560e-04
2.148571785736608231e+00 1.150416045679298558e-04
2.148809300581286053e+00 1.194285696537867702e-04
2.149046815425963874e+00 1.255516067531746991e-04
2.149284330270641696e+00 1.293849393909614961e-04
2.149521845115319518e+00 1.285364783268340373e-04
2.149759359959997340e+00 1.232978715431688472e-04
2.149996874804675162e+00 1.166237375691564645e-04
2.150234389649352984e+00 1.128622990520911464e-04
2.150471904494030806e+00 1.147618113570340566e-04
2.150709419338708628e+00 1.209069839714967543e-04
2.150946934183386450e+00 1.270130406861196329e-04
2.151184449028064272e+00 1.292304831854196345e-04
2.151421963872742094e+00 1.261444151016560280e-04
2.151659478717419915e+00 1.193238867880283267e-04
2.151896993562097737e+00 1.128586999697475245e-04
2.152134508406775115e+00 1.112384345656691563e-04
2.152372023251452937e+00 1.156957102855248097e-04
2.152609538096130759e+00 1.229313794373938914e-04
2.152847052940808581e+00 1.281210133994302761e-04
2.153084567785486403e+00 1.281170210631802460e-04
2.153322082630164225e+00 1.227545188594773124e-04
2.153559597474842047e+00 1.149725440666720685e-04
2.153797112319519869e+00 1.097617101043354081e-04
2.154034627164197691e+00 1.109643281539683711e-04
2.154272142008875512e+00 1.176585183605483639e-04
2.154509656853553334e+00 1.250459180597917144e-04
2.154747171698231156e+00 1.284629814415565825e-04
2.154984686542908978e+00 1.258679371286159385e-04
2.155222201387586800e+00 1.185244202133983987e-04
2.155459716232264622e+00 1.107207604236811599e-04
2.155697231076942000e+00 1.078364545312724451e-04
2.155934745921619822e+00 1.121025239770713993e-04
2.156172260766297644e+00 1.202595541133367324e-04
2.156409775610975466e+00 1.267611782989181118e-04
2.156647290455653287e+00 1.277175542703805258e-04
2.156884805300331109e+00 1.224652720105086140e-04
2.157122320145008931e+00 1.137942820229025646e-04
2.157359834989686753e+00 1.071467740896129460e-04
2.157597349834364575e+00 1.074378453958253060e-04
2.157834864679042397e+00 1.144417667102451218e-04
2.158072379523720219e+00 1.229868908206722239e-04
2.158309894368398041e+00 1.276311088601257595e-04
2.158547409213075863e+00 1.256964352776096213e-04
2.158784924057753685e+00 1.180694572589281879e-04
2.159022438902431507e+00 1.090733205933910719e-04
2.159259953747108884e+00 1.048259960350153168e-04
2.159497468591786706e+00 1.086545112049426147e-04
2.159734983436464528e+00 1.175433284096487010e-04
2.159972498281142350e+00 1.253027987513559243e-04
2.160210013125820172e+00 1.273099029702365163e-04
2.160447527970497994e+00 1.223725374332598553e-04
2.160685042815175816e+00 1.130286381728743707e-04
2.160922557659853638e+00 1.049919382401297247e-04
2.161160072504531460e+00 1.041847779277392522e-04
2.161397587349209282e+00 1.112649057266109639e-04
2.161635102193887104e+00 1.208404345852669175e-04
2.161872617038564925e+00 1.267230068951658343e-04
2.162110131883242747e+00 1.255900955043236559e-04
2.162347646727920569e+00 1.178989835069972804e-04
2.162585161572598391e+00 1.078722507188833172e-04
2.162822676417275769e+00 1.022002445842138481e-04
2.163060191261953591e+00 1.053598544906094196e-04
2.163297706106631413e+00 1.147905462161264643e-04
2.163535220951309235e+00 1.237447533440324870e-04
2.163772735795987057e+00 1.268716768884725447e-04
2.164010250640664879e+00 1.224277846426045100e-04
2.164247765485342700e+00 1.126209125423739975e-04
2.164485280330020522e+00 1.032732002197154396e-04
2.164722795174698344e+00 1.012103730729768235e-04
2.164960310019376166e+00 1.081376138016492896e-04
2.165197824864053988e+00 1.186115856657503462e-04
2.165435339708731810e+00 1.257297860009079027e-04
2.165672854553409632e+00 1.255162671902303043e-04
2.165910369398087454e+00 1.179606235300790661e-04
2.166147884242765276e+00 1.070758014230013946e-04
2.166385399087442654e+00 9.995385964270501198e-05
2.166622913932120476e+00 1.022290681558701755e-04
2.166860428776798297e+00 1.120097667726161492e-04
2.167097943621476119e+00 1.220871221317989760e-04
2.167335458466153941e+00 1.263850185065520482e-04
2.167572973310831763e+00 1.225900201596857734e-04
2.167810488155509585e+00 1.125213705940496857e-04
2.168048003000187407e+00 1.019670034237148923e-04
2.168285517844865229e+00 9.852185943403233745e-05
2.168523032689543051e+00 1.050710603488298127e-04
2.168760547534220873e+00 1.163059334911035271e-04
2.168998062378898695e+00 1.246448715060935366e-04
2.169235577223576517e+00 1.254480680281885331e-04
2.169473092068254338e+00 1.182086412873306695e-04
2.169710606912932160e+00 1.066441286687759012e-04
2.169948121757609538e+00 9.808181867373227893e-05
2.170185636602287360e+00 9.927469610196114629e-05
2.170423151446965182e+00 1.092103513028088032e-04
2.170660666291643004e+00 1.203309699970035853e-04
2.170898181136320826e+00 1.258356513946500292e-04
2.171135695980998648e+00 1.228245377260061666e-04
2.171373210825676470e+00 1.126847956164213176e-04
2.171610725670354292e+00 1.010495222337155693e-04
2.171848240515032114e+00 9.612764746975742478e-05
2.172085755359709935e+00 1.020779223334547070e-04
2.172323270204387757e+00 1.139296405138889298e-04
2.172560785049065579e+00 1.234635198617494399e-04
2.172798299893743401e+00 1.253632834850079822e-04
2.173035814738421223e+00 1.186030948961467566e-04
2.173273329583099045e+00 1.065391030816521730e-04
2.173510844427776423e+00 9.657846421819378838e-05
2.173748359272454245e+00 9.651101777178298534e-05
2.173985874117132067e+00 1.064025654666979500e-04
2.174223388961809889e+00 1.184781997917771704e-04
2.174460903806487710e+00 1.252121519103539316e-04
2.174698418651165532e+00 1.231018875982790276e-04
2.174935933495843354e+00 1.130701490620120012e-04
2.175173448340521176e+00 1.004962770037507830e-04
2.175410963185198998e+00 9.403655147989418647e-05
2.175648478029876820e+00 9.917241344477542337e-05
2.175885992874554642e+00 1.114894856591504849e-04
2.176123507719232464e+00 1.221824596288072131e-04
2.176361022563910286e+00 1.252434943758442513e-04
2.176598537408588108e+00 1.191091052465401758e-04
2.176836052253265930e+00 1.067242975219404375e-04
2.177073567097943307e+00 9.543675412089906739e-05
2.177311081942621129e+00 9.395372911018691183e-05
2.177548596787298951e+00 1.035976968999964825e-04
2.177786111631976773e+00 1.165314581076741225e-04
2.178023626476654595e+00 1.245053886167781767e-04
2.178261141321332417e+00 1.233970230825138441e-04
2.178498656166010239e+00 1.136402821547281735e-04
2.178736171010688061e+00 1.002820195933464220e-04
2.178973685855365883e+00 9.225702432072855805e-05
2.179211200700043705e+00 9.637031126706663341e-05
2.179448715544721527e+00 1.089929287294943131e-04
2.179686230389399348e+00 1.207996249292393992e-04
2.179923745234077170e+00 1.250733822320659720e-04
2.180161260078754992e+00 1.196962148168052815e-04
2.180398774923432814e+00 1.071650693741609515e-04
2.180636289768110192e+00 9.464772427805841681e-05
2.180873804612788014e+00 9.161957126527105449e-05
2.181111319457465836e+00 1.008081861355462271e-04
2.181348834302143658e+00 1.144940815856253729e-04
2.181586349146821480e+00 1.237080883852189727e-04
2.181823863991499302e+00 1.236885916592488012e-04
2.182061378836177123e+00 1.143616669272304673e-04
2.182298893680854945e+00 1.003808273799818669e-04
2.182536408525532767e+00 9.079641574745225536e-05
2.182773923370210589e+00 9.368896591426392544e-05
2.183011438214888411e+00 1.064481953468449500e-04
2.183248953059566233e+00 1.193139585946543255e-04
2.183486467904244055e+00 1.248401738577730987e-04
2.183723982748921877e+00 1.203378222181287024e-04
2.183961497593599699e+00 1.078286763836151986e-04
2.184199012438277077e+00 9.420017115836082627e-05
2.184436527282954899e+00 8.952588654694453366e-05
2.184674042127632720e+00 9.804776896258211817e-05
2.184911556972310542e+00 1.123700765860197762e-04
2.185149071816988364e+00 1.228144993050617672e-04
2.185386586661666186e+00 1.239583453378719272e-04
2.185624101506344008e+00 1.152041318125017672e-04
2.185861616351021830e+00 1.007663422629074456e-04
2.186099131195699652e+00 8.966028228925828562e-05
2.186336646040377474e+00 9.114727173036298274e-05
2.186574160885055296e+00 1.038643824059251700e-04
2.186811675729733118e+00 1.177252691392185091e-04
2.187049190574410940e+00 1.245331956271931778e-04
2.187286705419088761e+00 1.210106830693161926e-04
2.187524220263766583e+00 1.086843846757542273e-04
2.187761735108443961e+00 9.408055145053426430e-05
2.187999249953121783e+00 8.769009063533863961e-05
2.188236764797799605e+00 9.533162619561334663e-05
2.188474279642477427e+00 1.101641274414607294e-04
2.188711794487155249e+00 1.218201282948714806e-04
2.188949309331833071e+00 1.241906494670312502e-04
2.189186824176510893e+00 1.161405971569416212e-04
2.189424339021188715e+00 1.014120942134733646e-04
2.189661853865866536e+00 8.885178804116519388e-05
2.189899368710544358e+00 8.876558014030657058e-05
2.190136883555222180e+00 1.012515849408739056e-04
2.190374398399900002e+00 1.160341299929931296e-04
2.190611913244577824e+00 1.241435143823374043e-04
2.190849428089255646e+00 1.216944701605974431e-04
2.191086942933933468e+00 1.097035447263080632e-04
2.191324457778610846e+00 9.427308116915726198e-05
2.191561972623288668e+00 8.612906266009242120e-05
2.191799487467966490e+00 9.267653449074160174e-05
2.192037002312644312e+00 1.078816308523995949e-04
2.192274517157322133e+00 1.207215368403390945e-04
2.192512032001999955e+00 1.243720730410040256e-04
2.192749546846677777e+00 1.171468116684740835e-04
2.192987061691355599e+00 1.022918559781150219e-04
2.193224576536033421e+00 8.837123996264536043e-05
2.193462091380711243e+00 8.656553016262698373e-05
2.193699606225389065e+00 9.862104549234588266e-05
2.193937121070066887e+00 1.142418133881272169e-04
2.194174635914744709e+00 1.236636473633733141e-04
2.194412150759422531e+00 1.223713870449489585e-04
2.194649665604100353e+00 1.108596243835066798e-04
2.194887180448777730e+00 9.476000130952562915e-05
2.195124695293455552e+00 8.485847087817331941e-05
2.195362210138133374e+00 9.010100836741554895e-05
2.195599724982811196e+00 1.055287554161103448e-04
2.195837239827489018e+00 1.195161826127136187e-04
2.196074754672166840e+00 1.244910463962247099e-04
2.196312269516844662e+00 1.182010933867883896e-04
2.196549784361522484e+00 1.033799868780833502e-04
2.196787299206200306e+00 8.821579615505307983e-05
2.197024814050878128e+00 8.456977242576371441e-05
2.197262328895555950e+00 9.598532656412393793e-05
2.197499843740233771e+00 1.123502534627633442e-04
2.197737358584911593e+00 1.230873270515965210e-04
2.197974873429589415e+00 1.230258294957645247e-04
2.198212388274267237e+00 1.121281974839268567e-04
2.198449903118944615e+00 9.552196558406277538e-05
2.198687417963622437e+00 8.389206976994012619e-05
2.198924932808300259e+00 8.762541876512633734e-05
2.199162447652978081e+00 1.031125273039674967e-04
2.199399962497655903e+00 1.182022982115349380e-04
2.199637477342333725e+00 1.245375749494501681e-04
2.199874992187011546e+00 1.192840792746619404e-04
2.200112507031689368e+00 1.046517361827294400e-04
2.200350021876367190e+00 8.837937196522523814e-05
2.200587536721045012e+00 8.280156609653009441e-05
2.200825051565722834e+00 9.335850630105641467e-05
2.201062566410400656e+00 1.103620355680615014e-04
2.201300081255078478e+00 1.224093103944424348e-04
2.201537596099756300e+00 1.236440900395683956e-04
2.201775110944434122e+00 1.134868925355917980e-04
2.202012625789111944e+00 9.653850060414390240e-05
2.202250140633789766e+00 8.324102074814114537e-05
2.202487655478467587e+00 8.527206781629325023e-05
2.202725170323145409e+00 1.006409432565976656e-04
2.202962685167822787e+00 1.167788001274133530e-04
2.203200200012500609e+00 1.245029991246136044e-04
2.203437714857178431e+00 1.203784870021113861e-04
2.203675229701856253e+00 1.060834887805936570e-04
2.203912744546534075e+00 8.885274802297954497e-05
2.204150259391211897e+00 8.128423663546873715e-05
2.204387774235889719e+00 9.075639572485487221e-05
2.204625289080567541e+00 1.082804102576314829e-04
2.204862803925245363e+00 1.216252238571586148e-04
2.205100318769923184e+00 1.242141004181500190e-04
2.205337833614601006e+00 1.149153090459332062e-04
2.205575348459278828e+00 9.778848992745519232e-05
2.205812863303956650e+00 8.291329960856159021e-05
2.206050378148634472e+00 8.306519312438373189e-05
2.206287892993312294e+00 9.812311382515491768e-05
2.206525407837989672e+00 1.152452234284226260e-04
2.206762922682667494e+00 1.243797926227820344e-04
2.207000437527345316e+00 1.214688916611152738e-04
2.207237952372023138e+00 1.076529465599158355e-04
2.207475467216700959e+00 8.962386210509041922e-05
2.207712982061378781e+00 8.004049770635776172e-05
2.207950496906056603e+00 8.819677288331474198e-05
2.208188011750734425e+00 1.061093316396895838e-04
2.208425526595412247e+00 1.207314377535568937e-04
2.208663041440090069e+00 1.247252075028575981e-04
2.208900556284767891e+00 1.163949098539367237e-04
2.209138071129445713e+00 9.925064104776997506e-05
2.209375585974123535e+00 8.291325510567612328e-05
2.209613100818801357e+00 8.103086862343484610e-05
2.209850615663479179e+00 9.556944013923466218e-05
2.210088130508156556e+00 1.136016790376086113e-04
2.210325645352834378e+00 1.241613926772893589e-04
2.210563160197512200e+00 1.225415190635259033e-04
2.210800675042190022e+00 1.093392467470850763e-04
2.211038189886867844e+00 9.067824730975951905e-05
2.211275704731545666e+00 7.909166214364699249e-05
2.211513219576223488e+00 8.569962514714065836e-05
2.211750734420901310e+00 1.038535217507553218e-04
2.211988249265579132e+00 1.197249649593620975e-04
2.212225764110256954e+00 1.251679785492403659e-04
2.212463278954934776e+00 1.179088979303744608e-04
2.212700793799612597e+00 1.009039047849528444e-04
2.212938308644290419e+00 8.324137160937808714e-05
2.213175823488968241e+00 7.919676527656101218e-05
2.213413338333646063e+00 9.299182779273348020e-05
2.213650853178323441e+00 1.118488316365257073e-04
2.213888368023001263e+00 1.238420565353602534e-04
2.214125882867679085e+00 1.235840562505740377e-04
2.214363397712356907e+00 1.111230235695041227e-04
2.214600912557034729e+00 9.199956654194399843e-05
2.214838427401712551e+00 7.845679299761719287e-05
2.215075942246390373e+00 8.328738433729220697e-05
2.215313457091068194e+00 1.015185631614712590e-04
2.215550971935746016e+00 1.186033801409947891e-04
2.215788486780423838e+00 1.255340316844100949e-04
2.216026001625101660e+00 1.194420846338452871e-04
2.216263516469779482e+00 1.027278283759245443e-04
2.216501031314457304e+00 8.389426610655629861e-05
2.216738546159135126e+00 7.759173571889774700e-05
2.216976061003812948e+00 9.040394161443390765e-05
2.217213575848490326e+00 1.099878977141785361e-04
2.217451090693168148e+00 1.234167400727503687e-04
2.217688605537845969e+00 1.245854791287966427e-04
2.217926120382523791e+00 1.129864225060885926e-04
2.218163635227201613e+00 9.357018977250154647e-05
2.218401150071879435e+00 7.815187025697701369e-05
2.218638664916557257e+00 8.098513060107960439e-05
2.218876179761235079e+00 9.911102382766825264e-05
2.219113694605912901e+00 1.173647567391379560e-04
2.219351209450590723e+00 1.258158881565784074e-04
2.219588724295268545e+00 1.209807551619363711e-04
2.219826239139946367e+00 1.047028342643113215e-04
2.220063753984624189e+00 8.486491997954369619e-05
2.220301268829302010e+00 7.624519578616929935e-05
2.220538783673979832e+00 8.782150386303465414e-05
2.220776298518657210e+00 1.080206640330150561e-04
2.221013813363335032e+00 1.228809947540442354e-04
2.221251328208012854e+00 1.255358966067494269e-04
2.221488843052690676e+00 1.149130772309569430e-04
2.221726357897368498e+00 9.537176514232950566e-05
2.221963872742046320e+00 7.818906532572275647e-05
2.222201387586724142e+00 7.882073007047417574e-05
2.222438902431401964e+00 9.663861964285069372e-05
2.222676417276079786e+00 1.160076197826559452e-04
2.222913932120757607e+00 1.260068433764672006e-04
2.223151446965435429e+00 1.225125356464109292e-04
2.223388961810113251e+00 1.068104253539837946e-04
2.223626476654791073e+00 8.614311572804172459e-05
2.223863991499468895e+00 7.518629655172226023e-05
2.224101506344146717e+00 8.526263617732529479e-05
2.224339021188824095e+00 1.059495282118625396e-04
2.224576536033501917e+00 1.222308800283490485e-04
2.224814050878179739e+00 1.264264100661946629e-04
2.225051565722857561e+00 1.168880590075437070e-04
2.225289080567535382e+00 9.738574528457417099e-05
2.225526595412213204e+00 7.857621594165344872e-05
2.225764110256891026e+00 7.682485860504275818e-05
2.226001625101568848e+00 9.411042117740625677e-05
2.226239139946246670e+00 1.145309135577298745e-04
2.226476654790924492e+00 1.261008535901716381e-04
2.226714169635602314e+00 1.240262649235707735e-04
2.226951684480280136e+00 1.090333229736064209e-04
2.227189199324957958e+00 8.771602573330098654e-05
2.227426714169635780e+00 7.444291280838576585e-05
2.227664229014313602e+00 8.274824119029058705e-05
2.227901743858990979e+00 1.037775643573589607e-04
2.228139258703668801e+00 1.214628890416349715e-04
2.228376773548346623e+00 1.272489869662872335e-04
2.228614288393024445e+00 1.188978072318053224e-04
2.228851803237702267e+00 9.959384357368884159e-05
2.229089318082380089e+00 7.931657554778393578e-05
2.229326832927057911e+00 7.503085273723162133e-05
2.229564347771735733e+00 9.153711320896208996e-05
2.229801862616413555e+00 1.129339837078078629e-04
2.230039377461091377e+00 1.260924361662694006e-04
2.230276892305769199e+00 1.255118729200397710e-04
2.230514407150447020e+00 1.113555476116015388e-04
2.230751921995124842e+00 8.956888770230637714e-05
2.230989436839802664e+00 7.404051632012424472e-05
2.231226951684480486e+00 8.030241188048588556e-05
2.231464466529157864e+00 1.015086178077954324e-04
2.231701981373835686e+00 1.205738855103504967e-04
2.231939496218513508e+00 1.279963469638737686e-04
2.232177011063191330e+00 1.209300482413832824e-04
2.232414525907869152e+00 1.019784076032479255e-04
2.232652040752546974e+00 8.040887469474261421e-05
2.232889555597224795e+00 7.347432199446671567e-05
2.233127070441902617e+00 8.893131628685142494e-05
2.233364585286580439e+00 1.112165743287733420e-04
2.233602100131258261e+00 1.259765808884135709e-04
2.233839614975936083e+00 1.269602667611002334e-04
2.234077129820613905e+00 1.137624534952048888e-04
2.234314644665291727e+00 9.168570191447156053e-05
2.234552159509969549e+00 7.400104521777196224e-05
2.234789674354647371e+00 7.795284512538192315e-05
2.235027189199324749e+00 9.914743534053516421e-05
2.235264704044002571e+00 1.195610508264819826e-04
2.235502218888680392e+00 1.286618591537017076e-04
2.235739733733358214e+00 1.229737083665399214e-04
2.235977248578036036e+00 1.045227083166678784e-04
2.236214763422713858e+00 8.184768658885586913e-05
2.236452278267391680e+00 7.219246238362432512e-05
2.236689793112069502e+00 8.630798101776271023e-05
2.236927307956747324e+00 1.093788414272144663e-04
2.237164822801425146e+00 1.257486708710738249e-04
2.237402337646102968e+00 1.283632251091506031e-04
2.237639852490780790e+00 1.162407280460998595e-04
2.237877367335458612e+00 9.404989558042453819e-05
2.238114882180136433e+00 7.434191113712708941e-05
2.238352397024814255e+00 7.573121821538286713e-05
2.238589911869491633e+00 9.669983873065565098e-05
2.238827426714169455e+00 1.184218402693620079e-04
2.239064941558847277e+00 1.292394488712743654e-04
2.239302456403525099e+00 1.250188252955411776e-04
2.239539971248202921e+00 1.072111505996515922e-04
2.239777486092880743e+00 8.362404585004509880e-05
2.240015000937558565e+00 7.122303503657543969e-05
2.240252515782236387e+00 8.368486490484887907e-05
2.240490030626914209e+00 1.074213851281254496e-04
2.240727545471592030e+00 1.254044110229408828e-04
2.240965060316269852e+00 1.297133005541333082e-04
2.241202575160947674e+00 1.187783663259137155e-04
2.241440090005625496e+00 9.664491536176250794e-05
2.241677604850303318e+00 7.507528950385094102e-05
2.241915119694981140e+00 7.367346432290703870e-05
2.242152634539658518e+00 9.417295257056185046e-05
2.242390149384336340e+00 1.171539481505259959e-04
2.242627664229014162e+00 1.297235126163348421e-04
2.242865179073691984e+00 1.270564611048358573e-04
2.243102693918369805e+00 1.100294163500187923e-04
2.243340208763047627e+00 8.572624001380831961e-05
2.243577723607725449e+00 7.060302353946570691e-05
2.243815238452403271e+00 8.108309942426453947e-05
2.244052753297081093e+00 1.053453044623114840e-04
2.244290268141758915e+00 1.249397630691241818e-04
2.244527782986436737e+00 1.310037298067210569e-04
2.244765297831114559e+00 1.213646290052550935e-04
2.245002812675792381e+00 9.945472654654739883e-05
2.245240327520470203e+00 7.620780749736388057e-05
2.245477842365148025e+00 7.181985571338862773e-05
2.245715357209825402e+00 9.157550013943551207e-05
2.245952872054503224e+00 1.157552818107528668e-04
2.246190386899181046e+00 1.301088396278872721e-04
2.246427901743858868e+00 1.290786189572855445e-04
2.246665416588536690e+00 1.129645525867788500e-04
2.246902931433214512e+00 8.814068209760603787e-05
2.247140446277892334e+00 7.036705575854186633e-05
2.247377961122570156e+00 7.852784816796857332e-05
2.247615475967247978e+00 1.031522799981221452e-04
2.247852990811925800e+00 1.243508857735954631e-04
2.248090505656603622e+00 1.322283509785218756e-04
2.248328020501281443e+00 1.239899908684437139e-04
2.248565535345959265e+00 1.024642127017632800e-04
2.248803050190637087e+00 7.774068261238620985e-05
2.249040565035314909e+00 7.021477846380498979e-05
2.249278079879992287e+00 8.891818491095161345e-05
2.249515594724670109e+00 1.142239453099025068e-04
2.249753109569347931e+00 1.303905388359699060e-04
2.249990624414025753e+00 1.310781649561921190e-04
2.250228139258703575e+00 1.160050179880007219e-04
2.250465654103381397e+00 9.085278017685122698e-05
2.250703168948059218e+00 7.054575889634791340e-05
2.250940683792737040e+00 7.604904391157118690e-05
2.251178198637414862e+00 1.008446918105013944e-04
2.251415713482092684e+00 1.236340794131922112e-04
2.251653228326770506e+00 1.333815271047393753e-04
2.251890743171448328e+00 1.266460854291791727e-04
2.252128258016126150e+00 1.056594806728332954e-04
2.252365772860803972e+00 7.967028965340220326e-05
2.252603287705481794e+00 6.890607009802485845e-05
2.252840802550159172e+00 8.621417964002262273e-05
2.253078317394836994e+00 1.125582342551901855e-04
2.253315832239514815e+00 1.305639699798213612e-04
2.253553347084192637e+00 1.330487559061284126e-04
2.253790861928870459e+00 1.191406999780361605e-04
2.254028376773548281e+00 9.384773949800335774e-05
2.254265891618226103e+00 7.116428157876507712e-05
2.254503406462903925e+00 7.368216932141693066e-05
2.254740921307581747e+00 9.842578337152031493e-05
2.254978436152259569e+00 1.227857339424477353e-04
2.255215950996937391e+00 1.344580752206302947e-04
2.255453465841615213e+00 1.293256499365425861e-04
2.255690980686293035e+00 1.090280838624887582e-04
2.255928495530970856e+00 8.198906656210416680e-05
2.256166010375648678e+00 6.794381036533757409e-05
2.256403525220326056e+00 8.347974879447055249e-05
2.256641040065003878e+00 1.107566439540582439e-04
2.256878554909681700e+00 1.306246773456596515e-04
2.257116069754359522e+00 1.349847733058995064e-04
2.257353584599037344e+00 1.223629129560841497e-04
2.257591099443715166e+00 9.711125759532506093e-05
2.257828614288392988e+00 7.224123405729901599e-05
2.258066129133070810e+00 7.146900895838216193e-05
2.258303643977748631e+00 9.589988538115204496e-05
2.258541158822426453e+00 1.218022800514340255e-04
2.258778673667104275e+00 1.354531998309061955e-04
2.259016188511782097e+00 1.320224739312571987e-04
2.259253703356459919e+00 1.125591794812275462e-04
2.259491218201137741e+00 8.468662938240956075e-05
2.259728733045815563e+00 6.737852337077070370e-05
2.259966247890492941e+00 8.073503381995843589e-05
2.260203762735170763e+00 1.088178946801007010e-04
2.260441277579848585e+00 1.305683254074908710e-04
2.260678792424526407e+00 1.368812637534300592e-04
2.260916307269204228e+00 1.256643869556569920e-04
2.261153822113882050e+00 1.006300970356123508e-04
2.261391336958559872e+00 7.378824658020473315e-05
2.261628851803237694e+00 6.945824694947102921e-05
2.261866366647915516e+00 9.327271906067761606e-05
2.262103881492593338e+00 1.206801432215937812e-04
2.262341396337271160e+00 1.363624299652756026e-04
2.262578911181948982e+00 1.347313537819778560e-04
2.262816426026626804e+00 1.162436371073613794e-04
2.263053940871304626e+00 8.775095966617660868e-05
2.263291455715982448e+00 6.725887681502135812e-05
2.263528970560659825e+00 7.800503055591078425e-05
2.263766485405337647e+00 1.067409792037481403e-04
2.264004000250015469e+00 1.303906348414512215e-04
2.264241515094693291e+00 1.387338856461516729e-04
2.264479029939371113e+00 1.290392539010983702e-04
2.264716544784048935e+00 1.043925386911808139e-04
2.264954059628726757e+00 7.581023360376965025e-05
2.265191574473404579e+00 6.770571900748820822e-05
2.265429089318082401e+00 9.055180523292618948e-05
2.265666604162760223e+00 1.194157005907442800e-04
2.265904119007438045e+00 1.371815587662960094e-04
2.266141633852115866e+00 1.374480551347978530e-04
2.266379148696793688e+00 1.200741148938079848e-04
2.266616663541471510e+00 9.116954957850143524e-05
2.266854178386149332e+00 6.762913347684909300e-05
2.267091693230826710e+00 7.532078144893456385e-05
2.267329208075504532e+00 1.045252401033818445e-04
2.267566722920182354e+00 1.300873178793734075e-04
2.267804237764860176e+00 1.405388618335586220e-04
2.268041752609537998e+00 1.324830377228736786e-04
2.268279267454215820e+00 1.083887314606118946e-04
2.268516782298893641e+00 7.830631354444007788e-05
2.268754297143571463e+00 6.627406303470353792e-05
2.268991811988249285e+00 8.774701473373225857e-05
2.269229326832927107e+00 1.180052413479074991e-04
2.269466841677604929e+00 1.379065845064204822e-04
2.269704356522282751e+00 1.401692845918243828e-04
2.269941871366960573e+00 1.240451178715456767e-04
2.270179386211638395e+00 9.493042729518545492e-05
2.270416901056316217e+00 6.852676689358556928e-05
2.270654415900993595e+00 7.272078406229064672e-05
2.270891930745671417e+00 1.021704880666692662e-04
2.271129445590349238e+00 1.296540119028221413e-04
2.271366960435027060e+00 1.422929382648563249e-04
2.271604475279704882e+00 1.359926533580521580e-04
2.271841990124382704e+00 1.126109608219558867e-04
2.272079504969060526e+00 8.127121849759126463e-05
2.272317019813738348e+00 6.523148639688416755e-05
2.272554534658416170e+00 8.487130741590437235e-05
2.272792049503093992e+00 1.164449316912161055e-04
2.273029564347771814e+00 1.385336521208401395e-04
2.273267079192449636e+00 1.428926720680257292e-04
2.273504594037127458e+00 1.281530514795037291e-04
2.273742108881805279e+00 9.902302631466595843e-05
2.273979623726483101e+00 6.998072087928237863e-05
2.274217138571160479e+00 7.025257214491131374e-05
2.274454653415838301e+00 9.967717659435381967e-05
2.274692168260516123e+00 1.290862100220516607e-04
2.274929683105193945e+00 1.439933481411743380e-04
2.275167197949871767e+00 1.395664190277381652e-04
2.275404712794549589e+00 1.170538608231717562e-04
2.275642227639227411e+00 8.469696980826666929e-05
2.275879742483905233e+00 6.464943194380610525e-05
2.276117257328583054e+00 8.194172203128893156e-05
2.276354772173260876e+00 1.147307865406036788e-04
2.276592287017938698e+00 1.390589939330020468e-04
2.276829801862616520e+00 1.456167651267789337e-04
2.277067316707294342e+00 1.323962814079030674e-04
2.277304831551972164e+00 1.034388959043549156e-04
2.277542346396649986e+00 7.201070847235662385e-05
2.277779861241327364e+00 6.797434042347346480e-05
2.278017376086005186e+00 9.704665570856272911e-05
2.278254890930683008e+00 1.283791873844191778e-04
2.278492405775360830e+00 1.456377815398674652e-04
2.278729920620038651e+00 1.432040858534565256e-04
2.278967435464716473e+00 1.217145940401571192e-04
2.279204950309394295e+00 8.857460280472503672e-05
2.279442465154072117e+00 6.459913555203943762e-05
2.279679979998749939e+00 7.898069561216123507e-05
2.279917494843427761e+00 1.128586511920994390e-04
2.280155009688105583e+00 1.394788686126930115e-04
2.280392524532783405e+00 1.483410366137317353e-04
2.280630039377461227e+00 1.367752096751814641e-04
2.280867554222139049e+00 1.081722739597701599e-04
2.281105069066816871e+00 7.462772124692504698e-05
2.281342583911494248e+00 6.595634781132572375e-05
2.281580098756172070e+00 9.428153733767262164e-05
2.281817613600849892e+00 1.275279221546538532e-04
2.282055128445527714e+00 1.472243604748842616e-04
2.282292643290205536e+00 1.469068890710997332e-04
2.282530158134883358e+00 1.265930223011864635e-04
2.282767672979561180e+00 9.289577866876837762e-05
2.283005187824239002e+00 6.514742973382475603e-05
2.283242702668916824e+00 7.601780684186167450e-05
2.283480217513594646e+00 1.108241983524497484e-04
2.283717732358272468e+00 1.397894967859087149e-04
2.283955247202950289e+00 1.510659075831557150e-04
2.284192762047628111e+00 1.412923763926981254e-04
2.284430276892305933e+00 1.132205570625667194e-04
2.284667791736983755e+00 7.783563719406568892e-05
2.284905306581661133e+00 6.428164632834859214e-05
2.285142821426338955e+00 9.138621915876987624e-05
2.285380336271016777e+00 1.265270096004876717e-04
2.285617851115694599e+00 1.487516193870946728e-04
2.285855365960372421e+00 1.506776251146555628e-04
2.286092880805050243e+00 1.316918889652983157e-04
2.286330395649728064e+00 9.765419439514869766e-05
2.286567910494405886e+00 6.635255822386851494e-05
2.286805425339083708e+00 7.309204377002410165e-05
2.287042940183761530e+00 1.086229485327729879e-04
2.287280455028439352e+00 1.399869920830381818e-04
2.287517969873117174e+00 1.537927876152282529e-04
2.287755484717794996e+00 1.459525963102861713e-04
2.287992999562472818e+00 1.185847078436996852e-04
2.288230514407150640e+00 8.163359370114421881e-05
2.288468029251828018e+00 6.304549220498170507e-05
2.288705544096505839e+00 8.836763536365342957e-05
2.288943058941183661e+00 1.253705683479711716e-04
2.289180573785861483e+00 1.502184914700724610e-04
2.289418088630539305e+00 1.545207602153856284e-04
2.289655603475217127e+00 1.370170325686912262e-04
2.289893118319894949e+00 1.028467709078330643e-04
2.290130633164572771e+00 6.826101555700329285e-05
2.290368148009250593e+00 7.025467533446653958e-05
2.290605662853928415e+00 1.062503266603287313e-04
2.290843177698606237e+00 1.400672858269265116e-04
2.291080692543284059e+00 1.565241355417726918e-04
2.291318207387961881e+00 1.507631404041926868e-04
2.291555722232639702e+00 1.242696413272930691e-04
2.291793237077317524e+00 8.601870760222375190e-05
2.292030751921994902e+00 6.235272449700310989e-05
2.292268266766672724e+00 8.523633326127435248e-05
2.292505781611350546e+00 1.240521374025208500e-04
2.292743296456028368e+00 1.516243013536701508e-04
2.292980811300706190e+00 1.584425767389255368e-04
2.293218326145384012e+00 1.425776508797689057e-04
2.293455840990061834e+00 1.084746490574236167e-04
2.293693355834739656e+00 7.090630631596161115e-05
2.293930870679417477e+00 6.757272208491636538e-05
2.294168385524095299e+00 1.037017742443072050e-04
2.294405900368773121e+00 1.400260435151949644e-04
2.294643415213450943e+00 1.592635446882139760e-04
2.294880930058128765e+00 1.557339738745278633e-04
2.295118444902806587e+00 1.302846303236753769e-04
2.295355959747484409e+00 9.098877838146033758e-05
2.295593474592161787e+00 6.231265163180477206e-05
2.295830989436839609e+00 8.200801887778750817e-05
2.296068504281517431e+00 1.225645632361833611e-04
2.296306019126195253e+00 1.529687650718124519e-04
2.296543533970873074e+00 1.624513658870478531e-04
2.296781048815550896e+00 1.483866356894396712e-04
2.297018563660228718e+00 1.145440534992834739e-04
2.297256078504906540e+00 7.431001230916612233e-05
2.297493593349584362e+00 6.513281732099033248e-05
2.297731108194262184e+00 1.009729472483000026e-04
2.297968623038940006e+00 1.398585708885074217e-04
2.298206137883617828e+00 1.620158578003637263e-04
2.298443652728295650e+00 1.608780646436514753e-04
2.298681167572973472e+00 1.366437695145327283e-04
2.298918682417651294e+00 9.654474649886587165e-05
2.299156197262328671e+00 6.303174162449322153e-05
2.299393712107006493e+00 7.870577587972499647e-05
2.299631226951684315e+00 1.208998763948331110e-04
2.299868741796362137e+00 1.542519988215059704e-04
2.300106256641039959e+00 1.665576775232777541e-04
2.300343771485717781e+00 1.544610009306372105e-04
2.300581286330395603e+00 1.210670991049929955e-04
2.300818801175073425e+00 7.848489728126220610e-05
2.301056316019751247e+00 6.304485138465822330e-05
2.301293830864429069e+00 9.806004686700029089e-05
2.301531345709106890e+00 1.395597070793272551e-04
2.301768860553784712e+00 1.647873189011416655e-04
2.302006375398462534e+00 1.662117804185990054e-04
2.302243890243140356e+00 1.433665384299127117e-04
2.302481405087818178e+00 1.026928286065775971e-04
2.302718919932495556e+00 6.460555752925862269e-05
2.302956434777173378e+00 7.536324105879230195e-05
2.303193949621851200e+00 1.190491585215840343e-04
2.303431464466529022e+00 1.554745386883013049e-04
2.303668979311206844e+00 1.707746415380690622e-04
2.303906494155884666e+00 1.608224315205370218e-04
2.304144009000562487e+00 1.280626196956943851e-04
2.304381523845240309e+00 8.343930139364857598e-05
2.304619038689918131e+00 6.144416372216936998e-05
2.304856553534595953e+00 9.496035695587799492e-05
2.305094068379273775e+00 1.391237015896445376e-04
2.305331583223951597e+00 1.675857717675680546e-04
2.305569098068629419e+00 1.717553971275240330e-04
2.305806612913307241e+00 1.504785069928232441e-04
2.306044127757985063e+00 1.094463711550516886e-04
2.306281642602662441e+00 6.711232755141057296e-05
2.306519157447340262e+00 7.202910814757158419e-05
2.306756672292018084e+00 1.170024023535178558e-04
2.306994187136695906e+00 1.566373746433031948e-04
2.307231701981373728e+00 1.751183799375643872e-04
2.307469216826051550e+00 1.674979869619233608e-04
2.307706731670729372e+00 1.355571012902074938e-04
2.307944246515407194e+00 8.918197327232197389e-05
2.308181761360085016e+00 6.049034426998429082e-05
2.308419276204762838e+00 9.167310571795969697e-05
2.308656791049440660e+00 1.385440716329156029e-04
2.308894305894118482e+00 1.704209182222015458e-04
2.309131820738796304e+00 1.775337496983800454e-04
2.309369335583474125e+00 1.580122345475625152e-04
2.309606850428151947e+00 1.168275391718549610e-04
2.309844365272829325e+00 7.061048814724235775e-05
2.310081880117507147e+00 6.877338911288466818e-05
2.310319394962184969e+00 1.147483706297977872e-04
2.310556909806862791e+00 1.577420032894491660e-04
2.310794424651540613e+00 1.796085356654911766e-04
2.311031939496218435e+00 1.745210044102214200e-04
2.311269454340896257e+00 1.435858065882293687e-04
2.311506969185574079e+00 9.572670696604780778e-05
2.311744484030251900e+00 6.036049092173459738e-05
2.311981998874929722e+00 8.820083942053028026e-05
2.312219513719607544e+00 1.378134354989946444e-04
2.312457028564285366e+00 1.733046543586246242e-04
2.312694543408963188e+00 1.835770663880865777e-04
2.312932058253641010e+00 1.660084253322505535e-04
2.313169573098318832e+00 1.248689970649149365e-04
2.313407087942996210e+00 7.514123679815376241e-05
2.313644602787674032e+00 6.569578052832793821e-05
2.313882117632351854e+00 1.122744665374425787e-04
2.314119632477029675e+00 1.587905064433257148e-04
2.314357147321707497e+00 1.842689533291406100e-04
2.314594662166385319e+00 1.819322606403279432e-04
2.314832177011063141e+00 1.521941872841330262e-04
2.315069691855740963e+00 1.030965047289561027e-04
2.315307206700418785e+00 6.123602405072093614e-05
2.315544721545096607e+00 8.455161220508298516e-05
2.315782236389774429e+00 1.369233168800500894e-04
2.316019751234452251e+00 1.762515099103352729e-04
2.316257266079130073e+00 1.899220428015495788e-04
2.316494780923807895e+00 1.745174222708799480e-04
2.316732295768485717e+00 1.336157583410779086e-04
2.316969810613163094e+00 8.073532770370932103e-05
2.317207325457840916e+00 6.293601003646889769e-05
2.317444840302518738e+00 1.095666384891185921e-04
2.317682355147196560e+00 1.597856654015003270e-04
2.317919869991874382e+00 1.891285607126693791e-04
2.318157384836552204e+00 1.897814734233245005e-04
2.318394899681230026e+00 1.614397000081754319e-04
2.318632414525907848e+00 1.113273080343893503e-04
2.318869929370585670e+00 6.328544557019527041e-05
2.319107444215263492e+00 8.074248408838845498e-05
2.319344959059941313e+00 1.358639142354973214e-04
2.319582473904619135e+00 1.792792258763339561e-04
2.319819988749296957e+00 1.966132331321661017e-04
2.320057503593974779e+00 1.836011483708078335e-04
2.320295018438652601e+00 1.431273987023166591e-04
2.320532533283329979e+00 8.742219173700287952e-05
2.320770048128007801e+00 6.068473038861356010e-05
2.321007562972685623e+00 1.066093624268322067e-04
2.321245077817363445e+00 1.607311260560908076e-04
2.321482592662041267e+00 1.942225191647484076e-04
2.321720107506719089e+00 1.981292542866251358e-04
2.321957622351396910e+00 1.713941738198727807e-04
2.322195137196074732e+00 1.204715551619004111e-04
2.322432652040752554e+00 6.664931715442428306e-05
2.322670166885430376e+00 7.680512462929659574e-05
2.322907681730108198e+00 1.346238288246698681e-04
2.323145196574786020e+00 1.824095207197421408e-04
2.323382711419463842e+00 2.037048670965320267e-04
2.323620226264141664e+00 1.933356469353901780e-04
2.323857741108819486e+00 1.534808549759053683e-04
2.324095255953496864e+00 9.523948985017858203e-05
2.324332770798174685e+00 5.919093732424982697e-05
2.324570285642852507e+00 1.033857788724143998e-04
2.324807800487530329e+00 1.616316366677317978e-04
2.325045315332208151e+00 1.995937387916635591e-04
2.325282830176885973e+00 2.070496683693002831e-04
2.325520345021563795e+00 1.821469268590956861e-04
2.325757859866241617e+00 1.306019456010583304e-04
2.325995374710919439e+00 7.143471098064232820e-05
2.326232889555597261e+00 7.279478610340050831e-05
2.326470404400275083e+00 1.331897446164519139e-04
2.326707919244952905e+00 1.856691172850638636e-04
2.326945434089630727e+00 2.112632462350822913e-04
2.327182948934308548e+00 2.038144319167565078e-04
2.327420463778986370e+00 1.647740829455363086e-04
2.327657978623663748e+00 1.042420510143864771e-04
2.327895493468341570e+00 5.875854380791266374e-05
2.328133008313019392e+00 9.987812686155527245e-05
2.328370523157697214e+00 1.624933926652286922e-04
2.328608038002375036e+00 2.052948972039648123e-04
2.328845552847052858e+00 2.166336245063115839e-04
2.329083067691730680e+00 1.938089077639266480e-04
2.329320582536408502e+00 1.418158691172617984e-04
2.329558097381086323e+00 7.772244418438313497e-05
2.329795612225764145e+00 6.880454857920291110e-05
2.330033127070441967e+00 1.315460534855864201e-04
2.330270641915119789e+00 1.890911359456464596e-04
2.330508156759797611e+00 2.193699406445230138e-04
2.330745671604475433e+00 2.151529506382043075e-04
2.330983186449153255e+00 1.771309326298857337e-04
2.331220701293830633e+00 1.145101291904064057e-04
2.331458216138508455e+00 5.972409587665006341e-05
2.331695730983186277e+00 9.606873408860312617e-05
2.331933245827864098e+00 1.633245402960328591e-04
2.332170760672541920e+00 2.113911633579228743e-04
2.332408275517219742e+00 2.269934171499316629e-04
2.332645790361897564e+00 2.065182540365237136e-04
2.332883305206575386e+00 1.542410400951337588e-04
2.333120820051253208e+00 8.558441425067980562e-05
2.333358334895931030e+00 6.498733096465811115e-05
2.333595849740608852e+00 1.296744227804814194e-04
2.333833364585286674e+00 1.927170123063876440e-04
2.334070879429964496e+00 2.281261106428221518e-04
2.334308394274642318e+00 2.274945994479574325e-04
2.334545909119320140e+00 1.907077408846872342e-04
2.334783423963997517e+00 1.261576371167589866e-04
2.335020938808675339e+00 6.241587709714497233e-05
2.335258453653353161e+00 9.194204588630616997e-05
2.335495968498030983e+00 1.641359213041443431e-04
2.335733483342708805e+00 2.179639267500127497e-04
2.335970998187386627e+00 2.382688946376202278e-04
2.336208513032064449e+00 2.204478410116168460e-04
2.336446027876742271e+00 1.680430172961705623e-04
2.336683542721420093e+00 9.510528527276299092e-05
2.336921057566097915e+00 6.158772034680341139e-05
2.337158572410775736e+00 1.275533082749558860e-04
2.337396087255453558e+00 1.965991786478865698e-04
2.337633602100131380e+00 2.376584367591444695e-04
2.337871116944809202e+00 2.410189439281422083e-04
2.338108631789487024e+00 2.057023633045291643e-04
2.338346146634164402e+00 1.393414488075296804e-04
2.338583661478842224e+00 6.711201850955393307e-05
2.338821176323520046e+00 8.748860417261354985e-05
2.339058691168197868e+00 1.649421899484198749e-04
2.339296206012875690e+00 2.251159875860117912e-04
2.339533720857553512e+00 2.506359661384134955e-04
2.339771235702231333e+00 2.358156768539010025e-04
2.340008750546909155e+00 1.834355315259811011e-04
2.340246265391586977e+00 1.064041345011788913e-04
2.340483780236264799e+00 5.898133487574395257e-05
2.340721295080942621e+00 1.251574321520753090e-04
2.340958809925620443e+00 2.008048825962576453e-04
2.341196324770298265e+00 2.481273958278686965e-04
2.341433839614976087e+00 2.559531319213944971e-04
2.341671354459653909e+00 2.223667256125698042e-04
2.341908869304331287e+00 1.542731819365520513e-04
2.342146384149009108e+00 7.402531883339375179e-05
2.342383898993686930e+00 8.271272723110574218e-05
2.342621413838364752e+00 1.657635182084231721e-04
2.342858928683042574e+00 2.329789147812438691e-04
2.343096443527720396e+00 2.643185412815979795e-04
2.343333958372398218e+00 2.528994495546252482e-04
2.343571473217076040e+00 2.006949599056338611e-04
2.343808988061753862e+00 1.196550770688841305e-04
2.344046502906431684e+00 5.770605814878280570e-05
2.344284017751109506e+00 1.224572790213761502e-04
2.344521532595787328e+00 2.054217366114183024e-04
2.344759047440465149e+00 2.597390330726266562e-04
2.344996562285142971e+00 2.725880279766522852e-04
2.345234077129820793e+00 2.410245521183616922e-04
2.345471591974498171e+00 1.712352875095480122e-04
2.345709106819175993e+00 8.332819360961598221e-05
2.345946621663853815e+00 7.764729986352686918e-05
2.346184136508531637e+00 1.666282517356517106e-04
2.346421651353209459e+00 2.417236965722045154e-04
2.346659166197887281e+00 2.796056222708309907e-04
2.346896681042565103e+00 2.720572666530036879e-04
2.347134195887242925e+00 2.201809845703953149e-04
2.347371710731920746e+00 1.351088232235629345e-04
2.347609225576598568e+00 5.844743506212410133e-05
2.347846740421276390e+00 1.194187331277474890e-04
2.348084255265954212e+00 2.105659709310637529e-04
2.348321770110632034e+00 2.727620721446858028e-04
2.348559284955309856e+00 2.913014980031825778e-04
2.348796799799987678e+00 2.620968864536854862e-04
2.349034314644665056e+00 1.906040107352697220e-04
2.349271829489342878e+00 9.520579755145819236e-05
2.349509344334020700e+00 7.238232017448513597e-05
2.349746859178698521e+00 1.675771455806087913e-04
2.349984374023376343e+00 2.515765251771665033e-04
2.350221888868054165e+00 2.968763287914923587e-04
2.350459403712731987e+00 2.937578641264706417e-04
2.350696918557409809e+00 2.423666624112117015e-04
2.350934433402087631e+00 1.531189982815067685e-04
2.351171948246765453e+00 6.194019097580364568e-05
2.351409463091443275e+00 1.160031241710835788e-04
2.351646977936121097e+00 2.163950316404790865e-04
2.351884492780798919e+00 2.875534001821398837e-04
2.352122007625476741e+00 3.125928126457620890e-04
2.352359522470154563e+00 2.861396497619237149e-04
2.352597037314832384e+00 2.128831285097652762e-04
2.352834552159509762e+00 1.099170877256925937e-04
2.353072067004187584e+00 6.711969350772430283e-05
2.353309581848865406e+00 1.686703051368657763e-04
2.353547096693543228e+00 2.628428265368547485e-04
2.353784611538221050e+00 3.166374889834346193e-04
2.354022126382898872e+00 3.186257046117061190e-04
2.354259641227576694e+00 2.678831903439451512e-04
2.354497156072254516e+00 1.741786365111778155e-04
2.354734670916932338e+00 6.882252244745648497e-05
2.354972185761610159e+00 1.121682474746624268e-04
2.355209700606287981e+00 2.231273937896830926e-04
2.355447215450965803e+00 3.045971048442579340e-04
2.355684730295643625e+00 3.371348678552802086e-04
2.355922245140321447e+00 3.139003493023867519e-04
2.356159759984999269e+00 2.387548011224778022e-04
2.356397274829676647e+00 1.278552226933320245e-04
2.356634789674354469e+00 6.227458406739245318e-05
2.356872304519032291e+00 1.699989254848063662e-04
2.357109819363710113e+00 2.759449871534487455e-04
2.357347334208387934e+00 3.395817942525348760e-04
2.357584849053065756e+00 3.475102412895844347e-04
2.357822363897743578e+00 2.975883310465711213e-04
2.358059878742421400e+00 1.989747185529254221e-04
2.358297393587099222e+00 7.957570461158881175e-05
2.358534908431777044e+00 1.078715471326179638e-04
2.358772423276454866e+00 2.310748108246321033e-04
2.359009938121132688e+00 3.245662329457880751e-04
2.359247452965810510e+00 3.658559552309820955e-04
2.359484967810488332e+00 3.464062925144316797e-04
2.359722482655166154e+00 2.691583435772965235e-04
2.359959997499843531e+00 1.496138020668626525e-04
2.360197512344521353e+00 5.864050332870261105e-05
2.360435027189199175e+00 1.717058947854461733e-04
2.360672542033876997e+00 2.914837392712111295e-04
2.360910056878554819e+00 3.666808913966163844e-04
2.361147571723232641e+00 3.815958594075148061e-04
2.361385086567910463e+00 3.326743016933539267e-04
2.361622601412588285e+00 2.284734094828730713e-04
2.361860116257266107e+00 9.462796920721322524e-05
2.362097631101943929e+00 1.030779665045202046e-04
2.362335145946621751e+00 2.406969477357152518e-04
2.362572660791299572e+00 3.484242433451799001e-04
2.362810175635977394e+00 4.000725294369854236e-04
2.363047690480655216e+00 3.851066727859696988e-04
2.363285205325333038e+00 3.054161861453822346e-04
2.363522720170010416e+00 1.760758672226594719e-04
2.363760235014688238e+00 5.756649783713826442e-05
2.363997749859366060e+00 1.740235681594317848e-04
2.364235264704043882e+00 3.103423094487731560e-04
2.364472779548721704e+00 3.993404809269131294e-04
2.364710294393399526e+00 4.225832461288711660e-04
2.364947809238077348e+00 3.748442213007167835e-04
2.365185324082755169e+00 2.640581901579648529e-04
2.365422838927432991e+00 1.145546557488932160e-04
2.365660353772110813e+00 9.777776950821132453e-05
2.365897868616788635e+00 2.526983972186943911e-04
2.366135383461466457e+00 3.775992335238175261e-04
2.366372898306144279e+00 4.417141829383153273e-04
2.366610413150822101e+00 4.321110085707233922e-04
2.366847927995499923e+00 3.494430396810284368e-04
2.367085442840177301e+00 2.085523559076318486e-04
2.367322957684855123e+00 6.089475262354459889e-05
2.367560472529532944e+00 1.773467367747646713e-04
2.367797987374210766e+00 3.338721347865472979e-04
2.368035502218888588e+00 4.396712915718309009e-04
2.368273017063566410e+00 4.730025910768208253e-04
2.368510531908244232e+00 4.266134755609690796e-04
2.368748046752922054e+00 3.077624377170682106e-04
2.368985561597599876e+00 1.402903361169830691e-04
2.369223076442277698e+00 9.202556763674889847e-05
2.369460591286955520e+00 2.682109406113139440e-04
2.369698106131633342e+00 4.142994853973199659e-04
2.369935620976311164e+00 4.937248316844165038e-04
2.370173135820988986e+00 4.906093219140392940e-04
2.370410650665666807e+00 4.041092352313274075e-04
2.370648165510344185e+00 2.490145359432200181e-04
2.370885680355022007e+00 7.039819456002542478e-05
2.371123195199699829e+00 1.823828104286019430e-04
2.371360710044377651e+00 3.642445446514208651e-04
2.371598224889055473e+00 4.909904310652125643e-04
2.371835739733733295e+00 5.367850079085933947e-04
2.372073254578411117e+00 4.918518626273659863e-04
2.372310769423088939e+00 3.626789157094635640e-04
2.372548284267766761e+00 1.733584739616975557e-04
2.372785799112444582e+00 8.602395405381788073e-05
2.373023313957122404e+00 2.891602710280218058e-04
2.373260828801800226e+00 4.621232584765638221e-04
2.373498343646478048e+00 5.608239439438485489e-04
2.373735858491155870e+00 5.656576592881679046e-04
2.373973373335833692e+00 4.739068991764160089e-04
2.374210888180511070e+00 3.005032862273525080e-04
2.374448403025188892e+00 8.723684530479960302e-05
2.374685917869866714e+00 1.904861259135255018e-04
2.374923432714544536e+00 4.051679677211864473e-04
2.375160947559222357e+00 5.588167857332660598e-04
2.375398462403900179e+00 6.203776683927578889e-04
2.375635977248578001e+00 5.768222147774134658e-04
2.375873492093255823e+00 4.337197122528155908e-04
2.376111006937933645e+00 2.161883575034150799e-04
2.376348521782611467e+00 8.029884017099865948e-05
2.376586036627289289e+00 3.190697398584725598e-04
2.376823551471967111e+00 5.273365424775155932e-04
2.377061066316644933e+00 6.510666778803618189e-04
2.377298581161322755e+00 6.657573449012876539e-04
2.377536096006000577e+00 5.662532804837329880e-04
2.377773610850677954e+00 3.678793204505117673e-04
2.378011125695355776e+00 1.121518663408685955e-04
2.378248640540033598e+00 2.044796496582238421e-04
2.378486155384711420e+00 4.634944218428918941e-04
2.378723670229389242e+00 6.530312718583017014e-04
2.378961185074067064e+00 7.351111628900250253e-04
2.379198699918744886e+00 6.923297321198137663e-04
2.379436214763422708e+00 5.291140570895026297e-04
2.379673729608100530e+00 2.725945779842975478e-04
2.379911244452778352e+00 7.607294303769385961e-05
2.380148759297456174e+00 3.650263204337620012e-04
2.380386274142133995e+00 6.218434301310828399e-04
2.380623788986811817e+00 7.793713005185351353e-04
2.380861303831489639e+00 8.063327140829883687e-04
2.381098818676167461e+00 6.942457944163164937e-04
2.381336333520844839e+00 4.592343087032181950e-04
2.381573848365522661e+00 1.456633948118341904e-04
2.381811363210200483e+00 2.309525436003889666e-04
2.382048878054878305e+00 5.532876089440203881e-04
2.382286392899556127e+00 7.931401500405428281e-04
2.382523907744233949e+00 9.027975476630879445e-04
2.382761422588911771e+00 8.586133404691284089e-04
2.382998937433589592e+00 6.635450138025650790e-04
2.383236452278267414e+00 3.482997984856264079e-04
2.383473967122945236e+00 7.641672264012068407e-05
2.383711481967623058e+00 4.432483412776996585e-04
2.383948996812300880e+00 7.711141295759847518e-04
2.384186511656978702e+00 9.765910845057638925e-04
2.384424026501656524e+00 1.018327312190679852e-03
2.384661541346334346e+00 8.830122664475307821e-04
2.384899056191011724e+00 5.883964204163122597e-04
2.385136571035689546e+00 1.860010856525431738e-04
2.385374085880367367e+00 2.879105973065750231e-04
2.385611600725045189e+00 7.080026496436771797e-04
2.385849115569723011e+00 1.023262066543267250e-03
2.386086630414400833e+00 1.170968020608728795e-03
2.386324145259078655e+00 1.117799615628302726e-03
2.386561660103756477e+00 8.648290360548120323e-04
2.386799174948434299e+00 4.495052318245964661e-04
2.387036689793112121e+00 9.465185519443928392e-05
2.387274204637789943e+00 5.984629946970850250e-04
2.387511719482467765e+00 1.039818396656029499e-03
2.387749234327145587e+00 1.317251252088927176e-03
2.387986749171823408e+00 1.372673653227308435e-03
2.388224264016501230e+00 1.185187145571098234e-03
2.388461778861178608e+00 7.764408856456480592e-04
2.388699293705856430e+00 2.141391117574663089e-04
2.388936808550534252e+00 4.375703569374039771e-04
2.389174323395212074e+00 1.026861658404477863e-03
2.389411838239889896e+00 1.465048723449563104e-03
2.389649353084567718e+00 1.662273667263111871e-03
2.389886867929245540e+00 1.568247354436622457e-03
2.390124382773923362e+00 1.182330834869748737e-03
2.390361897618601184e+00 5.577783457270393212e-04
2.390599412463279005e+00 2.254149583746070033e-04
2.390836927307956827e+00 9.954899497551209127e-04
2.391074442152634649e+00 1.640336871238796653e-03
2.391311956997312471e+00 2.024162238183525777e-03
2.391549471841990293e+00 2.055584370904031070e-03
2.391786986686668115e+00 1.701444582573203744e-03
2.392024501531345493e+00 9.979999767932522508e-04
2.392262016376023315e+00 8.526376880735973417e-05
2.392499531220701137e+00 9.940026498029153751e-04
2.392737046065378959e+00 1.924004477555756867e-03
2.392974560910056780e+00 2.561373379215244311e-03
2.393212075754734602e+00 2.757291514270590778e-03
2.393449590599412424e+00 2.440597478087880561e-03
2.393687105444090246e+00 1.646909523465162929e-03
2.393924620288768068e+00 5.374476573412869046e-04
2.394162135133445890e+00 6.219554413357569929e-04
2.394399649978123712e+00 1.419145389186744809e-03
2.394637164822801534e+00 1.413909112456625695e-03
2.394874679667479356e+00 1.352919437531993445e-04
2.395112194512157178e+00 2.851491371917752506e-03
2.395349709356835000e+00 7.859872770188595578e-03
2.395587224201512377e+00 1.505132833328039904e-02
2.395824739046190199e+00 2.438035373356285326e-02
2.396062253890868021e+00 3.557626015613340326e-02
2.396299768735545843e+00 4.814698850065635138e-02
2.396537283580223665e+00 6.140904558199437868e-02
2.396774798424901487e+00 7.454145142134487034e-02
2.397012313269579309e+00 8.665847603468397609e-02
2.397249828114257131e+00 9.689338825474193284e-02
2.397487342958934953e+00 1.044838122025407157e-01
2.397724857803612775e+00 1.088488278627509631e-01
2.397962372648290597e+00 1.096487437947692850e-01
2.398199887492968418e+00 1.068204268566016468e-01
2.398437402337646240e+00 1.005839521248200474e-01
2.398674917182324062e+00 9.141976620438163614e-02
2.398912432027001884e+00 8.001909334803597451e-02
2.399149946871679262e+00 6.721349603685340679e-02
2.399387461716357084e+00 5.389191809849985804e-02
2.399624976561034906e+00 4.091488193813675595e-02
2.399862491405712728e+00 2.903562114068887132e-02
2.400100006250390550e+00 1.883681228444568020e-02
2.400337521095068372e+00 1.068940068723047733e-02
2.400575035939746193e+00 4.737152530569897595e-03
2.400812550784424015e+00 9.089854615676080940e-04
2.401050065629101837e+00 1.064236877864994327e-03
2.401287580473779659e+00 1.554822059920168411e-03
2.401525095318457481e+00 1.033576698729670503e-03
2.401762610163135303e+00 3.374369333802444996e-05
2.402000125007813125e+00 1.210470926696939620e-03
2.402237639852490947e+00 2.176581615362830919e-03
2.402475154697168769e+00 2.713618452728141107e-03
2.402712669541846147e+00 2.733506231061362882e-03
2.402950184386523969e+00 2.264713121400342265e-03
2.403187699231201790e+00 1.427594581514080073e-03
2.403425214075879612e+00 4.001462120121991248e-04
2.403662728920557434e+00 6.226848529064402202e-04
2.403900243765235256e+00 1.459371343516430251e-03
2.404137758609913078e+00 1.978908799902812966e-03
2.404375273454590900e+00 2.114130749100033829e-03
2.404612788299268722e+00 1.869142356239457707e-03
2.404850303143946544e+00 1.312842654604493052e-03
2.405087817988624366e+00 5.625513691713230702e-04
2.405325332833302188e+00 2.428783341885779078e-04
2.405562847677980010e+00 9.554543189522732337e-04
2.405800362522657831e+00 1.462887979817280217e-03
2.406037877367335653e+00 1.689363940732369106e-03
2.406275392212013031e+00 1.612188570059142761e-03
2.406512907056690853e+00 1.261512240207285709e-03
2.406750421901368675e+00 7.122222902549900586e-04
2.406987936746046497e+00 7.498514383961742353e-05
2.407225451590724319e+00 5.580136837731311051e-04
2.407462966435402141e+00 1.056437486237477713e-03
2.407700481280079963e+00 1.351104755691600332e-03
2.407937996124757785e+00 1.401332525345730384e-03
2.408175510969435607e+00 1.209904894498541571e-03
2.408413025814113428e+00 8.203945155137626517e-04
2.408650540658791250e+00 3.086477770580859010e-04
2.408888055503469072e+00 2.402112762302753015e-04
2.409125570348146894e+00 7.196377156695838925e-04
2.409363085192824716e+00 1.058855892112569403e-03
2.409600600037502538e+00 1.204702988652228864e-03
2.409838114882179916e+00 1.139999202664767610e-03
2.410075629726857738e+00 8.839265339022454870e-04
2.410313144571535560e+00 4.875276696170253174e-04
2.410550659416213382e+00 4.351563525992421951e-05
2.410788174260891203e+00 4.333901054835582719e-04
2.411025689105569025e+00 7.957833501583899075e-04
2.411263203950246847e+00 1.011212244370862786e-03
2.411500718794924669e+00 1.047851862942647712e-03
2.411738233639602491e+00 9.055249057452068083e-04
2.411975748484280313e+00 6.144566865994273647e-04
2.412213263328958135e+00 2.303236586350536927e-04
2.412450778173635957e+00 1.900609225931257904e-04
2.412688293018313779e+00 5.556808626048526925e-04
2.412925807862991601e+00 8.183621869810415398e-04
2.413163322707669423e+00 9.347939603056796545e-04
2.413400837552346800e+00 8.894799354276841912e-04
2.413638352397024622e+00 6.949258226659548810e-04
2.413875867241702444e+00 3.889134763075974841e-04
2.414113382086380266e+00 4.686764997420661528e-05
2.414350896931058088e+00 3.374809906664686461e-04
2.414588411775735910e+00 6.275399414403186977e-04
2.414825926620413732e+00 8.044473973974648881e-04
2.415063441465091554e+00 8.406768322646732475e-04
2.415300956309769376e+00 7.337701027910485847e-04
2.415538471154447198e+00 5.057756310333888202e-04
2.415775985999125020e+00 2.002479314575746950e-04
2.416013500843802841e+00 1.441053972685111411e-04
2.416251015688480663e+00 4.420097154030514582e-04
2.416488530533158485e+00 6.615422741649076713e-04
2.416726045377836307e+00 7.643589476277167774e-04
2.416963560222513685e+00 7.355887677747387698e-04
2.417201075067191507e+00 5.832769212562982208e-04
2.417438589911869329e+00 3.366911474305997031e-04
2.417676104756547151e+00 5.527135578087521289e-05
2.417913619601224973e+00 2.661448806560446755e-04
2.418151134445902795e+00 5.113605279733400523e-04
2.418388649290580616e+00 6.660434739005839828e-04
2.418626164135258438e+00 7.050584988547505287e-04
2.418863678979936260e+00 6.242057608838151193e-04
2.419101193824614082e+00 4.399698343265130577e-04
2.419338708669291904e+00 1.876466592847066605e-04
2.419576223513969726e+00 1.073492194715688534e-04
2.419813738358647548e+00 3.594659809292991611e-04
2.420051253203325370e+00 5.514479297891977227e-04
2.420288768048003192e+00 6.470873454639412738e-04
2.420526282892680570e+00 6.317100900681679385e-04
2.420763797737358392e+00 5.101442010265729108e-04
2.421001312582036213e+00 3.056675970590705589e-04
2.421238827426714035e+00 6.590466634668376133e-05
2.421476342271391857e+00 2.118534613602443800e-04
2.421713857116069679e+00 4.264127333896458160e-04
2.421951371960747501e+00 5.668542012602536791e-04
2.422188886805425323e+00 6.093944891151528665e-04
2.422426401650103145e+00 5.484493281380042971e-04
2.422663916494780967e+00 3.964341570401837874e-04
2.422901431339458789e+00 1.825674939717050272e-04
2.423138946184136611e+00 7.920695227234317412e-05
2.423376461028814433e+00 2.968851483587837416e-04
2.423613975873492254e+00 4.697773509522448570e-04
2.423851490718170076e+00 5.613481670906149239e-04
2.424089005562847454e+00 5.568943528575576781e-04
2.424326520407525276e+00 4.587848239955203658e-04
2.424564035252203098e+00 2.858095794154816727e-04
2.424801550096880920e+00 7.703147503036392304e-05
2.425039064941558742e+00 1.693978231051796411e-04
2.425276579786236564e+00 3.614599462085613286e-04
2.425514094630914386e+00 4.921091875036857693e-04
2.425751609475592208e+00 5.382072752726500169e-04
2.425989124320270030e+00 4.930203153529954998e-04
2.426226639164947851e+00 3.658263063342034774e-04
2.426464154009625673e+00 1.811390669912383504e-04
2.426701668854303495e+00 5.918253322416973085e-05
2.426939183698981317e+00 2.477266025092634888e-04
2.427176698543659139e+00 4.065903074398563642e-04
2.427414213388336961e+00 4.957789760147588093e-04
2.427651728233014339e+00 5.004078939434814357e-04
2.427889243077692161e+00 4.208782922067832023e-04
2.428126757922369983e+00 2.724587924008534286e-04
2.428364272767047805e+00 8.781826847747266709e-05
2.428601787611725626e+00 1.354568882582213969e-04
2.428839302456403448e+00 3.100108806548718837e-04
2.429076817301081270e+00 4.335792678110853915e-04
2.429314332145759092e+00 4.830639281100880707e-04
2.429551846990436914e+00 4.507355974173957863e-04
2.429789361835114736e+00 3.433524489872701079e-04
2.430026876679792558e+00 1.816521657841425462e-04
2.430264391524470380e+00 4.779638733963959820e-05
2.430501906369148202e+00 2.079884396727923026e-04
2.430739421213826024e+00 3.560581584599398566e-04
2.430976936058503846e+00 4.438621925062326344e-04
2.431214450903181223e+00 4.562036222524585671e-04
2.431451965747859045e+00 3.918487828129140794e-04
2.431689480592536867e+00 2.632034272884364520e-04
2.431926995437214689e+00 9.798953702144306134e-05
2.432164510281892511e+00 1.079520499056143353e-04
2.432402025126570333e+00 2.680806641760574358e-04
2.432639539971248155e+00 3.863305512936766667e-04
2.432877054815925977e+00 4.389890857125131854e-04
2.433114569660603799e+00 4.174301975947211770e-04
2.433352084505281621e+00 3.263204938715735803e-04
2.433589599349959443e+00 1.832813088712503086e-04
2.433827114194637264e+00 4.543273989155902602e-05
2.434064629039315086e+00 1.751160410530304228e-04
2.434302143883992908e+00 3.145469920316326423e-04
2.434539658728670730e+00 4.015979241836346880e-04
2.434777173573348108e+00 4.206218282730708269e-04
2.435014688418025930e+00 3.689819796025244742e-04
2.435252203262703752e+00 2.566892848649998020e-04
2.435489718107381574e+00 1.075163570836236209e-04
2.435727232952059396e+00 8.565776779764700444e-05
2.435964747796737218e+00 2.330970483494591557e-04
2.436202262641415039e+00 3.472287415488350764e-04
2.436439777486092861e+00 4.028610599736021656e-04
2.436677292330770683e+00 3.905280181621506694e-04
2.436914807175448505e+00 3.131114977416779837e-04
2.437152322020126327e+00 1.856019196614721667e-04
2.437389836864804149e+00 5.005424607677002322e-05
2.437627351709481971e+00 1.474246801825339435e-04
2.437864866554159793e+00 2.796762407799491712e-04
2.438102381398837615e+00 3.663967435327488862e-04
2.438339896243514993e+00 3.913202512427390299e-04
2.438577411088192815e+00 3.505706301046760905e-04
2.438814925932870636e+00 2.521072203312867480e-04
2.439052440777548458e+00 1.164640987143281088e-04
2.439289955622226280e+00 6.802815607524459972e-05
2.439527470466904102e+00 2.033304388368373044e-04
2.439764985311581924e+00 3.141876457256738376e-04
2.440002500156259746e+00 3.726228342421586686e-04
2.440240015000937568e+00 3.683524030741552836e-04
2.440477529845615390e+00 3.026983882299782297e-04
2.440715044690293212e+00 1.883866467970689697e-04
2.440952559534971034e+00 5.833013925152481327e-05
2.441190074379648856e+00 1.237852874412616376e-04
2.441427589224326677e+00 2.498218274905131828e-04
2.441665104069004499e+00 3.365080661837192150e-04
2.441902618913681877e+00 3.667309186258169693e-04
2.442140133758359699e+00 3.354896905276136179e-04
2.442377648603037521e+00 2.489498077308968074e-04
2.442615163447715343e+00 1.249279651755747086e-04
2.442852678292393165e+00 5.515619975290915147e-05
2.443090193137070987e+00 1.775795128936642547e-04
2.443327707981748809e+00 2.857641706030677347e-04
2.443565222826426631e+00 3.468635375480803645e-04
2.443802737671104452e+00 3.497661648137261417e-04
2.444040252515782274e+00 2.944012347551667108e-04
2.444277767360460096e+00 1.915117240824374854e-04
2.444515282205137918e+00 6.802855565266616514e-05
2.444752797049815740e+00 1.034532217839564076e-04
2.444990311894493562e+00 2.238377946747458803e-04
2.445227826739171384e+00 3.107049821521411085e-04
2.445465341583848762e+00 3.457646495206066566e-04
2.445702856428526584e+00 3.229692228615724486e-04
2.445940371273204406e+00 2.468866818150710165e-04
2.446177886117882228e+00 1.330073392258658311e-04
2.446415400962560049e+00 4.764203515398591891e-05
2.446652915807237871e+00 1.549897533735253915e-04
2.446890430651915693e+00 2.609271361033710227e-04
2.447127945496593515e+00 3.245824837921138634e-04
2.447365460341271337e+00 3.339712986009228690e-04
2.447602975185949159e+00 2.877542443967912532e-04
2.447840490030626981e+00 1.949108970424358724e-04
2.448078004875304803e+00 7.812641333140789529e-05
2.448315519719982625e+00 8.598419609553229067e-05
2.448553034564660447e+00 2.008924571254260948e-04
2.448790549409338269e+00 2.881008427596765619e-04
2.449028064254015646e+00 3.276409772524113998e-04
2.449265579098693468e+00 3.124656728305217636e-04
2.449503093943371290e+00 2.456966301214106706e-04
2.449740608788049112e+00 1.407964731043692913e-04
2.449978123632726934e+00 4.590253000966434618e-05
2.450215638477404756e+00 1.349455987677353479e-04
2.450453153322082578e+00 2.389188462428431798e-04
2.450690668166760400e+00 3.050492740709947396e-04
2.450928183011438222e+00 3.203915819926864681e-04
2.451165697856116044e+00 2.824294464403675326e-04
2.451403212700793866e+00 1.985515093208376652e-04
2.451640727545471687e+00 8.822335086866746594e-05
2.451878242390149509e+00 7.121399839860818306e-05
2.452115757234827331e+00 1.803680075289190894e-04
2.452353272079505153e+00 2.680375934872438826e-04
2.452590786924182531e+00 3.117855695974497431e-04
2.452828301768860353e+00 3.035852964867643807e-04
2.453065816613538175e+00 2.452286941567409354e-04
2.453303331458215997e+00 1.483819663530006321e-04
2.453540846302893819e+00 4.918842439467499891e-05
2.453778361147571641e+00 1.170064813945111923e-04
2.454015875992249462e+00 2.191688009065690106e-04
2.454253390836927284e+00 2.877172697237590578e-04
2.454490905681605106e+00 3.086006992082383662e-04
2.454728420526282928e+00 2.781908953690484802e-04
2.454965935370960750e+00 2.024215779243159798e-04
2.455203450215638572e+00 9.818950312404872108e-05
2.455440965060316394e+00 5.928995716626298478e-05
2.455678479904994216e+00 1.617970830226339704e-04
2.455915994749672038e+00 2.500151279263588210e-04
2.456153509594349416e+00 2.977658660889164247e-04
2.456391024439027237e+00 2.960367309957025639e-04
2.456628539283705059e+00 2.453789551640188772e-04
2.456866054128382881e+00 1.558430030140915722e-04
2.457103568973060703e+00 5.584330181242798933e-05
2.457341083817738525e+00 1.008721290596273167e-04
2.457578598662416347e+00 2.012380509373250909e-04
2.457816113507094169e+00 2.721681042827197618e-04
2.458053628351771991e+00 2.982765876585715325e-04
2.458291143196449813e+00 2.748661461411065613e-04
2.458528658041127635e+00 2.065226197881906312e-04
2.458766172885805457e+00 1.080106018175307371e-04
2.459003687730483279e+00 5.070984276241944662e-05
2.459241202575161100e+00 1.448219749672531185e-04
2.459478717419838922e+00 2.336450883848342991e-04
2.459716232264516300e+00 2.852493034660891235e-04
2.459953747109194122e+00 2.896006013368996462e-04
2.460191261953871944e+00 2.460762208958536582e-04
2.460428776798549766e+00 1.632526490508357160e-04
2.460666291643227588e+00 6.439691457185390286e-05
2.460903806487905410e+00 8.637146616169883188e-05
2.461141321332583232e+00 1.847822840956157462e-04
2.461378836177261054e+00 2.580749637292725556e-04
2.461616351021938875e+00 2.891715148809657844e-04
2.461853865866616697e+00 2.723279370602072575e-04
2.462091380711294519e+00 2.108656419531207285e-04
2.462328895555972341e+00 1.177227049728184254e-04
2.462566410400650163e+00 4.619515399281835523e-05
2.462803925245327985e+00 1.291686073509649383e-04
2.463041440090005807e+00 2.186197632625610122e-04
2.463278954934683185e+00 2.739753924983999705e-04
2.463516469779361007e+00 2.841094810562554856e-04
2.463753984624038829e+00 2.472729886674690600e-04
2.463991499468716651e+00 1.706795082566766784e-04
2.464229014313394472e+00 7.396447119634436530e-05
2.464466529158072294e+00 7.347607108361594848e-05
2.464704044002750116e+00 1.695267887887941043e-04
2.464941558847427938e+00 2.451776005606649605e-04
2.465179073692105760e+00 2.810919299115824388e-04
2.465416588536783582e+00 2.704821417602139223e-04
2.465654103381461404e+00 2.154689618718798794e-04
2.465891618226139226e+00 1.273843404268350764e-04
2.466129133070817048e+00 4.616064684325891978e-05
2.466366647915494870e+00 1.146311508757929187e-04
2.466604162760172692e+00 2.046906002902439928e-04
2.466841677604850069e+00 2.637365635564114272e-04
2.467079192449527891e+00 2.794343667463050455e-04
2.467316707294205713e+00 2.489396674329496162e-04
2.467554222138883535e+00 1.781894670734649854e-04
2.467791736983561357e+00 8.409997875558329020e-05
2.468029251828239179e+00 6.234375920440146310e-05
2.468266766672917001e+00 1.552492481790987899e-04
2.468504281517594823e+00 2.332648972507169838e-04
2.468741796362272645e+00 2.738845799102728601e-04
2.468979311206950467e+00 2.692597116252852746e-04
2.469216826051628288e+00 2.203571503932164532e-04
2.469454340896306110e+00 1.370646082909212423e-04
2.469691855740983932e+00 5.015281457957327863e-05
2.469929370585661754e+00 1.010657258896310732e-04
2.470166885430339576e+00 1.916530143855002674e-04
2.470404400275016954e+00 2.543647188714126799e-04
2.470641915119694776e+00 2.754753823940733976e-04
2.470879429964372598e+00 2.510609006060038882e-04
2.471116944809050420e+00 1.858474521302083790e-04
2.471354459653728242e+00 9.460426559837227924e-05
2.471591974498406064e+00 5.339117273449890249e-05
2.471829489343083885e+00 1.417679641324575725e-04
2.472067004187761707e+00 2.221624077622116693e-04
2.472304519032439529e+00 2.674267567466257281e-04
2.472542033877117351e+00 2.686112504065312650e-04
2.472779548721795173e+00 2.255607190830610288e-04
2.473017063566472995e+00 1.468384296969735519e-04
2.473254578411150817e+00 5.710290096441305029e-05
2.473492093255828639e+00 8.839407743620713968e-05
2.473729608100506461e+00 1.793354202623650864e-04
2.473967122945183839e+00 2.457215901409986916e-04
2.474204637789861660e+00 2.721553159918670573e-04
2.474442152634539482e+00 2.536333103596898411e-04
2.474679667479217304e+00 1.937192123322009954e-04
2.474917182323895126e+00 1.054085983120021198e-04
2.475154697168572948e+00 4.733919843313374353e-05
2.475392212013250770e+00 1.289341654387268006e-04
2.475629726857928592e+00 2.117232488586544737e-04
2.475867241702606414e+00 2.616193376233554783e-04
2.476104756547284236e+00 2.685033930569086496e-04
2.476342271391962058e+00 2.311163553390437129e-04
2.476579786236639880e+00 1.567851978063897547e-04
2.476817301081317702e+00 6.600649833248721857e-05
2.477054815925995523e+00 7.662129964295372989e-05
2.477292330770673345e+00 1.675911736229295120e-04
2.477529845615350723e+00 2.376916868658015386e-04
2.477767360460028545e+00 2.694151142593589811e-04
2.478004875304706367e+00 2.566642645788681266e-04
2.478242390149384189e+00 2.018731827420632995e-04
2.478479904994062011e+00 1.165149545700215004e-04
2.478717419838739833e+00 4.503473060908010106e-05
2.478954934683417655e+00 1.166278582465111384e-04
2.479192449528095477e+00 2.018212824996762713e-04
2.479429964372773298e+00 2.563817656094084687e-04
2.479667479217451120e+00 2.689164809233477609e-04
2.479904994062128942e+00 2.370676192214266423e-04
2.480142508906806764e+00 1.669891972517970459e-04
2.480380023751484586e+00 7.621066307630180948e-05
2.480617538596162408e+00 6.587644522264293691e-05
2.480855053440840230e+00 1.562925771337237465e-04
2.481092568285517608e+00 2.301770413571956650e-04
2.481330083130195430e+00 2.672107822734277145e-04
2.481567597974873252e+00 2.601714409125129479e-04
2.481805112819551073e+00 2.103825162800505638e-04
2.482042627664228895e+00 1.279667470304652927e-04
2.482280142508906717e+00 4.689489558179316217e-05
2.482517657353584539e+00 1.047575006942272086e-04
2.482755172198262361e+00 1.923458815529408234e-04
2.482992687042940183e+00 2.516484139509740712e-04
2.483230201887618005e+00 2.698432257950827973e-04
2.483467716732295827e+00 2.434660883642084366e-04
2.483705231576973649e+00 1.775410866558841826e-04
2.483942746421651471e+00 8.736623945228971918e-05
2.484180261266329293e+00 5.648953222501642613e-05
2.484417776111007115e+00 1.453264274653377145e-04
2.484655290955684492e+00 2.230932183564297529e-04
2.484892805800362314e+00 2.655113397423305272e-04
2.485130320645040136e+00 2.641830784342223074e-04
2.485367835489717958e+00 2.193273966113641214e-04
2.485605350334395780e+00 1.398349999373920598e-04
2.485842865179073602e+00 5.250498784547711446e-05
2.486080380023751424e+00 9.326498057651089267e-05
2.486317894868429246e+00 1.831977936706834697e-04
2.486555409713107068e+00 2.473659712359014781e-04
2.486792924557784890e+00 2.712881918713629906e-04
2.487030439402462711e+00 2.503729971098363834e-04
2.487267954247140533e+00 1.885401824078958971e-04
2.487505469091818355e+00 9.931946415096686335e-05
2.487742983936496177e+00 4.910619847945118410e-05
2.487980498781173999e+00 1.345908252081994591e-04
2.488218013625851377e+00 2.163662262126621902e-04
2.488455528470529199e+00 2.642976241992295566e-04
2.488693043315207021e+00 2.687388950763146896e-04
2.488930558159884843e+00 2.287977798957105239e-04
2.489168073004562665e+00 1.522126043209212252e-04
2.489405587849240487e+00 6.098703181204297386e-05
2.489643102693918308e+00 8.213958563196835567e-05
2.489880617538596130e+00 1.742857610414442896e-04
2.490118132383273952e+00 2.434916125042118772e-04
2.490355647227951774e+00 2.732680247544468240e-04
2.490593162072629596e+00 2.578614728858970697e-04
2.490830676917307418e+00 2.000975199632617021e-04
2.491068191761985240e+00 1.120355102847211287e-04
2.491305706606663062e+00 4.474703503375064383e-05
2.491543221451340884e+00 1.239932153548962729e-04
2.491780736296018262e+00 2.099300771600564382e-04
2.492018251140696083e+00 2.635618333725386680e-04
2.492255765985373905e+00 2.738917268890425118e-04
2.492493280830051727e+00 2.388967617418580650e-04
2.492730795674729549e+00 1.652131798873746819e-04
2.492968310519407371e+00 7.156975823940743748e-05
2.493205825364085193e+00 7.144919596887281581e-05
2.493443340208763015e+00 1.655236475237738248e-04
2.493680855053440837e+00 2.399918148080683474e-04
2.493918369898118659e+00 2.758124439572150742e-04
2.494155884742796481e+00 2.660195411699669546e-04
2.494393399587474303e+00 2.123398292500183174e-04
2.494630914432152125e+00 1.255560878490852674e-04
2.494868429276829946e+00 4.450692829009883923e-05
2.495105944121507768e+00 1.134499616057295233e-04
2.495343458966185146e+00 2.037248187138254024e-04
2.495580973810862968e+00 2.633077837659013060e-04
2.495818488655540790e+00 2.797100280104201182e-04
2.496056003500218612e+00 2.497448383842717687e-04
2.496293518344896434e+00 1.789729970224879056e-04
2.496531033189574256e+00 8.378399766459024419e-05
2.496768548034252078e+00 6.140610460048583985e-05
2.497006062878929900e+00 1.568278893563882653e-04
2.497243577723607721e+00 2.368417492485832654e-04
2.497481092568285543e+00 2.789661037086982169e-04
2.497718607412963365e+00 2.749541606478299424e-04
2.497956122257641187e+00 2.254147043278530193e-04
2.498193637102319009e+00 1.399788552783795255e-04
2.498431151946996831e+00 4.880384239462642621e-05
2.498668666791674653e+00 1.028883646927024098e-04
2.498906181636352031e+00 1.976949114440598417e-04
2.499143696481029853e+00 2.635519473513359937e-04
2.499381211325707675e+00 2.862814748116238755e-04
2.499618726170385496e+00 2.614854418125949669e-04
2.499856241015063318e+00 1.936554227911220060e-04
2.500093755859741140e+00 9.741784335073950976e-05
2.500331270704418962e+00 5.249891664229062695e-05
2.500568785549096784e+00 1.481151336550312842e-04
2.500806300393774606e+00 2.340252496390889515e-04
2.501043815238452428e+00 2.827915349028196934e-04
2.501281330083130250e+00 2.847966810809235676e-04
2.501518844927808072e+00 2.394974177903339864e-04
2.501756359772485894e+00 1.554498575485222867e-04
2.501993874617163716e+00 5.710378071069238849e-05
2.502231389461841538e+00 9.225332068568757159e-05
2.502468904306518915e+00 1.917878687281959998e-04
2.502706419151196737e+00 2.643254275211325780e-04
2.502943933995874559e+00 2.937180621345201266e-04
2.503181448840552381e+00 2.742922985604114017e-04
2.503418963685230203e+00 2.094579760467652992e-04
2.503656478529908025e+00 1.124376798522677109e-04
2.503893993374585847e+00 4.571138356586920779e-05
2.504131508219263669e+00 1.392999778078743650e-04
2.504369023063941491e+00 2.315354360228082163e-04
2.504606537908619313e+00 2.873735294422702998e-04
2.504844052753297134e+00 2.957103144001265111e-04
2.505081567597974956e+00 2.548000672932171275e-04
2.505319082442652778e+00 1.721644280650633631e-04
2.505556597287330600e+00 6.855867812074747860e-05
2.505794112132008422e+00 8.152382420951498115e-05
2.506031626976685800e+00 1.859531108410515470e-04
2.506269141821363622e+00 2.656771725351093796e-04
2.506506656666041444e+00 3.021632980999019004e-04
2.506744171510719266e+00 2.883794283325382866e-04
2.506981686355397088e+00 2.266225836499535893e-04
2.507219201200074910e+00 1.289366533559447995e-04
2.507456716044752731e+00 4.265351779648592475e-05
2.507694230889430553e+00 1.302927934294486126e-04
2.507931745734108375e+00 2.293761738728565633e-04
2.508169260578786197e+00 2.928255512764472643e-04
2.508406775423464019e+00 3.079005188200715972e-04
2.508644290268141841e+00 2.715841012313287197e-04
2.508881805112819663e+00 1.903747757323362942e-04
2.509119319957497485e+00 8.257045970050299602e-05
2.509356834802175307e+00 7.075205899569416996e-05
2.509594349646852685e+00 1.801410292415909012e-04
2.509831864491530506e+00 2.676789310841819571e-04
2.510069379336208328e+00 3.118024458013832971e-04
2.510306894180886150e+00 3.040150255815070009e-04
2.510544409025563972e+00 2.454501951435059310e-04
2.510781923870241794e+00 1.471116987821888050e-04
2.511019438714919616e+00 4.494990329268263592e-05
2.511256953559597438e+00 1.209977624649622005e-04
2.511494468404275260e+00 2.275647088428839988e-04
2.511731983248953082e+00 2.992991138717405368e-04
2.511969498093630904e+00 3.216296962916627075e-04
2.512207012938308726e+00 2.901778431061604853e-04
2.512444527782986547e+00 2.104043298858426824e-04
2.512682042627664369e+00 9.889427166722801206e-05
2.512919557472342191e+00 6.015740089660258355e-05
2.513157072317019569e+00 1.743023206245038475e-04
2.513394587161697391e+00 2.704327900035340278e-04
2.513632102006375213e+00 3.228773201583883586e-04
2.513869616851053035e+00 3.215411655546258928e-04
2.514107131695730857e+00 2.663217045236769467e-04
2.514344646540408679e+00 1.672616809174119019e-04
2.514582161385086501e+00 5.295880021687742465e-05
2.514819676229764323e+00 1.113115875459844454e-04
2.515057191074442144e+00 2.261360799067499362e-04
2.515294705919119966e+00 3.069976538263569218e-04
2.515532220763797788e+00 3.372384335653149561e-04
2.515769735608475610e+00 3.110015771293593708e-04
2.516007250453153432e+00 2.326704883236172536e-04
2.516244765297831254e+00 1.175704716647234737e-04
2.516482280142509076e+00 5.035522544619514077e-05
2.516719794987186454e+00 1.683877663491562655e-04
2.516957309831864276e+00 2.740827041763489410e-04
2.517194824676542098e+00 3.357080939990190094e-04
2.517432339521219919e+00 3.414024543527112519e-04
2.517669854365897741e+00 2.897283811556413931e-04
2.517907369210575563e+00 1.898026562356773539e-04
2.518144884055253385e+00 6.584685825305582941e-05
2.518382398899931207e+00 1.011241819098042123e-04
2.518619913744609029e+00 2.251503805291274929e-04
2.518857428589286851e+00 3.161974502469843849e-04
2.519094943433964673e+00 3.551769430264867765e-04
2.519332458278642495e+00 3.346043634749765270e-04
2.519569973123320317e+00 2.577192801734971448e-04
2.519807487967998139e+00 1.388672415651394029e-04
2.520045002812675961e+00 4.285820697752032313e-05
2.520282517657353338e+00 1.623488587010921776e-04
2.520520032502031160e+00 2.788324426036100832e-04
2.520757547346708982e+00 3.507262248237500465e-04
2.520995062191386804e+00 3.641887914631890310e-04
2.521232577036064626e+00 3.163171333926570418e-04
2.521470091880742448e+00 2.153008931063616813e-04
2.521707606725420270e+00 8.280069938872235797e-05
2.521945121570098092e+00 9.032490107878698223e-05
2.522182636414775914e+00 2.247048044853522993e-04
2.522420151259453736e+00 3.272799715368002096e-04
2.522657666104131557e+00 3.760528923386260969e-04
2.522895180948809379e+00 3.617195832923475658e-04
2.523132695793487201e+00 2.862782838825462671e-04
2.523370210638165023e+00 1.632688193440078386e-04
2.523607725482842845e+00 4.060295819752578189e-05
2.523845240327520223e+00 1.561401490200070878e-04
2.524082755172198045e+00 2.849742558947452394e-04
2.524320270016875867e+00 3.685256322043176775e-04
2.524557784861553689e+00 3.907011116728386453e-04
2.524795299706231511e+00 3.469597012301964506e-04
2.525032814550909332e+00 2.445292131465737987e-04
2.525270329395587154e+00 1.035689458275573831e-04
2.525507844240264976e+00 7.882440820115659517e-05
2.525745359084942798e+00 2.249541043554529370e-04
2.525982873929620620e+00 3.407834647968874405e-04
2.526220388774298442e+00 4.007064990020892375e-04
2.526457903618976264e+00 3.933514034151090527e-04
2.526695418463654086e+00 3.193390318869931271e-04
2.526932933308331908e+00 1.915091678172567804e-04
2.527170448153009730e+00 4.655503951010214389e-05
2.527407962997687108e+00 1.497252272698498246e-04
2.527645477842364929e+00 2.929362276008565529e-04
2.527882992687042751e+00 3.899449984463409374e-04
2.528120507531720573e+00 4.220559330912402435e-04
2.528358022376398395e+00 3.828618900538565913e-04
2.528595537221076217e+00 2.785589687889082383e-04
2.528833052065754039e+00 1.284477388718773764e-04
2.529070566910431861e+00 6.662304528139524000e-05
2.529308081755109683e+00 2.261465638966751626e-04
2.529545596599787505e+00 3.574883559506717595e-04
2.529783111444465327e+00 4.303328435215239643e-04
2.530020626289143149e+00 4.309142999386510252e-04
2.530258141133820970e+00 3.582892575291959101e-04
2.530495655978498792e+00 2.246560359759507326e-04
2.530733170823176614e+00 6.084486341940951201e-05
2.530970685667853992e+00 1.430906222655481310e-04
2.531208200512531814e+00 3.033637662707697798e-04
2.531445715357209636e+00 4.162055567418038128e-04
2.531683230201887458e+00 4.598582905473348357e-04
2.531920745046565280e+00 4.257426500797638412e-04
2.532158259891243102e+00 3.189115758727217517e-04
2.532395774735920924e+00 1.582315302326469839e-04
2.532633289580598746e+00 5.402995630718356837e-05
2.532870804425276567e+00 2.286901406335633961e-04
2.533108319269954389e+00 3.785650629247460665e-04
2.533345834114632211e+00 4.666899044440684166e-04
2.533583348959310033e+00 4.764678574292992774e-04
2.533820863803987855e+00 4.051334011455413301e-04
2.534058378648665677e+00 2.642665795217030668e-04
2.534295893493343499e+00 8.214935417948215890e-05
2.534533408338020877e+00 1.362777169442779218e-04
2.534770923182698699e+00 3.172670262364303832e-04
2.535008438027376521e+00 4.491531219206531937e-04
2.535245952872054342e+00 5.065013993924259456e-04
2.535483467716732164e+00 4.781410450154651120e-04
2.535720982561409986e+00 3.678161673418499887e-04
2.535958497406087808e+00 1.942792724668836375e-04
2.536196012250765630e+00 4.240263981933386491e-05
2.536433527095443452e+00 2.332810253696821357e-04
2.536671041940121274e+00 4.058439694175624158e-04
2.536908556784799096e+00 5.124711879718679090e-04
2.537146071629476918e+00 5.331321188643808667e-04
2.537383586474154740e+00 4.628777696944369230e-04
2.537621101318832562e+00 3.126636083525450682e-04
2.537858616163510384e+00 1.101075534664965456e-04
2.538096131008187761e+00 1.294580043009737680e-04
2.538333645852865583e+00 3.363043183034287510e-04
2.538571160697543405e+00 4.917086539948656299e-04
2.538808675542221227e+00 5.657157680970394771e-04
2.539046190386899049e+00 5.439712544829160496e-04
2.539283705231576871e+00 4.286678919099842170e-04
2.539521220076254693e+00 2.387343741099767975e-04
2.539758734920932515e+00 3.621098899001701129e-05
2.539996249765610337e+00 2.411712763424573116e-04
2.540233764610288159e+00 4.423420667046641186e-04
2.540471279454965980e+00 5.720165829437227597e-04
2.540708794299643802e+00 6.058680151476710614e-04
2.540946309144321624e+00 5.362421779435773330e-04
2.541183823988999446e+00 3.734366215743189729e-04
2.541421338833677268e+00 1.456616902960497593e-04
2.541658853678354646e+00 1.231208820014998849e-04
2.541896368523032468e+00 3.633695702478308858e-04
2.542133883367710290e+00 5.487693161949590542e-04
2.542371398212388112e+00 6.436467691429785792e-04
2.542608913057065934e+00 6.295931855613757415e-04
2.542846427901743755e+00 5.068905378702347544e-04
2.543083942746421577e+00 2.949719878049687815e-04
2.543321457591099399e+00 4.286354016731857522e-05
2.543558972435777221e+00 2.547760186800671111e-04
2.543796487280455043e+00 4.933783848447000986e-04
2.544034002125132865e+00 6.527790141063101199e-04
2.544271516969810687e+00 7.030570834449293392e-04
2.544509031814488509e+00 6.330677980191619977e-04
2.544746546659166331e+00 4.523923813045458006e-04
2.544984061503844153e+00 1.909684867138040985e-04
2.545221576348521531e+00 1.185856820290128057e-04
2.545459091193199352e+00 4.039319790684525648e-04
2.545696606037877174e+00 6.291812190015906581e-04
2.545934120882554996e+00 7.511590887071421590e-04
2.546171635727232818e+00 7.460499453173271688e-04
2.546409150571910640e+00 6.116745131548783840e-04
2.546646665416588462e+00 3.684357452052124983e-04
2.546884180261266284e+00 6.260604032935247754e-05
2.547121695105944106e+00 2.792120740125877076e-04
2.547359209950621928e+00 5.692000737311164391e-04
2.547596724795299750e+00 7.686692972154035835e-04
2.547834239639977572e+00 8.400138683371008138e-04
2.548071754484655393e+00 7.673449060498728144e-04
2.548309269329333215e+00 5.594547783487498465e-04
2.548546784174011037e+00 2.494498000376133636e-04
2.548784299018688415e+00 1.195887316367244248e-04
2.549021813863366237e+00 4.694976447365100921e-04
2.549259328708044059e+00 7.505997084492200926e-04
2.549496843552721881e+00 9.093424323949383719e-04
2.549734358397399703e+00 9.142382376762539465e-04
2.549971873242077525e+00 7.597611491887473669e-04
2.550209388086755347e+00 4.681001801314851342e-04
2.550446902931433169e+00 8.939006565345204507e-05
2.550684417776110990e+00 3.268173835934528714e-04
2.550921932620788812e+00 6.921017845072283646e-04
2.551159447465466634e+00 9.487626482303980913e-04
2.551396962310144456e+00 1.047799359322764768e-03
2.551634477154822278e+00 9.664089080326463419e-04
2.551871991999500100e+00 7.125731014837585536e-04
2.552109506844177922e+00 3.250347860510113145e-04
2.552347021688855300e+00 1.381401373879334430e-04
2.552584536533533122e+00 5.882226195884578037e-04
2.552822051378210944e+00 9.535418135299436300e-04
2.553059566222888765e+00 1.164743505497144128e-03
2.553297081067566587e+00 1.178444214766804230e-03
2.553534595912244409e+00 9.842593428375861434e-04
2.553772110756922231e+00 6.079696797285284336e-04
2.554009625601600053e+00 1.103956352182542067e-04
2.554247140446277875e+00 4.335043485754369900e-04
2.554484655290955697e+00 9.199315545944207603e-04
2.554722170135633519e+00 1.264435580728947087e-03
2.554959684980311341e+00 1.399035620169179978e-03
2.555197199824989163e+00 1.289804282525535166e-03
2.555434714669666985e+00 9.443505753578533167e-04
2.555672229514344806e+00 4.127214214044105608e-04
2.555909744359022628e+00 2.216814466445438808e-04
2.556147259203700006e+00 8.465819827158917394e-04
2.556384774048377828e+00 1.352256428729828363e-03
2.556622288893055650e+00 1.640404965308796693e-03
2.556859803737733472e+00 1.646487391164884635e-03
2.557097318582411294e+00 1.352699971683685512e-03
2.557334833427089116e+00 7.940900812224988958e-04
2.557572348271766938e+00 5.765709300228472040e-05
2.557809863116444760e+00 7.397750752014049152e-04
2.558047377961122582e+00 1.449165748122424342e-03
2.558284892805800403e+00 1.936289175466310427e-03
2.558522407650478225e+00 2.094783142861477224e-03
2.558759922495156047e+00 1.870483156746526390e-03
2.558997437339833869e+00 1.275631758727315294e-03
2.559234952184511691e+00 3.924816616624569464e-04
2.559472467029189513e+00 6.357192244565624704e-04
2.559709981873866891e+00 1.624990491955084727e-03
2.559947496718544713e+00 2.382377722212040364e-03
2.560185011563222535e+00 2.742244549712535059e-03
2.560422526407900357e+00 2.603952930246976327e-03
2.560660041252578178e+00 1.964076107075755310e-03
2.560897556097256000e+00 9.376671282659310722e-04
2.561135070941933822e+00 2.359749588330932056e-04
2.561372585786611644e+00 1.205653582828584546e-03
2.561610100631289466e+00 1.539141154797358906e-03
2.561847615475967288e+00 7.715647588619240112e-04
2.562085130320645110e+00 1.553767849717252675e-03
2.562322645165322932e+00 5.776088463078058940e-03
2.562560160010000754e+00 1.212181913590843277e-02
2.562797674854678576e+00 2.061535455294101829e-02
2.563035189699356398e+00 3.106430144892884798e-02
2.563272704544033775e+00 4.305401170487825613e-02
2.563510219388711597e+00 5.596872669244448706e-02
2.563747734233389419e+00 6.903745953135267954e-02
2.563985249078067241e+00 8.140035413241371309e-02
2.564222763922745063e+00 9.218857075943083512e-02
2.564460278767422885e+00 1.006088348920423647e-01
2.564697793612100707e+00 1.060229586171699961e-01
2.564935308456778529e+00 1.080130366208362502e-01
2.565172823301456351e+00 1.064245998876356264e-01
2.565410338146134173e+00 1.013825857724289931e-01
2.565647852990811995e+00 9.327822399777188633e-02
2.565885367835489816e+00 8.272842432458991924e-02
2.566122882680167638e+00 7.051252974320378064e-02
2.566360397524845460e+00 5.749394440697860181e-02
2.566597912369523282e+00 4.453582034213088292e-02
2.566835427214200660e+00 3.242048585509309938e-02
2.567072942058878482e+00 2.178157563817655420e-02
2.567310456903556304e+00 1.305599644473046279e-02
2.567547971748234126e+00 6.460202279850496034e-03
2.567785486592911948e+00 1.992233240556298343e-03
2.568023001437589770e+00 5.458959996433770988e-04
2.568260516282267591e+00 1.491619849829056103e-03
2.568498031126945413e+00 1.284272164502138405e-03
2.568735545971623235e+00 3.908201331616886548e-04
2.568973060816301057e+00 7.717131587642763997e-04
2.569210575660978879e+00 1.816818883165449835e-03
2.569448090505656701e+00 2.506323070457725562e-03
2.569685605350334523e+00 2.709883723820894017e-03
2.569923120195012345e+00 2.416931324955805521e-03
2.570160635039690167e+00 1.716274226740125862e-03
2.570398149884367545e+00 7.658732810205456237e-04
2.570635664729045367e+00 2.608930488005423262e-04
2.570873179573723188e+00 1.147618616651239175e-03
2.571110694418401010e+00 1.772882275741921847e-03
2.571348209263078832e+00 2.042176971350414746e-03
2.571585724107756654e+00 1.934740061765025934e-03
2.571823238952434476e+00 1.496219752344883896e-03
2.572060753797112298e+00 8.259056231652068701e-04
2.572298268641790120e+00 8.053177103471830943e-05
2.572535783486467942e+00 6.863812446573157961e-04
2.572773298331145764e+00 1.257727621118955030e-03
2.573010813175823586e+00 1.580022942193300530e-03
2.573248328020501408e+00 1.612233160691050986e-03
2.573485842865179229e+00 1.365540028939605860e-03
2.573723357709857051e+00 8.979681461920154895e-04
2.573960872554534429e+00 3.040523691364231109e-04
2.574198387399212251e+00 3.253449889134442234e-04
2.574435902243890073e+00 8.550070228798677813e-04
2.574673417088567895e+00 1.215553125602375365e-03
2.574910931933245717e+00 1.351851791821391058e-03
2.575148446777923539e+00 1.251339098720833775e-03
2.575385961622601361e+00 9.423263965445799993e-04
2.575623476467279183e+00 4.877187393022627414e-04
2.575860991311957005e+00 6.524855048993715909e-05
2.576098506156634826e+00 5.282374766523306470e-04
2.576336021001312648e+00 9.080237114185995845e-04
2.576573535845990470e+00 1.118853130025447605e-03
2.576811050690668292e+00 1.131377524008601735e-03
2.577048565535346114e+00 9.514734490040802160e-04
2.577286080380023936e+00 6.176027701820182864e-04
2.577523595224701314e+00 1.961208426455433613e-04
2.577761110069379136e+00 2.595139466496777076e-04
2.577998624914056958e+00 6.396005966193537900e-04
2.578236139758734780e+00 9.003266484660677480e-04
2.578473654603412601e+00 9.997177177463473924e-04
2.578711169448090423e+00 9.264633947361134618e-04
2.578948684292768245e+00 6.991145614117876385e-04
2.579186199137446067e+00 3.624513881487031910e-04
2.579423713982123889e+00 5.931287071122773861e-05
2.579661228826801711e+00 4.031388313321446052e-04
2.579898743671479533e+00 6.925592109315666274e-04
2.580136258516157355e+00 8.567102956661563819e-04
2.580373773360835177e+00 8.710975950131556473e-04
2.580611288205512999e+00 7.379167690554877231e-04
2.580848803050190821e+00 4.846140528701732651e-04
2.581086317894868198e+00 1.616581302610701218e-04
2.581323832739546020e+00 1.975321919381811881e-04
2.581561347584223842e+00 4.960028267830603622e-04
2.581798862428901664e+00 7.054077097346754532e-04
2.582036377273579486e+00 7.902444822831502158e-04
2.582273892118257308e+00 7.393969450095955534e-04
2.582511406962935130e+00 5.653599626928241997e-04
2.582748921807612952e+00 3.019980937922359045e-04
2.582986436652290774e+00 5.011807084588837033e-05
2.583223951496968596e+00 3.132062221174864683e-04
2.583461466341646418e+00 5.500869127300245676e-04
2.583698981186324239e+00 6.892654538318053557e-04
2.583936496031002061e+00 7.088443974283641221e-04
2.584174010875679883e+00 6.084770680085305108e-04
2.584411525720357705e+00 4.085350423786804981e-04
2.584649040565035083e+00 1.489724528499715883e-04
2.584886555409712905e+00 1.490609388388692625e-04
2.585124070254390727e+00 3.955747167119609293e-04
2.585361585099068549e+00 5.737550864434766288e-04
2.585599099943746371e+00 6.515975686034394679e-04
2.585836614788424193e+00 6.179194007424450644e-04
2.586074129633102014e+00 4.811005333796014843e-04
2.586311644477779836e+00 2.676551019667024406e-04
2.586549159322457658e+00 4.784587193199568082e-05
2.586786674167135480e+00 2.470878988805469824e-04
2.587024189011813302e+00 4.493822163996382410e-04
2.587261703856491124e+00 5.730968275645168496e-04
2.587499218701168946e+00 5.978817145415063440e-04
2.587736733545846768e+00 5.215475370755403173e-04
2.587974248390524590e+00 3.595212099141493925e-04
2.588211763235201968e+00 1.442130063854225148e-04
2.588449278079879790e+00 1.120431920140238464e-04
2.588686792924557611e+00 3.218107472114850793e-04
2.588924307769235433e+00 4.788647290715113483e-04
2.589161822613913255e+00 5.528522917691787485e-04
2.589399337458591077e+00 5.324442740074629594e-04
2.589636852303268899e+00 4.230390306976854957e-04
2.589874367147946721e+00 2.458335692504915143e-04
2.590111881992624543e+00 5.209087229560693257e-05
2.590349396837302365e+00 1.969234695478650789e-04
2.590586911681980187e+00 3.744532218628601836e-04
2.590824426526658009e+00 4.875968131964253166e-04
2.591061941371335831e+00 5.169410381170160907e-04
2.591299456216013652e+00 4.589004172562078710e-04
2.591536971060691474e+00 3.252390504237441266e-04
2.591774485905368852e+00 1.426862610159115169e-04
2.592012000750046674e+00 8.402358970691316189e-05
2.592249515594724496e+00 2.654372676108864536e-04
2.592487030439402318e+00 4.070948306927922654e-04
2.592724545284080140e+00 4.787057954893177061e-04
2.592962060128757962e+00 4.687619118660433333e-04
2.593199574973435784e+00 3.803971362944304777e-04
2.593437089818113606e+00 2.307665524557017428e-04
2.593674604662791428e+00 5.933706034888961366e-05
2.593912119507469249e+00 1.578244775083854651e-04
2.594149634352147071e+00 3.164664360176064079e-04
2.594387149196824893e+00 4.218397836996292511e-04
2.594624664041502715e+00 4.550337272296971214e-04
2.594862178886180537e+00 4.113641474695822818e-04
2.595099693730858359e+00 2.997645088699415713e-04
2.595337208575535737e+00 1.425353417937732191e-04
2.595574723420213559e+00 6.347216760131446428e-05
2.595812238264891381e+00 2.209858614156249060e-04
2.596049753109569203e+00 3.507757734981434132e-04
2.596287267954247024e+00 4.207635580971757832e-04
2.596524782798924846e+00 4.192370118530136720e-04
2.596762297643602668e+00 3.475473978292076445e-04
2.596999812488280490e+00 2.196632316750571096e-04
2.597237327332958312e+00 6.721792044369193141e-05
2.597474842177636134e+00 1.267303418137690223e-04
2.597712357022313956e+00 2.701916747150814695e-04
2.597949871866991778e+00 3.695215108009859153e-04
2.598187386711669600e+00 4.059312701007194058e-04
2.598424901556347422e+00 3.738428105772895237e-04
2.598662416401025244e+00 2.799303483076902646e-04
2.598899931245702621e+00 1.429464823031364714e-04
2.599137446090380443e+00 4.980225293142943773e-05
2.599374960935058265e+00 1.850632227102617044e-04
2.599612475779736087e+00 3.052835857162881851e-04
2.599849990624413909e+00 3.740496035732359835e-04
2.600087505469091731e+00 3.794127583993317575e-04
2.600325020313769553e+00 3.212799361362414941e-04
2.600562535158447375e+00 2.110361305114270272e-04
2.600800050003125197e+00 7.473379551768901286e-05
2.601037564847803019e+00 1.016953414670811542e-04
2.601275079692480841e+00 2.323502994583845588e-04
2.601512594537158662e+00 3.267584126153035961e-04
2.601750109381836484e+00 3.658468566255035706e-04
2.601987624226514306e+00 3.432864939670310085e-04
2.602225139071192128e+00 2.639017899318202927e-04
2.602462653915869506e+00 1.435387515123481134e-04
2.602700168760547328e+00 4.290051768445126833e-05
2.602937683605225150e+00 1.554705624182370371e-04
2.603175198449902972e+00 2.676717624712608040e-04
2.603412713294580794e+00 3.354319246003482913e-04
2.603650228139258616e+00 3.465172738648445014e-04
2.603887742983936437e+00 2.996360149822942026e-04
2.604125257828614259e+00 2.040313904567494510e-04
2.604362772673292081e+00 8.155231242331117448e-05
2.604600287517969903e+00 8.149242609443017762e-05
2.604837802362647725e+00 2.007898354402795833e-04
2.605075317207325547e+00 2.910311438787374552e-04
2.605312832052003369e+00 3.323485435678698026e-04
2.605550346896681191e+00 3.177612828703602825e-04
2.605787861741359013e+00 2.505475495123238804e-04
2.606025376586036391e+00 1.441269237577155662e-04
2.606262891430714213e+00 4.199269950442902408e-05
2.606500406275392034e+00 1.307345827084528049e-04
2.606737921120069856e+00 2.359772332061719916e-04
2.606975435964747678e+00 3.028428313080297907e-04
2.607212950809425500e+00 3.187380116558046275e-04
2.607450465654103322e+00 2.813550777001898751e-04
2.607687980498781144e+00 1.981291125581285484e-04
2.607925495343458966e+00 8.760725666575789163e-05
2.608163010188136788e+00 6.540319585314962681e-05
2.608400525032814610e+00 1.740434644595035185e-04
2.608638039877492432e+00 2.606357359119545851e-04
2.608875554722170254e+00 3.038043637382953095e-04
2.609113069566848075e+00 2.959829758952730932e-04
2.609350584411525897e+00 2.391344079161346315e-04
2.609588099256203275e+00 1.446198438130057889e-04
2.609825614100881097e+00 4.511202198063085482e-05
2.610063128945558919e+00 1.098463943700168048e-04
2.610300643790236741e+00 2.088438088500143164e-04
2.610538158634914563e+00 2.748633268352842335e-04
2.610775673479592385e+00 2.948406615607777198e-04
2.611013188324270207e+00 2.655902404423154820e-04
2.611250703168948029e+00 1.929971412558718902e-04
2.611488218013625850e+00 9.293060921040830911e-05
2.611725732858303672e+00 5.310835733928279123e-05
2.611963247702981494e+00 1.510814791063597412e-04
2.612200762547659316e+00 2.343795488653155833e-04
2.612438277392337138e+00 2.790790611363510839e-04
2.612675792237014960e+00 2.770660240444441360e-04
2.612913307081692782e+00 2.291673179339197069e-04
2.613150821926370160e+00 1.449735343092255083e-04
2.613388336771047982e+00 5.020039921028166045e-05
2.613625851615725804e+00 9.211177476056519155e-05
2.613863366460403626e+00 1.853062219198346858e-04
2.614100881305081447e+00 2.504878730340347973e-04
2.614338396149759269e+00 2.739560471943570962e-04
2.614575910994437091e+00 2.517519825893511204e-04
2.614813425839114913e+00 1.884145758988445382e-04
2.615050940683792735e+00 9.758598342180644009e-05
2.615288455528470557e+00 4.458869497912815459e-05
2.615525970373148379e+00 1.311645196809492269e-04
2.615763485217826201e+00 2.114037145087367176e-04
2.616001000062504023e+00 2.573588829140144264e-04
2.616238514907181845e+00 2.603802966329872679e-04
2.616476029751859667e+00 2.203004381075948409e-04
2.616713544596537044e+00 1.451683114153295485e-04
2.616951059441214866e+00 5.595353292718989062e-05
2.617188574285892688e+00 7.706517486431724837e-05
2.617426089130570510e+00 1.646604346304728463e-04
2.617663603975248332e+00 2.289845048472012362e-04
2.617901118819926154e+00 2.554546632766722578e-04
2.618138633664603976e+00 2.394175233094376822e-04
2.618376148509281798e+00 1.842294019597641669e-04
2.618613663353959620e+00 1.016425590706131145e-04
2.618851178198637442e+00 3.989651277037721712e-05
2.619088693043315264e+00 1.137538346651877482e-04
2.619326207887993085e+00 1.910747805616994305e-04
2.619563722732670907e+00 2.380455748407349240e-04
2.619801237577348729e+00 2.454653499925554404e-04
2.620038752422026551e+00 2.122850667867252298e-04
2.620276267266703929e+00 1.451971284431746202e-04
2.620513782111381751e+00 6.172301121728624676e-05
2.620751296956059573e+00 6.442284591122461308e-05
2.620988811800737395e+00 1.463827270381979782e-04
2.621226326645415217e+00 2.098081230815697243e-04
2.621463841490093039e+00 2.388695579415461877e-04
2.621701356334770860e+00 2.282758663824365560e-04
2.621938871179448682e+00 1.803338698590177926e-04
2.622176386024126504e+00 1.051652729011614672e-04
2.622413900868804326e+00 3.875254077373807652e-05
2.622651415713482148e+00 9.845522905565216344e-05
2.622888930558159970e+00 1.729160889795457732e-04
2.623126445402837792e+00 2.206897005503527954e-04
2.623363960247515614e+00 2.319769995588740418e-04
2.623601475092193436e+00 2.049378472761773388e-04
2.623838989936870814e+00 1.450594459589028980e-04
2.624076504781548635e+00 6.722033634913430512e-05
2.624314019626226457e+00 5.405966427425777746e-05
2.624551534470904279e+00 1.300776359614884761e-04
2.624789049315582101e+00 1.925448236565094568e-04
2.625026564160259923e+00 2.238471655881269504e-04
2.625264079004937745e+00 2.180931803127736238e-04
2.625501593849615567e+00 1.766495915667257220e-04
2.625739108694293389e+00 1.082116325290631960e-04
2.625976623538971211e+00 4.034433902872445186e-05
2.626214138383649033e+00 8.498409582245519331e-05
2.626451653228326855e+00 1.565629364824428990e-04
2.626689168073004677e+00 2.049472789273572325e-04
2.626926682917682498e+00 2.196528551080990249e-04
2.627164197762360320e+00 1.981206325873310220e-04
2.627401712607037698e+00 1.447579348808402733e-04
2.627639227451715520e+00 7.232948327647973914e-05
2.627876742296393342e+00 4.599151218260242208e-05
2.628114257141071164e+00 1.154436792329823310e-04
2.628351771985748986e+00 1.768750607455702524e-04
2.628589286830426808e+00 2.101149596389293437e-04
2.628826801675104630e+00 2.086902632975563745e-04
2.629064316519782452e+00 1.731181964679899803e-04
2.629301831364460273e+00 1.108312170568032459e-04
2.629539346209138095e+00 4.364605176561521342e-05
2.629776861053815917e+00 7.314459144677507648e-05
2.630014375898493739e+00 1.417324997200318114e-04
2.630251890743171561e+00 1.905507647367715176e-04
2.630489405587849383e+00 2.082894166405626106e-04
2.630726920432527205e+00 1.917273267941468809e-04
2.630964435277204583e+00 1.442966799620892674e-04
2.631201950121882405e+00 7.701429279139303718e-05
2.631439464966560227e+00 4.032828454119952573e-05
2.631676979811238049e+00 1.022505119646398769e-04
2.631914494655915870e+00 1.625486338227193691e-04
2.632152009500593692e+00 1.974595831829731394e-04
2.632389524345271514e+00 1.999274514200462260e-04
2.632627039189949336e+00 1.696952898617171287e-04
2.632864554034627158e+00 1.130662127501575294e-04
2.633102068879304980e+00 4.782338426389367355e-05
2.633339583723982802e+00 6.281902426740831001e-05
2.633577098568660624e+00 1.282032385548714597e-04
2.633814613413338446e+00 1.772891392116707448e-04
2.634052128258016268e+00 1.977264525350894359e-04
2.634289643102694090e+00 1.856750455792375415e-04
2.634527157947371467e+00 1.436801978839349935e-04
2.634764672792049289e+00 8.127499613564409943e-05
2.635002187636727111e+00 3.715011597594649272e-05
2.635239702481404933e+00 9.032379514516783068e-05
2.635477217326082755e+00 1.493673259497670363e-04
2.635714732170760577e+00 1.857117074842543926e-04
2.635952247015438399e+00 1.916942564565827611e-04
2.636189761860116221e+00 1.663464392183247923e-04
2.636427276704794043e+00 1.149522835212557416e-04
2.636664791549471865e+00 5.234281560619691374e-05
2.636902306394149686e+00 5.396460587667467075e-05
2.637139821238827508e+00 1.158005847417323931e-04
2.637377336083505330e+00 1.649939523410297098e-04
2.637614850928183152e+00 1.878360987029002185e-04
2.637852365772860974e+00 1.798980325490555777e-04
2.638089880617538352e+00 1.429129056752923336e-04
2.638327395462216174e+00 8.512772278544033155e-05
2.638564910306893996e+00 3.632506502210367693e-05
2.638802425151571818e+00 7.953560690334164542e-05
2.639039939996249640e+00 1.371726320184727885e-04
2.639277454840927462e+00 1.747353273963688045e-04
2.639514969685605283e+00 1.839020926888421722e-04
2.639752484530283105e+00 1.630444420452658628e-04
2.639989999374960927e+00 1.165194826379427546e-04
2.640227514219638749e+00 5.690044254953123532e-05
2.640465029064316571e+00 4.661321896257399305e-05
2.640702543908994393e+00 1.043869484239347923e-04
2.640940058753672215e+00 1.535293542260768968e-04
2.641177573598350037e+00 1.785150973917987486e-04
2.641415088443027859e+00 1.743433804546257106e-04
2.641652603287705237e+00 1.419988407579656669e-04
2.641890118132383058e+00 8.859470499278080020e-05
2.642127632977060880e+00 3.743063072280110749e-05
2.642365147821738702e+00 6.979918702765077246e-05
2.642602662666416524e+00 1.258369651712444061e-04
2.642840177511094346e+00 1.644200541901498730e-04
2.643077692355772168e+00 1.764790709015309051e-04
2.643315207200449990e+00 1.597674248731653808e-04
2.643552722045127812e+00 1.177930910935963725e-04
2.643790236889805634e+00 6.133228078571789329e-05
2.644027751734483456e+00 4.086388326757920596e-05
2.644265266579161278e+00 9.385482297649985447e-05
2.644502781423839100e+00 1.427848636272756983e-04
2.644740296268516921e+00 1.696791720704811271e-04
2.644977811113194743e+00 1.689679631352820964e-04
2.645215325957872121e+00 1.409415218840157980e-04
2.645452840802549943e+00 9.169956854841757813e-05
2.645690355647227765e+00 3.988979636697667327e-05
2.645927870491905587e+00 6.106738797156060247e-05
2.646165385336583409e+00 1.152573071218029627e-04
2.646402900181261231e+00 1.546754779852256513e-04
2.646640415025939053e+00 1.693662066660178809e-04
2.646877929870616875e+00 1.564974934176263806e-04
2.647115444715294696e+00 1.187943451721619860e-04
2.647352959559972518e+00 6.555313530026479416e-05
2.647590474404650340e+00 3.684750126249943235e-05
2.647827989249328162e+00 8.412225177198209294e-05
2.648065504094005984e+00 1.326700585658457108e-04
2.648303018938683806e+00 1.612588863929404989e-04
2.648540533783361628e+00 1.637361968438029414e-04
2.648778048628039006e+00 1.397438883072405977e-04
2.649015563472716828e+00 9.446510323735170266e-05
2.649253078317394650e+00 4.317071112818572426e-05
2.649490593162072472e+00 5.333438541016621907e-05
2.649728108006750293e+00 1.053506335670317503e-04
2.649965622851428115e+00 1.454269894583028752e-04
2.650203137696105937e+00 1.625146155231567727e-04
2.650440652540783759e+00 1.532197565576935662e-04
2.650678167385461581e+00 1.195410498698282778e-04
2.650915682230139403e+00 6.952116262229787139e-05
2.651153197074817225e+00 3.464454362510093778e-05
2.651390711919495047e+00 7.513025648644542536e-05
2.651628226764172869e+00 1.231106488476459192e-04
2.651865741608850691e+00 1.531965542590460504e-04
2.652103256453528513e+00 1.586183808442689545e-04
2.652340771298205890e+00 1.384082809617584908e-04
2.652578286142883712e+00 9.691226491324326164e-05
2.652815800987561534e+00 4.688130244048425798e-05
2.653053315832239356e+00 4.663958509011769071e-05
2.653290830676917178e+00 9.605068667792546221e-05
2.653528345521595000e+00 1.366126513788013875e-04
2.653765860366272822e+00 1.558834099538533601e-04
2.654003375210950644e+00 1.499216077430689674e-04
2.654240890055628466e+00 1.200480872308583871e-04
2.654478404900306288e+00 7.321824115813693322e-05
2.654715919744984109e+00 3.418120209887778405e-05
2.654953434589661931e+00 6.684208069517744990e-05
2.655190949434339753e+00 1.140455707643441366e-04
2.655428464279017575e+00 1.454439090218590978e-04
2.655665979123695397e+00 1.535894502306037852e-04
2.655903493968372775e+00 1.369364451815462136e-04
2.656141008813050597e+00 9.905979447512151554e-05
2.656378523657728419e+00 5.076470121284436487e-05
2.656616038502406241e+00 4.107026414387432656e-05
2.656853553347084063e+00 8.730583653303277726e-05
2.657091068191761885e+00 1.281808426140171168e-04
2.657328583036439706e+00 1.494381044323099962e-04
2.657566097881117528e+00 1.465921877227967750e-04
2.657803612725795350e+00 1.203278334578731807e-04
2.658041127570473172e+00 7.663913987679632587e-05
2.658278642415150994e+00 3.519307481745241790e-05
2.658516157259828816e+00 5.924429762690056636e-05
2.658753672104506638e+00 1.054248649280558660e-04
2.658991186949184460e+00 1.379603311678174939e-04
2.659228701793862282e+00 1.486280269371788743e-04
2.659466216638539660e+00 1.353295428284699499e-04
2.659703731483217481e+00 1.009241420514108746e-04
2.659941246327895303e+00 5.466173699275162737e-05
2.660178761172573125e+00 3.675410905300830334e-05
2.660416276017250947e+00 7.907790608089500782e-05
2.660653790861928769e+00 1.200884852682829743e-04
2.660891305706606591e+00 1.431493952755305359e-04
2.661128820551284413e+00 1.432219768025896499e-04
2.661366335395962235e+00 1.203904986388769789e-04
2.661603850240640057e+00 7.978547680611207209e-05
2.661841365085317879e+00 3.730398047062838439e-05
2.662078879929995701e+00 5.234992003000428517e-05
2.662316394774673523e+00 9.720818659844540329e-05
2.662553909619351344e+00 1.307114967894506847e-04
2.662791424464029166e+00 1.437156908953341773e-04
2.663028939308706544e+00 1.335881672396335685e-04
2.663266454153384366e+00 1.025195361502768569e-04
2.663503968998062188e+00 5.847614645826509217e-05
2.663741483842740010e+00 3.382662653971093896e-05
2.663978998687417832e+00 7.134195184082297767e-05
2.664216513532095654e+00 1.122997277733559467e-04
2.664454028376773476e+00 1.369922227617690789e-04
2.664691543221451298e+00 1.398024814781375930e-04
2.664929058066129119e+00 1.202444016983137141e-04
2.665166572910806941e+00 8.266230035133468029e-05
2.665404087755484763e+00 4.014399306955680882e-05
2.665641602600162585e+00 4.620342617635435004e-05
2.665879117444840407e+00 8.936386562417282335e-05
2.666116632289518229e+00 1.236683516258682699e-04
2.666354147134196051e+00 1.388364168482317512e-04
2.666591661978873429e+00 1.317123574300895156e-04
2.666829176823551251e+00 1.038581142667738798e-04
2.667066691668229073e+00 6.215040267537324940e-05
2.667304206512906894e+00 3.236493462698403201e-05
2.667541721357584716e+00 6.408711283535481376e-05
2.667779236202262538e+00 1.047850022230590786e-04
2.668016751046940360e+00 1.309450515237505310e-04
2.668254265891618182e+00 1.363259917109949473e-04
2.668491780736296004e+00 1.198961914094670577e-04
2.668729295580973826e+00 8.527612918989062535e-05
2.668966810425651648e+00 4.341796824728019229e-05
2.669204325270329470e+00 4.088652172524991085e-05
2.669441840115007292e+00 8.186849542719533109e-05
2.669679354959685114e+00 1.168063475319805082e-04
2.669916869804362936e+00 1.339761396717609795e-04
2.670154384649040313e+00 1.297016102239166417e-04
2.670391899493718135e+00 1.049500713255168934e-04
2.670629414338395957e+00 6.565048793792981681e-05
2.670866929183073779e+00 3.231573631937785014e-05
2.671104444027751601e+00 5.731876747377791849e-05
2.671341958872429423e+00 9.752041184834451919e-05
2.671579473717107245e+00 1.249893262053439246e-04
2.671816988561785067e+00 1.327853931524049290e-04
2.672054503406462889e+00 1.193510231964874720e-04
2.672292018251140711e+00 8.763381742319391765e-05
2.672529533095818532e+00 4.691605233801671550e-05
2.672767047940496354e+00 3.652043477463217237e-05
2.673004562785174176e+00 7.470709533655768737e-05
2.673242077629851998e+00 1.101049023928128733e-04
2.673479592474529820e+00 1.291224230953471838e-04
2.673717107319207198e+00 1.275548902939242410e-04
2.673954622163885020e+00 1.058038040748886927e-04
2.674192137008562842e+00 6.895659721414117247e-05
2.674429651853240664e+00 3.347954188998865350e-05
2.674667166697918486e+00 5.106234328959243142e-05
2.674904681542596308e+00 9.048743889459655873e-05
2.675142196387274129e+00 1.191090751775091298e-04
2.675379711231951951e+00 1.291740240567252197e-04
2.675617226076629773e+00 1.186126992409180787e-04
2.675854740921307595e+00 8.974189303702290513e-05
2.676092255765985417e+00 5.049730671881710745e-05
2.676329770610663239e+00 3.325496508557667735e-05
2.676567285455341061e+00 6.787397105512050133e-05
2.676804800300018883e+00 1.035470664904710776e-04
2.677042315144696705e+00 1.242642170720074924e-04
2.677279829989374083e+00 1.252706397043862221e-04
2.677517344834051904e+00 1.064260407447580590e-04
2.677754859678729726e+00 7.205748083818979907e-05
2.677992374523407548e+00 3.557248033650116923e-05
2.678229889368085370e+00 4.536908070504901320e-05
2.678467404212763192e+00 8.367300168247091810e-05
2.678704919057441014e+00 1.132906497686936244e-04
2.678942433902118836e+00 1.254855727887588832e-04
2.679179948746796658e+00 1.176837797309230623e-04
2.679417463591474480e+00 9.160617090709045820e-05
2.679654978436152302e+00 5.406926735448397680e-05
2.679892493280830124e+00 3.123076276860114743e-05
2.680130008125507945e+00 6.137450477559884131e-05
2.680367522970185767e+00 9.711940036415502627e-05
2.680605037814863589e+00 1.193916977052312319e-04
2.680842552659540967e+00 1.228467901439122905e-04
2.681080067504218789e+00 1.068219518335166671e-04
2.681317582348896611e+00 7.494696909703452343e-05
2.681555097193574433e+00 3.831050633398596012e-05
2.681792612038252255e+00 4.032346028830181752e-05
2.682030126882930077e+00 7.706993816100958874e-05
2.682267641727607899e+00 1.075226002474009423e-04
2.682505156572285721e+00 1.217140158316992808e-04
2.682742671416963542e+00 1.165656717420285039e-04
2.682980186261641364e+00 9.323152494214114968e-05
2.683217701106319186e+00 5.757158285298924255e-05
2.683455215950997008e+00 3.051440639490197291e-05
2.683692730795674830e+00 5.522824747487400173e-05
2.683930245640352652e+00 9.081209547582385873e-05
2.684167760485030474e+00 1.144961930912099417e-04
2.684405275329707852e+00 1.202807830086756187e-04
2.684642790174385674e+00 1.069952417204315682e-04
2.684880305019063496e+00 7.762180377668174926e-05
2.685117819863741317e+00 4.145976619962129080e-05
2.685355334708419139e+00 3.604992766772460608e-05
2.685592849553096961e+00 7.067806372542627922e-05
2.685830364397774783e+00 1.017957069985400448e-04
2.686067879242452605e+00 1.178536031989802375e-04
2.686305394087130427e+00 1.152587039258579245e-04
2.686542908931808249e+00 9.462175233391351137e-05
2.686780423776486071e+00 6.096466240558229109e-05
2.687017938621163893e+00 3.104281080460234390e-05
2.687255453465841715e+00 4.947384141326960371e-05
2.687492968310519537e+00 8.461940551052633255e-05
2.687730483155197359e+00 1.095702098102982274e-04
2.687967997999874736e+00 1.175696062475660631e-04
2.688205512844552558e+00 1.069482233814296528e-04
2.688443027689230380e+00 8.008025886747230436e-05
2.688680542533908202e+00 4.484743644734990594e-05
2.688918057378586024e+00 3.271164101453417650e-05
2.689155572223263846e+00 6.450605588881806426e-05
2.689393087067941668e+00 9.610320765472788341e-05
2.689630601912619490e+00 1.138989049722687258e-04
2.689868116757297312e+00 1.137621958260697148e-04
2.690105631601975134e+00 9.577948987706949786e-05
2.690343146446652955e+00 6.422221251181139403e-05
2.690580661291330777e+00 3.262865220600645301e-05
2.690818176136008599e+00 4.417635118995141971e-05
2.691055690980686421e+00 7.854051152017765911e-05
2.691293205825364243e+00 1.046075914892754291e-04
2.691530720670041621e+00 1.147098623222763449e-04
2.691768235514719443e+00 1.066818815253615135e-04
2.692005750359397265e+00 8.232124332507609831e-05
2.692243265204075087e+00 4.835253094942705061e-05
2.692480780048752909e+00 3.048724642184019636e-05
2.692718294893430730e+00 5.857457796323117360e-05
2.692955809738108552e+00 9.044129573877352792e-05
2.693193324582786374e+00 1.098449457889732355e-04
2.693430839427464196e+00 1.120745353647393681e-04
2.693668354272142018e+00 9.670616018739768081e-05
2.693905869116819840e+00 6.732640769603577069e-05
2.694143383961497662e+00 3.502522846200235878e-05
2.694380898806175484e+00 3.943709683306223447e-05
2.694618413650853306e+00 7.258102969067620257e-05
2.694855928495531128e+00 9.960386411426613211e-05
2.695093443340208506e+00 1.116978900461834543e-04
2.695330958184886327e+00 1.061959319703192862e-04
2.695568473029564149e+00 8.434370123716127628e-05
2.695805987874241971e+00 5.189219701017973286e-05
2.696043502718919793e+00 2.951426675201113101e-05
2.696281017563597615e+00 5.292127887906066989e-05
2.696518532408275437e+00 8.481002058469427776e-05
2.696756047252953259e+00 1.056874722931334959e-04
2.696993562097631081e+00 1.101932840400894972e-04
2.697231076942308903e+00 9.740193686906493671e-05
2.697468591786986725e+00 7.026475647886380683e-05
2.697706106631664547e+00 3.799555411339994434e-05
2.697943621476342368e+00 3.540392730579977382e-05
2.698181136321020190e+00 6.675551248149629317e-05
2.698418651165698012e+00 9.455686370823682889e-05
2.698656166010375390e+00 1.085299789038912053e-04
2.698893680855053212e+00 1.054888917623629047e-04
2.699131195699731034e+00 8.614619824025831357e-05
2.699368710544408856e+00 5.540988848561188981e-05
2.699606225389086678e+00 2.981802955538500989e-05
2.699843740233764500e+00 4.760855742775638096e-05
2.700081255078442322e+00 7.921480768115207998e-05
2.700318769923120144e+00 1.014234296376351148e-04
2.700556284767797965e+00 1.081153411891138310e-04
2.700793799612475787e+00 9.786572667224180150e-05
2.701031314457153609e+00 7.302804026115136617e-05
2.701268829301831431e+00 4.134798450402563466e-05
2.701506344146509253e+00 3.227404829446260930e-05
2.701743858991187075e+00 6.109151747156128960e-05
2.701981373835864897e+00 8.946780665778343252e-05
2.702218888680542275e+00 1.052027388978913995e-04
2.702456403525220097e+00 1.045581827456779626e-04
2.702693918369897919e+00 8.772662748211012868e-05
2.702931433214575740e+00 5.886671084606429804e-05
2.703168948059253562e+00 3.128291400284267297e-05
2.703406462903931384e+00 4.273501230043986516e-05
2.703643977748609206e+00 7.366896965398080706e-05
2.703881492593287028e+00 9.705177653958266661e-05
2.704119007437964850e+00 1.058372194369990721e-04
2.704356522282642672e+00 9.809517718780162363e-05
2.704594037127320494e+00 7.560893057050410248e-05
2.704831551971998316e+00 4.494146804946338585e-05
2.705069066816676138e+00 3.027219471256722399e-05
2.705306581661353960e+00 5.563616026851532433e-05
2.705544096506031782e+00 8.434307585315093802e-05
2.705781611350709159e+00 1.017137334850325245e-04
2.706019126195386981e+00 1.034003079774215120e-04
2.706256641040064803e+00 8.908199751701515216e-05
2.706494155884742625e+00 6.223548512192860686e-05
2.706731670729420447e+00 3.369721843595207850e-05
2.706969185574098269e+00 3.845043530063982590e-05
2.707206700418776091e+00 6.819783056295239626e-05
2.707444215263453913e+00 9.257485839260291393e-05
2.707681730108131735e+00 1.033555192619171041e-04
2.707919244952809557e+00 9.808673176658487709e-05
2.708156759797487378e+00 7.800103817645987825e-05
2.708394274642165200e+00 4.867709953219464202e-05
2.708631789486843022e+00 2.958715447322639216e-05
2.708869304331520844e+00 5.046650209487166185e-05
2.709106819176198666e+00 7.919718939847983092e-05
2.709344334020876044e+00 9.806255927746782713e-05
2.709581848865553866e+00 1.020111688862570534e-04
2.709819363710231688e+00 9.020828721364186804e-05
2.710056878554909510e+00 6.549677030622850994e-05
2.710294393399587332e+00 3.682988005128524608e-05
2.710531908244265153e+00 3.496979616632433233e-05
2.710769423088942975e+00 6.284550100516168598e-05
2.711006937933620797e+00 8.800071897396534925e-05
2.711244452778298619e+00 1.006677550869693270e-04
2.711481967622976441e+00 9.783577518898085097e-05
2.711719482467654263e+00 8.019824289603609590e-05
2.711956997312332085e+00 5.248717985294770082e-05
2.712194512157009907e+00 3.028593877113363992e-05
2.712432027001687729e+00 4.570537074049511753e-05
2.712669541846365551e+00 7.405775541136056612e-05
2.712907056691042929e+00 9.425269323235950167e-05
2.713144571535720750e+00 1.003866425645623877e-04
2.713382086380398572e+00 9.110037437209763159e-05
2.713619601225076394e+00 6.863620883095040092e-05
2.713857116069754216e+00 4.048349031936733419e-05
2.714094630914432038e+00 3.257087989311498129e-05
2.714332145759109860e+00 5.768597034376935254e-05
2.714569660603787682e+00 8.334701520558052850e-05
2.714807175448465504e+00 9.777380129284873780e-05
2.715044690293143326e+00 9.733695234959869539e-05
2.715282205137821148e+00 8.219421425763727309e-05
2.715519719982498970e+00 5.632607322824289604e-05
2.715757234827176791e+00 3.227619844903408886e-05
2.715994749671854613e+00 4.154311273509331308e-05
2.716232264516532435e+00 6.897379086843880426e-05
2.716469779361209813e+00 9.029467484442982208e-05
2.716707294205887635e+00 9.852363266944556516e-05
2.716944809050565457e+00 9.175207353683638152e-05
2.717182323895243279e+00 7.164274865453242698e-05
2.717419838739921101e+00 4.451140807161550809e-05
2.717657353584598923e+00 3.154818284032488137e-05
2.717894868429276745e+00 5.284093025390072763e-05
2.718132383273954567e+00 7.864770752156179936e-05
2.718369898118632388e+00 9.467843963944837184e-05
2.718607412963310210e+00 9.658481144540673983e-05
2.718844927807988032e+00 8.398207873813055477e-05
2.719082442652665854e+00 6.016365103962438484e-05
2.719319957497343676e+00 3.535826380528024236e-05
2.719557472342021498e+00 3.826010470006698541e-05
2.719794987186699320e+00 6.402971099521949307e-05
2.720032502031376698e+00 8.621164439759812612e-05
2.720270016876054520e+00 9.642198356975797871e-05
2.720507531720732342e+00 9.215636519810632395e-05
2.720745046565410163e+00 7.450745317835409242e-05
2.720982561410087985e+00 4.881436569406601606e-05
2.721220076254765807e+00 3.211377379313105381e-05
2.721457591099443629e+00 4.850685166906484083e-05
2.721695105944121451e+00 7.396459264945827515e-05
2.721932620788799273e+00 9.139588823092728771e-05
2.722170135633477095e+00 9.557505552932334624e-05
2.722407650478154917e+00 8.555423011946414820e-05
2.722645165322832739e+00 6.398097451302434764e-05
2.722882680167510561e+00 3.931531740489709634e-05
2.723120195012188383e+00 3.622991594465593173e-05
2.723357709856866204e+00 5.936856686585646531e-05
2.723595224701543582e+00 8.204908936476881299e-05
2.723832739546221404e+00 9.408798048847869281e-05
2.724070254390899226e+00 9.230598261219215219e-05
2.724307769235577048e+00 7.722272593286999575e-05
2.724545284080254870e+00 5.333136573645440867e-05
2.724782798924932692e+00 3.430803685567059892e-05
2.725020313769610514e+00 4.499050211331010569e-05
2.725257828614288336e+00 6.940723943351729186e-05
2.725495343458966158e+00 8.795794524168688226e-05
2.725732858303643980e+00 9.430693931315475181e-05
2.725970373148321801e+00 8.690233076840801361e-05
2.726207887992999623e+00 6.776772144040893551e-05
2.726445402837677445e+00 4.397505706576625454e-05
2.726682917682355267e+00 3.586590794994742740e-05
2.726920432527033089e+00 5.522897315277822350e-05
2.727157947371710467e+00 7.789215768855696064e-05
2.727395462216388289e+00 9.154080498308987809e-05
2.727632977061066111e+00 9.219468380709538470e-05
2.727870491905743933e+00 7.978186711987789539e-05
2.728108006750421755e+00 5.803191580274413912e-05
2.728345521595099576e+00 3.801402841991505439e-05
2.728583036439777398e+00 4.273893130251428312e-05
2.728820551284455220e+00 6.516703123270740070e-05
2.729058066129133042e+00 8.442881024560637928e-05
2.729295580973810864e+00 9.278784786862484177e-05
2.729533095818488686e+00 8.801763280180232630e-05
2.729770610663166508e+00 7.152103754024820813e-05
2.730008125507844330e+00 4.923148651449450665e-05
2.730245640352522152e+00 3.750060231227843208e-05
2.730483155197199974e+00 5.199731709895538049e-05
2.730720670041877352e+00 7.389647263016220567e-05
2.730958184886555173e+00 8.882458328486828318e-05
2.731195699731232995e+00 9.181985721432799985e-05
2.731433214575910817e+00 8.217896388080610161e-05
2.731670729420588639e+00 6.291194169129131876e-05
2.731908244265266461e+00 4.306469170646271010e-05
2.732145759109944283e+00 4.232434450443161103e-05
2.732383273954622105e+00 6.157270506063217813e-05
2.732620788799299927e+00 8.093231296674514754e-05
2.732858303643977749e+00 9.104210177080330547e-05
2.733095818488655571e+00 8.889189954984905151e-05
2.733333333333333393e+00 7.524578343363654269e-05
2.733570848178011214e+00 5.504741924720435946e-05
2.733808363022689036e+00 4.128720077922199674e-05
2.734045877867366858e+00 5.026186001303422897e-05
2.734283392712044236e+00 7.034211196419988630e-05
2.734520907556722058e+00 8.603116776620300574e-05
2.734758422401399880e+00 9.118776397216644600e-05
2.734995937246077702e+00 8.440922551813859860e-05
2.735233452090755524e+00 6.799435235783106359e-05
2.735470966935433346e+00 4.934994798648321550e-05
2.735708481780111168e+00 4.434194326080128935e-05
2.735945996624788989e+00 5.917085195389820739e-05
2.736183511469466811e+00 7.770194198861006020e-05
2.736421026314144633e+00 8.912810052228604268e-05
2.736658541158822455e+00 8.951950640949358443e-05
2.736896056003500277e+00 7.895658369846211713e-05
2.737133570848178099e+00 6.145684945229896307e-05
2.737371085692855921e+00 4.724391675908998922e-05
2.737608600537533743e+00 5.082263610961526763e-05
2.737846115382211121e+00 6.772315745479520288e-05
2.738083630226888943e+00 8.334363845591097428e-05
2.738321145071566765e+00 9.032409436012370284e-05
2.738558659916244586e+00 8.647006113518136672e-05
2.738796174760922408e+00 7.333592231331810096e-05
2.739033689605600230e+00 5.688210816465355280e-05
2.739271204450278052e+00 4.927555452173928204e-05
2.739508719294955874e+00 5.881284835554227448e-05
2.739746234139633696e+00 7.517077840896819671e-05
2.739983748984311518e+00 8.717219097828197429e-05
2.740221263828989340e+00 8.990191058475743640e-05
2.740458778673667162e+00 8.268289686287455368e-05
2.740696293518344984e+00 6.857959578961354884e-05
2.740933808363022806e+00 5.541943994192699026e-05
2.741171323207700627e+00 5.460335502558169937e-05
2.741408838052378005e+00 6.687755066062915914e-05
2.741646352897055827e+00 8.111923553922354921e-05
2.741883867741733649e+00 8.929545215710852604e-05
2.742121382586411471e+00 8.836357081495080194e-05
2.742358897431089293e+00 7.904481327936336654e-05
2.742596412275767115e+00 6.584543782900764502e-05
2.742833927120444937e+00 5.750500711770458433e-05
2.743071441965122759e+00 6.168721040834620356e-05
2.743308956809800581e+00 7.412258815181286262e-05
2.743546471654478403e+00 8.543632661163000764e-05
2.743783986499156224e+00 9.005694245428416266e-05
2.744021501343834046e+00 8.648019471390981650e-05
2.744259016188511868e+00 7.666162699847521046e-05
2.744496531033189690e+00 6.607757752701225423e-05
2.744734045877867512e+00 6.253343885478487483e-05
2.744971560722544890e+00 6.912595231866744611e-05
2.745209075567222712e+00 8.004303578491980603e-05
2.745446590411900534e+00 8.825369484448581953e-05
2.745684105256578356e+00 9.010195724744564036e-05
2.745921620101256178e+00 8.531974780547993431e-05
2.746159134945933999e+00 7.667746617182128995e-05
2.746396649790611821e+00 6.953878994898855716e-05
2.746634164635289643e+00 6.925353890452275478e-05
2.746871679479967465e+00 7.590931187554204190e-05
2.747109194324645287e+00 8.445286031258318724e-05
2.747346709169323109e+00 9.003792850899623051e-05
2.747584224014000931e+00 9.045533867818377838e-05
2.747821738858678753e+00 8.616859362274002668e-05
2.748059253703356575e+00 7.989547054517410715e-05
2.748296768548034397e+00 7.564313606479869064e-05
2.748534283392711774e+00 7.634557219120160750e-05
2.748771798237389596e+00 8.139040907135849782e-05
2.749009313082067418e+00 8.752820007027412909e-05
2.749246827926745240e+00 9.171944661851724159e-05
2.749484342771423062e+00 9.253999615959493321e-05
2.749721857616100884e+00 9.024945725446376727e-05
2.749959372460778706e+00 8.640869108169821865e-05
2.750196887305456528e+00 8.324781060393023600e-05
2.750434402150134350e+00 8.268713589579796785e-05
2.750671916994812172e+00 8.528357730959530074e-05
2.750909431839489994e+00 8.997227309237705269e-05
2.751146946684167816e+00 9.482964707210615241e-05
2.751384461528845637e+00 9.800360062977924672e-05
2.751621976373523459e+00 9.829725885857813848e-05
2.751859491218201281e+00 9.555784074245648205e-05
2.752097006062878659e+00 9.102679954122767795e-05
2.752334520907556481e+00 8.740721038421513382e-05
2.752572035752234303e+00 8.781480634323890705e-05
2.752809550596912125e+00 9.330041730309730135e-05
2.753047065441589947e+00 1.014910437618941951e-04
2.753284580286267769e+00 1.082934697956730547e-04
2.753522095130945591e+00 1.102913460039548084e-04
2.753759609975623412e+00 1.061738734823523676e-04
2.753997124820301234e+00 9.764248195603874247e-05
2.754234639664979056e+00 8.996926378278648564e-05
2.754472154509656878e+00 9.013332002002465290e-05
2.754709669354334700e+00 1.001189129896371856e-04
2.754947184199012522e+00 1.140555471543317352e-04
2.755184699043690344e+00 1.242181650767017339e-04
2.755422213888368166e+00 1.255197708091025969e-04
2.755659728733045544e+00 1.167836372799592280e-04
2.755897243577723366e+00 1.017687700682188054e-04
2.756134758422401188e+00 9.052985253139559003e-05
2.756372273267079009e+00 9.505744871427758891e-05
2.756609788111756831e+00 1.140087398678206384e-04
2.756847302956434653e+00 1.345029133964693749e-04
2.757084817801112475e+00 1.458418254089065226e-04
2.757322332645790297e+00 1.427593551904497314e-04
2.757559847490468119e+00 1.256033794002110737e-04
2.757797362335145941e+00 1.021642281834828439e-04
2.758034877179823763e+00 9.103040925942099050e-05
2.758272392024501585e+00 1.077566444107307938e-04
2.758509906869179407e+00 1.387685304220699243e-04
2.758747421713857229e+00 1.641484444001389223e-04
2.758984936558535050e+00 1.726502195301402368e-04
2.759222451403212428e+00 1.602594373433684953e-04
2.759459966247890250e+00 1.303213187430028860e-04
2.759697481092568072e+00 9.826471988394250268e-05
2.759934995937245894e+00 9.764235508312173076e-05
2.760172510781923716e+00 1.351678681319613666e-04
2.760410025626601538e+00 1.778055154495648219e-04
2.760647540471279360e+00 2.038808886127059939e-04
2.760885055315957182e+00 2.035802878600251765e-04
2.761122570160635004e+00 1.753126677735852390e-04
2.761360085005312826e+00 1.277334923915911691e-04
2.761597599849990647e+00 9.318717593340037654e-05
2.761835114694668469e+00 1.229001972780833878e-04
2.762072629539346291e+00 1.845485407827925789e-04
2.762310144384024113e+00 2.346389719783085071e-04
2.762547659228701935e+00 2.544352630225702621e-04
2.762785174073379757e+00 2.364227941251700221e-04
2.763022688918057135e+00 1.830123283333660042e-04
2.763260203762734957e+00 1.139344129729726968e-04
2.763497718607412779e+00 1.045097568961229244e-04
2.763735233452090601e+00 1.826982918761671341e-04
2.763972748296768422e+00 2.644769968206906407e-04
2.764210263141446244e+00 3.140226975596440090e-04
2.764447777986124066e+00 3.157296840934013370e-04
2.764685292830801888e+00 2.653885202499437390e-04
2.764922807675479710e+00 1.729392935572418479e-04
2.765160322520157532e+00 9.441340559364454546e-05
2.765397837364835354e+00 1.720860110923834192e-04
2.765635352209513176e+00 2.962649185989183072e-04
2.765872867054190998e+00 3.886399104937360467e-04
2.766110381898868820e+00 4.214627409281837133e-04
2.766347896743546642e+00 3.816820584175837543e-04
2.766585411588224019e+00 2.715202542244851886e-04
2.766822926432901841e+00 1.228920984314725963e-04
2.767060441277579663e+00 1.576797890605187262e-04
2.767297956122257485e+00 3.435134755737255172e-04
2.767535470966935307e+00 4.991049853905330565e-04
2.767772985811613129e+00 5.782876455913998123e-04
2.768010500656290951e+00 5.563383885421147946e-04
2.768248015500968773e+00 4.299723758312038683e-04
2.768485530345646595e+00 2.257227789906563549e-04
2.768723045190324417e+00 1.024410407425365864e-04
2.768960560035002239e+00 2.735123149805115689e-04
2.769198074879680060e+00 3.494905292055700344e-04
2.769435589724357882e+00 1.934138187459812769e-04
2.769673104569035704e+00 3.129030045131122781e-04
2.769910619413713526e+00 1.241088081477541944e-03
2.770148134258390904e+00 2.661973734308417227e-03
2.770385649103068726e+00 4.593190991899299275e-03
2.770623163947746548e+00 7.004299309991628142e-03
2.770860678792424370e+00 9.812453400545725554e-03
2.771098193637102192e+00 1.288497647207452815e-02
2.771335708481780014e+00 1.604799157758180286e-02
2.771573223326457835e+00 1.910041594632806358e-02
2.771810738171135657e+00 2.183195986136354100e-02
2.772048253015813479e+00 2.404321037299508509e-02
2.772285767860491301e+00 2.556553969673695803e-02
2.772523282705169123e+00 2.627851628728750111e-02
2.772760797549846945e+00 2.612273075737213748e-02
2.772998312394524767e+00 2.510645586042509550e-02
2.773235827239202589e+00 2.330527869981611697e-02
2.773473342083880411e+00 2.085468319470238849e-02
2.773710856928557789e+00 1.793641281556651937e-02
2.773948371773235611e+00 1.476019590935429178e-02
2.774185886617913432e+00 1.154296929442604445e-02
2.774423401462591254e+00 8.488017466009854448e-03
2.774660916307269076e+00 5.766419326997915783e-03
2.774898431151946898e+00 3.502872372403232574e-03
2.775135945996624720e+00 1.767430108421620162e-03
2.775373460841302542e+00 5.746093672343262956e-04
2.775610975685980364e+00 1.346655258968850529e-04
2.775848490530658186e+00 3.966832674641630643e-04
2.776086005375336008e+00 3.565114946901022522e-04
2.776323520220013830e+00 1.430887968412176395e-04
2.776561035064691652e+00 2.241458452428571270e-04
2.776798549909369473e+00 5.027130769520478252e-04
2.777036064754047295e+00 6.965280627577335494e-04
2.777273579598724673e+00 7.593728244783996351e-04
2.777511094443402495e+00 6.842385790514643202e-04
2.777748609288080317e+00 4.940496793549911930e-04
2.777986124132758139e+00 2.380501084159218422e-04
2.778223638977435961e+00 1.235909799567364183e-04
2.778461153822113783e+00 3.459240060580088074e-04
2.778698668666791605e+00 5.239832057658245189e-04
2.778936183511469427e+00 6.033765225361480090e-04
2.779173698356147248e+00 5.741555186867040687e-04
2.779411213200825070e+00 4.486069251819280786e-04
2.779648728045502892e+00 2.597082688457209008e-04
2.779886242890180714e+00 1.070079842422520995e-04
2.780123757734858536e+00 2.400212930963975056e-04
2.780361272579536358e+00 4.020681423575985826e-04
2.780598787424214180e+00 4.961330955120010332e-04
2.780836302268891558e+00 5.037573696589363499e-04
2.781073817113569380e+00 4.273564851637553542e-04
2.781311331958247202e+00 2.873288173443344640e-04
2.781548846802925024e+00 1.354596896533504782e-04
2.781786361647602845e+00 1.627954883896918635e-04
2.782023876492280667e+00 3.061718435763396886e-04
2.782261391336958489e+00 4.116215645191346529e-04
2.782498906181636311e+00 4.485823327016652041e-04
2.782736421026314133e+00 4.113349817968154666e-04
2.782973935870991955e+00 3.107302630767469118e-04
2.783211450715669777e+00 1.779015613994148332e-04
2.783448965560347599e+00 1.218831906560104817e-04
2.783686480405025421e+00 2.296518984670314466e-04
2.783923995249703243e+00 3.403084921559849604e-04
2.784161510094381065e+00 3.998198869992525728e-04
2.784399024939058442e+00 3.945263016985104364e-04
2.784636539783736264e+00 3.274639009272752792e-04
2.784874054628414086e+00 2.179566899565541275e-04
2.785111569473091908e+00 1.233895207893985924e-04
2.785349084317769730e+00 1.712228389951582952e-04
2.785586599162447552e+00 2.782191202007277490e-04
2.785824114007125374e+00 3.540723204791011366e-04
2.786061628851803196e+00 3.750974692383870959e-04
2.786299143696481018e+00 3.373475077407336745e-04
2.786536658541158840e+00 2.517095419345775345e-04
2.786774173385836662e+00 1.512842972930318098e-04
2.787011688230514483e+00 1.345838858427766504e-04
2.787249203075192305e+00 2.242393633257960090e-04
2.787486717919870127e+00 3.101881215077281740e-04
2.787724232764547949e+00 3.527588919602026919e-04
2.787961747609225327e+00 3.409525223495626900e-04
2.788199262453903149e+00 2.787101350732535190e-04
2.788436777298580971e+00 1.864367859799855520e-04
2.788674292143258793e+00 1.252774027471190209e-04
2.788911806987936615e+00 1.792210078532970844e-04
2.789149321832614437e+00 2.679845646655721410e-04
2.789386836677292258e+00 3.277419743980957843e-04
2.789624351521970080e+00 3.390282614345983695e-04
2.789861866366647902e+00 2.994344545368355856e-04
2.790099381211325724e+00 2.209644503394833225e-04
2.790336896056003546e+00 1.404804256041628169e-04
2.790574410900681368e+00 1.461847695552841294e-04
2.790811925745359190e+00 2.277934567695981708e-04
2.791049440590037012e+00 3.003455699918925370e-04
2.791286955434714834e+00 3.322061031477628297e-04
2.791524470279392212e+00 3.145127710006805901e-04
2.791761985124070033e+00 2.525555998434136115e-04
2.791999499968747855e+00 1.692766537845277872e-04
2.792237014813425677e+00 1.303412053123141514e-04
2.792474529658103499e+00 1.905538971923196408e-04
2.792712044502781321e+00 2.707601048674941266e-04
2.792949559347459143e+00 3.208239944382944341e-04
2.793187074192136965e+00 3.243908726765518200e-04
2.793424589036814787e+00 2.806298667587797798e-04
2.793662103881492609e+00 2.034766628006387697e-04
2.793899618726170431e+00 1.354860562539201251e-04
2.794137133570848253e+00 1.585362614032114425e-04
2.794374648415526075e+00 2.391215020528415097e-04
2.794612163260203896e+00 3.048522842601577177e-04
2.794849678104881718e+00 3.291416945240391084e-04
2.795087192949559096e+00 3.049480864778672745e-04
2.795324707794236918e+00 2.392416889866411859e-04
2.795562222638914740e+00 1.587929402849960715e-04
2.795799737483592562e+00 1.367359552037958055e-04
2.796037252328270384e+00 2.058664222696547869e-04
2.796274767172948206e+00 2.839415302634690501e-04
2.796512282017626028e+00 3.283826223341686831e-04
2.796749796862303850e+00 3.250685896980417254e-04
2.796987311706981671e+00 2.747082799713939684e-04
2.797224826551659493e+00 1.937523160081245320e-04
2.797462341396337315e+00 1.329810790851720112e-04
2.797699856241015137e+00 1.726317155060227515e-04
2.797937371085692959e+00 2.576256465099000729e-04
2.798174885930370781e+00 3.213019679184838805e-04
2.798412400775048603e+00 3.401306321625268726e-04
2.798649915619725981e+00 3.084979770759939768e-04
2.798887430464403803e+00 2.351815651702395167e-04
2.799124945309081625e+00 1.519366053972842005e-04
2.799362460153759447e+00 1.442611310972178728e-04
2.799599974998437268e+00 2.257550556436490675e-04
2.799837489843115090e+00 3.067977762020720014e-04
2.800075004687792912e+00 3.488178892121863777e-04
2.800312519532470734e+00 3.390810209207011810e-04
2.800550034377148556e+00 2.796438546049245799e-04
2.800787549221826378e+00 1.897600781071135496e-04
2.801025064066504200e+00 1.316435221678594340e-04
2.801262578911182022e+00 1.894198829643154293e-04
2.801500093755859844e+00 2.837340072049115308e-04
2.801737608600537666e+00 3.494447174042117441e-04
2.801975123445215488e+00 3.645602935497229335e-04
2.802212638289892865e+00 3.244097637257268695e-04
2.802450153134570687e+00 2.394948341051306487e-04
2.802687667979248509e+00 1.474120077051712492e-04
2.802925182823926331e+00 1.532639814651937029e-04
2.803162697668604153e+00 2.513689705444451818e-04
2.803400212513281975e+00 3.401304165914238579e-04
2.803637727357959797e+00 3.826627782946279946e-04
2.803875242202637619e+00 3.667907164746048816e-04
2.804112757047315441e+00 2.956152384884663830e-04
2.804350271891993263e+00 1.911616592359420888e-04
2.804587786736671084e+00 1.308963986757392061e-04
2.804825301581348906e+00 2.102262839496201808e-04
2.805062816426026728e+00 3.190495431944931977e-04
2.805300331270704550e+00 3.908387943593752216e-04
2.805537846115382372e+00 4.038764059225745319e-04
2.805775360960059750e+00 3.539011116253057312e-04
2.806012875804737572e+00 2.529314273158971525e-04
2.806250390649415394e+00 1.447706267097349005e-04
2.806487905494093216e+00 1.645656047089186886e-04
2.806725420338771038e+00 2.848085269440422214e-04
2.806962935183448860e+00 3.864200778355384195e-04
2.807200450028126681e+00 4.324882167396471955e-04
2.807437964872804503e+00 4.105713102192714236e-04
2.807675479717482325e+00 3.244818807960819025e-04
2.807912994562160147e+00 1.987737308443498986e-04
2.808150509406837969e+00 1.305413589668989803e-04
2.808388024251515791e+00 2.372193928622317802e-04
2.808625539096193613e+00 3.668238025506159240e-04
2.808863053940871435e+00 4.492350038221317701e-04
2.809100568785549257e+00 4.618224976937480549e-04
2.809338083630226635e+00 4.001770403571090263e-04
2.809575598474904456e+00 2.776520668804422420e-04
2.809813113319582278e+00 1.441005587456493096e-04
2.810050628164260100e+00 1.797854047328378076e-04
2.810288143008937922e+00 3.298475392091048579e-04
2.810525657853615744e+00 4.506160802559939452e-04
2.810763172698293566e+00 5.036655138249532173e-04
2.811000687542971388e+00 4.753930836911607252e-04
2.811238202387649210e+00 3.700302092522890322e-04
2.811475717232327032e+00 2.144732550444873381e-04
2.811713232077004854e+00 1.307553801920372807e-04
2.811950746921682676e+00 2.742977044227170496e-04
2.812188261766360498e+00 4.331516501576357912e-04
2.812425776611038319e+00 5.319011002578833639e-04
2.812663291455716141e+00 5.456807077230887851e-04
2.812900806300393519e+00 4.693214130750360648e-04
2.813138321145071341e+00 3.175242308430418570e-04
2.813375835989749163e+00 1.458544640469149653e-04
2.813613350834426985e+00 2.022673031682051736e-04
2.813850865679104807e+00 3.935643873832845229e-04
2.814088380523782629e+00 5.421488016493740533e-04
2.814325895368460451e+00 6.064562487391005063e-04
2.814563410213138273e+00 5.706058401910774807e-04
2.814800925057816094e+00 4.390343839195055462e-04
2.815038439902493916e+00 2.412561776620734163e-04
2.815275954747171738e+00 1.325729829351626429e-04
2.815513469591849560e+00 3.291853954954923806e-04
2.815750984436527382e+00 5.298846674764098614e-04
2.815988499281205204e+00 6.529118440094033252e-04
2.816226014125883026e+00 6.693758517080489710e-04
2.816463528970560404e+00 5.725854941555175246e-04
2.816701043815238226e+00 3.789873328972641797e-04
2.816938558659916048e+00 1.503136535404277848e-04
2.817176073504593870e+00 2.396607409853218672e-04
2.817413588349271691e+00 4.904727156808929558e-04
2.817651103193949513e+00 6.800033192440933880e-04
2.817888618038627335e+00 7.611967248700966804e-04
2.818126132883305157e+00 7.142520357610920769e-04
2.818363647727982979e+00 5.437131647740098966e-04
2.818601162572660801e+00 2.830248801463723890e-04
2.818838677417338623e+00 1.402447116652652190e-04
2.819076192262016445e+00 4.192543631955999864e-04
2.819313707106694267e+00 6.824559012995955014e-04
2.819551221951372089e+00 8.417522184397111711e-04
2.819788736796049911e+00 8.612936250419798252e-04
2.820026251640727288e+00 7.317584029920993225e-04
2.820263766485405110e+00 4.724850465370905605e-04
2.820501281330082932e+00 1.549152335185940727e-04
2.820738796174760754e+00 3.122613309842128403e-04
2.820976311019438576e+00 6.547795888763779720e-04
2.821213825864116398e+00 9.071859218691973210e-04
2.821451340708794220e+00 1.012443925748846311e-03
2.821688855553472042e+00 9.439932629333839002e-04
2.821926370398149864e+00 7.066716807850366043e-04
2.822163885242827686e+00 3.414423692616366910e-04
2.822401400087505507e+00 1.738609665044637479e-04
2.822638914932183329e+00 5.913940785095706670e-04
2.822876429776861151e+00 9.549808488618494315e-04
2.823113944621538973e+00 1.169461090460340285e-03
2.823351459466216795e+00 1.186241884351001922e-03
2.823588974310894173e+00 9.915700281791096481e-04
2.823826489155571995e+00 6.108478034094328140e-04
2.824064004000249817e+00 1.410774039390525131e-04
2.824301518844927639e+00 4.873834390827603636e-04
2.824539033689605461e+00 9.863438951997430953e-04
2.824776548534283283e+00 1.341172361312035046e-03
2.825014063378961104e+00 1.473963821938044979e-03
2.825251578223638926e+00 1.345636309722764460e-03
2.825489093068316748e+00 9.630393787098557451e-04
2.825726607912994570e+00 3.856156076061318717e-04
2.825964122757672392e+00 3.423307379038702876e-04
2.826201637602350214e+00 1.013584501552442473e-03
2.826439152447028036e+00 1.554430644521810363e-03
2.826676667291705858e+00 1.844552046461275102e-03
2.826914182136383680e+00 1.808576312233091919e-03
2.827151696981061058e+00 1.426481807874977479e-03
2.827389211825738879e+00 7.431517283826962264e-04
2.827626726670416701e+00 1.800245400667457559e-04
2.827864241515094523e+00 1.087633173869505991e-03
2.828101756359772345e+00 1.890522770184772678e-03
2.828339271204450167e+00 2.398345780936394188e-03
2.828576786049127989e+00 2.485307297754775664e-03
2.828814300893805811e+00 2.102775423782639926e-03
2.829051815738483633e+00 1.304886654714335374e-03
2.829289330583161455e+00 2.719564729133678725e-04
2.829526845427839277e+00 7.620554917826727250e-04
2.829764360272517099e+00 1.360359953166952272e-03
2.830001875117194921e+00 1.119394602045536372e-03
2.830239389961872742e+00 4.147088455893091995e-04
2.830476904806550564e+00 3.598687508079224679e-03
2.830714419651227942e+00 8.737744160604488455e-03
2.830951934495905764e+00 1.594424396685066581e-02
2.831189449340583586e+00 2.513979943512505144e-02
2.831426964185261408e+00 3.603255851398463189e-02
2.831664479029939230e+00 4.812422175516559153e-02
2.831901993874617052e+00 6.074182729209933601e-02
2.832139508719294874e+00 7.309180982227068968e-02
2.832377023563972696e+00 8.433102597593865324e-02
2.832614538408650517e+00 9.364710586395934289e-02
2.832852053253328339e+00 1.003390626806061753e-01
2.833089568098006161e+00 1.038887917169321606e-01
2.833327082942683983e+00 1.040149824770768561e-01
2.833564597787361805e+00 1.007029559447375072e-01
2.833802112632039627e+00 9.420677650450225149e-02
2.834039627476717449e+00 8.502331034830171164e-02
2.834277142321394827e+00 7.384127727959655108e-02
2.834514657166072649e+00 6.147132990932650809e-02
2.834752172010750471e+00 4.876540459117166548e-02
2.834989686855428292e+00 3.653473879633401672e-02
2.835227201700106114e+00 2.547590078181628109e-02
2.835464716544783936e+00 1.611295261441400561e-02
2.835702231389461758e+00 8.761649075492396882e-03
2.835939746234139580e+00 3.518691458498211626e-03
2.836177261078817402e+00 2.774712339469656412e-04
2.836414775923495224e+00 1.246276399845646548e-03
2.836652290768173046e+00 1.441327487834511778e-03
2.836889805612850868e+00 7.670049105858756404e-04
2.837127320457528690e+00 3.627875342042818246e-04
2.837364835302206512e+00 1.475512415386724153e-03
2.837602350146884334e+00 2.328528372300132845e-03
2.837839864991561711e+00 2.728798437059358050e-03
2.838077379836239533e+00 2.617531773454616958e-03
2.838314894680917355e+00 2.046924115510085750e-03
2.838552409525595177e+00 1.153884069516101845e-03
2.838789924370272999e+00 1.633713070948652351e-04
2.839027439214950821e+00 8.797487424042289882e-04
2.839264954059628643e+00 1.636322861669689110e-03
2.839502468904306465e+00 2.055875743188240526e-03
2.839739983748984287e+00 2.086581435001589983e-03
2.839977498593662109e+00 1.749223335354905358e-03
2.840215013438339930e+00 1.127433641783005163e-03
2.840452528283017752e+00 3.578595600526102757e-04
2.840690043127695574e+00 4.772836761956865252e-04
2.840927557972373396e+00 1.142890823443615733e-03
2.841165072817051218e+00 1.582629177333631180e-03
2.841402587661728596e+00 1.727417981834281384e-03
2.841640102506406418e+00 1.567485507505803413e-03
2.841877617351084240e+00 1.146523835714053936e-03
2.842115132195762062e+00 5.539632467229145410e-04
2.842352647040439884e+00 1.731815898517707604e-04
2.842590161885117706e+00 7.480702772299151161e-04
2.842827676729795527e+00 1.204488467716103347e-03
2.843065191574473349e+00 1.438151445953135673e-03
2.843302706419151171e+00 1.417095991029131098e-03
2.843540221263828993e+00 1.155733111437027292e-03
2.843777736108506815e+00 7.104510133232749564e-04
2.844015250953184637e+00 1.907788708510003701e-04
2.844252765797862459e+00 4.255844595406688743e-04
2.844490280642540281e+00 8.828267952418271088e-04
2.844727795487218103e+00 1.180744170184198612e-03
2.844965310331895481e+00 1.268967505655717786e-03
2.845202825176573302e+00 1.139319361834458845e-03
2.845440340021251124e+00 8.222674680981130121e-04
2.845677854865928946e+00 3.846019822959406459e-04
2.845915369710606768e+00 1.768655342001111566e-04
2.846152884555284590e+00 6.006086626218619818e-04
2.846390399399962412e+00 9.398902224004481842e-04
2.846627914244640234e+00 1.112972371634714805e-03
2.846865429089318056e+00 1.093496173321180116e-03
2.847102943933995878e+00 8.906212560351442270e-04
2.847340458778673700e+00 5.466943141411077876e-04
2.847577973623351522e+00 1.575071673788538409e-04
2.847815488468029343e+00 3.534469000587934367e-04
2.848053003312707165e+00 7.106671295354914956e-04
2.848290518157384987e+00 9.469305588444703898e-04
2.848528033002062365e+00 1.019005597076422503e-03
2.848765547846740187e+00 9.181657170282001360e-04
2.849003062691418009e+00 6.669505090509626538e-04
2.849240577536095831e+00 3.193818822081781841e-04
2.849478092380773653e+00 1.581922243136251621e-04
2.849715607225451475e+00 4.936930755018277897e-04
2.849953122070129297e+00 7.725065655381837268e-04
2.850190636914807119e+00 9.187378640062739523e-04
2.850428151759484940e+00 9.081455097210932009e-04
2.850665666604162762e+00 7.461286500858072164e-04
2.850903181448840584e+00 4.663288590999457623e-04
2.851140696293518406e+00 1.512856501206964526e-04
2.851378211138196228e+00 2.947395722457646339e-04
2.851615725982874050e+00 5.935771502443763737e-04
2.851853240827551872e+00 7.968598174335651948e-04
2.852090755672229250e+00 8.643148861534213998e-04
2.852328270516907072e+00 7.862406166599526011e-04
2.852565785361584894e+00 5.797961109281443183e-04
2.852803300206262715e+00 2.902867319478117736e-04
2.853040815050940537e+00 1.400118467158978060e-04
2.853278329895618359e+00 4.158755644303183054e-04
2.853515844740296181e+00 6.584609124447163894e-04
2.853753359584974003e+00 7.909811988749813243e-04
2.853990874429651825e+00 7.898776192500538227e-04
2.854228389274329647e+00 6.576667348526144159e-04
2.854465904119007469e+00 4.218934603286754134e-04
2.854703418963685291e+00 1.529562797751935085e-04
2.854940933808363113e+00 2.490696085199469801e-04
2.855178448653040935e+00 5.094822839323855362e-04
2.855415963497718757e+00 6.930410837612202167e-04
2.855653478342396134e+00 7.602308525285858976e-04
2.855890993187073956e+00 7.002433029264733180e-04
2.856128508031751778e+00 5.262386389904191155e-04
2.856366022876429600e+00 2.769334533474599814e-04
2.856603537721107422e+00 1.266629190312783401e-04
2.856841052565785244e+00 3.571866859750979107e-04
2.857078567410463066e+00 5.760151286745842595e-04
2.857316082255140888e+00 7.011543988582261263e-04
2.857553597099818710e+00 7.089421821608054858e-04
2.857791111944496532e+00 5.995354743263902296e-04
2.858028626789174353e+00 3.958534317442686384e-04
2.858266141633852175e+00 1.580002138808867342e-04
2.858503656478529997e+00 2.133425948049720046e-04
2.858741171323207819e+00 4.461922034693563670e-04
2.858978686167885641e+00 6.171991403581035280e-04
2.859216201012563019e+00 6.860990425806808620e-04
2.859453715857240841e+00 6.409075448458324267e-04
2.859691230701918663e+00 4.916095410804292160e-04
2.859928745546596485e+00 2.716639937906363761e-04
2.860166260391274307e+00 1.186107669730722289e-04
2.860403775235952128e+00 3.113662890182592358e-04
2.860641290080629950e+00 5.136519557911343407e-04
2.860878804925307772e+00 6.349284066185054577e-04
2.861116319769985594e+00 6.508947519838711743e-04
2.861353834614663416e+00 5.596703421922177716e-04
2.861591349459341238e+00 3.804654435043079556e-04
2.861828864304019060e+00 1.649291822918842439e-04
2.862066379148696882e+00 1.851076167040887580e-04
2.862303893993374704e+00 3.967256000810070820e-04
2.862541408838052526e+00 5.595049760680122783e-04
2.862778923682729904e+00 6.311575066324066289e-04
2.863016438527407725e+00 5.984585452047214930e-04
2.863253953372085547e+00 4.687419763857678676e-04
2.863491468216763369e+00 2.711328187255939316e-04
2.863728983061441191e+00 1.153578784029123789e-04
2.863966497906119013e+00 2.745271767030516008e-04
2.864204012750796835e+00 4.647875818342528495e-04
2.864441527595474657e+00 5.843826326331570589e-04
2.864679042440152479e+00 6.079356126544451736e-04
2.864916557284830301e+00 5.317282771266556912e-04
2.865154072129508123e+00 3.718745553932140688e-04
2.865391586974185945e+00 1.731280676534618392e-04
2.865629101818863766e+00 1.627175323372769282e-04
2.865866616663541588e+00 3.568576067091454632e-04
2.866104131508219410e+00 5.142396507031593176e-04
2.866341646352896788e+00 5.892859902204553761e-04
2.866579161197574610e+00 5.674548450292120827e-04
2.866816676042252432e+00 4.537771116581441997e-04
2.867054190886930254e+00 2.737219987924099885e-04
2.867291705731608076e+00 1.161321647380590422e-04
2.867529220576285898e+00 2.441883835786683946e-04
2.867766735420963720e+00 4.254092783473475232e-04
2.868004250265641542e+00 5.448073846126386295e-04
2.868241765110319363e+00 5.755151279350489155e-04
2.868479279954997185e+00 5.120968049147462623e-04
2.868716794799675007e+00 3.679985320171009155e-04
2.868954309644352829e+00 1.823245430341160036e-04
2.869191824489030651e+00 1.451319790539440401e-04
2.869429339333708473e+00 3.238986731527407239e-04
2.869666854178386295e+00 4.778644500470134271e-04
2.869904369023063673e+00 5.567698253356010048e-04
2.870141883867741495e+00 5.446582450080179449e-04
2.870379398712419317e+00 4.444931667536345158e-04
2.870616913557097138e+00 2.786012182921775312e-04
2.870854428401774960e+00 1.201388578822747203e-04
2.871091943246452782e+00 2.187196545167013938e-04
2.871329458091130604e+00 3.929402058138535786e-04
2.871566972935808426e+00 5.132419246173141377e-04
2.871804487780486248e+00 5.508253918856668334e-04
2.872042002625164070e+00 4.986006450971774756e-04
2.872279517469841892e+00 3.676540990316903737e-04
2.872517032314519714e+00 1.924151062603309448e-04
2.872754547159197536e+00 1.317359230473979679e-04
2.872992062003875358e+00 2.960610088045307503e-04
2.873229576848553180e+00 4.480812848021132298e-04
2.873467091693230557e+00 5.312426548433828817e-04
2.873704606537908379e+00 5.280493827580057904e-04
2.873942121382586201e+00 4.395558935156907462e-04
2.874179636227264023e+00 2.853409687213550607e-04
2.874417151071941845e+00 1.266987816598671621e-04
2.874654665916619667e+00 1.970279766937957551e-04
2.874892180761297489e+00 3.656535075511280425e-04
2.875129695605975311e+00 4.877447231974649374e-04
2.875367210450653133e+00 5.320632200528526128e-04
2.875604725295330955e+00 4.898837254121241264e-04
2.875842240140008776e+00 3.701568492437230448e-04
2.876079754984686598e+00 2.033947975717842222e-04
2.876317269829364420e+00 1.221996095844572663e-04
2.876554784674042242e+00 2.721123341870179289e-04
2.876792299518720064e+00 4.233401685649016430e-04
2.877029814363397442e+00 5.111444342901401428e-04
2.877267329208075264e+00 5.163325943959063986e-04
2.877504844052753086e+00 4.381517393086322852e-04
2.877742358897430908e+00 2.937384938991299669e-04
2.877979873742108730e+00 1.353104176911952745e-04
2.878217388586786551e+00 1.783785564506728985e-04
2.878454903431464373e+00 3.423506818966472209e-04
2.878692418276142195e+00 4.670030939415982215e-04
2.878929933120820017e+00 5.180430477063981175e-04
2.879167447965497839e+00 4.850913043009355725e-04
2.879404962810175661e+00 3.751240788098592549e-04
2.879642477654853483e+00 2.153260966609992779e-04
2.879879992499531305e+00 1.163606964491109509e-04
2.880117507344209127e+00 2.511773205581541287e-04
2.880355022188886949e+00 4.025651931191999585e-04
2.880592537033564327e+00 4.954258245215483348e-04
2.880830051878242148e+00 5.086708394419053305e-04
2.881067566722919970e+00 4.397970048080386421e-04
2.881305081567597792e+00 3.037352292794097668e-04
2.881542596412275614e+00 1.456548090715954985e-04
2.881780111256953436e+00 1.622923619618401366e-04
2.882017626101631258e+00 3.221756732170070548e-04
2.882255140946309080e+00 4.501129113538316641e-04
2.882492655790986902e+00 5.079826259071310588e-04
2.882730170635664724e+00 4.836980813402646726e-04
2.882967685480342546e+00 3.823734682747707185e-04
2.883205200325020368e+00 2.283262286577065613e-04
2.883442715169698189e+00 1.141197653485212494e-04
2.883680230014376011e+00 2.326190107186006388e-04
2.883917744859053833e+00 3.849947612002707783e-04
2.884155259703731211e+00 4.833796768896872400e-04
2.884392774548409033e+00 5.045380239884885093e-04
2.884630289393086855e+00 4.442354382590983012e-04
2.884867804237764677e+00 3.153779878324388265e-04
2.885105319082442499e+00 1.575733144446157352e-04
2.885342833927120321e+00 1.484895628427517020e-04
2.885580348771798143e+00 3.045027629777001229e-04
2.885817863616475965e+00 4.364495667671465019e-04
2.886055378461153786e+00 5.013807176270835718e-04
2.886292893305831608e+00 4.854134289672152876e-04
2.886530408150509430e+00 3.918715060067285046e-04
2.886767922995187252e+00 2.425650731957492724e-04
2.887005437839865074e+00 1.153627967852011160e-04
2.887242952684542896e+00 2.159658267053595881e-04
2.887480467529220718e+00 3.700852927146742002e-04
2.887717982373898096e+00 4.745428427057467075e-04
2.887955497218575918e+00 5.036361418956297005e-04
2.888193012063253740e+00 4.513844687774274528e-04
2.888430526907931561e+00 3.288038378771496770e-04
2.888668041752609383e+00 1.710417937951509530e-04
2.888905556597287205e+00 1.368618662528373682e-04
2.889143071441965027e+00 2.888667128134414465e-04
2.889380586286642849e+00 4.255912017705130155e-04
2.889618101131320671e+00 4.979477065407974341e-04
2.889855615975998493e+00 4.901312011219647723e-04
2.890093130820676315e+00 4.037108241134807407e-04
2.890330645665354137e+00 2.582707983382627991e-04
2.890568160510031959e+00 1.199339924677690514e-04
2.890805675354709781e+00 2.008660082657705119e-04
2.891043190199387602e+00 3.574523929145831044e-04
2.891280705044064980e+00 4.686400122958097009e-04
2.891518219888742802e+00 5.058516787314846228e-04
2.891755734733420624e+00 4.613114383014037452e-04
2.891993249578098446e+00 3.442403038166200798e-04
2.892230764422776268e+00 1.861529168688939883e-04
2.892468279267454090e+00 1.274624946319235889e-04
2.892705794112131912e+00 2.749183572640485581e-04
2.892943308956809734e+00 4.172742963098398134e-04
2.893180823801487556e+00 4.975697684009452006e-04
2.893418338646165378e+00 4.979086338888569089e-04
2.893655853490843199e+00 4.181073078515565029e-04
2.893893368335521021e+00 2.757428273878140138e-04
2.894130883180198843e+00 1.276642719339185690e-04
2.894368398024876665e+00 1.870597273374235514e-04
2.894605912869554487e+00 3.468358287188926989e-04
2.894843427714231865e+00 4.655554479302678934e-04
2.895080942558909687e+00 5.112391579984971275e-04
2.895318457403587509e+00 4.742317085574274463e-04
2.895555972248265331e+00 3.620182626108430402e-04
2.895793487092943153e+00 2.031107791457786285e-04
2.896031001937620974e+00 1.205028374595368365e-04
2.896268516782298796e+00 2.623964773124555375e-04
2.896506031626976618e+00 4.113716371472854005e-04
2.896743546471654440e+00 5.002976669019106731e-04
2.896981061316332262e+00 5.089679620804740245e-04
2.897218576161010084e+00 4.354141834093238771e-04
2.897456091005687906e+00 2.953735697251356996e-04
2.897693605850365728e+00 1.384326794088712497e-04
2.897931120695043550e+00 1.743638216003819640e-04
2.898168635539721372e+00 3.380814280718814945e-04
2.898406150384398750e+00 4.653264440168352451e-04
2.898643665229076571e+00 5.200274746843191413e-04
2.898881180073754393e+00 4.905268102569988915e-04
2.899118694918432215e+00 3.825985922287329036e-04
2.899356209763110037e+00 2.222395659033984938e-04
2.899593724607787859e+00 1.163416824879410426e-04
2.899831239452465681e+00 2.511110854812774809e-04
2.900068754297143503e+00 4.078887000939992883e-04
2.900306269141821325e+00 5.063578309854302375e-04
2.900543783986499147e+00 5.237204528711808570e-04
2.900781298831176969e+00 4.561548492919422306e-04
2.901018813675854791e+00 3.176823645345424837e-04
2.901256328520532612e+00 1.522312160687344510e-04
2.901493843365210434e+00 1.626670427425581835e-04
2.901731358209888256e+00 3.311373902579224518e-04
2.901968873054565634e+00 4.681579564898356014e-04
2.902206387899243456e+00 5.326505335679026067e-04
2.902443902743921278e+00 5.107859714364959515e-04
2.902681417588599100e+00 4.066171614437755167e-04
2.902918932433276922e+00 2.440087891532265294e-04
2.903156447277954744e+00 1.154520983311007676e-04
2.903393962122632566e+00 2.409360818154313000e-04
2.903631476967310387e+00 4.069792225284367794e-04
2.903868991811988209e+00 5.161891062742679373e-04
2.904106506656666031e+00 5.428183381800991917e-04
2.904344021501343853e+00 4.810810692566129337e-04
2.904581536346021675e+00 3.433680701833270689e-04
2.904819051190699497e+00 1.692204232802985164e-04
2.905056566035377319e+00 1.519358811006738821e-04
2.905294080880055141e+00 3.260663415924767083e-04
2.905531595724732519e+00 4.744634926386671111e-04
2.905769110569410341e+00 5.498102032803546492e-04
2.906006625414088163e+00 5.358806283220083266e-04
2.906244140258765984e+00 4.349576590100589558e-04
2.906481655103443806e+00 2.690806215557414922e-04
2.906719169948121628e+00 1.183636403937918469e-04
2.906956684792799450e+00 2.318117831584098475e-04
2.907194199637477272e+00 4.089862576797405184e-04
2.907431714482155094e+00 5.305159039483806245e-04
2.907669229326832916e+00 5.672480872410740798e-04
2.907906744171510738e+00 5.112703706622941276e-04
2.908144259016188560e+00 3.733918749718966295e-04
2.908381773860866382e+00 1.897827441097442198e-04
2.908619288705544204e+00 1.422327118413547445e-04
2.908856803550222025e+00 3.230795485888286484e-04
2.909094318394899403e+00 4.849455860762702780e-04
2.909331833239577225e+00 5.725896251691504728e-04
2.909569348084255047e+00 5.670916836217557025e-04
2.909806862928932869e+00 4.688702171979260689e-04
2.910044377773610691e+00 2.983904672691531064e-04
2.910281892618288513e+00 1.256079536192980484e-04
2.910519407462966335e+00 2.237613517251040669e-04
2.910756922307644157e+00 4.145240232004919739e-04
2.910994437152321979e+00 5.504809689619290323e-04
2.911231951996999801e+00 5.984924347546488957e-04
2.911469466841677622e+00 5.482895223662318483e-04
2.911706981686355444e+00 4.091115292256470638e-04
2.911944496531033266e+00 2.145920871527295264e-04
2.912182011375711088e+00 1.337485129960071315e-04
2.912419526220388910e+00 3.226089263339512216e-04
2.912657041065066288e+00 5.007444742716719724e-04
2.912894555909744110e+00 6.026538080878777320e-04
2.913132070754421932e+00 6.063286298286201925e-04
2.913369585599099754e+00 5.101700595109452197e-04
2.913607100443777576e+00 3.332822482996343916e-04
2.913844615288455397e+00 1.377195022837905290e-04
2.914082130133133219e+00 2.169321067271325054e-04
2.914319644977811041e+00 4.246339798292140199e-04
2.914557159822488863e+00 5.778860837579095737e-04
2.914794674667166685e+00 6.388166562358263715e-04
2.915032189511844507e+00 5.944771093209576078e-04
2.915269704356522329e+00 4.525073461867160085e-04
2.915507219201200151e+00 2.447252232278722753e-04
2.915744734045877973e+00 1.268484544805871322e-04
2.915982248890555795e+00 3.254526196361548322e-04
2.916219763735233172e+00 5.237162264626314418e-04
2.916457278579910994e+00 6.426144262950440889e-04
2.916694793424588816e+00 6.565203121972293951e-04
2.916932308269266638e+00 5.615841736790253263e-04
2.917169823113944460e+00 3.757399955703144903e-04
2.917407337958622282e+00 1.553238003173562946e-04
2.917644852803300104e+00 2.116896358908876470e-04
2.917882367647977926e+00 4.410897932504882226e-04
2.918119882492655748e+00 6.156450266617243200e-04
2.918357397337333570e+00 6.917964755909507919e-04
2.918594912182011392e+00 6.534550148242975484e-04
2.918832427026689214e+00 5.065806895964967320e-04
2.919069941871367035e+00 2.818521586680946384e-04
2.919307456716044857e+00 1.221104252106119275e-04
2.919544971560722679e+00 3.330794801013686138e-04
2.919782486405400057e+00 5.569786541569195703e-04
2.920020001250077879e+00 6.967285250315127061e-04
2.920257516094755701e+00 7.223499120789445482e-04
2.920495030939433523e+00 6.273891771552088034e-04
2.920732545784111345e+00 4.287985647091292134e-04
2.920970060628789167e+00 1.792930156378249576e-04
2.921207575473466989e+00 2.088403001166594559e-04
2.921445090318144810e+00 4.670297824716047527e-04
2.921682605162822632e+00 6.686905741497909663e-04
2.921920120007500454e+00 7.633540427601985361e-04
2.922157634852178276e+00 7.311122195551390595e-04
2.922395149696856098e+00 5.760961145972520519e-04
2.922632664541533920e+00 3.285646162053816361e-04
2.922870179386211742e+00 1.202805108845065408e-04
2.923107694230889564e+00 3.483137855011591774e-04
2.923345209075566942e+00 6.060650648295135348e-04
2.923582723920244764e+00 7.723379237971343854e-04
2.923820238764922586e+00 8.117383412758063339e-04
2.924057753609600407e+00 7.146640514701362587e-04
2.924295268454278229e+00 4.973036108513810257e-04
2.924532783298956051e+00 2.108928134616130240e-04
2.924770298143633873e+00 2.102122606500226286e-04
2.925007812988311695e+00 5.083890029979604283e-04
2.925245327832989517e+00 7.459530400465217001e-04
2.925482842677667339e+00 8.639654242765595904e-04
2.925720357522345161e+00 8.376482224743528240e-04
2.925957872367022983e+00 6.690536533258027111e-04
2.926195387211700805e+00 3.889258223627426619e-04
2.926432902056378627e+00 1.219257957968412209e-04
2.926670416901056448e+00 3.770454038368274826e-04
2.926907931745733826e+00 6.816222405836677885e-04
2.927145446590411648e+00 8.831358237000930039e-04
2.927382961435089470e+00 9.391224574108964027e-04
2.927620476279767292e+00 8.359526143884497785e-04
2.927857991124445114e+00 5.893695446235401288e-04
2.928095505969122936e+00 2.516712285589730951e-04
2.928333020813800758e+00 2.204123407951068324e-04
2.928570535658478580e+00 5.775567917575499420e-04
2.928808050503156402e+00 8.652008607634646253e-04
2.929045565347834224e+00 1.013899156674281585e-03
2.929283080192512045e+00 9.922458733454633285e-04
2.929520595037189867e+00 7.998102328473434856e-04
2.929758109881867689e+00 4.692203798130903858e-04
2.929995624726545511e+00 1.262079249364437671e-04
2.930233139571223333e+00 4.331629917069247616e-04
2.930470654415900711e+00 8.066493747520710579e-04
2.930708169260578533e+00 1.057600300593398383e-03
2.930945684105256355e+00 1.133595794715722528e-03
2.931183198949934177e+00 1.015458991364307818e-03
2.931420713794611999e+00 7.191104669971442069e-04
2.931658228639289820e+00 3.017637328738006857e-04
2.931895743483967642e+00 2.532545049877670549e-04
2.932133258328645464e+00 7.044142337524109771e-04
2.932370773173323286e+00 1.066887252026020583e-03
2.932608288018001108e+00 1.257544779137060621e-03
2.932845802862678930e+00 1.235069939864645626e-03
2.933083317707356752e+00 9.959290219378603808e-04
2.933320832552034574e+00 5.774116649300484183e-04
2.933558347396712396e+00 1.279040269207199940e-04
2.933795862241390218e+00 5.559958406137213097e-04
2.934033377086067595e+00 1.040045254642806482e-03
2.934270891930745417e+00 1.364923184406948353e-03
2.934508406775423239e+00 1.462279571159494406e-03
2.934745921620101061e+00 1.304502327478062598e-03
2.934983436464778883e+00 9.094320532688768884e-04
2.935220951309456705e+00 3.475060258884726566e-04
2.935458466154134527e+00 3.615331576933979271e-04
2.935695980998812349e+00 9.787294049719594095e-04
2.935933495843490171e+00 1.463388090126314977e-03
2.936171010688167993e+00 1.710316725341870904e-03
2.936408525532845815e+00 1.661113756103700786e-03
2.936646040377523637e+00 1.308665830224210866e-03
2.936883555222201458e+00 7.028826067720818490e-04
2.937121070066879280e+00 1.526782065225649229e-04
2.937358584911557102e+00 8.938861290925613880e-04
2.937596099756234480e+00 1.577266428011490744e-03
2.937833614600912302e+00 2.014048753184464937e-03
2.938071129445590124e+00 2.104244625970800274e-03
2.938308644290267946e+00 1.806350911648854033e-03
2.938546159134945768e+00 1.148900810450607024e-03
2.938783673979623590e+00 2.527120408170017854e-04
2.939021188824301412e+00 8.292243139304721544e-04
2.939258703668979233e+00 1.781091724197488273e-03
2.939496218513657055e+00 2.469328532841508564e-03
2.939733733358334877e+00 2.736825326464353836e-03
2.939971248203012699e+00 2.501619486195929935e-03
2.940208763047690521e+00 1.784467012085056781e-03
2.940446277892368343e+00 7.295214743744071707e-04
2.940683792737046165e+00 4.468260889944021736e-04
2.940921307581723987e+00 1.298488019434929346e-03
2.941158822426401365e+00 1.448348326569273920e-03
2.941396337271079187e+00 4.337205303493556468e-04
2.941633852115757009e+00 2.161495974289186477e-03
2.941871366960434830e+00 6.653874947606069727e-03
2.942108881805112652e+00 1.320843722485243871e-02
2.942346396649790474e+00 2.179717922044087375e-02
2.942583911494468296e+00 3.217840557514076855e-02
2.942821426339146118e+00 4.389952330025941041e-02
2.943058941183823940e+00 5.632470372902245032e-02
2.943296456028501762e+00 6.868541603626694692e-02
2.943533970873179584e+00 8.014886291816918085e-02
2.943771485717857406e+00 8.989693089801369108e-02
2.944009000562535228e+00 9.720674495717246399e-02
2.944246515407213050e+00 1.015235085478301547e-01
2.944484030251890871e+00 1.025170854528626718e-01
2.944721545096568249e+00 1.001156496544963470e-01
2.944959059941246071e+00 9.451245534914606838e-02
2.945196574785923893e+00 8.614500756768422862e-02
2.945434089630601715e+00 7.564922328230624937e-02
2.945671604475279537e+00 6.379413281546453263e-02
2.945909119319957359e+00 5.140490092448160575e-02
2.946146634164635181e+00 3.928316670526162818e-02
2.946384149009313003e+00 2.813377080078819856e-02
2.946621663853990825e+00 1.850587369869350143e-02
2.946859178698668646e+00 1.075444428853523926e-02
2.947096693543346468e+00 5.025470123004311361e-03
2.947334208388024290e+00 1.266798934509282427e-03
2.947571723232702112e+00 7.648851075852190328e-04
2.947809238077379934e+00 1.387318795430458277e-03
2.948046752922057756e+00 1.038636794665917604e-03
2.948284267766735134e+00 1.623350875203551905e-04
2.948521782611412956e+00 9.121918095565101749e-04
2.948759297456090778e+00 1.804916881030271033e-03
2.948996812300768600e+00 2.339099518677032179e-03
2.949234327145446422e+00 2.422351423743355613e-03
2.949471841990124243e+00 2.068604548841075814e-03
2.949709356834802065e+00 1.376241918252110686e-03
2.949946871679479887e+00 5.003789310008499797e-04
2.950184386524157709e+00 4.135545682773210927e-04
2.950421901368835531e+00 1.161378628404814315e-03
2.950659416213513353e+00 1.651405205036827898e-03
2.950896931058191175e+00 1.814995908185165980e-03
2.951134445902868997e+00 1.649054394041090396e-03
2.951371960747546819e+00 1.207778709749652343e-03
2.951609475592224641e+00 5.902674443591631858e-04
2.951846990436902018e+00 1.390265750528860264e-04
2.952084505281579840e+00 7.249153876151796664e-04
2.952322020126257662e+00 1.177891708587228527e-03
2.952559534970935484e+00 1.401765785199362039e-03
2.952797049815613306e+00 1.371816417806419547e-03
2.953034564660291128e+00 1.109168666684410588e-03
2.953272079504968950e+00 6.744063381870948719e-04
2.953509594349646772e+00 1.734444431252981755e-04
2.953747109194324594e+00 3.963217246476143638e-04
2.953984624039002416e+00 8.168723202420894195e-04
2.954222138883680238e+00 1.081570794433952013e-03
2.954459653728358060e+00 1.149767058486144203e-03
2.954697168573035881e+00 1.019983761909991826e-03
2.954934683417713703e+00 7.254788244942512966e-04
2.955172198262391525e+00 3.310293473786717175e-04
2.955409713107068903e+00 1.648207674651142030e-04
2.955647227951746725e+00 5.316828128829630996e-04
2.955884742796424547e+00 8.163881430832076397e-04
2.956122257641102369e+00 9.530051521769534800e-04
2.956359772485780191e+00 9.236910479527773044e-04
2.956597287330458013e+00 7.413122909067186832e-04
2.956834802175135835e+00 4.465077718424724355e-04
2.957072317019813656e+00 1.317369978618317117e-04
2.957309831864491478e+00 3.063007075078366778e-04
2.957547346709169300e+00 5.901190073603429726e-04
2.957784861553847122e+00 7.711023028644114650e-04
2.958022376398524944e+00 8.172168854259289229e-04
2.958259891243202766e+00 7.256612045032748322e-04
2.958497406087880588e+00 5.188765903435673624e-04
2.958734920932558410e+00 2.459329736153102568e-04
2.958972435777235788e+00 1.474910681893721730e-04
2.959209950621913610e+00 3.970218577519165921e-04
2.959447465466591431e+00 6.015853835825023168e-04
2.959684980311269253e+00 7.023537731906382125e-04
2.959922495155947075e+00 6.838077360445579114e-04
2.960160010000624897e+00 5.538639997363540646e-04
2.960397524845302719e+00 3.424376058616067212e-04
2.960635039689980541e+00 1.278788801302044732e-04
2.960872554534658363e+00 2.386411329734403313e-04
2.961110069379336185e+00 4.456454605624549743e-04
2.961347584224014007e+00 5.828279445138690893e-04
2.961585099068691829e+00 6.214178774429029257e-04
2.961822613913369651e+00 5.573940361750963487e-04
2.962060128758047473e+00 4.067764147952681437e-04
2.962297643602725294e+00 2.090474727650550426e-04
2.962535158447402672e+00 1.329122628917702061e-04
2.962772673292080494e+00 3.068900917731731920e-04
2.963010188136758316e+00 4.632127836815157955e-04
2.963247702981436138e+00 5.442144359679798203e-04
2.963485217826113960e+00 5.351910562213731170e-04
2.963722732670791782e+00 4.408465242501549523e-04
2.963960247515469604e+00 2.843370735446723715e-04
2.964197762360147426e+00 1.295752228314127103e-04
2.964435277204825248e+00 1.930786116663177582e-04
2.964672792049503069e+00 3.486594040112576324e-04
2.964910306894180891e+00 4.578834363478139673e-04
2.965147821738858713e+00 4.928352900669959831e-04
2.965385336583536535e+00 4.484697965947101223e-04
2.965622851428214357e+00 3.365587026165860998e-04
2.965860366272892179e+00 1.895444295872514187e-04
2.966097881117570001e+00 1.254137255749143329e-04
2.966335395962247379e+00 2.454746953250758115e-04
2.966572910806925201e+00 3.681108640158752823e-04
2.966810425651603023e+00 4.358245969244886999e-04
2.967047940496280845e+00 4.339765973042856561e-04
2.967285455340958666e+00 3.650068736455438427e-04
2.967522970185636488e+00 2.473072281114763182e-04
2.967760485030314310e+00 1.320828913746867361e-04
2.967997999874992132e+00 1.637929014247803666e-04
2.968235514719669954e+00 2.808572304626760405e-04
2.968473029564347776e+00 3.696280401185882396e-04
2.968710544409025598e+00 4.019531316019880202e-04
2.968948059253703420e+00 3.718824910714146263e-04
2.969185574098381242e+00 2.881378436123384562e-04
2.969423088943059064e+00 1.774695884414791418e-04
2.969660603787736886e+00 1.230864508374664330e-04
2.969898118632414263e+00 2.032765576234719571e-04
2.970135633477092085e+00 2.998052298098128287e-04
2.970373148321769907e+00 3.571691091859460461e-04
2.970610663166447729e+00 3.603935691982151218e-04
2.970848178011125551e+00 3.102068736406271175e-04
2.971085692855803373e+00 2.213517693946241314e-04
2.971323207700481195e+00 1.343887523128235164e-04
2.971560722545159017e+00 1.460541111488844023e-04
2.971798237389836839e+00 2.323555759752116514e-04
2.972035752234514661e+00 3.045727548842013421e-04
2.972273267079192482e+00 3.343007609020073575e-04
2.972510781923870304e+00 3.147666467234349653e-04
2.972748296768548126e+00 2.523529351051997742e-04
2.972985811613225948e+00 1.689698444976983757e-04
2.973223326457903770e+00 1.237015722588817070e-04
2.973460841302581148e+00 1.745952848969147800e-04
2.973698356147258970e+00 2.493939277187270779e-04
2.973935870991936792e+00 2.977552421298287986e-04
2.974173385836614614e+00 3.043010489625120360e-04
2.974410900681292436e+00 2.683953289255915108e-04
2.974648415525970258e+00 2.018009843753297290e-04
2.974885930370648079e+00 1.362261230082466345e-04
2.975123445215325901e+00 1.362752237195210636e-04
2.975360960060003723e+00 1.974634204300631222e-04
2.975598474904681545e+00 2.552549764065190660e-04
2.975835989749359367e+00 2.820090633684289969e-04
2.976073504594037189e+00 2.702536418924314358e-04
2.976311019438715011e+00 2.244785919951236726e-04
2.976548534283392833e+00 1.623429223652067262e-04
2.976786049128070655e+00 1.257298007401656500e-04
2.977023563972748033e+00 1.557401804112947593e-04
2.977261078817425854e+00 2.117182870066594406e-04
2.977498593662103676e+00 2.516081199605760396e-04
2.977736108506781498e+00 2.599916438293643859e-04
2.977973623351459320e+00 2.351296664898815862e-04
2.978211138196137142e+00 1.862232060134081106e-04
2.978448653040814964e+00 1.375425461477508765e-04
2.978686167885492786e+00 1.317443337765003802e-04
2.978923682730170608e+00 1.726627453379471716e-04
2.979161197574848430e+00 2.172669637956266167e-04
2.979398712419526252e+00 2.404650892184396929e-04
2.979636227264204074e+00 2.343581408203082898e-04
2.979873742108881896e+00 2.018474945752876323e-04
2.980111256953559717e+00 1.567564286024154417e-04
2.980348771798237539e+00 1.282847172399739495e-04
2.980586286642914917e+00 1.440805784746107857e-04
2.980823801487592739e+00 1.836078061314540895e-04
2.981061316332270561e+00 2.151177564987331436e-04
2.981298831176948383e+00 2.240263904150733708e-04
2.981536346021626205e+00 2.077667225737308730e-04
2.981773860866304027e+00 1.732435552484622881e-04
2.982011375710981849e+00 1.383575186718613776e-04
2.982248890555659671e+00 1.304935893487932635e-04
2.982486405400337492e+00 1.555876198109233156e-04
2.982723920245015314e+00 1.878761337467838455e-04
2.982961435089693136e+00 2.068151711460238169e-04
2.983198949934370958e+00 2.046182715809524407e-04
2.983436464779048780e+00 1.828464752981765395e-04
2.983673979623726602e+00 1.517691358980644521e-04
2.983911494468404424e+00 1.308943934907808092e-04
2.984149009313081802e+00 1.376037278750676498e-04
2.984386524157759624e+00 1.629926526703564952e-04
2.984624039002437446e+00 1.860126465352540117e-04
2.984861553847115268e+00 1.942271786890116623e-04
2.985099068691793089e+00 1.846396541287045228e-04
2.985336583536470911e+00 1.620323864033744357e-04
2.985574098381148733e+00 1.387134109662651400e-04
2.985811613225826555e+00 1.311802494676713750e-04
2.986049128070504377e+00 1.444879473749805486e-04
2.986286642915182199e+00 1.653187555270299819e-04
2.986524157759860021e+00 1.792298938276990991e-04
2.986761672604537843e+00 1.794393446107425715e-04
2.986999187449215665e+00 1.664450434125160235e-04
2.987236702293893487e+00 1.471310840996076740e-04
2.987474217138571309e+00 1.333229311057680980e-04
2.987711731983248686e+00 1.347441750471757116e-04
2.987949246827926508e+00 1.484130122350581444e-04
2.988186761672604330e+00 1.628262270594338932e-04
2.988424276517282152e+00 1.691670086092697252e-04
2.988661791361959974e+00 1.646479271700644902e-04
2.988899306206637796e+00 1.520616717449823588e-04
2.989136821051315618e+00 1.386566372912901560e-04
2.989374335895993440e+00 1.329374564196733415e-04
2.989611850740671262e+00 1.379638737806754257e-04
2.989849365585349084e+00 1.484011780429073666e-04
2.990086880430026905e+00 1.565157647315218968e-04
2.990324395274704727e+00 1.577520154534463738e-04
2.990561910119382549e+00 1.519548772630990668e-04
2.990799424964060371e+00 1.426923348901904301e-04
2.991036939808738193e+00 1.354617783811148490e-04
2.991274454653415571e+00 1.343171720969520133e-04
2.991511969498093393e+00 1.387362042342859582e-04
2.991749484342771215e+00 1.445944518903447018e-04
2.991986999187449037e+00 1.478955358006904021e-04
2.992224514032126859e+00 1.470380559585230231e-04
2.992462028876804681e+00 1.429799025537392123e-04
2.992699543721482502e+00 1.382304368473588879e-04
2.992937058566160324e+00 1.352275090989024100e-04
2.993174573410838146e+00 1.348596159730399671e-04
2.993412088255515968e+00 1.362524850365660694e-04
2.993649603100193790e+00 1.378963005536332329e-04
2.993887117944871612e+00 1.388238239787454459e-04
2.994124632789549434e+00 1.388987467663245154e-04
2.994362147634227256e+00 1.383581813571285529e-04
2.994599662478905078e+00 1.372690979220440117e-04
2.994837177323582456e+00 1.354644474720483093e-04
2.995074692168260277e+00 1.330053644369837693e-04
2.995312207012938099e+00 1.306651000838342832e-04
2.995549721857615921e+00 1.297846829000842217e-04
2.995787236702293743e+00 1.312796515231763801e-04
2.996024751546971565e+00 1.345437724167145629e-04
2.996262266391649387e+00 1.374724455241016074e-04
2.996499781236327209e+00 1.377258844301122362e-04
2.996737296081005031e+00 1.342343876432829542e-04
2.996974810925682853e+00 1.281644139136109070e-04
2.997212325770360675e+00 1.228782484635656787e-04
2.997449840615038497e+00 1.221514816114892450e-04
2.997687355459716319e+00 1.269351085068887804e-04
2.997924870304394140e+00 1.340657934893839246e-04
2.998162385149071962e+00 1.387370339308886672e-04
2.998399899993749340e+00 1.375892659482644959e-04
2.998637414838427162e+00 1.303796351425881746e-04
2.998874929683104984e+00 1.205620330686198660e-04
2.999112444527782806e+00 1.144390692139571770e-04
2.999349959372460628e+00 1.169924248962125413e-04
2.999587474217138450e+00 1.265789002095753875e-04
2.999824989061816272e+00 1.364142672260799808e-04
3.000062503906494094e+00 1.402409449906892418e-04
3.000300018751171915e+00 1.353513487131864992e-04
3.000537533595849737e+00 1.234974938914052041e-04
3.000775048440527559e+00 1.111577955775200479e-04
3.001012563285205381e+00 1.073990101004410655e-04
3.001250078129883203e+00 1.158127474905174762e-04
3.001487592974561025e+00 1.297714036036466938e-04
3.001725107819238847e+00 1.398742506893712082e-04
3.001962622663916225e+00 1.402896699258116952e-04
3.002200137508594047e+00 1.301280504619078439e-04
3.002437652353271869e+00 1.138821884064551015e-04
3.002675167197949690e+00 1.016414780852654661e-04
3.002912682042627512e+00 1.039022756231131685e-04
3.003150196887305334e+00 1.189562342789911086e-04
3.003387711731983156e+00 1.350818399328184501e-04
3.003625226576660978e+00 1.426622607025278950e-04
3.003862741421338800e+00 1.376575730288614357e-04
3.004100256266016622e+00 1.216450338069494460e-04
3.004337771110694444e+00 1.025406804151150156e-04
3.004575285955372266e+00 9.436421690489381938e-05
3.004812800800050088e+00 1.053424787054356790e-04
3.005050315644727910e+00 1.254429583934592351e-04
3.005287830489405732e+00 1.406966762617639232e-04
3.005525345334083109e+00 1.433010423018475741e-04
3.005762860178760931e+00 1.316403032071939512e-04
3.006000375023438753e+00 1.102254091965036492e-04
3.006237889868116575e+00 9.131342949116282015e-05
3.006475404712794397e+00 9.181536194319293365e-05
3.006712919557472219e+00 1.115773228958125108e-04
3.006950434402150041e+00 1.334960669251727169e-04
3.007187949246827863e+00 1.449285491730429025e-04
3.007425464091505685e+00 1.407531801899375684e-04
3.007662978936183507e+00 1.220393027321084803e-04
3.007900493780861328e+00 9.686510403462915268e-05
3.008138008625539150e+00 8.296418738257117071e-05
3.008375523470216972e+00 9.537899560802133971e-05
3.008613038314894794e+00 1.210557374599879183e-04
3.008850553159572616e+00 1.412226435119264282e-04
3.009088068004249994e+00 1.464522719436899380e-04
3.009325582848927816e+00 1.344308167143721015e-04
3.009563097693605638e+00 1.091652778584741739e-04
3.009800612538283460e+00 8.347334451010697087e-05
3.010038127382961282e+00 8.060477644750228387e-05
3.010275642227639104e+00 1.043647979924267820e-04
3.010513157072316925e+00 1.316734840233286716e-04
3.010750671916994747e+00 1.470081064972680483e-04
3.010988186761672569e+00 1.443571651284092784e-04
3.011225701606350391e+00 1.241751110387834429e-04
3.011463216451028213e+00 9.393384080047310588e-05
3.011700731295706035e+00 7.323316979412990938e-05
3.011938246140383857e+00 8.580906073709999220e-05
3.012175760985061679e+00 1.165896453965103145e-04
3.012413275829739501e+00 1.414703937466457338e-04
3.012650790674416879e+00 1.496346547650289499e-04
3.012888305519094700e+00 1.381298589043540711e-04
3.013125820363772522e+00 1.102596290315321464e-04
3.013363335208450344e+00 7.817725258929216804e-05
3.013600850053128166e+00 7.020811017959422426e-05
3.013838364897805988e+00 9.725602848837088801e-05
3.014075879742483810e+00 1.296268693032431678e-04
3.014313394587161632e+00 1.488869234419397879e-04
3.014550909431839454e+00 1.482764480826304358e-04
3.014788424276517276e+00 1.276290954714358588e-04
3.015025939121195098e+00 9.347556445978546711e-05
3.015263453965872920e+00 6.532315885405156057e-05
3.015500968810550741e+00 7.654394647391486956e-05
3.015738483655228563e+00 1.120274799609835174e-04
3.015975998499906385e+00 1.414568510119128849e-04
3.016213513344583763e+00 1.527807409357809210e-04
3.016451028189261585e+00 1.424658446760757057e-04
3.016688543033939407e+00 1.130832016629513810e-04
3.016926057878617229e+00 7.544013613097889481e-05
3.017163572723295051e+00 6.063729676630741280e-05
3.017401087567972873e+00 9.019875622514491567e-05
3.017638602412650695e+00 1.273657634322292425e-04
3.017876117257328517e+00 1.505614692059086478e-04
3.018113632102006338e+00 1.523810033189036814e-04
3.018351146946684160e+00 1.320654751835306567e-04
3.018588661791361982e+00 9.515012698646037770e-05
3.018826176636039804e+00 5.948690094100660553e-05
3.019063691480717626e+00 6.751511641602503356e-05
3.019301206325395448e+00 1.073537874836588891e-04
3.019538721170073270e+00 1.411970770385251057e-04
3.019776236014750648e+00 1.558502756808628970e-04
3.020013750859428470e+00 1.472450357117131316e-04
3.020251265704106292e+00 1.172597168742358053e-04
3.020488780548784113e+00 7.516341317027270597e-05
3.020726295393461935e+00 5.200526462064771502e-05
3.020963810238139757e+00 8.314800114979821737e-05
3.021201325082817579e+00 1.248968960880747188e-04
3.021438839927495401e+00 1.520343038843853219e-04
3.021676354772173223e+00 1.565852645627968740e-04
3.021913869616851045e+00 1.372298624865867043e-04
3.022151384461528867e+00 9.858862676638689064e-05
3.022388899306206689e+00 5.601102482991870946e-05
3.022626414150884511e+00 5.867307357257306791e-05
3.022863928995562333e+00 1.025540824104263099e-04
3.023101443840240155e+00 1.407040846136971388e-04
3.023338958684917532e+00 1.588209657950147909e-04
3.023576473529595354e+00 1.523328552716771069e-04
3.023813988374273176e+00 1.224799343149725751e-04
3.024051503218950998e+00 7.711126854499727545e-05
3.024289018063628820e+00 4.457480361004786062e-05
3.024526532908306642e+00 7.606379413650912269e-05
3.024764047752984464e+00 1.222245247805160402e-04
3.025001562597662286e+00 1.533114122057507031e-04
3.025239077442340108e+00 1.608348180831480165e-04
3.025476592287017930e+00 1.429367741361645160e-04
3.025714107131695751e+00 1.034411037291329503e-04
3.025951621976373573e+00 5.508492687060748984e-05
3.026189136821051395e+00 4.999065945841221526e-05
3.026426651665729217e+00 9.761430265018795568e-05
3.026664166510407039e+00 1.399888325270159017e-04
3.026901681355084417e+00 1.616824537325943175e-04
3.027139196199762239e+00 1.576386062376186289e-04
3.027376711044440061e+00 1.285046353271002161e-04
3.027614225889117883e+00 8.095202589240048103e-05
3.027851740733795705e+00 3.881982909092630677e-05
3.028089255578473526e+00 6.890945705187219320e-05
3.028326770423151348e+00 1.193506971792664400e-04
3.028564285267829170e+00 1.544005914222562332e-04
3.028801800112506992e+00 1.650971338477775423e-04
3.029039314957184814e+00 1.490557541953671441e-04
3.029276829801862636e+00 1.094095565090837655e-04
3.029514344646540458e+00 5.666902513155265054e-05
3.029751859491218280e+00 4.147518308624263727e-05
3.029989374335896102e+00 9.252042976448367293e-05
3.030226889180573924e+00 1.390603048584234584e-04
3.030464404025251302e+00 1.644324051834907365e-04
3.030701918869929123e+00 1.631038212674947117e-04
3.030939433714606945e+00 1.351579368045477067e-04
3.031176948559284767e+00 8.633201897693775070e-05
3.031414463403962589e+00 3.541990672749065130e-05
3.031651978248640411e+00 6.165024926148587631e-05
3.031889493093318233e+00 1.162754481210227726e-04
3.032127007937996055e+00 1.553104903595188069e-04
3.032364522782673877e+00 1.693552267416353896e-04
3.032602037627351699e+00 1.554988823168536739e-04
3.032839552472029521e+00 1.162606557926815806e-04
3.033077067316707343e+00 6.047962878702609009e-05
3.033314582161385164e+00 3.320284104185689759e-05
3.033552097006062986e+00 8.725824372697410611e-05
3.033789611850740808e+00 1.379256209433321579e-04
3.034027126695418186e+00 1.670739897102683342e-04
3.034264641540096008e+00 1.686937749258880857e-04
3.034502156384773830e+00 1.423167507705685412e-04
3.034739671229451652e+00 9.293640928863555501e-05
3.034977186074129474e+00 3.500601086802714398e-05
3.035214700918807296e+00 5.425226922294885409e-05
3.035452215763485118e+00 1.129969437711137229e-04
3.035689730608162940e+00 1.560500544657080651e-04
3.035927245452840761e+00 1.736033922006392728e-04
3.036164760297518583e+00 1.622107065827846936e-04
3.036402275142196405e+00 1.238238553923151771e-04
3.036639789986874227e+00 6.610707098136189722e-05
3.036877304831552049e+00 2.541952671286607998e-05
3.037114819676229871e+00 8.181321861471127857e-05
3.037352334520907693e+00 1.365901469929388899e-04
3.037589849365585071e+00 1.696142878046717295e-04
3.037827364210262893e+00 1.743915034567126846e-04
3.038064879054940715e+00 1.499001514768062617e-04
3.038302393899618536e+00 1.005178915675254009e-04
3.038539908744296358e+00 3.769184305068950239e-05
3.038777423588974180e+00 4.668156250448449515e-05
3.039014938433652002e+00 1.095115854359462781e-04
3.039252453278329824e+00 1.566282275457733125e-04
3.039489968123007646e+00 1.778444001817058883e-04
3.039727482967685468e+00 1.691606755667885592e-04
3.039964997812363290e+00 1.319827222673635369e-04
3.040202512657041112e+00 7.315475731013891341e-05
3.040440027501718934e+00 1.885308926490956175e-05
3.040677542346396756e+00 7.617061257987722931e-05
3.040915057191074578e+00 1.350575936784675023e-04
3.041152572035751955e+00 1.720633243596720111e-04
3.041390086880429777e+00 1.801937281093680867e-04
3.041627601725107599e+00 1.578603883594752850e-04
3.041865116569785421e+00 1.088999106686892908e-04
3.042102631414463243e+00 4.297345693084783056e-05
3.042340146259141065e+00 3.890349286828516238e-05
3.042577661103818887e+00 1.058140880900192068e-04
3.042815175948496709e+00 1.570538187364100917e-04
3.043052690793174531e+00 1.820877222270128343e-04
3.043290205637852353e+00 1.763377484828653028e-04
3.043527720482530174e+00 1.406649055805592511e-04
3.043765235327207996e+00 8.131324488863972031e-05
3.044002750171885818e+00 1.543193332736585120e-05
3.044240265016563640e+00 7.031588469226591792e-05
3.044477779861241462e+00 1.333300920427516205e-04
3.044715294705918840e+00 1.744335386040411838e-04
3.044952809550596662e+00 1.861082033669272354e-04
3.045190324395274484e+00 1.661760344153945820e-04
3.045427839239952306e+00 1.179677493533839950e-04
3.045665354084630128e+00 5.015300263824656066e-05
3.045902868929307949e+00 3.088274251699856335e-05
3.046140383773985771e+00 1.018975545133153822e-04
3.046377898618663593e+00 1.573354805871398645e-04
3.046615413463341415e+00 1.863485093407311031e-04
3.046852928308019237e+00 1.837467772482458117e-04
3.047090443152697059e+00 1.498333870432820407e-04
3.047327957997374881e+00 9.037259260660549204e-05
3.047565472842052703e+00 1.749845131383906421e-05
3.047802987686730525e+00 6.423572551265486065e-05
3.048040502531408347e+00 1.314082440672552702e-04
3.048278017376085725e+00 1.767395735639666426e-04
3.048515532220763546e+00 1.921521440672805249e-04
3.048753047065441368e+00 1.748471812175804939e-04
3.048990561910119190e+00 1.276568664033876448e-04
3.049228076754797012e+00 5.868657593244643484e-05
3.049465591599474834e+00 2.258567321601771724e-05
3.049703106444152656e+00 9.775357577010945732e-05
3.049940621288830478e+00 1.574817666394243663e-04
3.050178136133508300e+00 1.906471402131576325e-04
3.050415650978186122e+00 1.914063026651235987e-04
3.050653165822863944e+00 1.594798884976673080e-04
3.050890680667541766e+00 1.002073212720022043e-04
3.051128195512219587e+00 2.400250023109519871e-05
3.051365710356897409e+00 5.792032759978241950e-05
3.051603225201575231e+00 1.292911469828057205e-04
3.051840740046252609e+00 1.789983179854666353e-04
3.052078254890930431e+00 1.983515002620670810e-04
3.052315769735608253e+00 1.838924071704021383e-04
3.052553284580286075e+00 1.379428051162754894e-04
3.052790799424963897e+00 6.824491653847900214e-05
3.053028314269641719e+00 1.399609499989874504e-05
3.053265829114319541e+00 9.337241075408456745e-05
3.053503343958997363e+00 1.575012541468614558e-04
3.053740858803675184e+00 1.950092370269337276e-04
3.053978373648353006e+00 1.993475019428259001e-04
3.054215888493030828e+00 1.696204904621498354e-04
3.054453403337708650e+00 1.107569232205301028e-04
3.054690918182386472e+00 3.270869280271383771e-05
3.054928433027064294e+00 5.136831812288857339e-05
3.055165947871742116e+00 1.269763927027895561e-04
3.055403462716419494e+00 1.812291705580633687e-04
3.055640977561097316e+00 2.047409444234964875e-04
3.055878492405775138e+00 1.933472525250027436e-04
3.056116007250452959e+00 1.488339700505611344e-04
3.056353522095130781e+00 7.865908885823418646e-05
3.056591036939808603e+00 5.311267344500449505e-06
3.056828551784486425e+00 8.874333514321904493e-05
3.057066066629164247e+00 1.574027286696096854e-04
3.057303581473842069e+00 1.994661035941237349e-04
3.057541096318519891e+00 2.076141261150904927e-04
3.057778611163197713e+00 1.802932467577039949e-04
3.058016126007875535e+00 1.220104222272302085e-04
3.058253640852553357e+00 4.261383724066474356e-05
3.058491155697231179e+00 4.459781561189280928e-05
3.058728670541909000e+00 1.244600456818482893e-04
3.058966185386586378e+00 1.834545261630246039e-04
3.059203700231264200e+00 2.113645161357366258e-04
3.059441215075942022e+00 2.032640164692783445e-04
3.059678729920619844e+00 1.603673029934108698e-04
3.059916244765297666e+00 8.986425367894817400e-05
3.060153759609975488e+00 5.383893300174476158e-06
3.060391274454653310e+00 8.385532511693312028e-05
3.060628789299331132e+00 1.571954393067999780e-04
3.060866304144008954e+00 2.040555932874743214e-04
3.061103818988686776e+00 2.162633655368294424e-04
3.061341333833364597e+00 1.915575783563124631e-04
3.061578848678042419e+00 1.339964448847061915e-04
3.061816363522720241e+00 5.339591338671216401e-05
3.062053878367398063e+00 3.767275494437462784e-05
3.062291393212075885e+00 1.217366060289569723e-04
3.062528908056753263e+00 1.857005129386309018e-04
3.062766422901431085e+00 2.182769444477128753e-04
3.063003937746108907e+00 2.137128037703539746e-04
3.063241452590786729e+00 1.726065544403745597e-04
3.063478967435464551e+00 1.018642474026572792e-04
3.063716482280142372e+00 1.504158652513160970e-05
3.063953997124820194e+00 7.869838464974709654e-05
3.064191511969498016e+00 1.568894447355808361e-04
3.064429026814175838e+00 2.088234652377823973e-04
3.064666541658853660e+00 2.253676813423527621e-04
3.064904056503531482e+00 2.034953371203339974e-04
3.065141571348209304e+00 1.467781215085008214e-04
3.065379086192887126e+00 6.498237362551046283e-05
3.065616601037564948e+00 3.077076078215898263e-05
3.065854115882242770e+00 1.187989703926779116e-04
3.066091630726920148e+00 1.879980410997849911e-04
3.066329145571597969e+00 2.255457464512258185e-04
3.066566660416275791e+00 2.247838745502149266e-04
3.066804175260953613e+00 1.856429035574671236e-04
3.067041690105631435e+00 1.147129576205084393e-04
3.067279204950309257e+00 2.561215767410417209e-05
3.067516719794987079e+00 7.326611300110266950e-05
3.067754234639664901e+00 1.564960858052390268e-04
3.067991749484342723e+00 2.138253478766691555e-04
3.068229264329020545e+00 2.350177512184825645e-04
3.068466779173698367e+00 2.162135880334490126e-04
3.068704294018376189e+00 1.604519344228226595e-04
3.068941808863054010e+00 7.740637986440324905e-05
3.069179323707731832e+00 2.437058320311476727e-05
3.069416838552409654e+00 1.156384137940288470e-04
3.069654353397087032e+00 1.903842684574166280e-04
3.069891868241764854e+00 2.332542966835996303e-04
3.070129383086442676e+00 2.365914999628907747e-04
3.070366897931120498e+00 1.995978840551149820e-04
3.070604412775798320e+00 1.285064848807868814e-04
3.070841927620476142e+00 3.694200484766012836e-05
3.071079442465153964e+00 6.756070363688127444e-05
3.071316957309831785e+00 1.560286434740916961e-04
3.071554472154509607e+00 2.191295096539599670e-04
3.071791986999187429e+00 2.453268160588319212e-04
3.072029501843865251e+00 2.298493550985568291e-04
3.072267016688543073e+00 1.751499983544415836e-04
3.072504531533220895e+00 9.076120153930382134e-05
3.072742046377898717e+00 1.972699879668128093e-05
3.072979561222576539e+00 1.122446336053282837e-04
3.073217076067253917e+00 1.929046487802277374e-04
3.073454590911931739e+00 2.415061907549014865e-04
3.073692105756609561e+00 2.492797157581389932e-04
3.073929620601287382e+00 2.146288459247909822e-04
3.074167135445965204e+00 1.433823875291978631e-04
3.074404650290643026e+00 4.912406119523329433e-05
3.074642165135320848e+00 6.160283625829906953e-05
3.074879679979998670e+00 1.555032758636238060e-04
3.075117194824676492e+00 2.248207554771890324e-04
3.075354709669354314e+00 2.564369052521541306e-04
3.075592224514032136e+00 2.445768314143433346e-04
3.075829739358709958e+00 1.910457468837957343e-04
3.076067254203387780e+00 1.051875345680359358e-04
3.076304769048065602e+00 1.923797520841430598e-05
3.076542283892743423e+00 1.086059313812804035e-04
3.076779798737420801e+00 1.956158264209891266e-04
3.077017313582098623e+00 2.504314191856478510e-04
3.077254828426776445e+00 2.630306335158809567e-04
3.077492343271454267e+00 2.309375307980918830e-04
3.077729858116132089e+00 1.595243513346635911e-04
3.077967372960809911e+00 6.230250389418198265e-05
3.078204887805487733e+00 5.545170740984374454e-05
3.078442402650165555e+00 1.549403867936291392e-04
3.078679917494843377e+00 2.310059490037823791e-04
3.078917432339521199e+00 2.685277038198256752e-04
3.079154947184199020e+00 2.606179133888323306e-04
3.079392462028876842e+00 2.083635380744165494e-04
3.079629976873554664e+00 1.208744956020866949e-04
3.079867491718232486e+00 2.422245720050452959e-05
3.080105006562910308e+00 1.047096697819421379e-04
3.080342521407587686e+00 1.985897955780734645e-04
3.080580036252265508e+00 2.601951657079872200e-04
3.080817551096943330e+00 2.780763718053296733e-04
3.081055065941621152e+00 2.487828160253939221e-04
3.081292580786298974e+00 1.771720668748576113e-04
3.081530095630976795e+00 7.666472790274705290e-05
3.081767610475654617e+00 4.924651975640917227e-05
3.082005125320332439e+00 1.543666778108962424e-04
3.082242640165010261e+00 2.378219582079296268e-04
3.082480155009688083e+00 2.818292758993397123e-04
3.082717669854365905e+00 2.782574655610913221e-04
3.082955184699043727e+00 2.273933536015318403e-04
3.083192699543721549e+00 1.380687885819215576e-04
3.083430214388399371e+00 3.326476863206470581e-05
3.083667729233077193e+00 1.005432561873722224e-04
3.083905244077754570e+00 2.019200043055146762e-04
3.084142758922432392e+00 2.710105325614398488e-04
3.084380273767110214e+00 2.947163129015261296e-04
3.084617788611788036e+00 2.684994003390251739e-04
3.084855303456465858e+00 1.966372784635660837e-04
3.085092818301143680e+00 9.245073361526357327e-05
3.085330333145821502e+00 4.329265921883189118e-05
3.085567847990499324e+00 1.538183098556062712e-04
3.085805362835177146e+00 2.454473165372102715e-04
3.086042877679854968e+00 2.966406012040014918e-04
3.086280392524532790e+00 2.978656001482848231e-04
3.086517907369210612e+00 2.485126992438933054e-04
3.086755422213888433e+00 1.570913858731926016e-04
3.086992937058566255e+00 4.497069639676039212e-05
3.087230451903244077e+00 9.609611834875200493e-05
3.087467966747921455e+00 2.057305356460174470e-04
3.087705481592599277e+00 2.831573195193636851e-04
3.087942996437277099e+00 3.133424615109276011e-04
3.088180511281954921e+00 2.905253610556146875e-04
3.088418026126632743e+00 2.183282722557497923e-04
3.088655540971310565e+00 1.099704912290715722e-04
3.088893055815988387e+00 3.822792458689528458e-05
3.089130570660666208e+00 1.533459214121380115e-04
3.089368085505344030e+00 2.541197558700149868e-04
3.089605600350021852e+00 3.133571512483773768e-04
3.089843115194699674e+00 3.199307358162137944e-04
3.090080630039377496e+00 2.722192938592423632e-04
3.090318144884055318e+00 1.783636342849231546e-04
3.090555659728733140e+00 5.885817047339115214e-05
3.090793174573410962e+00 9.136353902275343305e-05
3.091030689418088340e+00 2.101903146850270514e-04
3.091268204262766162e+00 2.970104305385856897e-04
3.091505719107443984e+00 3.344775369645867436e-04
3.091743233952121805e+00 3.154434799521909955e-04
3.091980748796799627e+00 2.427869377064287163e-04
3.092218263641477449e+00 1.296304199715596350e-04
3.092455778486155271e+00 3.524688559165213613e-05
3.092693293330833093e+00 1.530228571219562008e-04
3.092930808175510915e+00 2.641633255832542436e-04
3.093168323020188737e+00 3.325129882782484393e-04
3.093405837864866559e+00 3.451097977603346449e-04
3.093643352709544381e+00 2.991806522514111580e-04
3.093880867554222203e+00 2.024471665837973967e-04
3.094118382398900025e+00 7.495784367429403545e-05
3.094355897243577846e+00 8.635397521842911445e-05
3.094593412088255224e+00 2.155358196961860789e-04
3.094830926932933046e+00 3.130841223421961471e-04
3.095068441777610868e+00 3.588337751218456401e-04
3.095305956622288690e+00 3.440447359858448068e-04
3.095543471466966512e+00 2.707456370947615735e-04
3.095780986311644334e+00 1.519734326326213408e-04
3.096018501156322156e+00 3.602447074291837976e-05
3.096256016000999978e+00 1.529591674649745153e-04
3.096493530845677800e+00 2.760317456815685627e-04
3.096731045690355622e+00 3.548470472628983876e-04
3.096968560535033443e+00 3.743066796904692488e-04
3.097206075379711265e+00 3.303111980608578239e-04
3.097443590224389087e+00 2.301056461784079887e-04
3.097681105069066909e+00 9.359022619012669075e-05
3.097918619913744731e+00 8.110289215450848315e-05
3.098156134758422109e+00 2.221087763817622331e-04
3.098393649603099931e+00 3.321033453810288863e-04
3.098631164447777753e+00 3.874067139299232874e-04
3.098868679292455575e+00 3.774288785702994303e-04
3.099106194137133397e+00 3.032167089695824553e-04
3.099343708981811218e+00 1.777407584613408681e-04
3.099581223826489040e+00 4.179311676507644669e-05
3.099818738671166862e+00 1.533264648673197299e-04
3.100056253515844684e+00 2.903804372616835888e-04
3.100293768360522506e+00 3.814113662528961324e-04
3.100531283205200328e+00 4.087992146156415566e-04
3.100768798049878150e+00 3.668961088738858373e-04
3.101006312894555972e+00 2.624028225170679232e-04
3.101243827739233794e+00 1.153192499294736402e-04
3.101481342583911616e+00 7.569857704505416121e-05
3.101718857428588993e+00 2.304215199750424563e-04
3.101956372273266815e+00 3.551235315035351889e-04
3.102193887117944637e+00 4.216306976642453718e-04
3.102431401962622459e+00 4.171697340719208742e-04
3.102668916807300281e+00 3.416381315339441210e-04
3.102906431651978103e+00 2.079702636210198189e-04
3.103143946496655925e+00 5.261929409670616808e-05
3.103381461341333747e+00 1.544043322841507368e-04
3.103618976186011569e+00 3.081917738413267153e-04
3.103856491030689391e+00 4.137556247853889780e-04
3.104094005875367213e+00 4.504533476580773669e-04
3.104331520720045035e+00 4.107981540695398201e-04
3.104569035564722856e+00 3.008637569410064659e-04
3.104806550409400678e+00 1.409962996197145402e-04
3.105044065254078500e+00 7.032876437180827481e-05
3.105281580098755878e+00 2.412763575464102158e-04
3.105519094943433700e+00 3.837416913220335793e-04
3.105756609788111522e+00 4.636489464620481018e-04
3.105994124632789344e+00 4.655992209607923323e-04
3.106231639477467166e+00 3.881205144451061340e-04
3.106469154322144988e+00 2.441583890593716495e-04
3.106706669166822810e+00 6.812930278693598391e-05
3.106944184011500631e+00 1.566723671578858614e-04
3.107181698856178453e+00 3.310050738857709752e-04
3.107419213700856275e+00 4.542585479461089238e-04
3.107656728545534097e+00 5.021028422432299507e-04
3.107894243390211919e+00 4.648198017239176644e-04
3.108131758234889741e+00 3.477512978309645736e-04
3.108369273079567563e+00 1.718765932588568681e-04
3.108606787924245385e+00 6.535753526858102333e-05
3.108844302768922763e+00 2.559975497067358552e-04
3.109081817613600585e+00 4.204908157349456096e-04
3.109319332458278407e+00 5.168096072059879826e-04
3.109556847302956228e+00 5.263221023400774592e-04
3.109794362147634050e+00 4.458870827270361133e-04
3.110031876992311872e+00 2.885375650081731746e-04
3.110269391836989694e+00 8.832601841601379824e-05
3.110506906681667516e+00 1.610067339329140056e-04
3.110744421526345338e+00 3.613679376628162860e-04
3.110981936371023160e+00 5.067619401369580787e-04
3.111219451215700982e+00 5.682644713269715576e-04
3.111456966060378804e+00 5.333742685611647140e-04
3.111694480905056626e+00 4.065642575005234461e-04
3.111931995749734448e+00 2.098281471689280426e-04
3.112169510594412269e+00 6.142156241994243941e-05
3.112407025439089647e+00 2.769179961137336037e-04
3.112644540283767469e+00 4.696318203614807088e-04
3.112882055128445291e+00 5.866418109974606441e-04
3.113119569973123113e+00 6.052118362884562671e-04
3.113357084817800935e+00 5.201052440745465794e-04
3.113594599662478757e+00 3.445717038291249779e-04
3.113832114507156579e+00 1.137485435199729210e-04
3.114069629351834401e+00 1.691403062755604113e-04
3.114307144196512223e+00 4.037984995066685296e-04
3.114544659041190044e+00 5.778832011100926190e-04
3.114782173885867866e+00 6.565899426278125686e-04
3.115019688730545688e+00 6.238185031332307666e-04
3.115257203575223510e+00 4.829878583315563726e-04
3.115494718419901332e+00 2.576760998408604911e-04
3.115732233264579154e+00 5.944453877379929222e-05
3.115969748109256532e+00 3.085035880468212630e-04
3.116207262953934354e+00 5.388954598798655895e-04
3.116444777798612176e+00 6.829498926976299792e-04
3.116682292643289998e+00 7.124998016426970036e-04
3.116919807487967820e+00 6.195737511042826101e-04
3.117157322332645641e+00 4.178744130162101444e-04
3.117394837177323463e+00 1.452661397155006041e-04
3.117632352022001285e+00 1.848730163951645264e-04
3.117869866866679107e+00 4.670675050984294911e-04
3.118107381711356929e+00 6.800208125214916421e-04
3.118344896556034751e+00 7.811067837490557253e-04
3.118582411400712573e+00 7.493373583988582106e-04
3.118819926245390395e+00 5.868231043015772379e-04
3.119057441090068217e+00 3.196856831470594831e-04
3.119294955934746039e+00 6.035148971579741274e-05
3.119532470779423416e+00 3.602987392867996368e-04
3.119769985624101238e+00 6.437976936760784813e-04
3.120007500468779060e+00 8.248386699217382474e-04
3.120245015313456882e+00 8.676305349999848373e-04
3.120482530158134704e+00 7.604411630095102336e-04
3.120720045002812526e+00 5.179111128919339961e-04
3.120957559847490348e+00 1.830937986234584922e-04
3.121195074692168170e+00 2.177750147192798530e-04
3.121432589536845992e+00 5.704369835483905299e-04
3.121670104381523814e+00 8.392192396322144515e-04
3.121907619226201636e+00 9.703978471936284145e-04
3.122145134070879458e+00 9.358693277787179937e-04
3.122382648915557279e+00 7.360990918525765845e-04
3.122620163760235101e+00 4.016213563919508994e-04
3.122857678604912923e+00 6.565196636921899313e-05
3.123095193449590301e+00 4.560890857424460920e-04
3.123332708294268123e+00 8.202053530170335316e-04
3.123570223138945945e+00 1.054707317597493874e-03
3.123807737983623767e+00 1.112097987759458036e-03
3.124045252828301589e+00 9.750949520113740563e-04
3.124282767672979411e+00 6.604703259108935659e-04
3.124520282517657233e+00 2.213351308272966085e-04
3.124757797362335054e+00 2.970974290076200289e-04
3.124995312207012876e+00 7.644705545906594788e-04
3.125232827051690698e+00 1.119879662425742788e-03
3.125470341896368520e+00 1.291811054324947233e-03
3.125707856741046342e+00 1.240678830169695841e-03
3.125945371585724164e+00 9.650447407775246877e-04
3.126182886430401986e+00 5.044167049824723999e-04
3.126420401275079808e+00 1.008707724483847579e-04
3.126657916119757186e+00 6.704612792903447745e-04
3.126895430964435008e+00 1.170312353616076266e-03
3.127132945809112829e+00 1.485726229564924943e-03
3.127370460653790651e+00 1.548428924657126822e-03
3.127607975498468473e+00 1.332255736735947493e-03
3.127845490343146295e+00 8.602290119984876051e-04
3.128083005187824117e+00 2.099560531018592206e-04
3.128320520032501939e+00 5.426503783616453899e-04
3.128558034877179761e+00 1.223710330548215784e-03
3.128795549721857583e+00 1.723766362697190914e-03
3.129033064566535405e+00 1.935404991339435398e-03
3.129270579411213227e+00 1.797634960622675150e-03
3.129508094255891049e+00 1.309732102067416235e-03
3.129745609100568871e+00 5.379279397052672690e-04
3.129983123945246692e+00 4.102829287971805367e-04
3.130220638789924070e+00 1.340322024700413934e-03
3.130458153634601892e+00 2.091495955716813921e-03
3.130695668479279714e+00 2.500069723984422922e-03
3.130933183323957536e+00 2.459599286462833302e-03
3.131170698168635358e+00 1.949504578946812923e-03
3.131408213013313180e+00 1.057153110196379711e-03
3.131645727857991002e+00 7.561862580578083309e-05
3.131883242702668824e+00 9.690502770433295212e-04
3.132120757547346646e+00 1.396575899570613689e-03
3.132358272392024467e+00 8.771773954175642865e-04
3.132595787236702289e+00 1.007241272005035765e-03
3.132833302081380111e+00 4.604432086150157637e-03
3.133070816926057933e+00 1.013754979731670142e-02
3.133308331770735755e+00 1.765959328767096465e-02
3.133545846615413577e+00 2.702460705944803587e-02
3.133783361460090955e+00 3.788007833640762850e-02
3.134020876304768777e+00 4.968307817778636060e-02
3.134258391149446599e+00 6.173961790137464517e-02
3.134495905994124421e+00 7.326371697162718799e-02
3.134733420838802243e+00 8.345005110273409632e-02
3.134970935683480064e+00 9.155214011062141888e-02
3.135208450528157886e+00 9.695711574999586746e-02
3.135445965372835708e+00 9.924832144965294034e-02
3.135683480217513530e+00 9.824832770285671368e-02
3.135920995062191352e+00 9.403723613344493193e-02
3.136158509906869174e+00 8.694409861473452461e-02
3.136396024751546996e+00 7.751251121089025586e-02
3.136633539596224818e+00 6.644453407457509564e-02
3.136871054440902640e+00 5.452963576084099429e-02
3.137108569285580462e+00 4.256703689762539322e-02
3.137346084130257839e+00 3.129042657607133265e-02
3.137583598974935661e+00 2.130348507903469246e-02
3.137821113819613483e+00 1.303306315270966013e-02
3.138058628664291305e+00 6.704482834747043513e-03
3.138296143508969127e+00 2.340715816725554531e-03
3.138533658353646949e+00 2.282720771061034430e-04
3.138771173198324771e+00 1.274547989992495323e-03
3.139008688043002593e+00 1.215032073856062112e-03
3.139246202887680415e+00 4.691358612630874055e-04
3.139483717732358237e+00 5.664765268504156183e-04
3.139721232577036059e+00 1.538446544205601977e-03
3.139958747421713880e+00 2.211155584463406296e-03
3.140196262266391702e+00 2.451769888323490198e-03
3.140433777111069524e+00 2.238137648483134665e-03
3.140671291955747346e+00 1.641527923681496788e-03
3.140908806800424724e+00 7.995854207787282762e-04
3.141146321645102546e+00 1.344842566757973787e-04
3.141383836489780368e+00 9.509782422705178847e-04
3.141621351334458190e+00 1.547680872883999735e-03
3.141858866179136012e+00 1.828194187753070903e-03
3.142096381023813834e+00 1.767189901751822691e-03
3.142333895868491656e+00 1.400337319774698453e-03
3.142571410713169477e+00 8.134975757176394085e-04
3.142808925557847299e+00 1.354942442879285638e-04
3.143046440402525121e+00 5.541453614131244994e-04
3.143283955247202943e+00 1.085518544222078370e-03
3.143521470091880765e+00 1.398965890906605928e-03
3.143758984936558587e+00 1.452937078757262929e-03
3.143996499781236409e+00 1.253498992502649102e-03
3.144234014625914231e+00 8.498179408501690393e-04
3.144471529470591609e+00 3.257407671546721801e-04
3.144709044315269431e+00 2.478489772796199707e-04
3.144946559159947252e+00 7.276779088611973808e-04
3.145184074004625074e+00 1.064488520263753672e-03
3.145421588849302896e+00 1.203408689332426855e-03
3.145659103693980718e+00 1.130223929148903078e-03
3.145896618538658540e+00 8.679310533613558698e-04
3.146134133383336362e+00 4.717160912063040733e-04
3.146371648228014184e+00 7.463400514989880843e-05
3.146609163072692006e+00 4.422595729091749841e-04
3.146846677917369828e+00 7.870200990019115238e-04
3.147084192762047650e+00 9.852937896733819558e-04
3.147321707606725472e+00 1.008249065337174814e-03
3.147559222451403294e+00 8.593243893043882742e-04
3.147796737296081115e+00 5.717439650782909274e-04
3.148034252140758493e+00 2.072278021670753451e-04
3.148271766985436315e+00 2.154645972449483577e-04
3.148509281830114137e+00 5.496996330407504178e-04
3.148746796674791959e+00 7.857476221348330681e-04
3.148984311519469781e+00 8.811193080565552860e-04
3.149221826364147603e+00 8.242796012871492217e-04
3.149459341208825425e+00 6.308320967756557473e-04
3.149696856053503247e+00 3.411815777821381314e-04
3.149934370898181069e+00 8.237211609786416816e-05
3.150171885742858890e+00 3.460950320818698069e-04
3.150409400587536712e+00 6.006949999079706911e-04
3.150646915432214534e+00 7.485356593801557705e-04
3.150884430276892356e+00 7.659695720294253714e-04
3.151121945121570178e+00 6.542616879099001073e-04
3.151359459966248000e+00 4.378246715911428472e-04
3.151596974810925378e+00 1.674663490328014528e-04
3.151834489655603200e+00 1.784758247057814098e-04
3.152072004500281022e+00 4.302619349376037147e-04
3.152309519344958844e+00 6.128720481881498507e-04
3.152547034189636666e+00 6.886816722537313215e-04
3.152784549034314487e+00 6.471327173586522135e-04
3.153022063878992309e+00 4.992885190916232768e-04
3.153259578723670131e+00 2.770788873456043761e-04
3.153497093568347953e+00 8.878804227280638064e-05
3.153734608413025775e+00 2.774650828241198098e-04
3.153972123257703597e+00 4.778041934627777205e-04
3.154209638102381419e+00 5.972010030413750980e-04
3.154447152947059241e+00 6.144523864761606766e-04
3.154684667791737063e+00 5.292612525117060436e-04
3.154922182636414885e+00 3.605569759794855921e-04
3.155159697481092262e+00 1.523528062406798709e-04
3.155397212325770084e+00 1.516233088479344588e-04
3.155634727170447906e+00 3.479027859404636744e-04
3.155872242015125728e+00 4.965712048861643628e-04
3.156109756859803550e+00 5.612365837517044233e-04
3.156347271704481372e+00 5.316829559458883213e-04
3.156584786549159194e+00 4.159604085639612495e-04
3.156822301393837016e+00 2.405773610340208868e-04
3.157059816238514838e+00 9.561382756219531979e-05
3.157297331083192660e+00 2.293692545477063645e-04
3.157534845927870482e+00 3.920544735326361415e-04
3.157772360772548303e+00 4.925656164516619990e-04
3.158009875617226125e+00 5.106923034325814518e-04
3.158247390461903947e+00 4.449773726925828959e-04
3.158484905306581769e+00 3.106686211934885761e-04
3.158722420151259147e+00 1.467844037524598062e-04
3.158959934995936969e+00 1.351678384392082275e-04
3.159197449840614791e+00 2.894099981995421956e-04
3.159434964685292613e+00 4.136285046925919492e-04
3.159672479529970435e+00 4.706518513890995108e-04
3.159909994374648257e+00 4.502571984485374650e-04
3.160147509219326079e+00 3.583786832995541080e-04
3.160385024064003900e+00 2.177818957502747972e-04
3.160622538908681722e+00 1.033885692952268929e-04
3.160860053753359544e+00 1.962278512597523752e-04
3.161097568598037366e+00 3.298486694234642968e-04
3.161335083442715188e+00 4.161616080666734720e-04
3.161572598287393010e+00 4.350247094735874647e-04
3.161810113132070832e+00 3.840720249358054329e-04
3.162047627976748654e+00 2.759505602693909524e-04
3.162285142821426032e+00 1.456135637376193331e-04
3.162522657666103854e+00 1.273378002119961302e-04
3.162760172510781675e+00 2.473408029344500753e-04
3.162997687355459497e+00 3.520948234782980907e-04
3.163235202200137319e+00 4.029733205112778294e-04
3.163472717044815141e+00 3.895093447718856426e-04
3.163710231889492963e+00 3.160905802210077866e-04
3.163947746734170785e+00 2.027376547829550500e-04
3.164185261578848607e+00 1.119312734441694303e-04
3.164422776423526429e+00 1.744838345591467681e-04
3.164660291268204251e+00 2.837579672644151437e-04
3.164897806112882073e+00 3.582224695087223194e-04
3.165135320957559895e+00 3.772684971906205362e-04
3.165372835802237717e+00 3.377857858967594595e-04
3.165610350646915538e+00 2.505173452240364918e-04
3.165847865491592916e+00 1.468659248353740385e-04
3.166085380336270738e+00 1.261599135886004781e-04
3.166322895180948560e+00 2.174302113411225371e-04
3.166560410025626382e+00 3.053429799732275711e-04
3.166797924870304204e+00 3.505649493325971658e-04
3.167035439714982026e+00 3.422485509634112539e-04
3.167272954559659848e+00 2.836249726693323460e-04
3.167510469404337670e+00 1.925822391127899593e-04
3.167747984249015492e+00 1.211091278364911982e-04
3.167985499093693313e+00 1.618306718295769834e-04
3.168223013938371135e+00 2.495396909489350137e-04
3.168460528783048957e+00 3.131862797169507394e-04
3.168698043627726779e+00 3.316574965681827448e-04
3.168935558472404601e+00 3.012381487084066505e-04
3.169173073317082423e+00 2.312410521563117442e-04
3.169410588161759801e+00 1.497618607599413151e-04
3.169648103006437623e+00 1.299160184852554483e-04
3.169885617851115445e+00 1.971733826273064437e-04
3.170123132695793267e+00 2.695205007343629174e-04
3.170360647540471088e+00 3.089473736220406494e-04
3.170598162385148910e+00 3.042711078220897451e-04
3.170835677229826732e+00 2.578676077445930435e-04
3.171073192074504554e+00 1.858509377993784273e-04
3.171310706919182376e+00 1.309618208378330565e-04
3.171548221763860198e+00 1.566357606274655200e-04
3.171785736608538020e+00 2.247282946015889942e-04
3.172023251453215842e+00 2.777394986216258593e-04
3.172260766297893664e+00 2.947056346863457751e-04
3.172498281142571486e+00 2.715037334841913859e-04
3.172735795987249308e+00 2.163545235974970204e-04
3.172973310831927130e+00 1.540506047166675864e-04
3.173210825676604507e+00 1.373643596659348740e-04
3.173448340521282329e+00 1.850546816224850788e-04
3.173685855365960151e+00 2.423618031786437031e-04
3.173923370210637973e+00 2.753751732091862096e-04
3.174160885055315795e+00 2.729626288787862518e-04
3.174398399899993617e+00 2.369383932262564480e-04
3.174635914744671439e+00 1.817984182392052281e-04
3.174873429589349261e+00 1.416866286144352431e-04
3.175110944434027083e+00 1.576596610255203616e-04
3.175348459278704905e+00 2.079166007420166446e-04
3.175585974123382726e+00 2.498896700269996412e-04
3.175823488968060548e+00 2.642081034521775854e-04
3.176061003812738370e+00 2.467281976596377756e-04
3.176298518657416192e+00 2.048390742428771269e-04
3.176536033502094014e+00 1.597685553059986590e-04
3.176773548346771392e+00 1.477959449158965219e-04
3.177011063191449214e+00 1.801162623868439363e-04
3.177248578036127036e+00 2.225928348207391208e-04
3.177486092880804858e+00 2.481440596139982552e-04
3.177723607725482680e+00 2.466180066443947674e-04
3.177961122570160502e+00 2.196623450847196414e-04
3.178198637414838323e+00 1.801068203825526893e-04
3.178436152259516145e+00 1.536264084560154527e-04
3.178673667104193967e+00 1.640006663498694089e-04
3.178911181948871789e+00 1.983571279418480594e-04
3.179148696793549611e+00 2.285015292979568769e-04
3.179386211638227433e+00 2.387378734085972515e-04
3.179623726482905255e+00 2.256848440400907520e-04
3.179861241327583077e+00 1.961397012701671398e-04
3.180098756172260899e+00 1.671598774875821924e-04
3.180336271016938277e+00 1.609904228513920732e-04
3.180573785861616098e+00 1.817442836194537825e-04
3.180811300706293920e+00 2.096133293603238859e-04
3.181048815550971742e+00 2.262402908648397030e-04
3.181286330395649564e+00 2.240848329697979458e-04
3.181523845240327386e+00 2.053059403204319253e-04
3.181761360085005208e+00 1.807660930722832621e-04
3.181998874929683030e+00 1.672888868663144921e-04
3.182236389774360852e+00 1.751511388955195880e-04
3.182473904619038674e+00 1.957341144584805420e-04
3.182711419463716496e+00 2.130617502144212239e-04
3.182948934308394318e+00 2.173818029846676342e-04
3.183186449153072139e+00 2.075376073622606525e-04
3.183423963997749961e+00 1.900391785346903964e-04
3.183661478842427783e+00 1.766776570369610821e-04
3.183898993687105161e+00 1.771679899080339004e-04
3.184136508531782983e+00 1.896258804649636205e-04
3.184374023376460805e+00 2.033193767182706014e-04
3.184611538221138627e+00 2.091692375119808564e-04
3.184849053065816449e+00 2.045655610454783359e-04
3.185086567910494271e+00 1.934492602138531748e-04
3.185324082755172093e+00 1.840509942244266382e-04
3.185561597599849915e+00 1.834078090993047948e-04
3.185799112444527736e+00 1.910845099594528688e-04
3.186036627289205558e+00 2.000639786741436233e-04
3.186274142133883380e+00 2.035657930509818790e-04
3.186511656978561202e+00 1.996060135513107485e-04
3.186749171823239024e+00 1.917103572945339039e-04
3.186986686667916846e+00 1.866295350088025375e-04
3.187224201512594668e+00 1.890483078911639361e-04
3.187461716357272046e+00 1.970029691108837408e-04
3.187699231201949868e+00 2.038405401287322405e-04
3.187936746046627690e+00 2.040158500818369447e-04
3.188174260891305511e+00 1.968900165990140948e-04
3.188411775735983333e+00 1.875031647767151101e-04
3.188649290580661155e+00 1.839454893609789867e-04
3.188886805425338977e+00 1.905785489255574106e-04
3.189124320270016799e+00 2.030671768307813806e-04
3.189361835114694621e+00 2.123698957803684599e-04
3.189599349959372443e+00 2.117335925632642991e-04
3.189836864804050265e+00 2.004785857340237029e-04
3.190074379648728087e+00 1.852012508734422638e-04
3.190311894493405909e+00 1.778194200262601780e-04
3.190549409338083731e+00 1.863726752461219267e-04
3.190786924182761553e+00 2.054196033728683036e-04
3.191024439027438930e+00 2.217470487938407429e-04
3.191261953872116752e+00 2.250615707748969158e-04
3.191499468716794574e+00 2.124290685871457372e-04
3.191736983561472396e+00 1.898217202064504509e-04
3.191974498406150218e+00 1.725121950361690093e-04
3.192212013250828040e+00 1.769666796694955972e-04
3.192449528095505862e+00 2.014733410011296233e-04
3.192687042940183684e+00 2.279399331988479771e-04
3.192924557784861506e+00 2.403813680428326075e-04
3.193162072629539328e+00 2.317069487702598464e-04
3.193399587474217149e+00 2.047630392533448553e-04
3.193637102318894971e+00 1.742852131868354157e-04
3.193874617163572793e+00 1.656589630475058424e-04
3.194112132008250615e+00 1.902910168254356689e-04
3.194349646852928437e+00 2.276620527911689276e-04
3.194587161697605815e+00 2.535405560851991167e-04
3.194824676542283637e+00 2.549029725045451485e-04
3.195062191386961459e+00 2.298837664338238039e-04
3.195299706231639281e+00 1.889051811699857329e-04
3.195537221076317103e+00 1.593296618199483642e-04
3.195774735920994924e+00 1.731916319894619052e-04
3.196012250765672746e+00 2.187359784550780401e-04
3.196249765610350568e+00 2.607637536196843542e-04
3.196487280455028390e+00 2.777435310065793652e-04
3.196724795299706212e+00 2.619675507651586261e-04
3.196962310144384034e+00 2.180262990310061092e-04
3.197199824989061856e+00 1.673413092903252262e-04
3.197437339833739678e+00 1.552710205300614405e-04
3.197674854678417500e+00 2.004211924378824670e-04
3.197912369523095322e+00 2.590041088818150383e-04
3.198149884367772700e+00 2.961020963678352258e-04
3.198387399212450521e+00 2.965763236901394718e-04
3.198624914057128343e+00 2.587694947562148946e-04
3.198862428901806165e+00 1.957197818645780869e-04
3.199099943746483987e+00 1.477490296451706747e-04
3.199337458591161809e+00 1.743240642946894793e-04
3.199574973435839631e+00 2.460785263509499650e-04
3.199812488280517453e+00 3.063661429104480973e-04
3.200050003125195275e+00 3.293267583680793372e-04
3.200287517969873097e+00 3.063959955305224354e-04
3.200525032814550919e+00 2.429166361191084276e-04
3.200762547659228741e+00 1.652283970627514502e-04
3.201000062503906562e+00 1.472628542945133049e-04
3.201237577348584384e+00 2.209195655711364498e-04
3.201475092193262206e+00 3.054956012554630351e-04
3.201712607037939584e+00 3.563103904151569451e-04
3.201950121882617406e+00 3.563092090995782757e-04
3.202187636727295228e+00 3.035534378710587193e-04
3.202425151571973050e+00 2.126647808876026770e-04
3.202662666416650872e+00 1.374320912761705358e-04
3.202900181261328694e+00 1.845472872446176521e-04
3.203137696106006516e+00 2.910145994067596625e-04
3.203375210950684338e+00 3.741297922056776399e-04
3.203612725795362159e+00 4.046266542967807620e-04
3.203850240640039981e+00 3.726615281586092838e-04
3.204087755484717803e+00 2.840041586468311594e-04
3.204325270329395625e+00 1.688626020355378336e-04
3.204562785174073447e+00 1.441468994964016778e-04
3.204800300018751269e+00 2.610964895460203073e-04
3.205037814863429091e+00 3.798497489742687556e-04
3.205275329708106469e+00 4.482342830328530595e-04
3.205512844552784291e+00 4.467885433538634136e-04
3.205750359397462113e+00 3.729473166201363512e-04
3.205987874242139934e+00 2.430216844800480564e-04
3.206225389086817756e+00 1.272815153338987127e-04
3.206462903931495578e+00 2.151382236844487838e-04
3.206700418776173400e+00 3.709736963996538997e-04
3.206937933620851222e+00 4.848758156638255531e-04
3.207175448465529044e+00 5.241349245975226697e-04
3.207412963310206866e+00 4.767474365811761260e-04
3.207650478154884688e+00 3.492458048737950350e-04
3.207887992999562510e+00 1.769458325498981838e-04
3.208125507844240332e+00 1.570196451934617490e-04
3.208363022688918154e+00 3.455393806222507446e-04
3.208600537533595976e+00 5.135557873924367998e-04
3.208838052378273353e+00 6.051302582178129646e-04
3.209075567222951175e+00 5.965145128059113700e-04
3.209313082067628997e+00 4.842315839964669139e-04
3.209550596912306819e+00 2.883088842625667388e-04
3.209788111756984641e+00 1.153994582426919719e-04
3.210025626601662463e+00 3.026329296535383399e-04
3.210263141446340285e+00 5.357759887555600111e-04
3.210500656291018107e+00 6.943296200238819943e-04
3.210738171135695929e+00 7.389071930879804106e-04
3.210975685980373751e+00 6.535091153102530253e-04
3.211213200825051572e+00 4.473066832304608306e-04
3.211450715669729394e+00 1.698496098142802827e-04
3.211688230514407216e+00 2.444586836926500436e-04
3.211925745359085038e+00 5.593624491692259990e-04
3.212163260203762860e+00 8.057319502983824799e-04
3.212400775048440238e+00 9.215273119959463324e-04
3.212638289893118060e+00 8.734971550831433645e-04
3.212875804737795882e+00 6.581723358097990757e-04
3.213113319582473704e+00 3.088296596014929391e-04
3.213350834427151526e+00 1.842787692426019490e-04
3.213588349271829347e+00 6.124202358262828940e-04
3.213825864116507169e+00 9.804940923663230806e-04
3.214063378961184991e+00 1.192316997950137363e-03
3.214300893805862813e+00 1.192154715687729089e-03
3.214538408650540635e+00 9.659366332180183059e-04
3.214775923495218457e+00 5.529453766476174993e-04
3.215013438339896279e+00 1.024941029638403600e-04
3.215250953184574101e+00 4.406891009878764493e-04
3.215488468029251923e+00 6.593063276880580231e-04
3.215725982873929745e+00 4.339247476670764453e-04
3.215963497718607123e+00 4.522407655782656249e-04
3.216201012563284944e+00 2.159465995998874257e-03
3.216438527407962766e+00 4.813377274390157924e-03
3.216676042252640588e+00 8.446055728057108580e-03
3.216913557097318410e+00 1.299398506011827104e-02
3.217151071941996232e+00 1.829180065728117088e-02
3.217388586786674054e+00 2.407905269035120338e-02
3.217626101631351876e+00 3.001862559520894480e-02
3.217863616476029698e+00 3.572516470731875587e-02
3.218101131320707520e+00 4.080057604728649923e-02
3.218338646165385342e+00 4.487267623820911933e-02
3.218576161010063164e+00 4.763255756464734175e-02
3.218813675854740985e+00 4.886628120023078781e-02
3.219051190699418807e+00 4.847712347353637374e-02
3.219288705544096629e+00 4.649570210649625612e-02
3.219526220388774007e+00 4.307676062148856067e-02
3.219763735233451829e+00 3.848300038776461540e-02
3.220001250078129651e+00 3.305790979096395049e-02
3.220238764922807473e+00 2.719084461495776747e-02
3.220476279767485295e+00 2.127849410191538435e-02
3.220713794612163117e+00 1.568721298190705812e-02
3.220951309456840939e+00 1.072047422464671856e-02
3.221188824301518761e+00 6.594942798464833653e-03
3.221426339146196582e+00 3.427513201674186986e-03
3.221663853990874404e+00 1.234448042159272353e-03
3.221901368835552226e+00 8.413453223718145616e-05
3.222138883680230048e+00 6.087164772457574844e-04
3.222376398524907870e+00 5.945814080713883714e-04
3.222613913369585692e+00 2.404564687337659430e-04
3.222851428214263514e+00 2.904566098816163721e-04
3.223088943058940892e+00 7.659246541927960386e-04
3.223326457903618714e+00 1.099326912702026449e-03
3.223563972748296536e+00 1.219291446516352056e-03
3.223801487592974357e+00 1.113516055845428050e-03
3.224039002437652179e+00 8.172369219729203656e-04
3.224276517282330001e+00 4.008484527192663531e-04
3.224514032127007823e+00 1.016888571894864444e-04
3.224751546971685645e+00 4.840919821751232658e-04
3.224989061816363467e+00 7.787842220372697853e-04
3.225226576661041289e+00 9.165166674624305185e-04
3.225464091505719111e+00 8.837150095391127502e-04
3.225701606350396933e+00 6.985172454542899843e-04
3.225939121195074755e+00 4.055384373692881312e-04
3.226176636039752577e+00 9.375123835397986807e-05
3.226414150884430398e+00 2.957025840375624077e-04
3.226651665729107776e+00 5.561087645460749233e-04
3.226889180573785598e+00 7.091953398188175373e-04
3.227126695418463420e+00 7.321433754631377806e-04
3.227364210263141242e+00 6.283129497881780219e-04
3.227601725107819064e+00 4.237257918072453262e-04
3.227839239952496886e+00 1.676225490722484449e-04
3.228076754797174708e+00 1.536923486134840055e-04
3.228314269641852530e+00 3.837393210307133177e-04
3.228551784486530352e+00 5.481279635029624514e-04
3.228789299331208174e+00 6.129314918746709209e-04
3.229026814175885995e+00 5.709432665584509561e-04
3.229264329020563817e+00 4.348260319476973906e-04
3.229501843865241639e+00 2.356510710712192197e-04
3.229739358709919461e+00 7.797124819070662318e-05
3.229976873554597283e+00 2.467723084326814420e-04
3.230214388399274661e+00 4.146333484471168896e-04
3.230451903243952483e+00 5.092248956973215038e-04
3.230689418088630305e+00 5.148676837270370257e-04
3.230926932933308127e+00 4.340795850647336689e-04
3.231164447777985949e+00 2.856627271120847382e-04
3.231401962622663770e+00 1.114485852865146147e-04
3.231639477467341592e+00 1.400247990661045031e-04
3.231876992312019414e+00 3.003380293680297467e-04
3.232114507156697236e+00 4.143135736114535042e-04
3.232352022001375058e+00 4.564291199301418844e-04
3.232589536846052880e+00 4.211248368446837069e-04
3.232827051690730702e+00 3.177485449090208130e-04
3.233064566535408524e+00 1.708572663237251251e-04
3.233302081380086346e+00 7.653032671072531462e-05
3.233539596224764168e+00 2.022351373254880757e-04
3.233777111069441546e+00 3.258867791964831099e-04
3.234014625914119367e+00 3.950574727534871640e-04
3.234252140758797189e+00 3.970660238708064913e-04
3.234489655603475011e+00 3.335660261058230537e-04
3.234727170448152833e+00 2.192931458454311529e-04
3.234964685292830655e+00 9.131360784400131315e-05
3.235202200137508477e+00 1.218676592910379592e-04
3.235439714982186299e+00 2.437960981157190354e-04
3.235677229826864121e+00 3.315390471476070515e-04
3.235914744671541943e+00 3.635755050783133079e-04
3.236152259516219765e+00 3.350241792695185104e-04
3.236389774360897587e+00 2.531402540397131536e-04
3.236627289205575408e+00 1.384594065173307131e-04
3.236864804050253230e+00 7.250917304813195578e-05
3.237102318894931052e+00 1.693933444041708953e-04
3.237339833739608430e+00 2.673370506354678564e-04
3.237577348584286252e+00 3.225810576914135567e-04
3.237814863428964074e+00 3.240808353069594256e-04
3.238052378273641896e+00 2.728332242731104943e-04
3.238289893118319718e+00 1.809313382350188838e-04
3.238527407962997540e+00 8.112679250308020486e-05
3.238764922807675362e+00 1.065496707300208669e-04
3.239002437652353183e+00 2.043688325120030663e-04
3.239239952497031005e+00 2.761449501914614059e-04
3.239477467341708827e+00 3.027217484887079072e-04
3.239714982186386649e+00 2.795666431065214051e-04
3.239952497031064471e+00 2.124977580538483938e-04
3.240190011875742293e+00 1.191681492318668353e-04
3.240427526720420115e+00 6.792156651776119877e-05
3.240665041565097937e+00 1.451976896999876182e-04
3.240902556409775315e+00 2.264303558267016119e-04
3.241140071254453137e+00 2.729655374588211138e-04
3.241377586099130959e+00 2.747889466152018457e-04
3.241615100943808780e+00 2.324026655674353277e-04
3.241852615788486602e+00 1.560183805794752247e-04
3.242090130633164424e+00 7.450418586126343579e-05
3.242327645477842246e+00 9.434756534590161344e-05
3.242565160322520068e+00 1.757652506771411628e-04
3.242802675167197890e+00 2.368714049496943174e-04
3.243040190011875712e+00 2.600930926540156768e-04
3.243277704856553534e+00 2.411049472184148567e-04
3.243515219701231356e+00 1.846775308935833611e-04
3.243752734545909178e+00 1.062376284439381710e-04
3.243990249390587000e+00 6.354642351565465243e-05
3.244227764235264821e+00 1.269658285797835220e-04
3.244465279079942199e+00 1.965631728852579709e-04
3.244702793924620021e+00 2.371830227933539512e-04
3.244940308769297843e+00 2.395234205102469071e-04
3.245177823613975665e+00 2.037076102468889029e-04
3.245415338458653487e+00 1.385301849294058986e-04
3.245652853303331309e+00 6.950914639429119502e-05
3.245890368148009131e+00 8.463793515233639607e-05
3.246127882992686953e+00 1.543206663238485545e-04
3.246365397837364775e+00 2.078614464068745675e-04
3.246602912682042597e+00 2.288396021141129587e-04
3.246840427526720418e+00 2.130674624282016046e-04
3.247077942371398240e+00 1.645206812988068436e-04
3.247315457216076062e+00 9.684595583436438808e-05
3.247552972060753884e+00 5.957957449220765078e-05
3.247790486905431706e+00 1.129106737508153534e-04
3.248028001750109084e+00 1.740427082079576220e-04
3.248265516594786906e+00 2.104244297440039627e-04
3.248503031439464728e+00 2.132800502891397053e-04
3.248740546284142550e+00 1.824379570747493426e-04
3.248978061128820372e+00 1.255878428934298601e-04
3.249215575973498193e+00 6.543502130901946269e-05
3.249453090818176015e+00 7.682528940453303657e-05
3.249690605662853837e+00 1.378368171436778226e-04
3.249928120507531659e+00 1.858056678083677281e-04
3.250165635352209481e+00 2.051977663479235766e-04
3.250403150196887303e+00 1.919251543689608273e-04
3.250640665041565125e+00 1.493437900899832077e-04
3.250878179886242947e+00 8.965377682072673963e-05
3.251115694730920769e+00 5.603940279088542658e-05
3.251353209575598591e+00 1.018696365496921715e-04
3.251590724420275968e+00 1.566694491195202879e-04
3.251828239264953790e+00 1.899109572394818563e-04
3.252065754109631612e+00 1.932251166540743337e-04
3.252303268954309434e+00 1.662075552116588505e-04
3.252540783798987256e+00 1.156679000625440972e-04
3.252778298643665078e+00 6.198355446585208982e-05
3.253015813488342900e+00 7.046039722436335995e-05
3.253253328333020722e+00 1.249368225620729506e-04
3.253490843177698544e+00 1.687060269532435317e-04
3.253728358022376366e+00 1.869395606067016384e-04
3.253965872867054188e+00 1.756258093245247423e-04
3.254203387711732010e+00 1.376285905594713788e-04
3.254440902556409831e+00 8.396332253715450508e-05
3.254678417401087653e+00 5.289866169410279074e-05
3.254915932245765475e+00 9.307393264543362816e-05
3.255153447090442853e+00 1.430619143775669266e-04
3.255390961935120675e+00 1.739334849427776964e-04
3.255628476779798497e+00 1.776427379414357048e-04
3.255865991624476319e+00 1.535989984996717140e-04
3.256103506469154141e+00 1.079015944856468492e-04
3.256341021313831963e+00 5.901513137150448491e-05
3.256578536158509785e+00 6.522155890407294303e-05
3.256816051003187606e+00 1.147229934391370690e-04
3.257053565847865428e+00 1.552915710541140988e-04
3.257291080692543250e+00 1.726688354638112048e-04
3.257528595537221072e+00 1.629026863671284228e-04
3.257766110381898894e+00 1.284608393723052767e-04
3.258003625226576716e+00 7.938515892663164733e-05
3.258241140071254538e+00 5.012450765281744388e-05
3.258478654915932360e+00 8.600282908480308397e-05
3.258716169760609738e+00 1.323141522746205056e-04
3.258953684605287560e+00 1.613886731714917963e-04
3.259191199449965382e+00 1.654396446333862754e-04
3.259428714294643203e+00 1.437247583676628518e-04
3.259666229139321025e+00 1.017654131500280091e-04
3.259903743983998847e+00 5.646048675048186485e-05
3.260141258828676669e+00 6.088035831888050060e-05
3.260378773673354491e+00 1.065895401462190313e-04
3.260616288518032313e+00 1.447197986197486415e-04
3.260853803362710135e+00 1.614716216911937503e-04
3.261091318207387957e+00 1.529378742240852026e-04
3.261328833052065779e+00 1.212640456802258472e-04
3.261566347896743601e+00 7.569121726536650935e-05
3.261803862741421423e+00 4.768937963345962086e-05
3.262041377586099244e+00 8.029485766866674651e-05
3.262278892430776622e+00 1.238108631705241202e-04
3.262516407275454444e+00 1.515368579371407847e-04
3.262753922120132266e+00 1.558917617352369145e-04
3.262991436964810088e+00 1.360069421024663638e-04
3.263228951809487910e+00 9.693131949371309932e-05
3.263466466654165732e+00 5.428532044257240578e-05
3.263703981498843554e+00 5.727340822140876924e-05
3.263941496343521376e+00 1.001154249697681426e-04
3.264179011188199198e+00 1.364136179906420279e-04
3.264416526032877020e+00 1.527292061073764128e-04
3.264654040877554841e+00 1.451853156897126387e-04
3.264891555722232663e+00 1.156626535644740160e-04
3.265129070566910485e+00 7.274425279733436934e-05
3.265366585411588307e+00 4.557271747774864381e-05
3.265604100256266129e+00 7.569298962306340753e-05
3.265841615100943507e+00 1.171219438366797298e-04
3.266079129945621329e+00 1.438674348410284973e-04
3.266316644790299151e+00 1.485055377623985240e-04
3.266554159634976973e+00 1.300588055647974384e-04
3.266791674479654795e+00 9.318884307576314884e-05
3.267029189324332616e+00 5.247460151544734133e-05
3.267266704169010438e+00 5.428186122612641549e-05
3.267504219013688260e+00 9.500032219008585461e-05
3.267741733858366082e+00 1.299672893050347194e-04
3.267979248703043904e+00 1.460121387121840161e-04
3.268216763547721726e+00 1.392718948515504459e-04
3.268454278392399548e+00 1.114071645385890109e-04
3.268691793237077370e+00 7.046161008575917595e-05
3.268929308081755192e+00 4.376001264202178929e-05
3.269166822926433014e+00 7.200987414369496400e-05
3.269404337771110391e+00 1.119394081184997021e-04
3.269641852615788213e+00 1.380200054517040397e-04
3.269879367460466035e+00 1.429378357848317684e-04
3.270116882305143857e+00 1.256173619621398809e-04
3.270354397149821679e+00 9.040216129826960116e-05
3.270591911994499501e+00 5.102505330573786895e-05
3.270829426839177323e+00 5.181700691696273223e-05
3.271066941683855145e+00 9.102480444495594878e-05
3.271304456528532967e+00 1.250896159042466519e-04
3.271541971373210789e+00 1.410171699614319271e-04
3.271779486217888611e+00 1.349393620599465210e-04
3.272017001062566433e+00 1.083310515622348997e-04
3.272254515907244254e+00 6.879559710284594855e-05
3.272492030751922076e+00 4.224134176553679412e-05
3.272729545596599898e+00 6.910517929919769145e-05
3.272967060441277276e+00 1.080381232704824020e-04
3.273204575285955098e+00 1.337361814177741358e-04
3.273442090130632920e+00 1.389475926757460691e-04
3.273679604975310742e+00 1.225033236319626620e-04
3.273917119819988564e+00 8.848538334219033827e-05
3.274154634664666386e+00 4.994141004923096771e-05
3.274392149509344208e+00 4.981019711809863733e-05
3.274629664354022029e+00 8.802475967861684333e-05
3.274867179198699851e+00 1.215683361655442934e-04
3.275104694043377673e+00 1.375282645983282352e-04
3.275342208888055495e+00 1.320088933649671270e-04
3.275579723732733317e+00 1.063249988203084654e-04
3.275817238577411139e+00 6.772246201816772870e-05
3.276054753422088961e+00 4.101011136099980326e-05
3.276292268266766783e+00 6.687047676446485035e-05
3.276529783111444161e+00 1.052505910656594804e-04
3.276767297956121983e+00 1.308291359616637521e-04
3.277004812800799805e+00 1.363656596494077693e-04
3.277242327645477626e+00 1.205964990926582830e-04
3.277479842490155448e+00 8.738787885816966575e-05
3.277717357334833270e+00 4.923462440282175468e-05
3.277954872179511092e+00 4.820581885491769344e-05
3.278192387024188914e+00 8.587454406399280338e-05
3.278429901868866736e+00 1.192471804135214486e-04
3.278667416713544558e+00 1.353918171876522959e-04
3.278904931558222380e+00 1.303588680398594076e-04
3.279142446402900202e+00 1.053211169112272712e-04
3.279379961247578024e+00 6.723613452586853115e-05
3.279617476092255846e+00 4.006228301832192348e-05
3.279854990936933667e+00 6.521901387666019707e-05
3.280092505781611045e+00 1.034504004252526419e-04
3.280330020626288867e+00 1.291639367416250335e-04
3.280567535470966689e+00 1.350755826111030961e-04
3.280805050315644511e+00 1.198204000384166734e-04
3.281042565160322333e+00 8.708548249748021292e-05
3.281280080005000155e+00 4.892124215142332444e-05
3.281517594849677977e+00 4.695646673496517280e-05
3.281755109694355799e+00 8.447573363328001416e-05
3.281992624539033621e+00 1.180108527335921699e-04
3.282230139383711442e+00 1.345006624144257372e-04
3.282467654228389264e+00 1.299107703447255715e-04
3.282705169073067086e+00 1.052832288990198436e-04
3.282942683917744908e+00 6.734481091601028256e-05
3.283180198762422730e+00 3.939620791505787846e-05
3.283417713607100552e+00 6.407877578789719847e-05
3.283655228451777930e+00 1.025412745220151254e-04
3.283892743296455752e+00 1.286447460954702330e-04
3.284130258141133574e+00 1.350013068429760398e-04
3.284367772985811396e+00 1.201326457457120778e-04
3.284605287830489218e+00 8.757536527732381079e-05
3.284842802675167039e+00 4.902360771132624988e-05
3.285080317519844861e+00 4.601976035105800916e-05
3.285317832364522683e+00 8.374960836349850789e-05
3.285555347209200505e+00 1.177752021493805171e-04
3.285792862053878327e+00 1.347838110863712165e-04
3.286030376898556149e+00 1.306203669693955377e-04
3.286267891743233971e+00 1.062010901745360733e-04
3.286505406587911793e+00 6.806940123713295723e-05
3.286742921432589615e+00 3.901315706574289943e-05
3.286980436277267437e+00 6.338782856948705030e-05
3.287217951121944814e+00 1.024498787434565214e-04
3.287455465966622636e+00 1.292066140518767926e-04
3.287692980811300458e+00 1.360995122298440027e-04
3.287930495655978280e+00 1.215192530181581962e-04
3.288168010500656102e+00 8.887338223521537703e-05
3.288405525345333924e+00 4.957076634825935483e-05
3.288643040190011746e+00 4.535642772033410340e-05
3.288880555034689568e+00 8.363220341440244336e-05
3.289118069879367390e+00 1.184809497073755304e-04
3.289355584724045212e+00 1.362001236507385778e-04
3.289593099568723034e+00 1.324725349010609054e-04
3.289830614413400856e+00 1.080873595038613967e-04
3.290068129258078677e+00 6.944334159620143144e-05
3.290305644102756499e+00 3.891861418418157692e-05
3.290543158947434321e+00 6.309126236053197738e-05
3.290780673792111699e+00 1.031212539703631496e-04
3.291018188636789521e+00 1.308105094493771639e-04
3.291255703481467343e+00 1.383552508441972739e-04
3.291493218326145165e+00 1.239917380471512796e-04
3.291730733170822987e+00 9.101326527732299398e-05
3.291968248015500809e+00 5.060002264998714102e-05
3.292205762860178631e+00 4.492937806829827601e-05
3.292443277704856452e+00 8.407116269243118428e-05
3.292680792549534274e+00 1.200899712045190099e-04
3.292918307394212096e+00 1.387348692666708820e-04
3.293155822238889918e+00 1.354788189459141408e-04
3.293393337083567740e+00 1.109766856381677852e-04
3.293630851928245562e+00 7.151354358625759472e-05
3.293868366772923384e+00 3.912438012020851669e-05
3.294105881617601206e+00 6.313924153162611339e-05
3.294343396462278584e+00 1.045161516189259377e-04
3.294580911306956406e+00 1.334407795188524584e-04
3.294818426151634227e+00 1.417801315852124946e-04
3.295055940996312049e+00 1.275864552639117554e-04
3.295293455840989871e+00 9.404736168581410028e-05
3.295530970685667693e+00 5.215916503243738205e-05
3.295768485530345515e+00 4.470355753063208303e-05
3.296006000375023337e+00 8.502387573222096773e-05
3.296243515219701159e+00 1.225835256733359983e-04
3.296481030064378981e+00 1.423985749608293414e-04
3.296718544909056803e+00 1.396772360434972188e-04
3.296956059753734625e+00 1.149266156979360525e-04
3.297193574598412447e+00 7.434242153181180336e-05
3.297431089443090269e+00 3.965152501946222840e-05
3.297668604287768090e+00 6.348579131753135068e-05
3.297906119132445468e+00 1.066098139202235862e-04
3.298143633977123290e+00 1.371045826402326714e-04
3.298381148821801112e+00 1.464126721600290861e-04
3.298618663666478934e+00 1.323659281010927072e-04
3.298856178511156756e+00 9.804884167826565184e-05
3.299093693355834578e+00 5.430940842241367130e-05
3.299331208200512400e+00 4.464645424288186720e-05
3.299568723045190222e+00 8.645654708828390961e-05
3.299806237889868044e+00 1.259620886120531313e-04
3.300043752734545865e+00 1.472278858384764026e-04
3.300281267579223687e+00 1.451341532326164520e-04
3.300518782423901509e+00 1.200202799730838937e-04
3.300756297268579331e+00 7.801107114800486875e-05
3.300993812113257153e+00 4.053421891839520017e-05
3.301231326957934975e+00 6.408804266359609920e-05
3.301468841802612353e+00 1.093919397064545740e-04
3.301706356647290175e+00 1.418331044223432856e-04
3.301943871491967997e+00 1.523207261438538733e-04
3.302181386336645819e+00 1.384221872596572947e-04
3.302418901181323641e+00 1.031154847903688234e-04
3.302656416026001462e+00 5.712917256471485190e-05
3.302893930870679284e+00 4.472921840176166008e-05
3.303131445715357106e+00 8.834398190258889081e-05
3.303368960560034928e+00 1.302466672102494923e-04
3.303606475404712750e+00 1.532884232475564010e-04
3.303843990249390572e+00 1.519483337164750838e-04
3.304081505094068394e+00 1.263710316278288961e-04
3.304319019938746216e+00 8.262381210576456511e-05
3.304556534783424038e+00 4.182447974175674182e-05
3.304794049628101860e+00 6.490573884325925445e-05
3.305031564472779237e+00 1.128677491995060789e-04
3.305269079317457059e+00 1.476846095428898265e-04
3.305506594162134881e+00 1.596061654059581795e-04
3.305744109006812703e+00 1.458823902606253941e-04
3.305981623851490525e+00 1.093753546361578988e-04
3.306219138696168347e+00 6.071892203865622475e-05
3.306456653540846169e+00 4.492850392714576056e-05
3.306694168385523991e+00 9.066999493843199798e-05
3.306931683230201813e+00 1.354816900055503225e-04
3.307169198074879635e+00 1.606799008073641374e-04
3.307406712919557457e+00 1.602575344014557526e-04
3.307644227764235278e+00 1.341294772472864790e-04
3.307881742608913100e+00 8.831448926719333748e-05
3.308119257453590922e+00 4.359790040268635267e-05
3.308356772298268744e+00 6.590088122593649013e-05
3.308594287142946122e+00 1.170602404528485983e-04
3.308831801987623944e+00 1.547496500140912231e-04
3.309069316832301766e+00 1.684123148896168767e-04
3.309306831676979588e+00 1.549173096757425899e-04
3.309544346521657410e+00 1.169949308304302297e-04
3.309781861366335232e+00 6.520746958096482529e-05
3.310019376211013054e+00 4.522933870565753903e-05
3.310256891055690875e+00 9.342847983109460366e-05
3.310494405900368697e+00 1.417398167439906827e-04
3.310731920745046519e+00 1.695440990293446085e-04
3.310969435589724341e+00 1.702484123679414839e-04
3.311206950434402163e+00 1.434936796027259996e-04
3.311444465279079985e+00 9.525519015580158181e-05
3.311681980123757807e+00 4.596047171419151872e-05
3.311919494968435629e+00 6.703746373217077533e-05
3.312157009813113007e+00 1.220139499171130532e-04
3.312394524657790829e+00 1.631591040149145888e-04
3.312632039502468650e+00 1.789350694538788668e-04
3.312869554347146472e+00 1.657537204172835103e-04
3.313107069191824294e+00 1.261906447014268567e-04
3.313344584036502116e+00 7.076041426422454783e-05
3.313582098881179938e+00 4.562961246932376518e-05
3.313819613725857760e+00 9.662533210160153987e-05
3.314057128570535582e+00 1.491293607840550443e-04
3.314294643415213404e+00 1.800767831850504650e-04
3.314532158259891226e+00 1.821710432776991746e-04
3.314769673104569048e+00 1.547238308526312450e-04
3.315007187949246870e+00 1.036684368353436793e-04
3.315244702793924692e+00 4.905675134814088217e-05
3.315482217638602513e+00 6.828131950884118386e-05
3.315719732483279891e+00 1.278008391355409633e-04
3.315957247327957713e+00 1.730962403635957509e-04
3.316194762172635535e+00 1.914392754579976740e-04
3.316432277017313357e+00 1.786923939126753625e-04
3.316669791861991179e+00 1.372453524364763836e-04
3.316907306706669001e+00 7.759179896558460611e-05
3.317144821551346823e+00 4.614717161469537914e-05
3.317382336396024645e+00 1.002816426466720542e-04
3.317619851240702467e+00 1.578055456525026036e-04
3.317857366085380288e+00 1.925454042858923279e-04
3.318094880930058110e+00 1.963602151914029155e-04
3.318332395774735932e+00 1.681635139045123785e-04
3.318569910619413754e+00 1.138445465791770769e-04
3.318807425464091576e+00 5.307993755647010675e-05
3.319044940308769398e+00 6.960019680306326424e-05
3.319282455153446776e+00 1.345294187237667453e-04
3.319519969998124598e+00 1.848148413091918777e-04
3.319757484842802420e+00 2.062830166499553979e-04
3.319994999687480242e+00 1.941345091559907470e-04
3.320232514532158064e+00 1.505322323004723844e-04
3.320470029376835885e+00 8.598071627425416951e-05
3.320707544221513707e+00 4.683104783642504673e-05
3.320945059066191529e+00 1.044389435712168932e-04
3.321182573910869351e+00 1.679876969202487270e-04
3.321420088755547173e+00 2.073156789379045301e-04
3.321657603600224995e+00 2.132670937279896467e-04
3.321895118444902817e+00 1.842710333781561263e-04
3.322132633289580639e+00 1.261669010320024659e-04
3.322370148134258461e+00 5.828503302597212954e-05
3.322607662978936283e+00 7.096432962039085776e-05
3.322845177823613660e+00 1.423590633452735221e-04
3.323082692668291482e+00 1.986668514254678745e-04
3.323320207512969304e+00 2.239542497226198656e-04
3.323557722357647126e+00 2.126211670563234960e-04
3.323795237202324948e+00 1.665502058592495242e-04
3.324032752047002770e+00 9.629564032113492654e-05
3.324270266891680592e+00 4.777896606648432561e-05
3.324507781736358414e+00 1.091679491703004289e-04
3.324745296581036236e+00 1.799860249196051241e-04
3.324982811425714058e+00 2.248923479150412600e-04
3.325220326270391880e+00 2.335073556255999713e-04
3.325457841115069701e+00 2.036666634831828346e-04
3.325695355959747523e+00 1.411496539773631756e-04
3.325932870804425345e+00 6.500739271796467068e-05
3.326170385649103167e+00 7.234804475574479761e-05
3.326407900493780545e+00 1.515230196384541447e-04
3.326645415338458367e+00 2.151456106931708384e-04
3.326882930183136189e+00 2.451274691218557683e-04
3.327120445027814011e+00 2.348940337562250061e-04
3.327357959872491833e+00 1.859778253838749473e-04
3.327595474717169655e+00 1.090310468934226236e-04
3.327832989561847477e+00 4.916364885626222096e-05
3.328070504406525298e+00 1.145835222262542216e-04
3.328308019251203120e+00 1.942445521924522102e-04
3.328545534095880942e+00 2.459834698402715803e-04
3.328783048940558764e+00 2.579364536769014984e-04
3.329020563785236586e+00 2.272059421245097174e-04
3.329258078629914408e+00 1.594955928537266179e-04
3.329495593474592230e+00 7.369071924999271556e-05
3.329733108319270052e+00 7.373350947037832681e-05
3.329970623163947430e+00 1.623666179797520848e-04
3.330208138008625252e+00 2.349556458705317965e-04
3.330445652853303073e+00 2.707541519837662332e-04
3.330683167697980895e+00 2.619913503039692556e-04
3.330920682542658717e+00 2.097577892376303866e-04
3.331158197387336539e+00 1.248640534953534946e-04
3.331395712232014361e+00 5.126966063309515100e-05
3.331633227076692183e+00 1.208712624035636015e-04
3.331870741921370005e+00 2.114124400055517300e-04
3.332108256766047827e+00 2.716054554900324230e-04
3.332345771610725649e+00 2.877714210393630761e-04
3.332583286455403471e+00 2.560972475859749401e-04
3.332820801300081293e+00 1.821877788997695207e-04
3.333058316144759115e+00 8.493127455145522346e-05
3.333295830989436936e+00 7.511894124221221768e-05
3.333533345834114314e+00 1.754133865115406238e-04
3.333770860678792136e+00 2.591298332517705662e-04
3.334008375523469958e+00 3.022127278311471303e-04
3.334245890368147780e+00 2.954056794754598872e-04
3.334483405212825602e+00 2.392342835855314209e-04
3.334720920057503424e+00 1.447446687341804531e-04
3.334958434902181246e+00 5.453898788957188228e-05
3.335195949746859068e+00 1.283369888866260134e-04
3.335433464591536890e+00 2.324678364902018485e-04
3.335670979436214711e+00 3.032620952609218698e-04
3.335908494280892533e+00 3.247962787707151422e-04
3.336146009125570355e+00 2.920980377532978508e-04
3.336383523970248177e+00 2.106400558007472178e-04
3.336621038814925999e+00 9.954931197109432163e-05
3.336858553659603821e+00 7.653640466831598734e-05
3.337096068504281199e+00 1.914853121983144015e-04
3.337333583348959021e+00 2.892356550630848216e-04
3.337571098193636843e+00 3.415689221772796273e-04
3.337808613038314665e+00 3.373548136006169411e-04
3.338046127882992486e+00 2.763856557403283334e-04
3.338283642727670308e+00 1.700444782494699744e-04
3.338521157572348130e+00 5.961596804142796699e-05
3.338758672417025952e+00 1.375042650082364010e-04
3.338996187261703774e+00 2.589447708337603129e-04
3.339233702106381596e+00 3.432657945491960640e-04
3.339471216951059418e+00 3.717260154875079350e-04
3.339708731795737240e+00 3.378581830452655936e-04
3.339946246640415062e+00 2.469548710716276642e-04
3.340183761485092884e+00 1.187056089743342667e-04
3.340421276329770706e+00 7.809137730902414776e-05
3.340658791174448083e+00 2.119354111512730308e-04
3.340896306019125905e+00 3.277599681099040412e-04
3.341133820863803727e+00 3.920535800485842599e-04
3.341371335708481549e+00 3.912724631896778195e-04
3.341608850553159371e+00 3.242384916568421052e-04
3.341846365397837193e+00 2.028108940859082738e-04
3.342083880242515015e+00 6.737219336094024701e-05
3.342321395087192837e+00 1.493207088659761854e-04
3.342558909931870659e+00 2.933771802498548573e-04
3.342796424776548481e+00 3.953514348761473030e-04
3.343033939621226303e+00 4.328916301465885277e-04
3.343271454465904124e+00 3.975556728563274696e-04
3.343508969310581946e+00 2.943870398759291227e-04
3.343746484155259768e+00 1.440913374145350327e-04
3.343983998999937590e+00 8.005660305059795025e-05
3.344221513844614968e+00 2.391329500979168720e-04
3.344459028689292790e+00 3.788801951837854798e-04
3.344696543533970612e+00 4.590018956282180792e-04
3.344934058378648434e+00 4.627566905916522628e-04
3.345171573223326256e+00 3.876490939875781925e-04
3.345409088068004078e+00 2.462192111473684108e-04
3.345646602912681900e+00 7.887765760524087478e-05
3.345884117757359721e+00 1.656347737752278718e-04
3.346121632602037543e+00 3.402427181467008381e-04
3.346359147446715365e+00 4.659453287421461338e-04
3.346596662291393187e+00 5.156293853452895105e-04
3.346834177136071009e+00 4.781577386162143566e-04
3.347071691980748831e+00 3.582258687457125679e-04
3.347309206825426653e+00 1.782267662286801928e-04
3.347546721670104475e+00 8.312455888858088105e-05
3.347784236514781853e+00 2.775779072537402762e-04
3.348021751359459675e+00 4.501571135562474875e-04
3.348259266204137496e+00 5.518659900739787639e-04
3.348496781048815318e+00 5.615570210045333624e-04
3.348734295893493140e+00 4.748852934009272289e-04
3.348971810738170962e+00 3.054025924867845429e-04
3.349209325582848784e+00 9.520705004606520427e-05
3.349446840427526606e+00 1.904291862559849894e-04
3.349684355272204428e+00 4.081939150974781536e-04
3.349921870116882250e+00 5.670660448202061079e-04
3.350159384961560072e+00 6.333772870231537972e-04
3.350396899806237894e+00 5.921438765856455949e-04
3.350634414650915716e+00 4.475759346041749452e-04
3.350871929495593537e+00 2.248457979923072629e-04
3.351109444340271359e+00 8.925242934032347132e-05
3.351346959184948737e+00 3.368034414084656539e-04
3.351584474029626559e+00 5.567187635490557880e-04
3.351821988874304381e+00 6.890360406440923340e-04
3.352059503718982203e+00 7.061829757146915196e-04
3.352297018563660025e+00 6.010982125879316303e-04
3.352534533408337847e+00 3.889575482356258385e-04
3.352772048253015669e+00 1.164928944190674509e-04
3.353009563097693491e+00 2.335246099144092969e-04
3.353247077942371313e+00 5.161365647525635548e-04
3.353484592787049134e+00 7.238992695030626234e-04
3.353722107631726956e+00 8.134731882408877167e-04
3.353959622476404778e+00 7.640208541963585233e-04
3.354197137321082600e+00 5.791074497340762978e-04
3.354434652165760422e+00 2.887388617341963420e-04
3.354672167010438244e+00 1.054968205089930729e-04
3.354909681855115622e+00 4.403517920476515994e-04
3.355147196699793444e+00 7.334088567164170555e-04
3.355384711544471266e+00 9.112322326315225448e-04
3.355622226389149088e+00 9.360447125814194604e-04
3.355859741233826909e+00 7.965478647737588838e-04
3.356097256078504731e+00 5.109309581044196294e-04
3.356334770923182553e+00 1.368355939217887030e-04
3.356572285767860375e+00 3.242663143400758619e-04
3.356809800612538197e+00 7.134236854014087276e-04
3.357047315457216019e+00 9.985240831711728396e-04
3.357284830301893841e+00 1.120146610472761350e-03
3.357522345146571663e+00 1.047653349867774678e-03
3.357759859991249485e+00 7.840220895190941732e-04
3.357997374835927307e+00 3.689920991541023620e-04
3.358234889680605129e+00 1.668173362354418723e-04
3.358472404525282506e+00 6.613681971295020268e-04
3.358709919369960328e+00 1.079054681891441613e-03
3.358947434214638150e+00 1.326729444313799527e-03
3.359184949059315972e+00 1.348009959762698625e-03
3.359422463903993794e+00 1.124590493184711784e-03
3.359659978748671616e+00 6.821744756196709445e-04
3.359897493593349438e+00 1.141530283084464645e-04
3.360135008438027260e+00 5.805618822672298143e-04
3.360372523282705082e+00 1.169261394606613876e-03
3.360610038127382904e+00 1.584383289712922678e-03
3.360847552972060726e+00 1.733382368683480989e-03
3.361085067816738547e+00 1.566958419930318406e-03
3.361322582661416369e+00 1.090857117625605418e-03
3.361560097506094191e+00 3.739364979578740510e-04
3.361797612350772013e+00 4.986971683740331262e-04
3.362035127195449391e+00 1.326780630273605068e-03
3.362272642040127213e+00 1.974996117439806274e-03
3.362510156884805035e+00 2.297971742889458498e-03
3.362747671729482857e+00 2.205489181892628277e-03
3.362985186574160679e+00 1.688155891747352604e-03
3.363222701418838501e+00 8.376375631955921761e-04
3.363460216263516322e+00 1.837371645428890045e-04
3.363697731108194144e+00 9.992972563595016715e-04
3.363935245952871966e+00 1.310975369502305737e-03
3.364172760797549788e+00 6.989021423814520580e-04
3.364410275642227610e+00 1.225993171799728181e-03
3.364647790486905432e+00 4.783484528056759950e-03
3.364885305331583254e+00 1.017590050971756144e-02
3.365122820176261076e+00 1.744447692815826595e-02
3.365360335020938898e+00 2.644324234629689269e-02
3.365597849865616276e+00 3.683219811255957626e-02
3.365835364710294098e+00 4.809272548523007423e-02
3.366072879554971919e+00 5.956474005661886728e-02
3.366310394399649741e+00 7.050236443933600994e-02
3.366547909244327563e+00 8.014242230906555575e-02
3.366785424089005385e+00 8.777824287152294347e-02
3.367022938933683207e+00 9.283036515985604309e-02
3.367260453778361029e+00 9.490588652194573149e-02
3.367497968623038851e+00 9.383940879480964781e-02
3.367735483467716673e+00 8.971065602299488351e-02
3.367972998312394495e+00 8.283660176783970430e-02
3.368210513157072317e+00 7.373899597979798048e-02
3.368448028001750139e+00 6.309112467048172412e-02
3.368685542846427960e+00 5.165008778115622728e-02
3.368923057691105782e+00 4.018252563890200441e-02
3.369160572535783160e+00 2.939235577448635200e-02
3.369398087380460982e+00 1.985863109442955951e-02
3.369635602225138804e+00 1.199017846162091401e-02
3.369873117069816626e+00 6.001469617869728199e-03
3.370110631914494448e+00 1.912095714737766525e-03
3.370348146759172270e+00 4.535743162688045936e-04
3.370585661603850092e+00 1.350817788657852165e-03
3.370823176448527914e+00 1.193651045975685715e-03
3.371060691293205736e+00 3.916957147590661254e-04
3.371298206137883557e+00 6.639721430115761922e-04
3.371535720982561379e+00 1.635568503868231214e-03
3.371773235827239201e+00 2.290460833882143263e-03
3.372010750671917023e+00 2.502605891059744413e-03
3.372248265516594845e+00 2.255033467232805001e-03
3.372485780361272667e+00 1.623386963491766938e-03
3.372723295205950045e+00 7.489936557911533585e-04
3.372960810050627867e+00 2.014040547884040635e-04
3.373198324895305689e+00 1.041648369922042053e-03
3.373435839739983511e+00 1.643412427060623971e-03
3.373673354584661332e+00 1.916124081412411053e-03
3.373910869429339154e+00 1.835058201486252033e-03
3.374148384274016976e+00 1.437956627891052953e-03
3.374385899118694798e+00 8.141827045054657840e-04
3.374623413963372620e+00 9.742999408082298005e-05
3.374860928808050442e+00 6.230848372619200454e-04
3.375098443652728264e+00 1.180064268575692701e-03
3.375335958497406086e+00 1.504858376073030116e-03
3.375573473342083908e+00 1.553992744857284926e-03
3.375810988186761730e+00 1.333559533068464156e-03
3.376048503031439552e+00 8.951815073815699115e-04
3.376286017876117374e+00 3.267518802909884484e-04
3.376523532720794751e+00 2.855298308467053153e-04
3.376761047565472573e+00 8.080414183133711493e-04
3.376998562410150395e+00 1.173308139460166799e-03
3.377236077254828217e+00 1.323472558976563187e-03
3.377473592099506039e+00 1.242018981812852705e-03
3.377711106944183861e+00 9.525555519084624029e-04
3.377948621788861683e+00 5.136314858880416771e-04
3.378186136633539505e+00 6.369138607018353705e-05
3.378423651478217327e+00 4.971662006363843003e-04
3.378661166322895149e+00 8.855593413678014949e-04
3.378898681167572970e+00 1.111334310362691990e-03
3.379136196012250792e+00 1.141152370808674443e-03
3.379373710856928614e+00 9.767478727805791773e-04
3.379611225701606436e+00 6.530407893126803425e-04
3.379848740546284258e+00 2.347294272653896896e-04
3.380086255390961636e+00 2.348398916632316730e-04
3.380323770235639458e+00 6.262500075262017376e-04
3.380561285080317280e+00 9.053229109710390172e-04
3.380798799924995102e+00 1.023957196789060777e-03
3.381036314769672924e+00 9.664326213971087152e-04
3.381273829614350745e+00 7.477604590583754969e-04
3.381511344459028567e+00 4.109914876381901179e-04
3.381748859303706389e+00 7.129763607822438547e-05
3.381986374148384211e+00 3.903304688742599863e-04
3.382223888993062033e+00 7.019671878617853283e-04
3.382461403837739855e+00 8.896136105349593216e-04
3.382698918682417677e+00 9.231860747203852547e-04
3.382936433527095499e+00 8.007268336320680835e-04
3.383173948371773321e+00 5.473664003846999805e-04
3.383411463216451143e+00 2.146586750142550801e-04
3.383648978061128521e+00 1.814738476217381811e-04
3.383886492905806342e+00 5.022235282815961949e-04
3.384124007750484164e+00 7.402811613975203171e-04
3.384361522595161986e+00 8.499726886479770215e-04
3.384599037439839808e+00 8.148337592034695645e-04
3.384836552284517630e+00 6.440378030862841871e-04
3.385074067129195452e+00 3.710108359849131985e-04
3.385311581973873274e+00 8.247870277826816214e-05
3.385549096818551096e+00 3.101890252805711962e-04
3.385786611663228918e+00 5.798386389509483036e-04
3.386024126507906740e+00 7.506708944306591429e-04
3.386261641352584562e+00 7.931780259006132117e-04
3.386499156197262383e+00 7.022630491867250680e-04
3.386736671041940205e+00 4.963548758303658716e-04
3.386974185886618027e+00 2.177860912476854379e-04
3.387211700731295405e+00 1.383476245292949059e-04
3.387449215575973227e+00 4.134876395297934146e-04
3.387686730420651049e+00 6.299094662134187847e-04
3.387924245265328871e+00 7.392734002277362958e-04
3.388161760110006693e+00 7.236654007286951991e-04
3.388399274954684515e+00 5.877703740013947870e-04
3.388636789799362337e+00 3.581509965969407192e-04
3.388874304644040159e+00 1.008380342292645906e-04
3.389111819488717980e+00 2.486344218428416012e-04
3.389349334333395802e+00 4.930480756165134303e-04
3.389586849178073624e+00 6.571860941278626555e-04
3.389824364022751446e+00 7.103738481487582943e-04
3.390061878867429268e+00 6.446100054896429163e-04
3.390299393712107090e+00 4.731831742690719507e-04
3.390536908556784912e+00 2.312960030673691966e-04
3.390774423401462290e+00 1.070608290444963916e-04
3.391011938246140112e+00 3.464617130743179651e-04
3.391249453090817934e+00 5.516227611457968742e-04
3.391486967935495755e+00 6.651639570924088810e-04
3.391724482780173577e+00 6.671529162631122155e-04
3.391961997624851399e+00 5.584546251939583473e-04
3.392199512469529221e+00 3.602507556721576626e-04
3.392437027314207043e+00 1.245048705259224782e-04
3.392674542158884865e+00 1.996487856284114167e-04
3.392912057003562687e+00 4.280662774120858201e-04
3.393149571848240509e+00 5.915474562114172693e-04
3.393387086692918331e+00 6.565213628676276267e-04
3.393624601537596153e+00 6.120808930560465207e-04
3.393862116382273975e+00 4.672071538670027175e-04
3.394099631226951796e+00 2.513184092256301027e-04
3.394337146071629174e+00 9.004599623673353913e-05
3.394574660916306996e+00 2.933541943045082034e-04
3.394812175760984818e+00 4.938472566293658191e-04
3.395049690605662640e+00 6.147145847312666988e-04
3.395287205450340462e+00 6.333678383921413245e-04
3.395524720295018284e+00 5.471386139895339845e-04
3.395762235139696106e+00 3.726859514876835512e-04
3.395999749984373928e+00 1.521539632890298195e-04
3.396237264829051750e+00 1.596939642220035146e-04
3.396474779673729572e+00 3.773913716221221596e-04
3.396712294518407393e+00 5.446469356563404677e-04
3.396949809363085215e+00 6.226463449944907944e-04
3.397187324207763037e+00 5.973840289692777805e-04
3.397424839052440859e+00 4.739606501577351533e-04
3.397662353897118681e+00 2.769450969793842794e-04
3.397899868741796059e+00 9.043016558506243932e-05
3.398137383586473881e+00 2.494926860734963297e-04
3.398374898431151703e+00 4.502173558667660574e-04
3.398612413275829525e+00 5.812607870133814410e-04
3.398849928120507347e+00 6.165457640642740085e-04
3.399087442965185168e+00 5.499028703293852832e-04
3.399324957809862990e+00 3.939725206086791337e-04
3.399562472654540812e+00 1.837581842885279446e-04
3.399799987499218634e+00 1.273101814844899244e-04
3.400037502343896456e+00 3.366016436058143798e-04
3.400275017188574278e+00 5.115901542085953555e-04
3.400512532033252100e+00 6.043230969138688917e-04
3.400750046877929922e+00 5.973207049536629698e-04
3.400987561722607744e+00 4.919655192462775092e-04
3.401225076567285566e+00 3.086395820242110368e-04
3.401462591411962944e+00 1.071236751886519613e-04
3.401700106256640765e+00 2.119392723099594307e-04
3.401937621101318587e+00 4.171396667834281324e-04
3.402175135945996409e+00 5.614916441114069061e-04
3.402412650790674231e+00 6.142560265779227870e-04
3.402650165635352053e+00 5.655902518918778368e-04
3.402887680480029875e+00 4.243841528899280750e-04
3.403125195324707697e+00 2.202537111760875094e-04
3.403362710169385519e+00 1.034337292183034956e-04
3.403600225014063341e+00 3.029987284802472232e-04
3.403837739858741163e+00 4.899278264358796105e-04
3.404075254703418985e+00 5.998482524966170870e-04
3.404312769548096806e+00 6.112275337904729718e-04
3.404550284392774628e+00 5.216839294135745299e-04
3.404787799237452450e+00 3.478717955595360314e-04
3.405025314082129828e+00 1.358529249216720207e-04
3.405262828926807650e+00 1.788119081158072898e-04
3.405500343771485472e+00 3.927419983711425387e-04
3.405737858616163294e+00 5.543185939894482725e-04
3.405975373460841116e+00 6.264031741808562476e-04
3.406212888305518938e+00 5.951065884545283548e-04
3.406450403150196760e+00 4.656463632069427188e-04
3.406687917994874581e+00 2.634495826469933333e-04
3.406925432839552403e+00 9.222325272319798785e-05
3.407162947684230225e+00 2.749844213594486160e-04
3.407400462528908047e+00 4.790028360877360649e-04
3.407637977373585869e+00 6.096857043105511796e-04
3.407875492218263691e+00 6.406213096473174079e-04
3.408113007062941513e+00 5.654121793081904202e-04
3.408350521907619335e+00 3.972744340030142773e-04
3.408588036752296713e+00 1.742958610949321317e-04
3.408825551596974535e+00 1.490131817141792986e-04
3.409063066441652357e+00 3.765309485914096607e-04
3.409300581286330178e+00 5.606726330020400141e-04
3.409538096131008000e+00 6.552096982171101269e-04
3.409775610975685822e+00 6.415924905012976385e-04
3.410013125820363644e+00 5.212533687869897207e-04
3.410250640665041466e+00 3.162862800971546584e-04
3.410488155509719288e+00 9.919875166621328912e-05
3.410725670354397110e+00 2.518683545699786108e-04
3.410963185199074932e+00 4.800194938102298348e-04
3.411200700043752754e+00 6.367836762704219642e-04
3.411438214888430576e+00 6.897212175753799322e-04
3.411675729733108398e+00 6.279122113788058448e-04
3.411913244577786219e+00 4.612603973162337991e-04
3.412150759422463597e+00 2.231559685588986662e-04
3.412388274267141419e+00 1.223008296266668354e-04
3.412625789111819241e+00 3.696433731826680473e-04
3.412863303956497063e+00 5.841543043723001821e-04
3.413100818801174885e+00 7.061717792555965859e-04
3.413338333645852707e+00 7.115279533911356711e-04
3.413575848490530529e+00 5.975135020236040399e-04
3.413813363335208351e+00 3.835333886507395502e-04
3.414050878179886173e+00 1.253479952394207062e-04
3.414288393024563995e+00 2.341405257562265640e-04
3.414525907869241816e+00 4.970198276200111717e-04
3.414763422713919638e+00 6.880692461017852467e-04
3.415000937558597460e+00 7.672324519854034934e-04
3.415238452403275282e+00 7.181689727256965802e-04
3.415475967247953104e+00 5.474066179028379015e-04
3.415713482092630482e+00 2.858254066211586954e-04
3.415950996937308304e+00 9.975332517781404290e-05
3.416188511781986126e+00 3.761136572541960775e-04
3.416426026626663948e+00 6.332050194603297977e-04
3.416663541471341770e+00 7.908152401253016380e-04
3.416901056316019591e+00 8.176135372475302294e-04
3.417138571160697413e+00 7.060097391888706586e-04
3.417376086005375235e+00 4.732569434039155584e-04
3.417613600850053057e+00 1.680884302406716424e-04
3.417851115694730879e+00 2.248264527987282456e-04
3.418088630539408701e+00 5.399142518542358795e-04
3.418326145384086523e+00 7.786183108356121508e-04
3.418563660228764345e+00 8.910026331958609833e-04
3.418801175073442167e+00 8.536907360414688157e-04
3.419038689918119989e+00 6.695062139487534042e-04
3.419276204762797366e+00 3.687405516882727528e-04
3.419513719607475188e+00 8.398010702125557859e-05
3.419751234452153010e+00 4.070019028133889231e-04
3.419988749296830832e+00 7.273909976469873336e-04
3.420226264141508654e+00 9.342197181088889978e-04
3.420463778986186476e+00 9.862383417396924923e-04
3.420701293830864298e+00 8.695229123325553828e-04
3.420938808675542120e+00 5.997628645045318665e-04
3.421176323520219942e+00 2.254006086569329635e-04
3.421413838364897764e+00 2.348681885523640992e-04
3.421651353209575586e+00 6.340626250385315811e-04
3.421888868054253408e+00 9.439952390804552933e-04
3.422126382898931229e+00 1.101111783400120702e-03
3.422363897743609051e+00 1.071833818611487308e-03
3.422601412588286873e+00 8.545339474365973688e-04
3.422838927432964251e+00 4.815114298966744703e-04
3.423076442277642073e+00 7.408729818227236853e-05
3.423313957122319895e+00 4.954780239207247101e-04
3.423551471966997717e+00 9.183063847849647684e-04
3.423788986811675539e+00 1.198590963594042694e-03
3.424026501656353361e+00 1.279340675090154906e-03
3.424264016501031183e+00 1.137297871685382300e-03
3.424501531345709004e+00 7.877834978948241272e-04
3.424739046190386826e+00 2.867134789486240512e-04
3.424976561035064648e+00 3.086600545410093390e-04
3.425214075879742470e+00 8.577247715992524033e-04
3.425451590724420292e+00 1.284800475054240741e-03
3.425689105569098114e+00 1.503461730859476011e-03
3.425926620413775936e+00 1.462745749986562758e-03
3.426164135258453758e+00 1.155365025200330966e-03
3.426401650103131136e+00 6.218984744983596180e-04
3.426639164947808958e+00 8.347255565346431059e-05
3.426876679792486780e+00 7.703293460026472590e-04
3.427114194637164601e+00 1.380323592895385271e-03
3.427351709481842423e+00 1.774999343021397722e-03
3.427589224326520245e+00 1.866057565516818879e-03
3.427826739171198067e+00 1.614507526422124259e-03
3.428064254015875889e+00 1.041481842853555530e-03
3.428301768860553711e+00 2.319323275638885177e-04
3.428539283705231533e+00 6.921628688983708609e-04
3.428776798549909355e+00 1.549970405507211267e-03
3.429014313394587177e+00 2.179628621477177307e-03
3.429251828239264999e+00 2.441104189257098638e-03
3.429489343083942821e+00 2.256458572302072300e-03
3.429726857928620642e+00 1.636429340549601114e-03
3.429964372773298020e+00 6.972503841114944092e-04
3.430201887617975842e+00 3.408892265515240500e-04
3.430439402462653664e+00 1.152710722166348789e-03
3.430676917307331486e+00 1.360057068520960626e-03
3.430914432152009308e+00 5.634786365051565934e-04
3.431151946996687130e+00 1.659175870067012941e-03
3.431389461841364952e+00 5.545710885462917100e-03
3.431626976686042774e+00 1.129248004939110116e-02
3.431864491530720596e+00 1.889407868197778492e-02
3.432102006375398418e+00 2.815655335053939001e-02
3.432339521220076239e+00 3.869474177463402137e-02
3.432577036064754061e+00 4.995366317130558315e-02
3.432814550909431883e+00 6.125101057135345223e-02
3.433052065754109705e+00 7.183660580690523489e-02
3.433289580598787527e+00 8.096251503465937138e-02
3.433527095443464905e+00 8.795601483270229504e-02
3.433764610288142727e+00 9.228704042140252473e-02
3.434002125132820549e+00 9.362223995121288223e-02
3.434239639977498371e+00 9.185925468232350455e-02
3.434477154822176193e+00 8.713715993356432876e-02
3.434714669666854014e+00 7.982184015750254380e-02
3.434952184511531836e+00 7.046806647126421796e-02
3.435189699356209658e+00 5.976280839122179167e-02
3.435427214200887480e+00 4.845648719757110479e-02
3.435664729045565302e+00 3.729019039519709811e-02
3.435902243890243124e+00 2.692715660174906100e-02
3.436139758734920946e+00 1.789608728747334523e-02
3.436377273579598768e+00 1.055216507932142146e-02
3.436614788424276590e+00 5.059302373090905289e-03
3.436852303268954412e+00 1.394540791377800199e-03
3.437089818113631789e+00 6.298221473158450035e-04
3.437327332958309611e+00 1.318980929019171033e-03
3.437564847802987433e+00 1.057016163128649293e-03
3.437802362647665255e+00 2.597768068180311414e-04
3.438039877492343077e+00 7.709507331700303934e-04
3.438277392337020899e+00 1.645379936387892121e-03
3.438514907181698721e+00 2.198007405538338239e-03
3.438752422026376543e+00 2.326626037368035357e-03
3.438989936871054365e+00 2.032347573140413054e-03
3.439227451715732187e+00 1.399823607810640920e-03
3.439464966560410009e+00 5.722543664311539879e-04
3.439702481405087831e+00 3.222604802590344668e-04
3.439939996249765652e+00 1.059807485941991791e-03
3.440177511094443474e+00 1.565792974492775415e-03
3.440415025939121296e+00 1.761289318564465689e-03
3.440652540783798674e+00 1.634623381026282336e-03
3.440890055628476496e+00 1.231009009268622684e-03
3.441127570473154318e+00 6.412288548117957634e-04
3.441365085317832140e+00 9.590654816844104507e-05
3.441602600162509962e+00 6.581274820269296518e-04
3.441840115007187784e+00 1.125983091750503567e-03
3.442077629851865606e+00 1.374287785180836009e-03
3.442315144696543427e+00 1.372121981882709705e-03
3.442552659541221249e+00 1.134152246190355462e-03
3.442790174385899071e+00 7.150166531062280206e-04
3.443027689230576893e+00 2.054772126322829270e-04
3.443265204075254715e+00 3.477464439466374955e-04
3.443502718919932537e+00 7.857622488949848796e-04
3.443740233764610359e+00 1.072290571456657217e-03
3.443977748609288181e+00 1.162522428243909769e-03
3.444215263453965559e+00 1.050015550804279637e-03
3.444452778298643381e+00 7.636105761528105352e-04
3.444690293143321203e+00 3.622345951679181112e-04
3.444927807987999024e+00 1.165400629746518390e-04
3.445165322832676846e+00 5.116477249121141168e-04
3.445402837677354668e+00 8.197220882399860065e-04
3.445640352522032490e+00 9.767796311417505095e-04
3.445877867366710312e+00 9.612683072411093302e-04
3.446115382211388134e+00 7.825906109472055864e-04
3.446352897056065956e+00 4.781710626481700172e-04
3.446590411900743778e+00 1.152078620120050941e-04
3.446827926745421600e+00 2.864962870060198236e-04
3.447065441590099422e+00 6.007583223627655606e-04
3.447302956434777244e+00 8.041136270988505667e-04
3.447540471279455065e+00 8.637241313300545375e-04
3.447777986124132443e+00 7.740339992885241415e-04
3.448015500968810265e+00 5.554748840048352905e-04
3.448253015813488087e+00 2.511382203306768601e-04
3.448490530658165909e+00 1.042196585180805188e-04
3.448728045502843731e+00 4.084470417833447838e-04
3.448965560347521553e+00 6.412507416244489196e-04
3.449203075192199375e+00 7.580928283214575722e-04
3.449440590036877197e+00 7.419193320342037977e-04
3.449678104881555019e+00 5.992882162598571483e-04
3.449915619726232840e+00 3.584887955701530102e-04
3.450153134570910662e+00 6.963323056054392568e-05
3.450390649415588484e+00 2.398877717848762851e-04
3.450628164260266306e+00 4.882216801833703479e-04
3.450865679104944128e+00 6.471311207543272272e-04
3.451103193949621950e+00 6.908932441350481559e-04
3.451340708794299328e+00 6.147617289869090505e-04
3.451578223638977150e+00 4.347706009214957908e-04
3.451815738483654972e+00 1.846679252997325993e-04
3.452053253328332794e+00 9.401522762601436474e-05
3.452290768173010616e+00 3.466542229006175108e-04
3.452528283017688437e+00 5.346115707032015425e-04
3.452765797862366259e+00 6.259835273142209206e-04
3.453003312707044081e+00 6.070124448032666832e-04
3.453240827551721903e+00 4.833010044886615580e-04
3.453478342396399725e+00 2.784259680913515542e-04
3.453715857241077547e+00 2.967601284468357055e-05
3.453953372085755369e+00 2.194651714843988519e-04
3.454190886930433191e+00 4.251645370376766551e-04
3.454428401775111013e+00 5.527291478170902328e-04
3.454665916619788835e+00 5.814153992561075070e-04
3.454903431464466212e+00 5.080719094490195866e-04
3.455140946309144034e+00 3.475198880243635883e-04
3.455378461153821856e+00 1.309431238507265322e-04
3.455615975998499678e+00 1.139863968485138650e-04
3.455853490843177500e+00 3.251490143829778275e-04
3.456091005687855322e+00 4.778340362147179710e-04
3.456328520532533144e+00 5.441452661565333382e-04
3.456566035377210966e+00 5.136471974229555844e-04
3.456803550221888788e+00 3.937538470721248956e-04
3.457041065066566610e+00 2.101625963599719959e-04
3.457278579911244432e+00 7.047134003201923464e-05
3.457516094755922254e+00 2.460668652322409145e-04
3.457753609600600075e+00 4.110329177208355000e-04
3.457991124445277897e+00 5.033377240934401239e-04
3.458228639289955719e+00 5.055631607818512636e-04
3.458466154134633097e+00 4.193729112280688534e-04
3.458703668979310919e+00 2.671633592787937307e-04
3.458941183823988741e+00 1.235906071015476643e-04
3.459178698668666563e+00 2.122259737517972621e-04
3.459416213513344385e+00 3.695204415441690924e-04
3.459653728358022207e+00 4.714730229182126061e-04
3.459891243202700029e+00 4.906098952800867514e-04
3.460128758047377850e+00 4.254272115574372903e-04
3.460366272892055672e+00 3.010118418891672754e-04
3.460603787736733494e+00 1.983115903895148972e-04
3.460841302581411316e+00 2.574480599576877598e-04
3.461078817426089138e+00 3.876418280302539932e-04
3.461316332270766960e+00 4.766053188093082255e-04
3.461553847115444782e+00 4.913085549322370772e-04
3.461791361960122604e+00 4.345993575553284212e-04
3.462028876804799982e+00 3.349770555521250489e-04
3.462266391649477804e+00 2.268374224125840205e-04
3.462503906494155625e+00 1.034177604190502129e-04
3.462741421338833447e+00 1.684927424349716679e-04
3.462978936183511269e+00 6.359390683526555373e-04
3.463216451028189091e+00 1.427537738936955018e-03
3.463453965872866913e+00 2.590709397733338085e-03
3.463691480717544735e+00 4.134677612733685635e-03
3.463928995562222557e+00 6.023508364318190533e-03
3.464166510406900379e+00 8.176245027431259041e-03
3.464404025251578201e+00 1.047231432225251280e-02
3.464641540096256023e+00 1.276198354754529141e-02
3.464879054940933845e+00 1.488086964124430214e-02
3.465116569785611667e+00 1.666685142566931219e-02
3.465354084630289488e+00 1.797734566778200899e-02
3.465591599474966866e+00 1.870481109952020632e-02
3.465829114319644688e+00 1.878854609948544044e-02
3.466066629164322510e+00 1.822131265807558353e-02
3.466304144009000332e+00 1.704998391312755046e-02
3.466541658853678154e+00 1.537018103158937013e-02
3.466779173698355976e+00 1.331563066465162211e-02
3.467016688543033798e+00 1.104363239819639020e-02
3.467254203387711620e+00 8.718490646565850086e-03
3.467491718232389442e+00 6.494984576011773522e-03
3.467729233077067263e+00 4.503921798739479211e-03
3.467966747921745085e+00 2.841650854927575166e-03
3.468204262766422907e+00 1.565612921231058097e-03
3.468441777611100729e+00 7.020837031820461671e-04
3.468679292455778551e+00 2.990021805007333730e-04
3.468916807300456373e+00 2.935797555067743586e-04
3.469154322145133751e+00 2.740727996629618119e-04
3.469391836989811573e+00 2.032766063816676531e-04
3.469629351834489395e+00 2.458698771372567213e-04
3.469866866679167217e+00 3.811591704088242052e-04
3.470104381523845039e+00 4.861573660036149760e-04
3.470341896368522860e+00 5.153755588226248841e-04
3.470579411213200682e+00 4.630081925339881517e-04
3.470816926057878504e+00 3.499562900245720750e-04
3.471054440902556326e+00 2.299277889769790956e-04
3.471291955747234148e+00 2.131415838264270066e-04
3.471529470591911970e+00 3.055619342012391910e-04
3.471766985436589792e+00 3.929265784710796704e-04
3.472004500281267614e+00 4.284850731628436641e-04
3.472242015125945436e+00 4.040780930134875264e-04
3.472479529970623258e+00 3.327913420227440896e-04
3.472717044815300635e+00 2.498020239015415851e-04
3.472954559659978457e+00 2.180412213771761205e-04
3.473192074504656279e+00 2.650450665035604652e-04
3.473429589349334101e+00 3.313337632834944678e-04
3.473667104194011923e+00 3.700443001756058173e-04
3.473904619038689745e+00 3.658765571088453891e-04
3.474142133883367567e+00 3.230324464838730462e-04
3.474379648728045389e+00 2.626087379786253700e-04
3.474617163572723211e+00 2.236849699791532674e-04
3.474854678417401033e+00 2.389027199747952609e-04
3.475092193262078855e+00 2.862507602571768661e-04
3.475329708106756677e+00 3.252861043801112055e-04
3.475567222951434498e+00 3.351494004463275995e-04
3.475804737796112320e+00 3.128344553129552060e-04
3.476042252640790142e+00 2.696628437453124356e-04
3.476279767485467520e+00 2.306711318934662018e-04
3.476517282330145342e+00 2.251082827837946041e-04
3.476754797174823164e+00 2.541412953184521385e-04
3.476992312019500986e+00 2.896387184532523426e-04
3.477229826864178808e+00 3.081477277782403309e-04
3.477467341708856630e+00 3.009280865655488942e-04
3.477704856553534452e+00 2.720831035506496667e-04
3.477942371398212273e+00 2.372956871493015136e-04
3.478179886242890095e+00 2.198610740195810608e-04
3.478417401087567917e+00 2.324063573587166714e-04
3.478654915932245739e+00 2.610841791910219071e-04
3.478892430776923561e+00 2.837607261508531321e-04
3.479129945621601383e+00 2.875040971691598750e-04
3.479367460466279205e+00 2.707824722161322555e-04
3.479604975310957027e+00 2.424292770785540358e-04
3.479842490155634405e+00 2.197080777023427878e-04
3.480080005000312227e+00 2.189340136978451870e-04
3.480317519844990048e+00 2.386352268082646689e-04
3.480555034689667870e+00 2.617463646156574205e-04
3.480792549534345692e+00 2.730493764700765019e-04
3.481030064379023514e+00 2.665190888944380895e-04
3.481267579223701336e+00 2.455950631405922377e-04
3.481505094068379158e+00 2.221285489493614838e-04
3.481742608913056980e+00 2.118389509490395113e-04
3.481980123757734802e+00 2.217066587044208505e-04
3.482217638602412624e+00 2.421538132568922734e-04
3.482455153447090446e+00 2.580308976190028025e-04
3.482692668291768268e+00 2.598746758057329342e-04
3.482930183136446090e+00 2.466569576546560872e-04
3.483167697981123911e+00 2.254781862206871031e-04
3.483405212825801289e+00 2.094465064603811340e-04
3.483642727670479111e+00 2.098763961207474580e-04
3.483880242515156933e+00 2.251801462323787270e-04
3.484117757359834755e+00 2.428592330630207599e-04
3.484355272204512577e+00 2.512630028226723222e-04
3.484592787049190399e+00 2.455798521918685601e-04
3.484830301893868221e+00 2.286938962885171197e-04
3.485067816738546043e+00 2.103080253780579515e-04
3.485305331583223865e+00 2.027579618366051779e-04
3.485542846427901686e+00 2.111652060911581384e-04
3.485780361272579508e+00 2.279677573043371950e-04
3.486017876117257330e+00 2.409961187266510365e-04
3.486255390961935152e+00 2.423196953095169213e-04
3.486492905806612974e+00 2.310147520246876474e-04
3.486730420651290796e+00 2.131578464861224134e-04
3.486967935495968174e+00 1.998715132977905951e-04
3.487205450340645996e+00 2.005702177814296214e-04
3.487442965185323818e+00 2.139270846626639916e-04
3.487680480030001640e+00 2.293993364180259547e-04
3.487917994874679462e+00 2.368231810486260617e-04
3.488155509719357283e+00 2.318161819242860514e-04
3.488393024564035105e+00 2.168413172369737572e-04
3.488630539408712927e+00 2.005173219556255623e-04
3.488868054253390749e+00 1.938499696960859137e-04
3.489105569098068571e+00 2.015259092163099403e-04
3.489343083942746393e+00 2.169487061768671557e-04
3.489580598787424215e+00 2.291026591380381124e-04
3.489818113632102037e+00 2.305618710696880633e-04
3.490055628476779859e+00 2.202713634146504971e-04
3.490293143321457681e+00 2.037138766252870152e-04
3.490530658166135058e+00 1.912109821091243118e-04
3.490768173010812880e+00 1.917444209281460841e-04
3.491005687855490702e+00 2.043949917977258644e-04
3.491243202700168524e+00 2.193512580631483866e-04
3.491480717544846346e+00 2.268422649036185121e-04
3.491718232389524168e+00 2.224409425754671590e-04
3.491955747234201990e+00 2.082414450742352664e-04
3.492193262078879812e+00 1.923614622351217847e-04
3.492430776923557634e+00 1.855557326791406735e-04
3.492668291768235456e+00 1.928252858911259969e-04
3.492905806612913278e+00 2.080668879303540497e-04
3.493143321457591099e+00 2.204627933312794852e-04
3.493380836302268921e+00 2.224848036373511706e-04
3.493618351146946743e+00 2.127707124056557185e-04
3.493855865991624565e+00 1.964152379153917831e-04
3.494093380836301943e+00 1.835657143194959504e-04
3.494330895680979765e+00 1.835910598212897788e-04
3.494568410525657587e+00 1.961539440396836828e-04
3.494805925370335409e+00 2.115520699127616388e-04
3.495043440215013231e+00 2.197698318870225137e-04
3.495280955059691053e+00 2.160226877161631641e-04
3.495518469904368875e+00 2.020196593773460503e-04
3.495755984749046696e+00 1.856559282314598324e-04
3.495993499593724518e+00 1.780249995924278617e-04
3.496231014438402340e+00 1.849560672416768897e-04
3.496468529283080162e+00 2.006688698284373427e-04
3.496706044127757984e+00 2.139956391289962007e-04
3.496943558972435806e+00 2.169179027562471811e-04
3.497181073817113628e+00 2.076218670038626479e-04
3.497418588661791450e+00 1.908772767163279612e-04
3.497656103506468828e+00 1.769600355704733651e-04
3.497893618351146650e+00 1.761360597903939855e-04
3.498131133195824471e+00 1.888852210489044327e-04
3.498368648040502293e+00 2.052950950433342922e-04
3.498606162885180115e+00 2.147004607944575099e-04
3.498843677729857937e+00 2.117382453993343959e-04
3.499081192574535759e+00 1.976766918008403642e-04
3.499318707419213581e+00 1.802832758226640200e-04
3.499556222263891403e+00 1.712998871915033690e-04
3.499793737108569225e+00 1.777970140999873372e-04
3.500031251953247047e+00 1.943288865724843585e-04
3.500268766797924869e+00 2.090409908894879927e-04
3.500506281642602691e+00 2.131562697081543461e-04
3.500743796487280513e+00 2.042873158425364958e-04
3.500981311331958334e+00 1.868608013373337928e-04
3.501218826176635712e+00 1.713870316533753460e-04
3.501456341021313534e+00 1.693558647113102534e-04
3.501693855865991356e+00 1.823587740256862422e-04
3.501931370710669178e+00 2.001286738737942958e-04
3.502168885555347000e+00 2.110694199199911756e-04
3.502406400400024822e+00 2.090724850060265852e-04
3.502643915244702644e+00 1.948925758330930988e-04
3.502881430089380466e+00 1.761573781710823949e-04
3.503118944934058288e+00 1.653856298782376108e-04
3.503356459778736109e+00 1.712435004087028512e-04
3.503593974623413931e+00 1.887592708253943506e-04
3.503831489468091753e+00 2.051734317319678662e-04
3.504069004312769575e+00 2.107472105445993128e-04
3.504306519157447397e+00 2.024145487810129998e-04
3.504544034002125219e+00 1.842000154903873524e-04
3.504781548846802597e+00 1.668316202052851213e-04
3.505019063691480419e+00 1.632181255447023415e-04
3.505256578536158241e+00 1.764073500577587202e-04
3.505494093380836063e+00 1.957507431247498743e-04
3.505731608225513884e+00 2.085057303772620851e-04
3.505969123070191706e+00 2.076824442518142582e-04
3.506206637914869528e+00 1.934452661565344632e-04
3.506444152759547350e+00 1.732120086349544130e-04
3.506681667604225172e+00 1.602794899984248255e-04
3.506919182448902994e+00 1.652128446382360920e-04
3.507156697293580816e+00 1.837584251871877971e-04
3.507394212138258638e+00 2.021062628112563382e-04
3.507631726982936460e+00 2.093855164974823180e-04
3.507869241827614282e+00 2.017585619948376722e-04
3.508106756672292104e+00 1.827722561506907100e-04
3.508344271516969481e+00 1.632809760640761300e-04
3.508581786361647303e+00 1.576968806935991052e-04
3.508819301206325125e+00 1.709075722050469170e-04
3.509056816051002947e+00 1.919508680466213758e-04
3.509294330895680769e+00 2.067553710218620591e-04
3.509531845740358591e+00 2.073294921107802331e-04
3.509769360585036413e+00 1.931726641593283097e-04
3.510006875429714235e+00 1.713958716442390133e-04
3.510244390274392057e+00 1.559829919922356542e-04
3.510481905119069879e+00 1.596433697918562102e-04
3.510719419963747701e+00 1.791800893477403631e-04
3.510956934808425522e+00 1.996386469083223766e-04
3.511194449653103344e+00 2.088577646467702548e-04
3.511431964497781166e+00 2.021425608206557200e-04
3.511669479342458988e+00 1.824835940441749561e-04
3.511906994187136366e+00 1.607287369496270381e-04
3.512144509031814188e+00 1.527785256735845023e-04
3.512382023876492010e+00 1.657672947584755624e-04
3.512619538721169832e+00 1.885768126093496065e-04
3.512857053565847654e+00 2.056384159990429239e-04
3.513094568410525476e+00 2.078425863979570134e-04
3.513332083255203298e+00 1.939531525784982482e-04
3.513569598099881119e+00 1.706698066402593367e-04
3.513807112944558941e+00 1.525070724095839935e-04
3.514044627789236763e+00 1.544924733548724133e-04
3.514282142633914585e+00 1.749146661060129847e-04
3.514519657478592407e+00 1.976249300296351226e-04
3.514757172323270229e+00 2.090106510150338526e-04
3.514994687167948051e+00 2.034363604733128560e-04
3.515232202012625873e+00 1.832613743331882184e-04
3.515469716857303251e+00 1.591762964862382520e-04
3.515707231701981073e+00 1.484643668655576609e-04
3.515944746546658894e+00 1.609174034717124249e-04
3.516182261391336716e+00 1.855144067466569851e-04
3.516419776236014538e+00 2.050237716851353669e-04
3.516657291080692360e+00 2.090969954149543531e-04
3.516894805925370182e+00 1.956948620568028409e-04
3.517132320770048004e+00 1.710050858553676626e-04
3.517369835614725826e+00 1.498740454607136799e-04
3.517607350459403648e+00 1.497351966311267883e-04
3.517844865304081470e+00 1.708775491158980129e-04
3.518082380148759292e+00 1.959559989908422960e-04
3.518319894993437114e+00 2.097319824009926694e-04
3.518557409838114935e+00 2.055437158443711187e-04
3.518794924682792757e+00 1.850502152274342079e-04
3.519032439527470135e+00 1.586328536387003846e-04
3.519269954372147957e+00 1.447719460947361641e-04
3.519507469216825779e+00 1.563066507936070374e-04
3.519744984061503601e+00 1.826749387035639285e-04
3.519982498906181423e+00 2.048135972912328907e-04
3.520220013750859245e+00 2.110013032880764510e-04
3.520457528595537067e+00 1.983294421276742795e-04
3.520695043440214889e+00 1.723825258807883283e-04
3.520932558284892711e+00 1.481180652604277928e-04
3.521170073129570532e+00 1.453636817793894519e-04
3.521407587974248354e+00 1.670016571383384370e-04
3.521645102818926176e+00 1.945474889082909333e-04
3.521882617663603998e+00 2.109387646346061798e-04
3.522120132508281820e+00 2.083945239043227945e-04
3.522357647352959642e+00 1.878099439015089192e-04
3.522595162197637020e+00 1.591151081925252890e-04
3.522832677042314842e+00 1.417359648428043227e-04
3.523070191886992664e+00 1.518986268473806176e-04
3.523307706731670486e+00 1.799869723793213572e-04
3.523545221576348307e+00 2.049333290515591101e-04
3.523782736421026129e+00 2.134891641632320552e-04
3.524020251265703951e+00 2.018083663974857460e-04
3.524257766110381773e+00 1.747923296622789775e-04
3.524495280955059595e+00 1.472848717152062796e-04
3.524732795799737417e+00 1.413875912190172177e-04
3.524970310644415239e+00 1.632326001718940336e-04
3.525207825489093061e+00 1.933320474216606178e-04
3.525445340333770883e+00 2.125694954256960635e-04
3.525682855178448705e+00 2.119399007312050543e-04
3.525920370023126527e+00 1.915147440619102530e-04
3.526157884867803904e+00 1.606471232556956434e-04
3.526395399712481726e+00 1.394090833634035076e-04
3.526632914557159548e+00 1.476703488163600743e-04
3.526870429401837370e+00 1.773908550011848496e-04
3.527107944246515192e+00 2.053250912519742014e-04
3.527345459091193014e+00 2.165139622926746000e-04
3.527582973935870836e+00 2.061008071394335997e-04
3.527820488780548658e+00 1.782346222123325349e-04
3.528058003625226480e+00 1.474312631794083659e-04
3.528295518469904302e+00 1.378354861427284468e-04
3.528533033314582124e+00 1.595255829384321867e-04
3.528770548159259945e+00 1.922540814547386444e-04
3.529008063003937767e+00 2.145790806538664319e-04
3.529245577848615589e+00 2.161491042652887926e-04
3.529483092693293411e+00 1.961531583838577500e-04
3.529720607537970789e+00 1.632606932807931309e-04
3.529958122382648611e+00 1.378626319375672864e-04
3.530195637227326433e+00 1.436122243147128479e-04
3.530433152072004255e+00 1.748349083052091904e-04
3.530670666916682077e+00 2.059432346713550648e-04
3.530908181761359899e+00 2.200453752342005210e-04
3.531145696606037720e+00 2.111926046399038393e-04
3.531383211450715542e+00 1.827206608055919799e-04
3.531620726295393364e+00 1.486246384377312355e-04
3.531858241140071186e+00 1.347571380198450621e-04
3.532095755984749008e+00 1.558435485404790631e-04
3.532333270829426830e+00 1.912660615262620257e-04
3.532570785674104652e+00 2.169354750584151005e-04
3.532808300518782474e+00 2.210077638902660448e-04
3.533045815363460296e+00 2.017287894061743571e-04
3.533283330208137674e+00 1.669964566509216780e-04
3.533520845052815496e+00 1.371871853042388989e-04
3.533758359897493317e+00 1.397293490296897293e-04
3.533995874742171139e+00 1.722727021572177924e-04
3.534233389586848961e+00 2.067512607336094801e-04
3.534470904431526783e+00 2.240672833044421832e-04
3.534708419276204605e+00 2.170861199862942985e-04
3.534945934120882427e+00 1.882747289556457307e-04
3.535183448965560249e+00 1.509429601253142880e-04
3.535420963810238071e+00 1.322267164478494697e-04
3.535658478654915893e+00 1.521563216150180085e-04
3.535895993499593715e+00 1.903258192515297118e-04
3.536133508344271537e+00 2.196175262930176247e-04
3.536371023188949358e+00 2.265171494481539388e-04
3.536608538033627180e+00 2.082616757759478182e-04
3.536846052878304558e+00 1.719059380949214063e-04
3.537083567722982380e+00 1.374929690738987541e-04
3.537321082567660202e+00 1.360442701184312174e-04
3.537558597412338024e+00 1.696610454240726393e-04
3.537796112257015846e+00 2.077196824596465286e-04
3.538033627101693668e+00 2.285767260595525428e-04
3.538271141946371490e+00 2.238009206893137610e-04
3.538508656791049312e+00 1.949367748886787137e-04
3.538746171635727134e+00 1.544755390287035903e-04
3.538983686480404955e+00 1.303467295248752307e-04
3.539221201325082777e+00 1.484407034847221984e-04
3.539458716169760599e+00 1.893944806009891641e-04
3.539696231014438421e+00 2.226137249426740649e-04
3.539933745859116243e+00 2.326943820005382218e-04
3.540171260703794065e+00 2.157904284850431476e-04
3.540408775548471443e+00 1.780546889695062832e-04
3.540646290393149265e+00 1.389101893667167348e-04
3.540883805237827087e+00 1.326015025795955753e-04
3.541121320082504909e+00 1.669584759601867462e-04
3.541358834927182730e+00 2.088245485309157628e-04
3.541596349771860552e+00 2.335837720724615897e-04
3.541833864616538374e+00 2.313753709860626975e-04
3.542071379461216196e+00 2.027659350682685163e-04
3.542308894305894018e+00 1.593250876703546288e-04
3.542546409150571840e+00 1.292524825571194009e-04
3.542783923995249662e+00 1.446816537046798979e-04
3.543021438839927484e+00 1.884347997915662731e-04
3.543258953684605306e+00 2.259217095088149481e-04
3.543496468529283128e+00 2.395736176431228224e-04
3.543733983373960950e+00 2.243753213333813366e-04
3.543971498218638327e+00 1.855267266352439578e-04
3.544209013063316149e+00 1.415896104999406289e-04
3.544446527907993971e+00 1.294742258005061961e-04
3.544684042752671793e+00 1.641241344062890255e-04
3.544921557597349615e+00 2.100464687949521317e-04
3.545159072442027437e+00 2.391122968015352908e-04
3.545396587286705259e+00 2.398693146382446339e-04
3.545634102131383081e+00 2.118452016714737123e-04
3.545871616976060903e+00 1.656115327796139349e-04
3.546109131820738725e+00 1.291166995340081410e-04
3.546346646665416547e+00 1.408749115148209862e-04
3.546584161510094368e+00 1.874097317384455601e-04
3.546821676354772190e+00 2.295484864018689690e-04
3.547059191199450012e+00 2.472083604433047694e-04
3.547296706044127834e+00 2.341026625557364059e-04
3.547534220888805212e+00 1.944305690399785423e-04
3.547771735733483034e+00 1.457040322487697620e-04
3.548009250578160856e+00 1.267736797750560970e-04
3.548246765422838678e+00 1.611169959567730202e-04
3.548484280267516500e+00 2.113700594370026870e-04
3.548721795112194322e+00 2.452017856518348346e-04
3.548959309956872143e+00 2.493681811355735831e-04
3.549196824801549965e+00 2.222876609010601375e-04
3.549434339646227787e+00 1.734781329868373032e-04
3.549671854490905609e+00 1.301539083409819790e-04
3.549909369335583431e+00 1.370317181585930556e-04
3.550146884180261253e+00 1.862811296389383384e-04
3.550384399024939075e+00 2.335114298858840458e-04
3.550621913869616897e+00 2.556752123860242618e-04
3.550859428714294719e+00 2.450909573357300036e-04
3.551096943558972097e+00 2.049073482154582261e-04
3.551334458403649919e+00 1.514516965740788106e-04
3.551571973248327740e+00 1.246617475727604548e-04
3.551809488093005562e+00 1.578955361151390365e-04
3.552047002937683384e+00 2.127837945141070378e-04
3.552284517782361206e+00 2.519104270943283200e-04
3.552522032627039028e+00 2.599890460292879324e-04
3.552759547471716850e+00 2.342449769948930975e-04
3.552997062316394672e+00 1.831005727685531864e-04
3.553234577161072494e+00 1.326243978287866196e-04
3.553472092005750316e+00 1.331867646978377752e-04
3.553709606850428138e+00 1.850084848743746612e-04
3.553947121695105960e+00 2.378402499752361619e-04
3.554184636539783781e+00 2.650795808430306700e-04
3.554422151384461603e+00 2.574996464329750833e-04
3.554659666229138981e+00 2.171417959539303296e-04
3.554897181073816803e+00 1.590630262357454062e-04
3.555134695918494625e+00 1.233669137010975003e-04
3.555372210763172447e+00 1.544180621938076646e-04
3.555609725607850269e+00 2.142803274267552661e-04
3.555847240452528091e+00 2.593199698239672703e-04
3.556084755297205913e+00 2.718894853004020086e-04
3.556322270141883735e+00 2.479191762250814389e-04
3.556559784986561557e+00 1.946999831219628811e-04
3.556797299831239378e+00 1.368382403404582760e-04
3.557034814675917200e+00 1.294111997528698556e-04
3.557272329520595022e+00 1.835476579208512318e-04
3.557509844365272844e+00 2.425802926688899351e-04
3.557747359209950666e+00 2.755641967377944106e-04
3.557984874054628488e+00 2.715416434701173939e-04
3.558222388899305866e+00 2.313773980636315945e-04
3.558459903743983688e+00 1.688124642211410022e-04
3.558697418588661510e+00 1.232030698616423561e-04
3.558934933433339332e+00 1.506442097289091423e-04
3.559172448278017153e+00 2.158574510586405693e-04
3.559409963122694975e+00 2.675431441273735250e-04
3.559647477967372797e+00 2.852805618869096193e-04
3.559884992812050619e+00 2.635793912823762965e-04
3.560122507656728441e+00 2.085613862628068528e-04
3.560360022501406263e+00 1.431611913291824985e-04
3.560597537346084085e+00 1.258335632183720594e-04
3.560835052190761907e+00 1.818495879158577749e-04
3.561072567035439729e+00 2.477978169923071529e-04
3.561310081880117551e+00 2.873218381544891142e-04
3.561547596724795373e+00 2.875016153797143193e-04
3.561785111569472750e+00 2.479378280145590392e-04
3.562022626414150572e+00 1.810376618439766183e-04
3.562260141258828394e+00 1.245895315677160691e-04
3.562497656103506216e+00 1.465386099804537464e-04
3.562735170948184038e+00 2.175200417977474915e-04
3.562972685792861860e+00 2.767349971224102988e-04
3.563210200637539682e+00 3.004461239752322641e-04
3.563447715482217504e+00 2.815862356944300753e-04
3.563685230326895326e+00 2.250600581758303539e-04
3.563922745171573148e+00 1.520261632167868582e-04
3.564160260016250970e+00 1.226728157128048049e-04
3.564397774860928791e+00 1.798590438452545893e-04
3.564635289705606613e+00 2.535883792433136857e-04
3.564872804550284435e+00 3.006145877794219688e-04
3.565110319394962257e+00 3.057631861062139558e-04
3.565347834239639635e+00 2.672581377689015199e-04
3.565585349084317457e+00 1.961691606379573614e-04
3.565822863928995279e+00 1.280698309908732231e-04
3.566060378773673101e+00 1.420787228952956978e-04
3.566297893618350923e+00 2.192836515681418556e-04
3.566535408463028745e+00 2.871104538659521258e-04
3.566772923307706566e+00 3.177720618203578803e-04
3.567010438152384388e+00 3.024282231831930488e-04
3.567247952997062210e+00 2.447000579261858597e-04
3.567485467841740032e+00 1.639561308641476029e-04
3.567722982686417854e+00 1.202886704580852879e-04
3.567960497531095676e+00 1.775136389077224561e-04
3.568198012375773498e+00 2.600903397625618741e-04
3.568435527220451320e+00 3.158036184074754270e-04
3.568673042065129142e+00 3.268504367782873693e-04
3.568910556909806520e+00 2.899315657127246571e-04
3.569148071754484342e+00 2.147755569698477681e-04
3.569385586599162163e+00 1.343282841098803078e-04
3.569623101443839985e+00 1.372708041725867760e-04
3.569860616288517807e+00 2.211810347262640553e-04
3.570098131133195629e+00 2.989721928553686070e-04
3.570335645977873451e+00 3.377918370587032677e-04
3.570573160822551273e+00 3.267777882001767767e-04
3.570810675667229095e+00 2.681723050977305608e-04
3.571048190511906917e+00 1.796066767659018789e-04
3.571285705356584739e+00 1.192534272833798255e-04
3.571523220201262561e+00 1.747436823486554335e-04
3.571760735045940383e+00 2.675072071228639433e-04
3.571998249890618204e+00 3.333966116307300761e-04
3.572235764735296026e+00 3.514931235713306080e-04
3.572473279579973404e+00 3.167821609858902988e-04
3.572710794424651226e+00 2.376328372021884253e-04
3.572948309269329048e+00 1.442097265441910896e-04
3.573185824114006870e+00 1.321819339197999885e-04
3.573423338958684692e+00 2.232741771796377731e-04
3.573660853803362514e+00 3.127563508285509148e-04
3.573898368648040336e+00 3.612596582108286197e-04
3.574135883492718158e+00 3.555803622725238629e-04
3.574373398337395979e+00 2.964453692814460238e-04
3.574610913182073801e+00 1.998397969650960175e-04
3.574848428026751623e+00 1.204428217179977868e-04
3.575085942871429445e+00 1.714742451840979781e-04
3.575323457716107267e+00 2.761459697790679150e-04
3.575560972560785089e+00 3.541260067214868287e-04
3.575798487405462911e+00 3.807328607794850162e-04
3.576036002250140289e+00 3.489817062972947370e-04
3.576273517094818111e+00 2.658338263543650226e-04
3.576511031939495933e+00 1.587602630216618010e-04
3.576748546784173755e+00 1.270037882612406132e-04
3.576986061628851576e+00 2.256771845870301509e-04
3.577223576473529398e+00 3.291105471599564745e-04
3.577461091318207220e+00 3.892727704201988511e-04
3.577698606162885042e+00 3.902015913230728775e-04
3.577936121007562864e+00 3.309133453160214449e-04
3.578173635852240686e+00 2.258476855181507570e-04
3.578411150696918508e+00 1.251285057932184641e-04
3.578648665541596330e+00 1.676326820621939660e-04
3.578886180386274152e+00 2.864859278038836944e-04
3.579123695230951974e+00 3.790838825903920491e-04
3.579361210075629796e+00 4.161034659151952833e-04
3.579598724920307617e+00 3.882460895313508348e-04
3.579836239764984995e+00 3.009681643171796366e-04
3.580073754609662817e+00 1.793226023513014213e-04
3.580311269454340639e+00 1.221776228024117267e-04
3.580548784299018461e+00 2.286018635029169995e-04
3.580786299143696283e+00 3.490338097028115307e-04
3.581023813988374105e+00 4.234856818111958554e-04
3.581261328833051927e+00 4.326820440119100446e-04
3.581498843677729749e+00 3.736481732840449071e-04
3.581736358522407571e+00 2.593613437295395137e-04
3.581973873367085393e+00 1.350438566366651686e-04
3.582211388211763214e+00 1.631693095278047908e-04
3.582448903056441036e+00 2.993094308656651849e-04
3.582686417901118858e+00 4.099671182168891453e-04
3.582923932745796680e+00 4.599532739334890436e-04
3.583161447590474502e+00 4.371819035443227767e-04
3.583398962435151880e+00 3.454334503439747016e-04
3.583636477279829702e+00 2.077364035367201573e-04
3.583873992124507524e+00 1.186271598245695414e-04
3.584111506969185346e+00 2.324540517247317237e-04
3.584349021813863168e+00 3.741430899407335842e-04
3.584586536658540989e+00 4.665075843737841285e-04
3.584824051503218811e+00 4.862028931570488402e-04
3.585061566347896633e+00 4.278540598631150348e-04
3.585299081192574455e+00 3.030150775292341295e-04
3.585536596037252277e+00 1.524296364913485459e-04
3.585774110881930099e+00 1.581099564074924825e-04
3.586011625726607921e+00 3.159679726763608477e-04
3.586249140571285743e+00 4.495529564947165825e-04
3.586486655415963565e+00 5.160581733426027615e-04
3.586724170260641387e+00 4.999358667250658125e-04
3.586961685105318764e+00 4.030055667591296532e-04
3.587199199949996586e+00 2.467224788092716370e-04
3.587436714794674408e+00 1.181345115320751930e-04
3.587674229639352230e+00 2.380533424897899252e-04
3.587911744484030052e+00 4.072202269362048209e-04
3.588149259328707874e+00 5.226937630194186625e-04
3.588386774173385696e+00 5.559969612998198101e-04
3.588624289018063518e+00 4.987403689463542743e-04
3.588861803862741340e+00 3.610205105008161357e-04
3.589099318707419162e+00 1.801750525116963008e-04
3.589336833552096984e+00 1.526875636277153381e-04
3.589574348396774806e+00 3.389727201800813079e-04
3.589811863241452627e+00 5.026997598546121800e-04
3.590049378086130449e+00 5.908815803026644517e-04
3.590286892930808271e+00 5.835044048414146124e-04
3.590524407775485649e+00 4.799583414810368082e-04
3.590761922620163471e+00 3.006020522302932439e-04
3.590999437464841293e+00 1.237356545761846580e-04
3.591236952309519115e+00 2.471865078028435449e-04
3.591474467154196937e+00 4.534458381552614156e-04
3.591711981998874759e+00 5.998692780722268648e-04
3.591949496843552581e+00 6.512889829998060954e-04
3.592187011688230402e+00 5.953357932570806869e-04
3.592424526532908224e+00 4.405014427789122658e-04
3.592662041377586046e+00 2.222659739310477894e-04
3.592899556222263868e+00 1.476803386869829143e-04
3.593137071066941690e+00 3.734591264706656763e-04
3.593374585911619512e+00 5.786852840906569302e-04
3.593612100756297334e+00 6.964335404213966435e-04
3.593849615600975156e+00 7.006298652031111174e-04
3.594087130445652534e+00 5.874479457266026635e-04
3.594324645290330356e+00 3.766734955190708745e-04
3.594562160135008178e+00 1.395568348993240907e-04
3.594799674979685999e+00 2.641986451136215872e-04
3.595037189824363821e+00 5.235496269051357655e-04
3.595274704669041643e+00 7.135477774693835002e-04
3.595512219513719465e+00 7.899041856038778800e-04
3.595749734358397287e+00 7.346456367083995702e-04
3.595987249203075109e+00 5.543361740766750579e-04
3.596224764047752931e+00 2.846329936374326908e-04
3.596462278892430753e+00 1.453825589822627107e-04
3.596699793737108575e+00 4.314000363286453021e-04
3.596937308581786397e+00 6.974872671023198611e-04
3.597174823426464219e+00 8.576612739365361204e-04
3.597412338271142040e+00 8.770074637163385086e-04
3.597649853115819418e+00 7.470879739826717615e-04
3.597887367960497240e+00 4.878351483306736383e-04
3.598124882805175062e+00 1.688070497842387822e-04
3.598362397649852884e+00 3.014855158790551225e-04
3.598599912494530706e+00 6.433354343793849794e-04
3.598837427339208528e+00 8.990207830091485625e-04
3.599074942183886350e+00 1.010902050831192708e-03
3.599312457028564172e+00 9.523733482003794021e-04
3.599549971873241994e+00 7.274875995839861619e-04
3.599787486717919816e+00 3.752522491262718762e-04
3.600025001562597637e+00 1.538065837475166445e-04
3.600262516407275459e+00 5.465311223094208946e-04
3.600500031251953281e+00 9.102665376177724189e-04
3.600737546096631103e+00 1.135232955461395890e-03
3.600975060941308925e+00 1.172067117256073718e-03
3.601212575785986303e+00 1.005026945232341410e-03
3.601450090630664125e+00 6.557881281744849453e-04
3.601687605475341947e+00 2.040830585199435610e-04
3.601925120320019769e+00 4.041466371768807323e-04
3.602162635164697591e+00 8.904183936728902104e-04
3.602400150009375412e+00 1.254499679569584915e-03
3.602637664854053234e+00 1.416142442219836713e-03
3.602875179698731056e+00 1.333527108022618561e-03
3.603112694543408878e+00 1.007570910033792630e-03
3.603350209388086700e+00 4.885020185572370522e-04
3.603587724232764522e+00 2.260388543985501124e-04
3.603825239077442344e+00 8.464213182396368787e-04
3.604062753922120166e+00 1.387381358157696023e-03
3.604300268766797988e+00 1.713147894453066018e-03
3.604537783611475810e+00 1.745664637951136649e-03
3.604775298456153187e+00 1.456623232007526027e-03
3.605012813300831009e+00 8.771031707949754471e-04
3.605250328145508831e+00 1.650732323220018970e-04
3.605487842990186653e+00 8.134949988904117925e-04
3.605725357834864475e+00 1.595932924105993977e-03
3.605962872679542297e+00 2.144641089939509047e-03
3.606200387524220119e+00 2.330388924140905805e-03
3.606437902368897941e+00 2.089145320873575691e-03
3.606675417213575763e+00 1.444590742813919686e-03
3.606912932058253585e+00 5.304951855892702656e-04
3.607150446902931407e+00 5.045035905640379978e-04
3.607387961747609229e+00 1.221568081018778625e-03
3.607625476592287050e+00 1.327595139451633174e-03
3.607862991436964872e+00 4.325842753915281214e-04
3.608100506281642694e+00 1.852710290147347155e-03
3.608338021126320072e+00 5.758700692394715624e-03
3.608575535970997894e+00 1.144870437651617986e-02
3.608813050815675716e+00 1.890189964553995808e-02
3.609050565660353538e+00 2.791632691032160454e-02
3.609288080505031360e+00 3.810918944882076692e-02
3.609525595349709182e+00 4.893898679931737300e-02
3.609763110194387004e+00 5.974729048614354360e-02
3.610000625039064825e+00 6.981613598650311669e-02
3.610238139883742647e+00 7.843496996355997508e-02
3.610475654728420469e+00 8.496972821879056337e-02
3.610713169573098291e+00 8.892616060883655471e-02
3.610950684417776113e+00 9.000004597842288512e-02
3.611188199262453935e+00 8.810839933965838866e-02
3.611425714107131757e+00 8.339798567558176501e-02
3.611663228951809579e+00 7.623013887267152122e-02
3.611900743796486957e+00 6.714369573468927099e-02
3.612138258641164779e+00 5.680043218134177285e-02
3.612375773485842601e+00 4.591940207493250964e-02
3.612613288330520422e+00 3.520777586042070362e-02
3.612850803175198244e+00 2.529601467956766811e-02
3.613088318019876066e+00 1.668448677366378766e-02
3.613325832864553888e+00 9.707080968797779721e-03
3.613563347709231710e+00 4.515473649801799057e-03
3.613800862553909532e+00 1.091663343322016094e-03
3.614038377398587354e+00 8.131449352041857049e-04
3.614275892243265176e+00 1.390644760476087392e-03
3.614513407087942998e+00 1.071608875017163696e-03
3.614750921932620820e+00 2.338523268425290037e-04
3.614988436777298642e+00 7.678581711092569238e-04
3.615225951621976463e+00 1.642168902349207347e-03
3.615463466466653841e+00 2.191866700867350914e-03
3.615700981311331663e+00 2.321107832901124143e-03
3.615938496156009485e+00 2.031669670477124177e-03
3.616176011000687307e+00 1.405740814436406061e-03
3.616413525845365129e+00 5.797548827117489974e-04
3.616651040690042951e+00 2.862682830832562761e-04
3.616888555534720773e+00 1.038722805981713614e-03
3.617126070379398595e+00 1.556329372427572681e-03
3.617363585224076417e+00 1.767431149004357761e-03
3.617601100068754238e+00 1.657880072250889547e-03
3.617838614913432060e+00 1.268739430295269966e-03
3.618076129758109882e+00 6.852220943908282494e-04
3.618313644602787704e+00 2.249392088530159048e-05
3.618551159447465526e+00 6.112665621393108609e-04
3.618788674292143348e+00 1.101025058318966243e-03
3.619026189136820726e+00 1.375815614882996583e-03
3.619263703981498548e+00 1.401481398554403450e-03
3.619501218826176370e+00 1.187508194538349935e-03
3.619738733670854192e+00 7.828847210998552504e-04
3.619976248515532014e+00 2.660561288083442282e-04
3.620213763360209835e+00 2.727340614806667571e-04
3.620451278204887657e+00 7.381795907595195853e-04
3.620688793049565479e+00 1.057894244740450107e-03
3.620926307894243301e+00 1.184737009806542023e-03
3.621163822738921123e+00 1.106209228594405049e-03
3.621401337583598945e+00 8.446284493654719616e-04
3.621638852428276767e+00 4.519260092765184193e-04
3.621876367272954589e+00 2.474078349805705572e-05
3.622113882117632411e+00 4.371505899207674822e-04
3.622351396962310233e+00 7.812389837257488262e-04
3.622588911806987610e+00 9.811979436877484462e-04
3.622826426651665432e+00 1.008968261151363616e-03
3.623063941496343254e+00 8.663660176593237974e-04
3.623301456341021076e+00 5.835681357029911826e-04
3.623538971185698898e+00 2.136256095354424666e-04
3.623776486030376720e+00 1.839101636685029238e-04
3.624014000875054542e+00 5.328933496794648495e-04
3.624251515719732364e+00 7.822289611441049983e-04
3.624489030564410186e+00 8.926482944642062829e-04
3.624726545409088008e+00 8.501038314856845064e-04
3.624964060253765830e+00 6.665537705826426844e-04
3.625201575098443652e+00 3.772332733654297238e-04
3.625439089943121473e+00 4.192444254158373497e-05
3.625676604787799295e+00 3.087765127984014248e-04
3.625914119632477117e+00 5.866715485888019700e-04
3.626151634477154495e+00 7.590784217452556338e-04
3.626389149321832317e+00 7.998484393745232315e-04
3.626626664166510139e+00 7.057497559470168793e-04
3.626864179011187961e+00 4.961954824340610720e-04
3.627101693855865783e+00 2.098521700728708621e-04
3.627339208700543605e+00 1.099003284098207695e-04
3.627576723545221427e+00 3.967623797592628211e-04
3.627814238389899248e+00 6.123213588847614079e-04
3.628051753234577070e+00 7.205310514889844663e-04
3.628289268079254892e+00 7.057602074893238372e-04
3.628526782923932714e+00 5.733743590230835907e-04
3.628764297768610536e+00 3.483654733037223352e-04
3.629001812613288358e+00 7.332928982075394590e-05
3.629239327457966180e+00 2.164137153213536535e-04
3.629476842302644002e+00 4.575312502360873385e-04
3.629714357147321380e+00 6.176632667266315161e-04
3.629951871991999202e+00 6.713068818063759515e-04
3.630189386836677023e+00 6.116456149585212422e-04
3.630426901681354845e+00 4.509903219280195241e-04
3.630664416526032667e+00 2.185659160068780882e-04
3.630901931370710489e+00 5.274930862893106572e-05
3.631139446215388311e+00 3.003805983762560905e-04
3.631376961060066133e+00 4.971589438457217798e-04
3.631614475904743955e+00 6.074350499901740291e-04
3.631851990749421777e+00 6.141842132248775737e-04
3.632089505594099599e+00 5.181155650511809572e-04
3.632327020438777421e+00 3.371842392715857558e-04
3.632564535283455243e+00 1.041503245586636062e-04
3.632802050128133065e+00 1.468486260529771063e-04
3.633039564972810886e+00 3.651787495572269616e-04
3.633277079817488264e+00 5.195766202748758420e-04
3.633514594662166086e+00 5.846805966812448517e-04
3.633752109506843908e+00 5.509431642308405428e-04
3.633989624351521730e+00 4.255504334557727564e-04
3.634227139196199552e+00 2.310344115175613983e-04
3.634464654040877374e+00 1.736367554508204191e-05
3.634702168885555196e+00 2.279775710340504785e-04
3.634939683730233018e+00 4.135114196087830282e-04
3.635177198574910840e+00 5.274204689705450306e-04
3.635414713419588661e+00 5.514710749710410864e-04
3.635652228264266483e+00 4.828397325014142233e-04
3.635889743108944305e+00 3.342880676170808477e-04
3.636127257953622127e+00 1.320523191008606326e-04
3.636364772798299949e+00 9.192123595732413068e-05
3.636602287642977771e+00 2.952595680499453252e-04
3.636839802487655149e+00 4.472631531893082337e-04
3.637077317332332971e+00 5.225281205850220790e-04
3.637314832177010793e+00 5.093123667780362655e-04
3.637552347021688615e+00 4.108669315236188947e-04
3.637789861866366437e+00 2.447159664506407114e-04
3.638027376711044258e+00 4.052833993231937630e-05
3.638264891555722080e+00 1.709354777292013475e-04
3.638502406400399902e+00 3.495476724678333908e-04
3.638739921245077724e+00 4.677475281404216067e-04
3.638977436089755546e+00 5.062466117774178055e-04
3.639214950934433368e+00 4.593933769442658374e-04
3.639452465779111190e+00 3.359101456756765735e-04
3.639689980623789012e+00 1.573183733874244277e-04
3.639927495468466834e+00 4.672285984690896943e-05
3.640165010313144656e+00 2.399480983621434904e-04
3.640402525157822033e+00 3.914816357703258722e-04
3.640640040002499855e+00 4.759070786604027042e-04
3.640877554847177677e+00 4.796358933635547477e-04
3.641115069691855499e+00 4.027472384841319767e-04
3.641352584536533321e+00 2.588453203539216188e-04
3.641590099381211143e+00 7.269814196115425859e-05
3.641827614225888965e+00 1.242954175142006637e-04
3.642065129070566787e+00 2.986701622152344751e-04
3.642302643915244609e+00 4.214745907038346118e-04
3.642540158759922431e+00 4.724624086258386144e-04
3.642777673604600253e+00 4.436107433591665291e-04
3.643015188449278075e+00 3.403612383960929219e-04
3.643252703293955896e+00 1.806075382127694372e-04
3.643490218138633718e+00 8.421644023122420083e-06
3.643727732983311540e+00 1.946795642939423948e-04
3.643965247827988918e+00 3.469351045970811434e-04
3.644202762672666740e+00 4.397930673702259434e-04
3.644440277517344562e+00 4.580256164995795019e-04
3.644677792362022384e+00 3.990437390018182571e-04
3.644915307206700206e+00 2.732561081384035466e-04
3.645152822051378028e+00 1.022781880815440853e-04
3.645390336896055850e+00 8.519200759830750178e-05
3.645627851740733671e+00 2.569394962965022410e-04
3.645865366585411493e+00 3.845185582909621601e-04
3.646102881430089315e+00 4.466374853715911718e-04
3.646340396274767137e+00 4.331886633155130717e-04
3.646577911119444959e+00 3.468424544619392561e-04
3.646815425964122781e+00 2.025554899612076341e-04
3.647052940808800603e+00 2.610947301023294485e-05
3.647290455653478425e+00 1.566828582626563133e-04
3.647527970498155803e+00 3.103869495053114590e-04
3.647765485342833625e+00 4.111679488988369898e-04
3.648003000187511446e+00 4.422131333572511345e-04
3.648240515032189268e+00 3.985933672540016071e-04
3.648478029876867090e+00 2.880115091725986331e-04
3.648715544721544912e+00 1.296139175471872572e-04
3.648953059566222734e+00 5.251261235193324032e-05
3.649190574410900556e+00 2.218864726050317929e-04
3.649428089255578378e+00 3.543364718427765648e-04
3.649665604100256200e+00 4.266534898142755475e-04
3.649903118944934022e+00 4.267911239662135832e-04
3.650140633789611844e+00 3.549881283418260822e-04
3.650378148634289666e+00 2.237178943301892638e-04
3.650615663478967488e+00 5.691936601680998162e-05
3.650853178323645309e+00 1.243061268999157587e-04
3.651090693168322687e+00 2.797627780578705418e-04
3.651328208013000509e+00 3.881290043979114751e-04
3.651565722857678331e+00 4.308195742473578727e-04
3.651803237702356153e+00 4.007603196193351811e-04
3.652040752547033975e+00 3.032781675684233626e-04
3.652278267391711797e+00 1.554305511540148639e-04
3.652515782236389619e+00 2.942645356779213594e-05
3.652753297081067441e+00 1.919216175639732748e-04
3.652990811925745263e+00 3.292762611743948109e-04
3.653228326770423084e+00 4.111743538608639411e-04
3.653465841615100906e+00 4.236323099761330987e-04
3.653703356459778728e+00 3.646723173343174819e-04
3.653940871304456550e+00 2.445862501695663022e-04
3.654178386149134372e+00 8.566170280403738436e-05
3.654415900993812194e+00 9.677802491000915542e-05
3.654653415838489572e+00 2.536872923605602392e-04
3.654890930683167394e+00 3.694375339282629511e-04
3.655128445527845216e+00 4.229951880654703265e-04
3.655365960372523038e+00 4.052223058896973107e-04
3.655603475217200860e+00 3.192846773030796437e-04
3.655840990061878681e+00 1.803894732897519913e-04
3.656078504906556503e+00 3.090665805785693630e-05
3.656316019751234325e+00 1.660300251053666324e-04
3.656553534595912147e+00 3.082329412345735978e-04
3.656791049440589969e+00 3.993458904365640070e-04
3.657028564285267791e+00 4.232690039985602609e-04
3.657266079129945613e+00 3.759237276260292654e-04
3.657503593974623435e+00 2.656179966597186780e-04
3.657741108819301257e+00 1.131191221870801142e-04
3.657978623663979079e+00 7.435436256593159609e-05
3.658216138508656456e+00 2.312306280988485872e-04
3.658453653353334278e+00 3.542753610907711402e-04
3.658691168198012100e+00 4.182312827773695279e-04
3.658928683042689922e+00 4.118671199136829928e-04
3.659166197887367744e+00 3.363140647327715442e-04
3.659403712732045566e+00 2.050845248406798582e-04
3.659641227576723388e+00 5.174353015989731537e-05
3.659878742421401210e+00 1.436190103011068320e-04
3.660116257266079032e+00 2.904561221669383752e-04
3.660353772110756854e+00 3.906328628234538212e-04
3.660591286955434676e+00 4.254945608580782985e-04
3.660828801800112497e+00 3.888914923250917058e-04
3.661066316644790319e+00 2.872688252683910882e-04
3.661303831489468141e+00 1.399763507002900324e-04
3.661541346334145963e+00 5.891922019245539067e-05
3.661778861178823341e+00 2.117631988737458525e-04
3.662016376023501163e+00 3.421079870702692935e-04
3.662253890868178985e+00 4.162604735715219519e-04
3.662491405712856807e+00 4.207454954410252664e-04
3.662728920557534629e+00 3.547134091481080162e-04
3.662966435402212451e+00 2.300809096722555922e-04
3.663203950246890273e+00 7.663924898052256927e-05
3.663441465091568094e+00 1.244604127465847785e-04
3.663678979936245916e+00 2.754379422066915322e-04
3.663916494780923738e+00 3.847297449117565143e-04
3.664154009625601560e+00 4.302880234623802837e-04
3.664391524470279382e+00 4.038393993733632855e-04
3.664629039314957204e+00 3.100269243174748573e-04
3.664866554159635026e+00 1.668634502099524666e-04
3.665104069004312848e+00 5.405361289915268001e-05
3.665341583848990226e+00 1.948704121359363364e-04
3.665579098693668048e+00 3.326070199085290444e-04
3.665816613538345869e+00 4.170073986173780385e-04
3.666054128383023691e+00 4.320576873662939428e-04
3.666291643227701513e+00 3.749160886731407022e-04
3.666529158072379335e+00 2.559596735606933793e-04
3.666766672917057157e+00 1.026257413310024860e-04
3.667004187761734979e+00 1.086977333172080295e-04
3.667241702606412801e+00 2.628467714179544279e-04
3.667479217451090623e+00 3.815154508299675100e-04
3.667716732295768445e+00 4.377982919191989223e-04
3.667954247140446267e+00 4.211609418696513497e-04
3.668191761985124089e+00 3.344527518543919525e-04
3.668429276829801911e+00 1.944109669786971779e-04
3.668666791674479732e+00 6.123785428847588054e-05
3.668904306519157110e+00 1.803022302744278313e-04
3.669141821363834932e+00 3.256090908766524276e-04
3.669379336208512754e+00 4.205733014529212596e-04
3.669616851053190576e+00 4.461658193359915718e-04
3.669854365897868398e+00 3.974780837681506649e-04
3.670091880742546220e+00 2.833672927623005940e-04
3.670329395587224042e+00 1.295289187220284501e-04
3.670566910431901864e+00 9.687781993959958900e-05
3.670804425276579686e+00 2.524892619238720240e-04
3.671041940121257507e+00 3.810389945451188873e-04
3.671279454965935329e+00 4.483566110723854700e-04
3.671516969810613151e+00 4.414155822800289500e-04
3.671754484655290973e+00 3.612305420966610537e-04
3.671991999499968795e+00 2.233070063220960941e-04
3.672229514344646617e+00 7.712431540303812114e-05
3.672467029189323995e+00 1.679436638335011773e-04
3.672704544034001817e+00 3.211012257915665021e-04
3.672942058878679639e+00 4.272496453116041083e-04
3.673179573723357461e+00 4.636329347950454705e-04
3.673417088568035282e+00 4.231345139773221064e-04
3.673654603412713104e+00 3.130774085668154008e-04
3.673892118257390926e+00 1.577624998301722448e-04
3.674129633102068748e+00 8.990114997343656125e-05
3.674367147946746570e+00 2.442925599533713886e-04
3.674604662791424392e+00 3.835331710612425657e-04
3.674842177636102214e+00 4.625198401386819251e-04
3.675079692480780036e+00 4.653934371425249585e-04
3.675317207325457858e+00 3.912415726370178991e-04
3.675554722170135680e+00 2.543654886151359225e-04
3.675792237014813502e+00 9.813346177072691172e-05
3.676029751859490879e+00 1.577974230724543691e-04
3.676267266704168701e+00 3.192310796410342800e-04
3.676504781548846523e+00 4.375651777777032599e-04
3.676742296393524345e+00 4.852981865961528639e-04
3.676979811238202167e+00 4.528889899380824941e-04
3.677217326082879989e+00 3.460769409662045430e-04
3.677454840927557811e+00 1.880063687212834612e-04
3.677692355772235633e+00 8.871853891468632766e-05
3.677929870616913455e+00 2.383048284854693026e-04
3.678167385461591277e+00 3.894624874124639384e-04
3.678404900306269099e+00 4.811570374754991727e-04
3.678642415150946920e+00 4.942249232752839476e-04
3.678879929995624742e+00 4.256764319832786244e-04
3.679117444840302564e+00 2.886199570358712833e-04
3.679354959684980386e+00 1.227095634283391747e-04
3.679592474529657764e+00 1.499720303728649287e-04
3.679829989374335586e+00 3.203490865969179963e-04
3.680067504219013408e+00 4.523825183153312810e-04
3.680305019063691230e+00 5.124102117703007667e-04
3.680542533908369052e+00 4.881598111935193116e-04
3.680780048753046874e+00 3.836976315198613167e-04
3.681017563597724696e+00 2.212018442386635140e-04
3.681255078442402517e+00 9.381067515626757478e-05
3.681492593287080339e+00 2.347191382599549310e-04
3.681730108131758161e+00 3.996247285999856907e-04
3.681967622976435983e+00 5.056083457489677063e-04
3.682205137821113805e+00 5.295688634328318605e-04
3.682442652665791627e+00 4.662180678989378971e-04
3.682680167510469449e+00 3.274667380489449829e-04
3.682917682355147271e+00 1.506575576869238807e-04
3.683155197199824649e+00 1.446695523601968273e-04
3.683392712044502471e+00 3.251036402454149875e-04
3.683630226889180292e+00 4.730812956932720927e-04
3.683867741733858114e+00 5.468648678388720414e-04
3.684105256578535936e+00 5.310301703121667570e-04
3.684342771423213758e+00 4.278320473322195301e-04
3.684580286267891580e+00 2.586593251011036487e-04
3.684817801112569402e+00 1.049616377994064828e-04
3.685055315957247224e+00 2.339381762674777414e-04
3.685292830801925046e+00 4.153514917510173492e-04
3.685530345646602868e+00 5.379786682940930704e-04
3.685767860491280690e+00 5.739479150188463901e-04
3.686005375335958512e+00 5.153582309664451284e-04
3.686242890180636333e+00 3.729012967690445326e-04
3.686480405025314155e+00 1.825819135433624503e-04
3.686717919869991533e+00 1.421689821076581903e-04
3.686955434714669355e+00 3.346408940508872323e-04
3.687192949559347177e+00 5.019104541257793503e-04
3.687430464404024999e+00 5.916462560516925779e-04
3.687667979248702821e+00 5.847001830073155285e-04
3.687905494093380643e+00 4.813119019995872180e-04
3.688143008938058465e+00 3.022733796992271220e-04
3.688380523782736287e+00 1.216258399774533311e-04
3.688618038627414109e+00 2.367273016350322984e-04
3.688855553472091930e+00 4.389136217852040306e-04
3.689093068316769752e+00 5.817059910572643187e-04
3.689330583161447574e+00 6.313811769965702644e-04
3.689568098006125396e+00 5.769795255954991231e-04
3.689805612850803218e+00 4.279351282935142686e-04
3.690043127695481040e+00 2.197483630295582891e-04
3.690280642540158418e+00 1.428081049658567450e-04
3.690518157384836240e+00 3.510382223771324104e-04
3.690755672229514062e+00 5.427042945409226576e-04
3.690993187074191884e+00 6.516973539684162283e-04
3.691230701918869705e+00 6.543587644727106786e-04
3.691468216763547527e+00 5.486154935900769240e-04
3.691705731608225349e+00 3.549105829726776750e-04
3.691943246452903171e+00 1.434060454156815530e-04
3.692180761297580993e+00 2.445904404061155892e-04
3.692418276142258815e+00 4.743973221682032935e-04
3.692655790986936637e+00 6.427427741718347862e-04
3.692893305831614459e+00 7.086673348566156988e-04
3.693130820676292281e+00 6.575048579433019581e-04
3.693368335520970103e+00 4.973784548908098419e-04
3.693605850365647925e+00 2.641924994502350835e-04
3.693843365210325302e+00 1.469907799260046391e-04
3.694080880055003124e+00 3.783241761179283245e-04
3.694318394899680946e+00 6.024650729109863297e-04
3.694555909744358768e+00 7.357882327874828900e-04
3.694793424589036590e+00 7.490062506997399163e-04
3.695030939433714412e+00 6.372894057697148966e-04
3.695268454278392234e+00 4.211106677145424961e-04
3.695505969123070056e+00 1.701087679422286388e-04
3.695743483967747878e+00 2.607954041862240130e-04
3.695980998812425700e+00 5.297953449662024189e-04
3.696218513657103522e+00 7.322626964800674296e-04
3.696456028501781343e+00 8.182416505882032527e-04
3.696693543346459165e+00 7.683682228523932905e-04
3.696931058191136987e+00 5.893992661400435963e-04
3.697168573035814809e+00 3.189128246584339594e-04
3.697406087880492187e+00 1.553755111599477523e-04
3.697643602725170009e+00 4.251840414548668291e-04
3.697881117569847831e+00 6.952873972870020694e-04
3.698118632414525653e+00 8.609896105257530468e-04
3.698356147259203475e+00 8.856681057413263308e-04
3.698593662103881297e+00 7.610420084767690599e-04
3.698831176948559119e+00 5.083053404317690576e-04
3.699068691793236940e+00 2.008446046005700925e-04
3.699306206637914762e+00 2.936372097402692818e-04
3.699543721482592584e+00 6.227359809455771745e-04
3.699781236327270406e+00 8.737287823076397234e-04
3.700018751171948228e+00 9.853526791081400511e-04
3.700256266016626050e+00 9.318877391200855063e-04
3.700493780861303872e+00 7.187309283903939652e-04
3.700731295705981694e+00 3.874046651222648745e-04
3.700968810550659072e+00 1.704706942131044409e-04
3.701206325395336894e+00 5.134425803282968324e-04
3.701443840240014715e+00 8.537579498529734206e-04
3.701681355084692537e+00 1.065069748534353726e-03
3.701918869929370359e+00 1.100432691499909563e-03
3.702156384774048181e+00 9.469540367729569266e-04
3.702393899618726003e+00 6.281105761180603509e-04
3.702631414463403825e+00 2.292971422047955434e-04
3.702868929308081647e+00 3.692314416071039418e-04
3.703106444152759469e+00 7.995443987375278191e-04
3.703343958997437291e+00 1.124974281529106824e-03
3.703581473842115113e+00 1.269102913373408191e-03
3.703818988686792935e+00 1.196671578318705053e-03
3.704056503531470756e+00 9.121473710032813528e-04
3.704294018376148578e+00 4.664359129859397949e-04
3.704531533220825956e+00 2.125022978604012127e-04
3.704769048065503778e+00 7.119041008387736033e-04
3.705006562910181600e+00 1.170355337984486845e-03
3.705244077754859422e+00 1.448087818501265275e-03
3.705481592599537244e+00 1.481215571819552565e-03
3.705719107444215066e+00 1.250294539110028205e-03
3.705956622288892888e+00 7.860672562617486859e-04
3.706194137133570710e+00 2.176986748654973359e-04
3.706431651978248532e+00 5.982532728017722536e-04
3.706669166822926353e+00 1.219220201266468361e-03
3.706906681667604175e+00 1.665353682881206285e-03
3.707144196512281997e+00 1.833345705714445328e-03
3.707381711356959819e+00 1.671376022366703566e-03
3.707619226201637641e+00 1.187331231956237224e-03
3.707856741046315463e+00 4.641736397063695981e-04
3.708094255890992841e+00 4.892326836971941633e-04
3.708331770735670663e+00 1.328970950240058796e-03
3.708569285580348485e+00 1.999425332905759804e-03
3.708806800425026307e+00 2.340822105565651054e-03
3.709044315269704128e+00 2.261197418638822339e-03
3.709281830114381950e+00 1.752487621115525387e-03
3.709519344959059772e+00 9.114136854539601085e-04
3.709756859803737594e+00 2.091479868449645460e-04
3.709994374648415416e+00 9.595195171282976890e-04
3.710231889493093238e+00 1.285142493683794985e-03
3.710469404337771060e+00 7.157147358685242086e-04
3.710706919182448882e+00 1.132840572479917830e-03
3.710944434027126704e+00 4.546458081862899889e-03
3.711181948871804526e+00 9.714639154525065226e-03
3.711419463716482348e+00 1.665789206577088233e-02
3.711656978561159725e+00 2.521610860237819690e-02
3.711894493405837547e+00 3.504454073734809827e-02
3.712132008250515369e+00 4.563219312385750903e-02
3.712369523095193191e+00 5.634076653276223062e-02
3.712607037939871013e+00 6.646041789428043522e-02
3.712844552784548835e+00 7.527639020492965516e-02
3.713082067629226657e+00 8.213903127356120271e-02
3.713319582473904479e+00 8.652911456120501721e-02
3.713557097318582301e+00 8.811079675031689706e-02
3.713794612163260123e+00 8.676595182532061135e-02
3.714032127007937945e+00 8.260583278468559831e-02
3.714269641852615766e+00 7.595874225730124552e-02
3.714507156697293588e+00 6.733528472573577228e-02
3.714744671541971410e+00 5.737544749837066721e-02
3.714982186386649232e+00 4.678386821069706325e-02
3.715219701231326610e+00 3.626092565333379619e-02
3.715457216076004432e+00 2.643758555834480398e-02
3.715694730920682254e+00 1.782122695148186803e-02
3.715932245765360076e+00 1.075809368365782288e-02
3.716169760610037898e+00 5.415861301229803366e-03
3.716407275454715720e+00 1.788410149416525636e-03
3.716644790299393541e+00 3.299663960809595935e-04
3.716882305144071363e+00 1.117427248894750560e-03
3.717119819988749185e+00 1.007349431162919652e-03
3.717357334833427007e+00 3.759009657741574535e-04
3.717594849678104829e+00 5.866938866430387216e-04
3.717832364522782651e+00 1.368938763757232904e-03
3.718069879367460473e+00 1.896148441120513225e-03
3.718307394212138295e+00 2.056350366381065435e-03
3.718544909056816117e+00 1.841092118518134878e-03
3.718782423901493495e+00 1.320760599915442009e-03
3.719019938746171317e+00 6.273020616682239590e-04
3.719257453590849138e+00 2.718946380578652331e-04
3.719494968435526960e+00 8.609506368939522656e-04
3.719732483280204782e+00 1.315178683728279686e-03
3.719969998124882604e+00 1.510637492567202742e-03
3.720207512969560426e+00 1.430936502014424228e-03
3.720445027814238248e+00 1.113671292554143342e-03
3.720682542658916070e+00 6.432763400114137982e-04
3.720920057503593892e+00 2.398444286161291233e-04
3.721157572348271714e+00 5.427129729159156819e-04
3.721395087192949536e+00 9.251857544601336083e-04
3.721632602037627358e+00 1.142933960866531796e-03
3.721870116882305179e+00 1.158453877108366449e-03
3.722107631726983001e+00 9.827626282150508149e-04
3.722345146571660379e+00 6.664824734979120282e-04
3.722582661416338201e+00 3.228362622816723028e-04
3.722820176261016023e+00 3.443062729142629726e-04
3.723057691105693845e+00 6.443836813472365518e-04
3.723295205950371667e+00 8.679189342539033727e-04
3.723532720795049489e+00 9.463974012970951350e-04
3.723770235639727311e+00 8.711144875037114257e-04
3.724007750484405133e+00 6.688951813232752678e-04
3.724245265329082955e+00 4.072087720180541347e-04
3.724482780173760776e+00 2.775829192725348974e-04
3.724720295018438598e+00 4.517140276595932899e-04
3.724957809863116420e+00 6.564386239009350034e-04
3.725195324707794242e+00 7.694397867245282054e-04
3.725432839552472064e+00 7.633494703687284224e-04
3.725670354397149886e+00 6.471093134777374618e-04
3.725907869241827264e+00 4.616654608122318978e-04
3.726145384086505086e+00 3.055713192267925479e-04
3.726382898931182908e+00 3.446970340678348534e-04
3.726620413775860730e+00 5.003338819765567247e-04
3.726857928620538551e+00 6.213078535991328711e-04
3.727095443465216373e+00 6.580311126477124493e-04
3.727332958309894195e+00 6.046665613435174731e-04
3.727570473154572017e+00 4.840961679449192509e-04
3.727807987999249839e+00 3.536516350713327810e-04
3.728045502843927661e+00 3.165148544040689784e-04
3.728283017688605483e+00 4.016074416960801075e-04
3.728520532533283305e+00 5.050377930910118730e-04
3.728758047377961127e+00 5.601475707830204463e-04
3.728995562222638949e+00 5.481304827880161337e-04
3.729233077067316771e+00 4.786564223614636127e-04
3.729470591911994148e+00 3.867604575680232289e-04
3.729708106756671970e+00 3.330396498839656330e-04
3.729945621601349792e+00 3.600626905469182272e-04
3.730183136446027614e+00 4.279009865107665693e-04
3.730420651290705436e+00 4.787684803268341550e-04
3.730658166135383258e+00 4.865192266133154422e-04
3.730895680980061080e+00 4.519121924873797740e-04
3.731133195824738902e+00 3.965482468264911430e-04
3.731370710669416724e+00 3.567150239423267613e-04
3.731608225514094546e+00 3.599315402111073130e-04
3.731845740358772368e+00 3.939412245647469263e-04
3.732083255203450189e+00 4.249680594077568318e-04
3.732320770048128011e+00 4.316563591477657149e-04
3.732558284892805833e+00 4.128191605211857865e-04
3.732795799737483655e+00 3.839515878539787627e-04
3.733033314582161033e+00 3.677778946337038283e-04
3.733270829426838855e+00 3.754719910854421188e-04
3.733508344271516677e+00 3.951849410073042805e-04
3.733745859116194499e+00 4.062367255636087924e-04
3.733983373960872321e+00 3.974395652484149426e-04
3.734220888805550143e+00 3.738255852592396104e-04
3.734458403650227964e+00 3.546121870344600487e-04
3.734695918494905786e+00 3.593604245161173289e-04
3.734933433339583608e+00 3.864279462123924608e-04
3.735170948184261430e+00 4.136041751161974550e-04
3.735408463028939252e+00 4.190722259240584210e-04
3.735645977873617074e+00 3.947429818188864553e-04
3.735883492718294896e+00 3.512522967247043004e-04
3.736121007562972718e+00 3.192434343998318941e-04
3.736358522407650540e+00 3.315081887605352494e-04
3.736596037252327918e+00 3.816574958780569681e-04
3.736833552097005740e+00 4.315875376401873478e-04
3.737071066941683561e+00 4.498205937227862396e-04
3.737308581786361383e+00 4.234539683225520376e-04
3.737546096631039205e+00 3.603632244282765191e-04
3.737783611475717027e+00 2.957406661682488304e-04
3.738021126320394849e+00 2.900281878015576256e-04
3.738258641165072671e+00 3.563816241844798343e-04
3.738496156009750493e+00 4.369692991064741774e-04
3.738733670854428315e+00 4.830929174612453377e-04
3.738971185699106137e+00 4.724455606249121560e-04
3.739208700543783959e+00 4.047801891015093915e-04
3.739446215388461781e+00 3.063017269279939619e-04
3.739683730233139602e+00 2.500278269988452152e-04
3.739921245077817424e+00 3.104063602295518585e-04
3.740158759922494802e+00 4.223988428453279717e-04
3.740396274767172624e+00 5.068331081985839263e-04
3.740633789611850446e+00 5.276782628493387152e-04
3.740871304456528268e+00 4.747613098689917703e-04
3.741108819301206090e+00 3.613720230259818869e-04
3.741346334145883912e+00 2.416127627505068153e-04
3.741583848990561734e+00 2.496402689718835318e-04
3.741821363835239556e+00 3.838241565960373016e-04
3.742058878679917377e+00 5.125831940814619967e-04
3.742296393524595199e+00 5.774430676276622260e-04
3.742533908369273021e+00 5.566939597837837310e-04
3.742771423213950843e+00 4.519021807733451432e-04
3.743008938058628665e+00 2.932680281801467587e-04
3.743246452903306487e+00 1.963352267761083456e-04
3.743483967747984309e+00 3.199518937814325049e-04
3.743721482592661687e+00 4.943898957185093729e-04
3.743958997437339509e+00 6.129541028025227607e-04
3.744196512282017331e+00 6.392360954588856455e-04
3.744434027126695153e+00 5.632304567731186368e-04
3.744671541971372974e+00 3.992695917839003141e-04
3.744909056816050796e+00 2.072656928013517301e-04
3.745146571660728618e+00 2.344596008890669782e-04
3.745384086505406440e+00 4.478996095165893566e-04
3.745621601350084262e+00 6.275104367582402115e-04
3.745859116194762084e+00 7.139604074531580476e-04
3.746096631039439906e+00 6.842509150628985721e-04
3.746334145884117728e+00 5.400257610158039432e-04
3.746571660728795550e+00 3.119994184919892507e-04
3.746809175573473372e+00 1.542334759990298093e-04
3.747046690418151194e+00 3.699328233285106285e-04
3.747284205262828571e+00 6.157110130113727011e-04
3.747521720107506393e+00 7.746126294847062660e-04
3.747759234952184215e+00 8.078592858894696142e-04
3.747996749796862037e+00 7.036443144108583654e-04
3.748234264641539859e+00 4.774404904502817151e-04
3.748471779486217681e+00 1.895287967933122165e-04
3.748709294330895503e+00 2.593741336185125630e-04
3.748946809175573325e+00 5.729255264748084721e-04
3.749184324020251147e+00 8.166680940860801758e-04
3.749421838864928969e+00 9.302011593127260634e-04
3.749659353709606791e+00 8.857191009896576983e-04
3.749896868554284612e+00 6.845432922608955199e-04
3.750134383398962434e+00 3.606242757162102068e-04
3.750371898243640256e+00 1.315501385959622614e-04
3.750609413088318078e+00 4.950151743924928677e-04
3.750846927932995456e+00 8.375703487954408184e-04
3.751084442777673278e+00 1.051168940218219364e-03
3.751321957622351100e+00 1.088172576116087443e-03
3.751559472467028922e+00 9.326497407970152234e-04
3.751796987311706744e+00 6.038026185776458827e-04
3.752034502156384566e+00 1.694593955886669178e-04
3.752272017001062387e+00 3.786448448983064578e-04
3.752509531845740209e+00 8.383426645628612884e-04
3.752747046690418031e+00 1.177275507416412686e-03
3.752984561535095853e+00 1.322148671033091492e-03
3.753222076379773675e+00 1.234255905672878781e-03
3.753459591224451497e+00 9.154334672045616071e-04
3.753697106069129319e+00 4.120571871140432966e-04
3.753934620913807141e+00 2.244226412102025834e-04
3.754172135758484963e+00 8.293473058123331659e-04
3.754409650603162341e+00 1.330408622107316771e-03
3.754647165447840162e+00 1.617829779443978209e-03
3.754884680292517984e+00 1.621105262568485906e-03
3.755122195137195806e+00 1.317477655207411171e-03
3.755359709981873628e+00 7.402324406909939611e-04
3.755597224826551450e+00 6.690881649005262866e-05
3.755834739671229272e+00 8.525988460735231837e-04
3.756072254515907094e+00 1.577688722569451371e-03
3.756309769360584916e+00 2.058280786450772566e-03
3.756547284205262738e+00 2.180067537755853678e-03
3.756784799049940560e+00 1.893255276327639527e-03
3.757022313894618382e+00 1.235130572767744340e-03
3.757259828739296204e+00 3.437497047126443234e-04
3.757497343583974025e+00 5.559387394181266239e-04
3.757734858428651847e+00 1.135293243084276342e-03
3.757972373273329225e+00 1.035377185033419661e-03
3.758209888118007047e+00 1.325867636895179766e-04
3.758447402962684869e+00 2.665145762836941892e-03
3.758684917807362691e+00 6.840602623384040015e-03
3.758922432652040513e+00 1.275783615188010554e-02
3.759159947496718335e+00 2.036009874197095698e-02
3.759397462341396157e+00 2.941022079480794943e-02
3.759634977186073979e+00 3.949607007510233525e-02
3.759872492030751800e+00 5.005697143088565226e-02
3.760110006875429622e+00 6.042899051751482453e-02
3.760347521720107444e+00 6.990458530787030389e-02
3.760585036564785266e+00 7.780016307479274695e-02
3.760822551409463088e+00 8.352388974726045190e-02
3.761060066254140910e+00 8.663586467576918360e-02
3.761297581098818732e+00 8.689354586697180249e-02
3.761535095943496110e+00 8.427700076426077047e-02
3.761772610788173932e+00 7.899095235019919226e-02
3.762010125632851754e+00 7.144337978759050800e-02
3.762247640477529576e+00 6.220325284634892204e-02
3.762485155322207397e+00 5.194246176053016195e-02
3.762722670166885219e+00 4.136882729613394760e-02
3.762960185011563041e+00 3.115800867500221824e-02
3.763197699856240863e+00 2.189206027644720678e-02
3.763435214700918685e+00 1.401134792844603918e-02
3.763672729545596507e+00 7.784678619165282150e-03
3.763910244390274329e+00 3.300088239585940129e-03
3.764147759234952151e+00 4.761732596107899878e-04
3.764385274079629973e+00 9.094820725656576699e-04
3.764622788924307795e+00 1.176835491461772527e-03
3.764860303768985617e+00 6.961961377625040413e-04
3.765097818613662994e+00 1.658814171986559317e-04
3.765335333458340816e+00 1.074866327844038868e-03
3.765572848303018638e+00 1.787711119045753061e-03
3.765810363147696460e+00 2.148320944336509167e-03
3.766047877992374282e+00 2.101874695678409080e-03
3.766285392837052104e+00 1.683253812840170829e-03
3.766522907681729926e+00 9.959159934179997661e-04
3.766760422526407748e+00 1.843060630760606983e-04
3.766997937371085570e+00 6.003093954384641339e-04
3.767235452215763392e+00 1.219007576291846308e-03
3.767472967060441214e+00 1.577334922020240436e-03
3.767710481905119035e+00 1.632096451103859543e-03
3.767947996749796857e+00 1.395795312771068832e-03
3.768185511594474679e+00 9.299615752613657601e-04
3.768423026439152501e+00 3.309835707356349396e-04
3.768660541283829879e+00 2.890376823516731209e-04
3.768898056128507701e+00 8.214049331677583145e-04
3.769135570973185523e+00 1.180110939267240431e-03
3.769373085817863345e+00 1.313898196540031838e-03
3.769610600662541167e+00 1.212948026276263001e-03
3.769848115507218989e+00 9.079192487271056222e-04
3.770085630351896810e+00 4.623527258235127506e-04
3.770323145196574632e+00 4.011195317840135049e-05
3.770560660041252454e+00 5.101593563479423030e-04
3.770798174885930276e+00 8.695536011469666383e-04
3.771035689730608098e+00 1.062358877620884177e-03
3.771273204575285920e+00 1.063819481874088944e-03
3.771510719419963742e+00 8.828233811362003192e-04
3.771748234264641564e+00 5.587559274320113688e-04
3.771985749109319386e+00 1.536828652868078187e-04
3.772223263953996764e+00 2.614354177231113297e-04
3.772460778798674585e+00 6.132399051365883084e-04
3.772698293643352407e+00 8.457815427808390314e-04
3.772935808488030229e+00 9.243867375695281538e-04
3.773173323332708051e+00 8.420216505715221985e-04
3.773410838177385873e+00 6.192387212162148245e-04
3.773648353022063695e+00 2.997582905575502544e-04
3.773885867866741517e+00 6.417391702214959187e-05
3.774123382711419339e+00 3.958378198917382809e-04
3.774360897556097161e+00 6.511557709948575254e-04
3.774598412400774983e+00 7.865300800152233082e-04
3.774835927245452805e+00 7.832027800741805847e-04
3.775073442090130627e+00 6.467243545618954655e-04
3.775310956934808448e+00 4.051937171068005711e-04
3.775548471779486270e+00 1.062486333628889264e-04
3.775785986624163648e+00 2.110224383698622200e-04
3.776023501468841470e+00 4.737992646196434801e-04
3.776261016313519292e+00 6.486332267876180040e-04
3.776498531158197114e+00 7.078469502150237834e-04
3.776736046002874936e+00 6.450312918978487855e-04
3.776973560847552758e+00 4.748976901278284773e-04
3.777211075692230580e+00 2.308684845762867159e-04
3.777448590536908402e+00 6.475741218765404799e-05
3.777686105381586223e+00 3.131492266602425834e-04
3.777923620226264045e+00 5.120347020605278470e-04
3.778161135070941867e+00 6.190662707727318578e-04
3.778398649915619689e+00 6.182739277862686232e-04
3.778636164760297511e+00 5.129764075228817081e-04
3.778873679604975333e+00 3.247422956025216158e-04
3.779111194449653155e+00 9.589140736861444811e-05
3.779348709294330533e+00 1.719620448233555353e-04
3.779586224139008355e+00 3.796000123964973598e-04
3.779823738983686177e+00 5.207868262671061380e-04
3.780061253828363999e+00 5.707707464474258549e-04
3.780298768673041820e+00 5.232578772144868759e-04
3.780536283517719642e+00 3.893145490068200738e-04
3.780773798362397464e+00 1.966819676596693895e-04
3.781011313207075286e+00 6.896999421280283402e-05
3.781248828051753108e+00 2.554096577363061823e-04
3.781486342896430930e+00 4.174178611377575695e-04
3.781723857741108752e+00 5.070417950842730096e-04
3.781961372585786574e+00 5.096040175780557459e-04
3.782198887430464396e+00 4.269083771808726210e-04
3.782436402275142218e+00 2.765175387837593020e-04
3.782673917119820040e+00 9.912699013812319691e-05
3.782911431964497417e+00 1.466281927241427354e-04
3.783148946809175239e+00 3.138284718135137593e-04
3.783386461653853061e+00 4.318184392898792036e-04
3.783623976498530883e+00 4.760727623057501722e-04
3.783861491343208705e+00 4.401932271148523883e-04
3.784099006187886527e+00 3.328793505994033053e-04
3.784336521032564349e+00 1.787559801170964294e-04
3.784574035877242171e+00 7.958044356887858839e-05
3.784811550721919993e+00 2.159416779238427792e-04
3.785049065566597815e+00 3.500994735833021145e-04
3.785286580411275636e+00 4.269935404850541964e-04
3.785524095255953458e+00 4.322466490719977634e-04
3.785761610100631280e+00 3.666078009666548401e-04
3.785999124945309102e+00 2.451589571322923544e-04
3.786236639789986924e+00 1.077615506329255814e-04
3.786474154634664746e+00 1.338970249893703640e-04
3.786711669479342124e+00 2.674067953488114767e-04
3.786949184324019946e+00 3.670168369413499485e-04
3.787186699168697768e+00 4.065983691125113204e-04
3.787424214013375590e+00 3.794980672296001194e-04
3.787661728858053412e+00 2.928779542467531568e-04
3.787899243702731233e+00 1.696929756839100900e-04
3.788136758547409055e+00 9.415140108985242554e-05
3.788374273392086877e+00 1.907527171369429071e-04
3.788611788236764699e+00 3.012249866464090518e-04
3.788849303081442521e+00 3.672485219412340799e-04
3.789086817926120343e+00 3.740615034493518913e-04
3.789324332770798165e+00 3.216834089384776611e-04
3.789561847615475987e+00 2.237135190047538104e-04
3.789799362460153809e+00 1.187207927643422925e-04
3.790036877304831631e+00 1.318560138136794680e-04
3.790274392149509008e+00 2.354852967995997755e-04
3.790511906994186830e+00 3.187001816581219163e-04
3.790749421838864652e+00 3.534695824914925130e-04
3.790986936683542474e+00 3.328223138846815718e-04
3.791224451528220296e+00 2.629866961962295645e-04
3.791461966372898118e+00 1.659868753545353773e-04
3.791699481217575940e+00 1.106893365305632195e-04
3.791936996062253762e+00 1.774297306621040065e-04
3.792174510906931584e+00 2.660774735905416548e-04
3.792412025751609406e+00 3.215316430725401057e-04
3.792649540596287228e+00 3.285015635466024815e-04
3.792887055440965050e+00 2.865862915049126802e-04
3.793124570285642871e+00 2.085971372018423440e-04
3.793362085130320693e+00 1.308511940292187152e-04
3.793599599974998515e+00 1.380612792209331096e-04
3.793837114819675893e+00 2.154299672421851634e-04
3.794074629664353715e+00 2.827048580026589883e-04
3.794312144509031537e+00 3.117509212073826894e-04
3.794549659353709359e+00 2.954761902590974051e-04
3.794787174198387181e+00 2.397064233959111165e-04
3.795024689043065003e+00 1.657885847573364305e-04
3.795262203887742825e+00 1.282887099312594523e-04
3.795499718732420646e+00 1.741523778789465129e-04
3.795737233577098468e+00 2.421441169248166080e-04
3.795974748421776290e+00 2.863605367906358018e-04
3.796212263266454112e+00 2.917911667723914818e-04
3.796449778111131934e+00 2.580789629493303186e-04
3.796687292955809756e+00 1.977814875601315459e-04
3.796924807800487578e+00 1.437612805181469951e-04
3.797162322645165400e+00 1.501647233571613545e-04
3.797399837489842778e+00 2.056864478351045939e-04
3.797637352334520600e+00 2.568166364233286851e-04
3.797874867179198421e+00 2.786223183325094578e-04
3.798112382023876243e+00 2.646439465923742075e-04
3.798349896868554065e+00 2.209363189752381500e-04
3.798587411713231887e+00 1.680689502319246984e-04
3.798824926557909709e+00 1.466955604981056284e-04
3.799062441402587531e+00 1.792298542365720101e-04
3.799299956247265353e+00 2.281130409379640404e-04
3.799537471091943175e+00 2.598711900284615055e-04
3.799774985936620997e+00 2.616879666821023977e-04
3.800012500781298819e+00 2.341374901396492294e-04
3.800250015625976641e+00 1.900421490893809988e-04
3.800487530470654463e+00 1.573991093096023736e-04
3.800725045315332284e+00 1.664818542451495056e-04
3.800962560160009662e+00 2.051230677605002080e-04
3.801200075004687484e+00 2.399782502846501135e-04
3.801437589849365306e+00 2.525422947171039340e-04
3.801675104694043128e+00 2.385653513624153357e-04
3.801912619538720950e+00 2.053302926761233144e-04
3.802150134383398772e+00 1.722602330022586893e-04
3.802387649228076594e+00 1.659983912061938419e-04
3.802625164072754416e+00 1.911386074998883242e-04
3.802862678917432238e+00 2.232730049813457006e-04
3.803100193762110059e+00 2.412375173146931928e-04
3.803337708606787881e+00 2.369039891672523716e-04
3.803575223451465703e+00 2.134247779581171242e-04
3.803812738296143525e+00 1.846136375317022915e-04
3.804050253140821347e+00 1.718996714925194816e-04
3.804287767985499169e+00 1.860997553672125268e-04
3.804525282830176547e+00 2.127535374399579487e-04
3.804762797674854369e+00 2.318163662894784350e-04
3.805000312519532191e+00 2.328483716503666138e-04
3.805237827364210013e+00 2.161380624960617888e-04
3.805475342208887835e+00 1.919783686121174029e-04
3.805712857053565656e+00 1.780901704756653742e-04
3.805950371898243478e+00 1.864965945721333064e-04
3.806187886742921300e+00 2.087545481580204809e-04
3.806425401587599122e+00 2.271592027103660691e-04
3.806662916432276944e+00 2.303407425654511250e-04
3.806900431276954766e+00 2.168393899174237630e-04
3.807137946121632588e+00 1.950186248135359068e-04
3.807375460966310410e+00 1.810211700437332856e-04
3.807612975810988232e+00 1.875401082155395670e-04
3.807850490655666054e+00 2.087421675391394778e-04
3.808088005500343431e+00 2.277684578600925507e-04
3.808325520345021253e+00 2.323199374050161417e-04
3.808563035189699075e+00 2.195589962215723455e-04
3.808800550034376897e+00 1.967302261730353736e-04
3.809038064879054719e+00 1.802373008626114380e-04
3.809275579723732541e+00 1.855082167860480971e-04
3.809513094568410363e+00 2.086703025405316821e-04
3.809750609413088185e+00 2.315113189091791478e-04
3.809988124257766007e+00 2.394366770802681705e-04
3.810225639102443829e+00 2.275338028501529004e-04
3.810463153947121651e+00 2.014839108281185165e-04
3.810700668791799473e+00 1.782657840636057230e-04
3.810938183636477294e+00 1.789998867216545701e-04
3.811175698481155116e+00 2.047493581938304187e-04
3.811413213325832938e+00 2.346386415015337364e-04
3.811650728170510316e+00 2.497182818967873903e-04
3.811888243015188138e+00 2.416570157541847073e-04
3.812125757859865960e+00 2.132526243395587145e-04
3.812363272704543782e+00 1.801205554449779929e-04
3.812600787549221604e+00 1.696361816873779248e-04
3.812838302393899426e+00 1.946678874768818714e-04
3.813075817238577248e+00 2.332138610706958025e-04
3.813313332083255069e+00 2.594561474624864804e-04
3.813550846927932891e+00 2.600007726873047962e-04
3.813788361772610713e+00 2.334593617520673364e-04
3.814025876617288535e+00 1.914100139287014662e-04
3.814263391461966357e+00 1.627073207337447109e-04
3.814500906306644179e+00 1.784669581474797957e-04
3.814738421151322001e+00 2.241610588681983314e-04
3.814975935995999823e+00 2.644876036536629622e-04
3.815213450840677201e+00 2.787111799114868130e-04
3.815450965685355023e+00 2.601796198922280744e-04
3.815688480530032844e+00 2.149535503921582954e-04
3.815925995374710666e+00 1.665387395489107282e-04
3.816163510219388488e+00 1.598243805858132508e-04
3.816401025064066310e+00 2.059581069698507381e-04
3.816638539908744132e+00 2.611302984606765176e-04
3.816876054753421954e+00 2.933003545739760022e-04
3.817113569598099776e+00 2.892162698258895679e-04
3.817351084442777598e+00 2.489769333660930015e-04
3.817588599287455420e+00 1.877917064188906466e-04
3.817826114132133242e+00 1.480556400018492782e-04
3.818063628976811064e+00 1.795392912915576235e-04
3.818301143821488886e+00 2.467229690113218669e-04
3.818538658666166707e+00 2.995394366824370973e-04
3.818776173510844085e+00 3.156115937216195412e-04
3.819013688355521907e+00 2.886366497203923342e-04
3.819251203200199729e+00 2.260283893723913427e-04
3.819488718044877551e+00 1.567984586452928722e-04
3.819726232889555373e+00 1.505499334639411925e-04
3.819963747734233195e+00 2.200989275019882231e-04
3.820201262578911017e+00 2.939155446043869311e-04
3.820438777423588839e+00 3.345691527028200082e-04
3.820676292268266661e+00 3.282412107929434338e-04
3.820913807112944482e+00 2.753001219359830901e-04
3.821151321957622304e+00 1.923810453357406819e-04
3.821388836802300126e+00 1.342270065837909406e-04
3.821626351646977948e+00 1.826129435336882928e-04
3.821863866491655770e+00 2.739058070671823047e-04
3.822101381336333592e+00 3.418433217593961856e-04
3.822338896181010970e+00 3.623319849048384288e-04
3.822576411025688792e+00 3.285787273738246888e-04
3.822813925870366614e+00 2.482085977674876689e-04
3.823051440715044436e+00 1.524889573388466457e-04
3.823288955559722258e+00 1.416738576431790606e-04
3.823526470404400079e+00 2.383514327350635844e-04
3.823763985249077901e+00 3.339100827636510009e-04
3.824001500093755723e+00 3.859682222739803511e-04
3.824239014938433545e+00 3.794935631271934289e-04
3.824476529783111367e+00 3.144207974372558649e-04
3.824714044627789189e+00 2.074426096711644481e-04
3.824951559472467011e+00 1.214562384192642547e-04
3.825189074317144833e+00 1.885600903585618300e-04
3.825426589161822655e+00 3.081151707767071477e-04
3.825664104006500477e+00 3.947802649593620795e-04
3.825901618851177854e+00 4.223980751885415266e-04
3.826139133695855676e+00 3.830048668750047703e-04
3.826376648540533498e+00 2.839289203796816169e-04
3.826614163385211320e+00 1.560967599462403401e-04
3.826851678229889142e+00 1.332587895385168718e-04
3.827089193074566964e+00 2.629706266452808161e-04
3.827326707919244786e+00 3.850062093113195446e-04
3.827564222763922608e+00 4.521877579475047258e-04
3.827801737608600430e+00 4.474847001217771222e-04
3.828039252453278252e+00 3.699087187276195845e-04
3.828276767297956074e+00 2.358376752173093911e-04
3.828514282142633895e+00 1.105292300923764383e-04
3.828751796987311717e+00 1.991998404141893594e-04
3.828989311831989539e+00 3.535661560830125451e-04
3.829226826676667361e+00 4.642023749235619622e-04
3.829464341521344739e+00 5.021499577255754063e-04
3.829701856366022561e+00 4.575146159275230795e-04
3.829939371210700383e+00 3.371763255881734590e-04
3.830176886055378205e+00 1.708620279031145570e-04
3.830414400900056027e+00 1.258766473223893478e-04
3.830651915744733849e+00 2.982506993155373482e-04
3.830889430589411671e+00 4.541982736130441723e-04
3.831126945434089492e+00 5.416899621062244794e-04
3.831364460278767314e+00 5.405592119848032185e-04
3.831601975123445136e+00 4.483865725134829642e-04
3.831839489968122958e+00 2.816104737525089658e-04
3.832077004812800780e+00 1.030284122078104912e-04
3.832314519657478602e+00 2.185096201892209743e-04
3.832552034502156424e+00 4.183436096123742550e-04
3.832789549346834246e+00 5.610576681002824593e-04
3.833027064191511624e+00 6.134815159001547665e-04
3.833264579036189446e+00 5.627096004427664666e-04
3.833502093880867267e+00 4.151600105224296914e-04
3.833739608725545089e+00 2.003873687509155220e-04
3.833977123570222911e+00 1.217246300538717347e-04
3.834214638414900733e+00 3.532350041997209494e-04
3.834452153259578555e+00 5.554037247527966173e-04
3.834689668104256377e+00 6.710339440608706265e-04
3.834927182948934199e+00 6.749582959190294313e-04
3.835164697793612021e+00 5.625913946742281757e-04
3.835402212638289843e+00 3.513349379537468648e-04
3.835639727482967665e+00 1.005919417086405509e-04
3.835877242327645487e+00 2.561902839249546177e-04
3.836114757172323309e+00 5.199900824610769346e-04
3.836352272017001130e+00 7.082442057207676955e-04
3.836589786861678508e+00 7.807853752353891875e-04
3.836827301706356330e+00 7.198965454418168554e-04
3.837064816551034152e+00 5.315772869165442168e-04
3.837302331395711974e+00 2.478692509264056928e-04
3.837539846240389796e+00 1.293557331707882653e-04
3.837777361085067618e+00 4.500339612611132622e-04
3.838014875929745440e+00 7.205185877547857750e-04
3.838252390774423262e+00 8.768932499330616684e-04
3.838489905619101084e+00 8.855344488373749229e-04
3.838727420463778905e+00 7.384453455972846310e-04
3.838964935308456727e+00 4.556687967835194278e-04
3.839202450153134549e+00 9.865756107764333150e-05
3.839439964997812371e+00 3.405261296180938854e-04
3.839677479842490193e+00 7.039728829830094918e-04
3.839914994687168015e+00 9.620107214933220231e-04
3.840152509531845393e+00 1.061388603724378781e-03
3.840390024376523215e+00 9.761273247885308415e-04
3.840627539221201037e+00 7.121513535424645698e-04
3.840865054065878859e+00 3.092445328714781938e-04
3.841102568910556680e+00 1.869175930026148263e-04
3.841340083755234502e+00 6.565232945413584280e-04
3.841577598599912324e+00 1.039495934741667838e-03
3.841815113444590146e+00 1.256438131458485503e-03
3.842052628289267968e+00 1.257721714610159948e-03
3.842290143133945790e+00 1.029778719505514270e-03
3.842527657978623612e+00 5.998607173899701481e-04
3.842765172823301434e+00 5.466340685481842573e-05
3.843002687667979256e+00 5.819384899526742951e-04
3.843240202512657078e+00 1.124829024671914618e-03
3.843477717357334900e+00 1.496512903234230871e-03
3.843715232202012277e+00 1.614727428106171219e-03
3.843952747046690099e+00 1.437745357295523068e-03
3.844190261891367921e+00 9.751487171733805867e-04
3.844427776736045743e+00 2.913508288730495767e-04
3.844665291580723565e+00 5.072127322342329320e-04
3.844902806425401387e+00 1.271766271246451210e-03
3.845140321270079209e+00 1.856133400001260458e-03
3.845377836114757031e+00 2.131517843620745617e-03
3.845615350959434853e+00 2.019728134291488668e-03
3.845852865804112675e+00 1.518045947070731285e-03
3.846090380648790497e+00 7.159571668863275954e-04
3.846327895493468318e+00 2.014874799212080299e-04
3.846565410338146140e+00 9.577910155878266484e-04
3.846802925182823962e+00 1.217851409627342943e-03
3.847040440027501784e+00 6.195459845791337090e-04
3.847277954872179162e+00 1.208421181832672288e-03
3.847515469716856984e+00 4.513084763537587862e-03
3.847752984561534806e+00 9.485773598052292879e-03
3.847990499406212628e+00 1.614759320767543763e-02
3.848228014250890450e+00 2.435134215155256368e-02
3.848465529095568272e+00 3.377554733216951016e-02
3.848703043940246094e+00 4.394028162871176785e-02
3.848940558784923915e+00 5.424248269255835947e-02
3.849178073629601737e+00 6.400747736951879763e-02
3.849415588474279559e+00 7.255134569619005325e-02
3.849653103318957381e+00 7.924723739478810314e-02
3.849890618163635203e+00 8.358806586822714602e-02
3.850128133008313025e+00 8.523826615297586118e-02
3.850365647852990847e+00 8.406849676426261797e-02
3.850603162697668669e+00 8.016914645066861023e-02
3.850840677542346047e+00 7.384102382519255880e-02
3.851078192387023869e+00 6.556433572243132446e-02
3.851315707231701690e+00 5.594964514348468865e-02
3.851553222076379512e+00 4.567660749245963658e-02
3.851790736921057334e+00 3.542764529252726696e-02
3.852028251765735156e+00 2.582416903345199563e-02
3.852265766610412978e+00 1.737244140560005937e-02
3.852503281455090800e+00 1.042480001368265713e-02
3.852740796299768622e+00 5.159914922754037930e-03
3.852978311144446444e+00 1.583618036441923225e-03
3.853215825989124266e+00 4.599042309954869730e-04
3.853453340833802088e+00 1.224159413450784080e-03
3.853690855678479910e+00 1.063298530241078756e-03
3.853928370523157731e+00 3.495426774342355472e-04
3.854165885367835553e+00 6.002329830344760005e-04
3.854403400212512931e+00 1.450363378083434872e-03
3.854640915057190753e+00 2.020254838289527177e-03
3.854878429901868575e+00 2.200203844976948622e-03
3.855115944746546397e+00 1.977838229871230983e-03
3.855353459591224219e+00 1.421540613945140603e-03
3.855590974435902041e+00 6.572535207154917795e-04
3.855828489280579863e+00 1.907650911364060058e-04
3.856066004125257685e+00 9.115404340095277155e-04
3.856303518969935507e+00 1.433399656231874094e-03
3.856541033814613328e+00 1.669296987395183863e-03
3.856778548659291150e+00 1.598301113365675026e-03
3.857016063503968972e+00 1.253904443449811723e-03
3.857253578348646794e+00 7.143434063535126751e-04
3.857491093193324616e+00 1.051545915216026177e-04
3.857728608038002438e+00 5.340518880260718528e-04
3.857966122882679816e+00 1.015109342375830745e-03
3.858203637727357638e+00 1.297168302746853647e-03
3.858441152572035460e+00 1.342287298515368408e-03
3.858678667416713282e+00 1.155651347058433151e-03
3.858916182261391103e+00 7.815501426511106469e-04
3.859153697106068925e+00 2.958162233603468349e-04
3.859391211950746747e+00 2.340829627129470262e-04
3.859628726795424569e+00 6.821436506062110135e-04
3.859866241640102391e+00 9.984868719830107889e-04
3.860103756484780213e+00 1.132013849450721641e-03
3.860341271329458035e+00 1.068009820919651239e-03
3.860578786174135857e+00 8.259406007797447970e-04
3.860816301018813679e+00 4.549409125809158690e-04
3.861053815863491501e+00 5.593840605321643330e-05
3.861291330708169323e+00 4.062752360076587782e-04
3.861528845552846700e+00 7.410345490993949747e-04
3.861766360397524522e+00 9.395004547378131739e-04
3.862003875242202344e+00 9.724980897570413433e-04
3.862241390086880166e+00 8.403940332461248787e-04
3.862478904931557988e+00 5.714960554014651044e-04
3.862716419776235810e+00 2.179526758598689009e-04
3.862953934620913632e+00 1.744930256790751700e-04
3.863191449465591454e+00 5.107539485102217209e-04
3.863428964310269276e+00 7.541502970070285443e-04
3.863666479154947098e+00 8.636768820554700755e-04
3.863903993999624920e+00 8.247441909039774982e-04
3.864141508844302741e+00 6.483543319234890941e-04
3.864379023688980563e+00 3.686414432133361591e-04
3.864616538533658385e+00 5.185888924439578071e-05
3.864854053378336207e+00 3.021620806548716955e-04
3.865091568223013585e+00 5.727514133828375421e-04
3.865329083067691407e+00 7.411843289976048589e-04
3.865566597912369229e+00 7.810869984353306780e-04
3.865804112757047051e+00 6.888961147459233061e-04
3.866041627601724873e+00 4.834409281974590177e-04
3.866279142446402695e+00 2.031121041845819172e-04
3.866516657291080517e+00 1.153302349520899918e-04
3.866754172135758338e+00 3.954759941672520525e-04
3.866991686980436160e+00 6.068687863745749313e-04
3.867229201825113982e+00 7.124026902817278285e-04
3.867466716669791804e+00 6.963342630881648107e-04
3.867704231514469626e+00 5.638134007694288507e-04
3.867941746359147448e+00 3.396119445449829436e-04
3.868179261203825270e+00 6.833121120603002138e-05
3.868416776048503092e+00 2.242346532828740806e-04
3.868654290893180470e+00 4.635946829469119205e-04
3.868891805737858292e+00 6.220713890953775277e-04
3.869129320582536113e+00 6.737801961981366387e-04
3.869366835427213935e+00 6.116947054913829526e-04
3.869604350271891757e+00 4.480523737090091581e-04
3.869841865116569579e+00 2.123594441420945935e-04
3.870079379961247401e+00 6.423576183904407722e-05
3.870316894805925223e+00 3.146742289653711613e-04
3.870554409650603045e+00 5.136396362406545416e-04
3.870791924495280867e+00 6.243217269055571783e-04
3.871029439339958689e+00 6.290291676344159219e-04
3.871266954184636511e+00 5.281793120291431234e-04
3.871504469029314333e+00 3.399497623390590473e-04
3.871741983873992154e+00 9.840315214428301156e-05
3.871979498718669976e+00 1.637072656740862697e-04
3.872217013563347354e+00 3.906557104799360117e-04
3.872454528408025176e+00 5.510273747333795753e-04
3.872692043252702998e+00 6.178108577456878402e-04
3.872929558097380820e+00 5.804216155442629317e-04
3.873167072942058642e+00 4.458436574376960465e-04
3.873404587786736464e+00 2.374589044844146004e-04
3.873642102631414286e+00 2.376229882603792006e-05
3.873879617476092108e+00 2.565377814466408357e-04
3.874117132320769930e+00 4.568781663631610117e-04
3.874354647165447751e+00 5.800847245076538742e-04
3.874592162010125573e+00 6.055052344078304914e-04
3.874829676854803395e+00 5.290516158508726859e-04
3.875067191699481217e+00 3.637436919485748576e-04
3.875304706544159039e+00 1.379461228448987874e-04
3.875542221388836861e+00 1.147151663680799047e-04
3.875779736233514239e+00 3.446385267098068216e-04
3.876017251078192061e+00 5.178704109878301673e-04
3.876254765922869883e+00 6.043867129054771069e-04
3.876492280767547705e+00 5.892979135481956612e-04
3.876729795612225526e+00 4.747417347474930317e-04
3.876967310456903348e+00 2.796251947782532393e-04
3.877204825301581170e+00 3.968919762666324957e-05
3.877442340146258992e+00 2.167021323691963194e-04
3.877679854990936814e+00 4.330097270036578909e-04
3.877917369835614636e+00 5.781774615537979252e-04
3.878154884680292458e+00 6.268532189670063346e-04
3.878392399524970280e+00 5.698197582987180347e-04
3.878629914369648102e+00 4.155669917104218162e-04
3.878867429214325924e+00 1.892818940567770095e-04
3.879104944059003746e+00 7.564502702527727798e-05
3.879342458903681123e+00 3.269418106371497720e-04
3.879579973748358945e+00 5.280406400738090790e-04
3.879817488593036767e+00 6.425867894436622461e-04
3.880055003437714589e+00 6.495443247882915850e-04
3.880292518282392411e+00 5.457297233396699596e-04
3.880530033127070233e+00 3.466966669775315433e-04
3.880767547971748055e+00 8.580460399700861099e-05
3.881005062816425877e+00 2.004935353658110833e-04
3.881242577661103699e+00 4.551116803567132013e-04
3.881480092505781521e+00 6.382227291765306008e-04
3.881717607350459343e+00 7.162181008766479832e-04
3.881955122195137164e+00 6.727510966377041020e-04
3.882192637039814986e+00 5.117548596309170203e-04
3.882430151884492808e+00 2.576279934327140942e-04
3.882667666729170630e+00 5.655096011657180998e-05
3.882905181573848008e+00 3.606686312776650940e-04
3.883142696418525830e+00 6.171986357784550650e-04
3.883380211263203652e+00 7.754283817567433944e-04
3.883617726107881474e+00 8.037098446737972685e-04
3.883855240952559296e+00 6.916510359604273938e-04
3.884092755797237118e+00 4.528626687366871218e-04
3.884330270641914939e+00 1.258225348055543231e-04
3.884567785486592761e+00 2.476155073537063224e-04
3.884805300331270583e+00 5.875683440969440901e-04
3.885042815175948405e+00 8.403760291857215398e-04
3.885280330020626227e+00 9.550600991717623622e-04
3.885517844865304049e+00 9.026957659026250838e-04
3.885755359709981871e+00 6.824196143870092310e-04
3.885992874554659693e+00 3.243138262274984835e-04
3.886230389399337515e+00 1.296444273049586905e-04
3.886467904244014893e+00 5.730951533103664916e-04
3.886705419088692715e+00 9.464699510074481596e-04
3.886942933933370536e+00 1.169111472458117572e-03
3.887180448778048358e+00 1.188018626532730531e-03
3.887417963622726180e+00 9.869734274301849263e-04
3.887655478467404002e+00 5.963527222286442659e-04
3.887892993312081824e+00 1.066190420755589558e-04
3.888130508156759646e+00 3.969154972383277325e-04
3.888368023001437468e+00 7.005321814576732356e-04
3.888605537846115290e+00 6.441117853388859905e-04
3.888843052690793112e+00 1.430711142008519131e-04
3.889080567535470934e+00 1.296118196273074149e-03
3.889318082380148756e+00 3.413610201597657920e-03
3.889555597224826577e+00 6.385500504581192484e-03
3.889793112069504399e+00 1.016653176226012950e-02
3.890030626914181777e+00 1.462700766325086485e-02
3.890268141758859599e+00 1.955581561563701082e-02
3.890505656603537421e+00 2.467462965771291192e-02
3.890743171448215243e+00 2.966069345569069884e-02
3.890980686292893065e+00 3.417573712563033023e-02
3.891218201137570887e+00 3.789788835649620519e-02
3.891455715982248709e+00 4.055301681193208135e-02
3.891693230826926531e+00 4.194194762595018777e-02
3.891930745671604353e+00 4.196041478695110294e-02
3.892168260516282174e+00 4.060945021014569778e-02
3.892405775360959996e+00 3.799501767010796116e-02
3.892643290205637818e+00 3.431696220606991060e-02
3.892880805050315640e+00 2.984859520080299436e-02
3.893118319894993462e+00 2.490931495783751948e-02
3.893355834739671284e+00 1.983343708228820640e-02
3.893593349584348662e+00 1.493878410378200391e-02
3.893830864429026484e+00 1.049851917240546967e-02
3.894068379273704306e+00 6.719225617256944019e-03
3.894305894118382128e+00 3.727432768029847760e-03
3.894543408963059949e+00 1.566072471852561097e-03
3.894780923807737771e+00 2.161533939976187260e-04
3.895018438652415593e+00 5.001657786070136131e-04
3.895255953497093415e+00 6.397848234514995997e-04
3.895493468341771237e+00 4.175261579051723227e-04
3.895730983186449059e+00 5.744840058655485633e-05
3.895968498031126881e+00 4.540680222555754379e-04
3.896206012875804703e+00 8.164001417642133274e-04
3.896443527720482525e+00 1.017249973480424544e-03
3.896681042565160347e+00 1.025148698932184079e-03
3.896918557409838169e+00 8.518370122088763079e-04
3.897156072254515546e+00 5.426176402378089618e-04
3.897393587099193368e+00 1.660029766284289805e-04
3.897631101943871190e+00 2.226000670390222182e-04
3.897868616788549012e+00 5.317955999170692009e-04
3.898106131633226834e+00 7.270375850090684622e-04
3.898343646477904656e+00 7.818943905488643991e-04
3.898581161322582478e+00 6.972074865565032389e-04
3.898818676167260300e+00 4.975885599429675154e-04
3.899056191011938122e+00 2.257176491324022164e-04
3.899293705856615944e+00 7.451870611685077514e-05
3.899531220701293766e+00 3.348163651134403369e-04
3.899768735545971587e+00 5.252302538576796801e-04
3.900006250390649409e+00 6.147872294606802684e-04
3.900243765235327231e+00 5.940976035336614433e-04
3.900481280080005053e+00 4.730095252931477761e-04
3.900718794924682431e+00 2.777399353814262234e-04
3.900956309769360253e+00 4.678348961044905582e-05
3.901193824614038075e+00 1.838447318892650511e-04
3.901431339458715897e+00 3.692598706877353262e-04
3.901668854303393719e+00 4.829467587523506023e-04
3.901906369148071541e+00 5.090591160193342962e-04
3.902143883992749362e+00 4.473514196151190392e-04
3.902381398837427184e+00 3.123558745852801199e-04
3.902618913682105006e+00 1.302449244894224431e-04
3.902856428526782828e+00 6.617367306628780827e-05
3.903093943371460650e+00 2.429284778270273781e-04
3.903331458216138472e+00 3.710826287819385806e-04
3.903568973060816294e+00 4.309771850191460312e-04
3.903806487905494116e+00 4.152725510217392005e-04
3.904044002750171938e+00 3.296520629044835367e-04
3.904281517594849316e+00 1.913636042021261334e-04
3.904519032439527138e+00 2.663157030091296975e-05
3.904756547284204959e+00 1.385051984400978257e-04
3.904994062128882781e+00 2.728815927954908547e-04
3.905231576973560603e+00 3.562313601231733456e-04
3.905469091818238425e+00 3.762109013875983288e-04
3.905706606662916247e+00 3.316615704053321474e-04
3.905944121507594069e+00 2.324170175255824199e-04
3.906181636352271891e+00 9.767483816885409286e-05
3.906419151196949713e+00 5.381912747470099577e-05
3.906656666041627535e+00 1.860881998672818752e-04
3.906894180886305357e+00 2.842353039306123180e-04
3.907131695730983179e+00 3.312989737356872408e-04
3.907369210575661000e+00 3.207911369722722412e-04
3.907606725420338822e+00 2.563300341653515176e-04
3.907844240265016200e+00 1.509405336881906607e-04
3.908081755109694022e+00 3.226932416157923101e-05
3.908319269954371844e+00 1.108977127815591638e-04
3.908556784799049666e+00 2.158255857256615503e-04
3.908794299643727488e+00 2.823814137866903560e-04
3.909031814488405310e+00 2.995293378465196791e-04
3.909269329333083132e+00 2.656819694570671203e-04
3.909506844177760954e+00 1.883558584836792405e-04
3.909744359022438775e+00 8.445364682100899815e-05
3.909981873867116597e+00 5.272760300679273126e-05
3.910219388711794419e+00 1.527869879588312238e-04
3.910456903556472241e+00 2.316852586440063335e-04
3.910694418401150063e+00 2.704266523652852075e-04
3.910931933245827885e+00 2.629064092691421562e-04
3.911169448090505707e+00 2.117676428959354017e-04
3.911406962935183085e+00 1.282804438256907834e-04
3.911644477779860907e+00 4.474036994466830527e-05
3.911881992624538729e+00 9.843222171370850449e-05
3.912119507469216551e+00 1.817636894757749361e-04
3.912357022313894372e+00 2.361260888345908019e-04
3.912594537158572194e+00 2.504505529637804937e-04
3.912832052003250016e+00 2.230271945925618900e-04
3.913069566847927838e+00 1.604321841211844564e-04
3.913307081692605660e+00 8.011216165587672195e-05
3.913544596537283482e+00 6.133001222767104851e-05
3.913782111381961304e+00 1.357053260519819522e-04
3.914019626226639126e+00 1.994051582359512712e-04
3.914257141071316948e+00 2.308649137413570777e-04
3.914494655915994770e+00 2.241351648688592684e-04
3.914732170760672592e+00 1.816137484522663747e-04
3.914969685605349969e+00 1.144953583120827300e-04
3.915207200450027791e+00 5.853274785101721887e-05
3.915444715294705613e+00 9.787292886940673908e-05
3.915682230139383435e+00 1.632403663097984009e-04
3.915919744984061257e+00 2.068354668153221231e-04
3.916157259828739079e+00 2.173109282699590191e-04
3.916394774673416901e+00 1.931675442049914028e-04
3.916632289518094723e+00 1.411067049994442675e-04
3.916869804362772545e+00 8.085563143619624207e-05
3.917107319207450367e+00 7.506957792231667395e-05
3.917344834052128189e+00 1.309028059832194975e-04
3.917582348896806010e+00 1.811570011308683622e-04
3.917819863741483832e+00 2.049896173419741565e-04
3.918057378586161654e+00 1.968637377557452231e-04
3.918294893430839476e+00 1.596547000501922261e-04
3.918532408275516854e+00 1.059266930230688924e-04
3.918769923120194676e+00 7.278678950042950031e-05
3.919007437964872498e+00 1.059417751029606910e-04
3.919244952809550320e+00 1.566119921991468672e-04
3.919482467654228142e+00 1.897289983271857139e-04
3.919719982498905964e+00 1.948187611661882427e-04
3.919957497343583785e+00 1.712086377243226816e-04
3.920195012188261607e+00 1.268590129930147583e-04
3.920432527032939429e+00 8.480600111081510828e-05
3.920670041877617251e+00 9.137673060949872284e-05
3.920907556722295073e+00 1.356653725764940803e-04
3.921145071566972895e+00 1.739832820951558328e-04
3.921382586411650717e+00 1.893388447582457722e-04
3.921620101256328539e+00 1.774950101423045654e-04
3.921857616101006361e+00 1.427859225372986242e-04
3.922095130945683739e+00 1.007276729149892872e-04
3.922332645790361561e+00 8.747346473570699718e-05
3.922570160635039382e+00 1.198938002644203221e-04
3.922807675479717204e+00 1.597056462535913885e-04
3.923045190324395026e+00 1.826190428972894746e-04
3.923282705169072848e+00 1.805740000201703035e-04
3.923520220013750670e+00 1.547147757687915412e-04
3.923757734858428492e+00 1.157804693745665640e-04
3.923995249703106314e+00 9.088902356780999270e-05
3.924232764547784136e+00 1.093734112131320926e-04
3.924470279392461958e+00 1.478504322151217817e-04
3.924707794237139780e+00 1.762915067271355631e-04
3.924945309081817602e+00 1.824376849831679803e-04
3.925182823926495423e+00 1.644049339380545172e-04
3.925420338771173245e+00 1.293233949634182620e-04
3.925657853615850623e+00 9.780670891652756393e-05
3.925895368460528445e+00 1.027600847843490958e-04
3.926132883305206267e+00 1.380684035351259758e-04
3.926370398149884089e+00 1.709591362969800372e-04
3.926607912994561911e+00 1.844888617272012190e-04
3.926845427839239733e+00 1.736883113630779474e-04
3.927082942683917555e+00 1.425494423074453424e-04
3.927320457528595377e+00 1.067081918629195767e-04
3.927557972373273198e+00 9.849645126784759366e-05
3.927795487217951020e+00 1.289589611576299208e-04
3.928033002062628842e+00 1.659938683876234684e-04
3.928270516907306664e+00 1.870716726802591225e-04
3.928508031751984486e+00 1.837986591967358436e-04
3.928745546596662308e+00 1.571187583907085320e-04
3.928983061441340130e+00 1.183577176989477898e-04
3.929220576286017508e+00 9.644895030290432931e-05
3.929458091130695330e+00 1.189189838012420797e-04
3.929695605975373152e+00 1.597969976049343427e-04
3.929933120820050974e+00 1.893193791650937667e-04
3.930170635664728795e+00 1.948529842619342416e-04
3.930408150509406617e+00 1.741216431700346281e-04
3.930645665354084439e+00 1.344243649496160858e-04
3.930883180198762261e+00 9.886714312314286797e-05
3.931120695043440083e+00 1.073410181504072037e-04
3.931358209888117905e+00 1.504235463223577748e-04
3.931595724732795727e+00 1.894204663929656017e-04
3.931833239577473549e+00 2.057313576922384173e-04
3.932070754422151371e+00 1.934239325709558911e-04
3.932308269266829193e+00 1.559172668228366574e-04
3.932545784111507015e+00 1.095121156365024126e-04
3.932783298956184392e+00 9.616821389960994329e-05
3.933020813800862214e+00 1.363443166335445733e-04
3.933258328645540036e+00 1.851380239643266729e-04
3.933495843490217858e+00 2.143674708457915577e-04
3.933733358334895680e+00 2.135864438374248590e-04
3.933970873179573502e+00 1.823117387893152569e-04
3.934208388024251324e+00 1.307264786029461827e-04
3.934445902868929146e+00 9.170933351193161231e-05
3.934683417713606968e+00 1.173906630884708494e-04
3.934920932558284790e+00 1.743582915709123522e-04
3.935158447402962612e+00 2.182245913374668571e-04
3.935395962247640433e+00 2.322179493797682710e-04
3.935633477092318255e+00 2.116437029445764550e-04
3.935870991936996077e+00 1.615919263188078376e-04
3.936108506781673899e+00 1.029005529548162879e-04
3.936346021626351277e+00 9.664990818524540721e-05
3.936583536471029099e+00 1.556163298707605852e-04
3.936821051315706921e+00 2.147453241956158465e-04
3.937058566160384743e+00 2.464404427477519320e-04
3.937296081005062565e+00 2.410475387161939800e-04
3.937533595849740387e+00 1.990182580891386270e-04
3.937771110694418208e+00 1.324298696398585131e-04
3.938008625539096030e+00 8.484444052881854551e-05
3.938246140383773852e+00 1.288662494005713712e-04
3.938483655228451674e+00 2.017160743005098141e-04
3.938721170073129496e+00 2.532751659390033321e-04
3.938958684917807318e+00 2.672323778327600932e-04
3.939196199762485140e+00 2.392349599645940698e-04
3.939433714607162962e+00 1.752924270453825781e-04
3.939671229451840784e+00 9.920662130998697797e-05
3.939908744296518162e+00 9.774484243907180807e-05
3.940146259141195983e+00 1.776248956656501052e-04
3.940383773985873805e+00 2.499258875353909011e-04
3.940621288830551627e+00 2.867877508515583279e-04
3.940858803675229449e+00 2.783637298211328942e-04
3.941096318519907271e+00 2.254169235302607138e-04
3.941333833364585093e+00 1.409923342609892434e-04
3.941571348209262915e+00 7.802887857773337110e-05
3.941808863053940737e+00 1.423178111933142212e-04
3.942046377898618559e+00 2.340077915183714596e-04
3.942283892743296381e+00 2.963837317687257993e-04
3.942521407587974203e+00 3.125313148536665287e-04
3.942758922432652025e+00 2.777647010064209399e-04
3.942996437277329846e+00 1.985532205146704288e-04
3.943233952122007668e+00 9.979816924202723489e-05
3.943471466966685046e+00 9.952089988829806999e-05
3.943708981811362868e+00 2.038069670419245447e-04
3.943946496656040690e+00 2.929285860754295319e-04
3.944184011500718512e+00 3.379099256527510705e-04
3.944421526345396334e+00 3.278782277878200535e-04
3.944659041190074156e+00 2.634718904305766423e-04
3.944896556034751978e+00 1.582671204495815639e-04
3.945134070879429800e+00 7.121481051235205783e-05
3.945371585724107621e+00 1.588364032757249699e-04
3.945609100568785443e+00 2.737199339784224467e-04
3.945846615413463265e+00 3.507813574814931256e-04
3.946084130258141087e+00 3.714768662102653322e-04
3.946321645102818909e+00 3.301781629240815429e-04
3.946559159947496731e+00 2.336256132150683505e-04
3.946796674792174553e+00 1.067104277185290922e-04
3.947034189636851931e+00 1.024329717804685385e-04
3.947271704481529753e+00 2.366351843081289667e-04
3.947509219326207575e+00 3.476242919437144739e-04
3.947746734170885397e+00 4.043224255637448703e-04
3.947984249015563218e+00 3.939464752193354530e-04
3.948221763860241040e+00 3.166442851349629355e-04
3.948459278704918862e+00 1.866257497283841348e-04
3.948696793549596684e+00 6.466988698923921896e-05
3.948934308394274506e+00 1.805652879489938760e-04
3.949171823238952328e+00 3.252114385183093931e-04
3.949409338083630150e+00 4.222180315455859425e-04
3.949646852928307972e+00 4.501911148594686836e-04
3.949884367772985794e+00 4.018651973717642795e-04
3.950121882617663616e+00 2.842280558668622194e-04
3.950359397462341438e+00 1.223562497601534825e-04
3.950596912307018815e+00 1.078078775510437742e-04
3.950834427151696637e+00 2.807227113332866125e-04
3.951071941996374459e+00 4.210499246832328157e-04
3.951309456841052281e+00 4.942854758815722277e-04
3.951546971685730103e+00 4.845879093208385982e-04
3.951784486530407925e+00 3.912052886659522452e-04
3.952022001375085747e+00 2.295041626832866047e-04
3.952259516219763569e+00 5.905901153592405607e-05
3.952497031064441391e+00 2.120001165341835918e-04
3.952734545909119213e+00 3.968217164915033898e-04
3.952972060753797034e+00 5.215434358475621061e-04
3.953209575598474856e+00 5.601855505229022666e-04
3.953447090443152678e+00 5.028831539789060988e-04
3.953684605287830500e+00 3.569497499030712404e-04
3.953922120132508322e+00 1.490807793647312013e-04
3.954159634977185700e+00 1.193171756852874540e-04
3.954397149821863522e+00 3.456517288547887937e-04
3.954634664666541344e+00 5.272317168054524179e-04
3.954872179511219166e+00 6.240046719174646445e-04
3.955109694355896988e+00 6.153179066562053986e-04
3.955347209200574810e+00 4.989514299109461173e-04
3.955584724045252631e+00 2.923820577700174958e-04
3.955822238889930453e+00 5.460688073141434505e-05
3.956059753734608275e+00 2.637598064028257201e-04
3.956297268579286097e+00 5.065517128984269729e-04
3.956534783423963919e+00 6.714496536270821072e-04
3.956772298268641741e+00 7.249957941007150689e-04
3.957009813113319563e+00 6.531775190431605678e-04
3.957247327957997385e+00 4.638730443486719876e-04
3.957484842802675207e+00 1.880728658362823210e-04
3.957722357647352585e+00 1.481232443841091996e-04
3.957959872492030406e+00 4.545540185733266589e-04
3.958197387336708228e+00 6.981941238078213799e-04
3.958434902181386050e+00 8.292461541595073796e-04
3.958672417026063872e+00 8.191332039533860731e-04
3.958909931870741694e+00 6.632901542143453686e-04
3.959147446715419516e+00 3.831809663889254808e-04
3.959384961560097338e+00 4.598528821515796499e-05
3.959622476404775160e+00 3.659953664606185051e-04
3.959859991249452982e+00 7.006589293072130499e-04
3.960097506094130804e+00 9.273695765799444242e-04
3.960335020938808626e+00 9.994744214779280583e-04
3.960572535783486448e+00 8.959509410296077111e-04
3.960810050628164269e+00 6.261141278019656141e-04
3.961047565472842091e+00 2.306495953972488447e-04
3.961285080317519469e+00 2.354235815875221319e-04
3.961522595162197291e+00 6.773583417289081665e-04
3.961760110006875113e+00 1.023432632683800216e-03
3.961997624851552935e+00 1.203822622753249151e-03
3.962235139696230757e+00 1.175420640369645919e-03
3.962472654540908579e+00 9.301257729594922729e-04
3.962710169385586401e+00 4.987325892433113654e-04
3.962947684230264223e+00 6.194472549650139118e-05
3.963185199074942044e+00 6.334532971342372127e-04
3.963422713919619866e+00 1.134039295579656985e-03
3.963660228764297688e+00 1.458477479576080144e-03
3.963897743608975510e+00 1.532698096979210993e-03
3.964135258453653332e+00 1.322951635676439383e-03
3.964372773298331154e+00 8.454540578111372114e-04
3.964610288143008976e+00 1.688104247078579443e-04
3.964847802987686354e+00 5.991728391257187007e-04
3.965085317832364176e+00 1.314870366524342011e-03
3.965322832677041998e+00 1.837939127509079489e-03
3.965560347521719819e+00 2.050144532680756981e-03
3.965797862366397641e+00 1.885541425201521905e-03
3.966035377211075463e+00 1.353819975523732353e-03
3.966272892055753285e+00 5.551304763210782077e-04
3.966510406900431107e+00 3.179286245238888576e-04
3.966747921745108929e+00 9.884705491625506938e-04
3.966985436589786751e+00 1.124466045527546107e-03
3.967222951434464573e+00 3.752206097863646883e-04
3.967460466279142395e+00 1.606827228165040805e-03
3.967697981123820217e+00 5.061370887897195803e-03
3.967935495968498039e+00 1.014528814808409243e-02
3.968173010813175861e+00 1.685731652236963779e-02
3.968410525657853238e+00 2.502944065532961004e-02
3.968648040502531060e+00 3.432511717865600193e-02
3.968885555347208882e+00 4.425753428889992597e-02
3.969123070191886704e+00 5.422650512197317585e-02
3.969360585036564526e+00 6.357053769252331288e-02
3.969598099881242348e+00 7.162860541367867262e-02
3.969835614725920170e+00 7.780474568447709460e-02
3.970073129570597992e+00 8.162806130860676690e-02
3.970310644415275814e+00 8.280108402551966673e-02
3.970548159259953636e+00 8.123074663303962717e-02
3.970785674104631457e+00 7.703824254829205742e-02
3.971023188949309279e+00 7.054656965155371717e-02
3.971260703793987101e+00 6.224723248567812228e-02
3.971498218638664923e+00 5.275006474582036309e-02
3.971735733483342745e+00 4.272210954140840539e-02
3.971973248328020123e+00 3.282270509198624564e-02
3.972210763172697945e+00 2.364221953613126689e-02
3.972448278017375767e+00 1.565123554922106738e-02
3.972685792862053589e+00 9.165505317289641615e-03
3.972923307706731411e+00 4.329897629986872651e-03
3.973160822551409233e+00 1.122282491047587412e-03
3.973398337396087054e+00 6.273255770779127740e-04
3.973635852240764876e+00 1.192716737063072166e-03
3.973873367085442698e+00 9.185434314517933099e-04
3.974110881930120520e+00 1.713605269150838704e-04
3.974348396774798342e+00 7.481816086944551893e-04
3.974585911619476164e+00 1.534013042963549688e-03
3.974823426464153986e+00 2.019538282300758266e-03
3.975060941308831808e+00 2.117396434194074913e-03
3.975298456153509630e+00 1.831912668009530931e-03
3.975535970998187008e+00 1.242116012613473557e-03
3.975773485842864829e+00 4.778459620796729436e-04
3.976011000687542651e+00 3.241086037632674981e-04
3.976248515532220473e+00 9.997893463244708970e-04
3.976486030376898295e+00 1.454105110223082422e-03
3.976723545221576117e+00 1.621950841495692830e-03
3.976961060066253939e+00 1.494574321239807791e-03
3.977198574910931761e+00 1.114594842676203340e-03
3.977436089755609583e+00 5.652183422055224180e-04
3.977673604600287405e+00 7.319696114641454146e-05
3.977911119444965227e+00 6.240058740424247671e-04
3.978148634289643049e+00 1.052830855120954990e-03
3.978386149134320871e+00 1.276989128819312931e-03
3.978623663978998692e+00 1.269519671189961235e-03
3.978861178823676514e+00 1.044604510207091394e-03
3.979098693668353892e+00 6.526567847946164935e-04
3.979336208513031714e+00 1.730470163265246440e-04
3.979573723357709536e+00 3.260422556727848300e-04
3.979811238202387358e+00 7.347431989090892276e-04
3.980048753047065180e+00 1.000505469901181391e-03
3.980286267891743002e+00 1.083870419427135617e-03
3.980523782736420824e+00 9.790538964001124691e-04
3.980761297581098646e+00 7.124746023049468528e-04
3.980998812425776467e+00 3.373752145419250796e-04
3.981236327270454289e+00 9.383866971263493608e-05
3.981473842115132111e+00 4.716314127342827026e-04
3.981711356959809933e+00 7.619873718239079203e-04
3.981948871804487755e+00 9.122256757085090177e-04
3.982186386649165577e+00 9.021725577311728991e-04
3.982423901493843399e+00 7.397826886360289777e-04
3.982661416338520777e+00 4.586463768117008191e-04
3.982898931183198599e+00 1.152287385848449648e-04
3.983136446027876421e+00 2.501782493032917039e-04
3.983373960872554242e+00 5.487990260643038068e-04
3.983611475717232064e+00 7.457293865547508704e-04
3.983848990561909886e+00 8.101649075615882092e-04
3.984086505406587708e+00 7.356449647274179932e-04
3.984324020251265530e+00 5.395338171011109744e-04
3.984561535095943352e+00 2.598291888877891941e-04
3.984799049940621174e+00 6.986620813325739900e-05
3.985036564785298996e+00 3.565251135918191708e-04
3.985274079629976818e+00 5.825205299755879373e-04
3.985511594474654640e+00 7.039291851547812119e-04
3.985749109319332462e+00 7.031000521438063224e-04
3.985986624164010284e+00 5.838411252194901412e-04
3.986224139008687661e+00 3.700604569736684504e-04
3.986461653853365483e+00 1.041818451284344088e-04
3.986699168698043305e+00 1.850105223657083793e-04
3.986936683542721127e+00 4.239437547845072781e-04
3.987174198387398949e+00 5.864804507006652744e-04
3.987411713232076771e+00 6.460772650494321645e-04
3.987649228076754593e+00 5.953508486155670559e-04
3.987886742921432415e+00 4.459029663937278190e-04
3.988124257766110237e+00 2.262698908040172187e-04
3.988361772610788059e+00 4.472516602912497409e-05
3.988599287455465880e+00 2.729185984817271535e-04
3.988836802300143702e+00 4.618749391185816497e-04
3.989074317144821524e+00 5.690411099250818972e-04
3.989311831989499346e+00 5.779697086301552149e-04
3.989549346834177168e+00 4.895441494944352372e-04
3.989786861678854990e+00 3.212635746458915439e-04
3.990024376523532368e+00 1.059126600103369906e-04
3.990261891368210190e+00 1.336369546252869338e-04
3.990499406212888012e+00 3.346784292650044389e-04
3.990736921057565834e+00 4.768151403073374794e-04
3.990974435902243656e+00 5.358676386379579307e-04
3.991211950746921477e+00 5.036047589380255414e-04
3.991449465591599299e+00 3.875726547818347995e-04
3.991686980436277121e+00 2.097428334651819742e-04
3.991924495280954943e+00 3.074926050089424567e-05
3.992162010125632765e+00 2.097324943576871009e-04
3.992399524970310587e+00 3.744431967536378703e-04
3.992637039814988409e+00 4.735228123928039994e-04
3.992874554659666231e+00 4.911502244289493680e-04
3.993112069504344053e+00 4.260077689625985141e-04
3.993349584349021875e+00 2.909589796760874477e-04
3.993587099193699252e+00 1.118645423374794757e-04
3.993824614038377074e+00 9.287943363296585525e-05
3.994062128883054896e+00 2.670721603151370678e-04
3.994299643727732718e+00 3.956886930426530479e-04
3.994537158572410540e+00 4.557267079766216572e-04
3.994774673417088362e+00 4.382067010570916770e-04
3.995012188261766184e+00 3.476149538078894909e-04
3.995249703106444006e+00 2.010330229906265851e-04
3.995487217951121828e+00 3.511737654960076128e-05
3.995724732795799650e+00 1.599741198156415765e-04
3.995962247640477472e+00 3.073131604057992967e-04
3.996199762485155293e+00 4.013346912646737472e-04
3.996437277329833115e+00 4.265147204076432785e-04
3.996674792174510937e+00 3.797918840662241812e-04
3.996912307019188759e+00 2.704653505223789784e-04
3.997149821863866137e+00 1.192024703511487506e-04
3.997387336708543959e+00 6.037495712922907187e-05
3.997624851553221781e+00 2.134615511331777998e-04
3.997862366397899603e+00 3.323503433920139624e-04
3.998099881242577425e+00 3.939290718183472784e-04
3.998337396087255247e+00 3.885467701897460488e-04
3.998574910931933069e+00 3.182611272842680535e-04
3.998812425776610890e+00 1.963214733098397598e-04
3.999049940621288712e+00 4.903672297163616040e-05
3.999287455465966534e+00 1.194817631404270620e-04
3.999524970310644356e+00 2.534212662160475094e-04
3.999762485155322178e+00 3.440152667965911456e-04
4.000000000000000000e+00 3.757655429591742215e-04
