# tau K_raw K_smooth K_GUE
0.000000000000000000e+00 3.580000000000000000e+03 8.742980340765954850e+01 0.000000000000000000e+00
2.001334222815210305e-03 1.730343491735659045e+00 8.743019408543911197e+01 2.001334222815210305e-03
4.002668445630420610e-03 1.306704302359367631e+00 8.743050070702314258e+01 4.002668445630420610e-03
6.004002668445630915e-03 7.850046200125568863e-01 8.743062250333063901e+01 6.004002668445630915e-03
8.005336891260841220e-03 3.402668558067420967e-01 8.743062779299027909e+01 8.005336891260841220e-03
1.000667111407605239e-02 7.806525018846785513e-02 8.743066811824938611e+01 1.000667111407605239e-02
1.200800533689126183e-02 2.472245545049675400e-04 8.743083063759297602e+01 1.200800533689126183e-02
1.400933955970647127e-02 3.104823165228198442e-02 8.743106947893595304e+01 1.400933955970647127e-02
1.601067378252168244e-02 7.828201133795359423e-02 8.743126657179809058e+01 1.601067378252168244e-02
1.801200800533689361e-02 8.713811834641041476e-02 8.743134986795398333e+01 1.801200800533689361e-02
2.001334222815210478e-02 5.657942171455344199e-02 8.743135464271313140e+01 2.001334222815210478e-02
2.201467645096731249e-02 1.801770549250774830e-02 8.743137909651206030e+01 2.201467645096731249e-02
2.401601067378252366e-02 2.415772380410804532e-04 8.743148706311515639e+01 2.401601067378252366e-02
2.601734489659773483e-02 7.871543374758481135e-03 8.743165285391521024e+01 2.601734489659773483e-02
2.801867911941294254e-02 2.450668008585176610e-02 8.743179464052381888e+01 2.801867911941294254e-02
3.002001334222815371e-02 3.134078632821576949e-02 8.743185690435034019e+01 3.002001334222815371e-02
3.202134756504336488e-02 2.292363280075896889e-02 8.743186105503463068e+01 3.202134756504336488e-02
3.402268178785857605e-02 8.343609141672262558e-03 8.743187981348350490e+01 3.402268178785857605e-02
3.602401601067378722e-02 2.317430984605092163e-04 8.743196508716096105e+01 3.602401601067378722e-02
3.802535023348899840e-02 3.224332923408048703e-03 8.743209997636212449e+01 3.802535023348899840e-02
4.002668445630420957e-02 1.155857584870398531e-02 8.743221855786194396e+01 4.002668445630420957e-02
4.202801867911941380e-02 1.601778896295120297e-02 1.151987900824766597e-01 4.202801867911941380e-02
4.402935290193462498e-02 1.257148494432337726e-02 7.300134721459522469e-02 4.402935290193462498e-02
4.603068712474983615e-02 4.993648608042527623e-03 4.116286046652247593e-02 4.603068712474983615e-02
4.803202134756504732e-02 2.168760450454488317e-04 2.214783215256300314e-02 4.803202134756504732e-02
5.003335557038025849e-02 1.653335623461558122e-03 1.411786533833645288e-02 5.003335557038025849e-02
5.203468979319546966e-02 6.663293087406600007e-03 1.287125147303733175e-02 5.203468979319546966e-02
5.403602401601068084e-02 9.792495061997735090e-03 2.027275265275391494e-02 5.403602401601068084e-02
5.603735823882588507e-02 8.080807347776738578e-03 2.686317290271748176e-02 5.603735823882588507e-02
5.803869246164109624e-02 3.415142391529418613e-03 3.092926560456337598e-02 5.803869246164109624e-02
6.004002668445630742e-02 1.957651256618773679e-04 3.457217882455299734e-02 6.004002668445630742e-02
6.204136090727151859e-02 1.002605755378699424e-03 3.776944463534769036e-02 6.204136090727151859e-02
6.404269513008672976e-02 4.426630727492940863e-03 4.180704967066180971e-02 6.404269513008672976e-02
6.604402935290193399e-02 6.797422801719447787e-03 4.469065620386983295e-02 6.604402935290193399e-02
6.804536357571715210e-02 5.813250952907193965e-03 4.775548478104088557e-02 6.804536357571715210e-02
7.004669779853235634e-02 2.552816887422710256e-03 5.001292361046705964e-02 7.004669779853235634e-02
7.204803202134757445e-02 1.701780554585101760e-04 5.182383936350952458e-02 7.204803202134757445e-02
7.404936624416277868e-02 7.690964043355594292e-04 5.299801288833626278e-02 7.404936624416277868e-02
7.605070046697799679e-02 3.496220775145098252e-03 5.456957570062755114e-02 7.605070046697799679e-02
7.805203468979320103e-02 5.530457248339362003e-03 5.651823312423946699e-02 7.805203468979320103e-02
8.005336891260841914e-02 4.861841492022132664e-03 5.810556000478489524e-02 8.005336891260841914e-02
8.205470313542362337e-02 2.189521042248389511e-03 5.922991136749766045e-02 8.205470313542362337e-02
8.405603735823882761e-02 2.483341525197582276e-04 6.023923591059925781e-02 8.405603735823882761e-02
8.605737158105404572e-02 1.326345688385336188e-03 6.089029252426161887e-02 8.605737158105404572e-02
8.805870580386924995e-02 5.388459140218470472e-03 6.161059417548703232e-02 8.805870580386924995e-02
9.006004002668446806e-02 1.103821642345343725e-02 6.268496977968250616e-02 9.006004002668446806e-02
9.206137424949967230e-02 2.695408171120402402e-02 6.331526884552356182e-02 9.206137424949967230e-02
9.406270847231489041e-02 3.037087729228848398e-01 6.393158583194129274e-02 9.406270847231489041e-02
9.606404269513009464e-02 3.012554619007882240e-01 6.422754139995295874e-02 9.606404269513009464e-02
9.806537691794529887e-02 2.449918121136352434e-01 6.487181314872098037e-02 9.806537691794529887e-02
1.000667111407605170e-01 2.364975603659847936e-01 6.528698583351547069e-02 1.000667111407605170e-01
1.020680453635757212e-01 1.876673199571361472e-01 6.565749763911499226e-02 1.020680453635757212e-01
1.040693795863909393e-01 1.835595119403863884e-01 6.617552833787335165e-02 1.040693795863909393e-01
1.060707138092061436e-01 1.184694450995700810e-01 6.646399844234482379e-02 1.060707138092061436e-01
1.080720480320213617e-01 1.335295150387718066e-01 6.664402729620544363e-02 1.080720480320213617e-01
1.100733822548365659e-01 1.170616720923246951e-01 6.700215384744095948e-02 1.100733822548365659e-01
1.120747164776517701e-01 1.055883322029570609e-01 6.746108521209707998e-02 1.120747164776517701e-01
1.140760507004669883e-01 7.106474731865508598e-02 6.782393441135284307e-02 1.140760507004669883e-01
1.160773849232821925e-01 7.277768444561484584e-02 6.805934130915430869e-02 1.160773849232821925e-01
1.180787191460974106e-01 8.012669746654937919e-02 6.825491027507277209e-02 1.180787191460974106e-01
1.200800533689126148e-01 6.830473502577040501e-02 6.848181209681739046e-02 1.200800533689126148e-01
1.220813875917278329e-01 5.765698171992748866e-02 6.875090532669836385e-02 1.220813875917278329e-01
1.240827218145430372e-01 5.740009523011659759e-02 6.903076030060859014e-02 1.240827218145430372e-01
1.260840560373582553e-01 3.926480610448049302e-02 6.927063824303045236e-02 1.260840560373582553e-01
1.280853902601734595e-01 3.452601630828438378e-02 6.942283249155691005e-02 1.280853902601734595e-01
1.300867244829886638e-01 4.426627581705970538e-02 6.946615422730537115e-02 1.300867244829886638e-01
1.320880587058038680e-01 2.749559732294467457e-02 6.939797922513143980e-02 1.320880587058038680e-01
1.340893929286191000e-01 3.193228953053386249e-02 6.896682402838519299e-02 1.340893929286191000e-01
1.360907271514343042e-01 2.192667335047626329e-02 6.177895633462420627e-02 1.360907271514343042e-01
1.380920613742495084e-01 3.449594904726532157e-02 5.460721853059379016e-02 1.380920613742495084e-01
1.400933955970647127e-01 2.043722246810367182e-02 4.874722996356842253e-02 1.400933955970647127e-01
1.420947298198799447e-01 1.538674915524174298e-02 4.304864354905445223e-02 1.420947298198799447e-01
1.440960640426951489e-01 2.224186440447133845e-02 3.854525107874615802e-02 1.440960640426951489e-01
1.460973982655103531e-01 1.625390501082384781e-02 3.432514228752446550e-02 1.460973982655103531e-01
1.480987324883255574e-01 1.417860581000474421e-02 3.294825199673859228e-02 1.480987324883255574e-01
1.501000667111407616e-01 2.049643955356326291e-02 3.205673248056802732e-02 1.501000667111407616e-01
1.521014009339559936e-01 2.136900283832341568e-02 3.111675805969241551e-02 1.521014009339559936e-01
1.541027351567711978e-01 1.504699522494504053e-02 3.090301279105757415e-02 1.541027351567711978e-01
1.561040693795864021e-01 1.042077921419588653e-02 3.154365596894252721e-02 1.561040693795864021e-01
1.581054036024016063e-01 1.151454837780179971e-02 3.067102808326912719e-02 1.581054036024016063e-01
1.601067378252168383e-01 1.483343193986857989e-02 2.962160660950984362e-02 1.601067378252168383e-01
1.621080720480320425e-01 1.589466391714158822e-02 2.870354635485633868e-02 1.621080720480320425e-01
1.641094062708472467e-01 1.366357497256869002e-02 2.931332965747845964e-02 1.641094062708472467e-01
1.661107404936624510e-01 1.008332979181558384e-02 2.915959702503100048e-02 1.661107404936624510e-01
1.681120747164776552e-01 7.566309877970214121e-03 2.937110986687484909e-02 1.681120747164776552e-01
1.701134089392928872e-01 7.164650305905593229e-03 3.056435276925363251e-02 1.701134089392928872e-01
1.721147431621080914e-01 8.243041334322400923e-03 2.984535184802828561e-02 1.721147431621080914e-01
1.741160773849232957e-01 9.276718644607535522e-03 3.043277571492074632e-02 1.741160773849232957e-01
1.761174116077384999e-01 9.006197478684524818e-03 3.209315837047615333e-02 1.761174116077384999e-01
1.781187458305537041e-01 7.214211935541101073e-03 4.280530674493995824e-02 1.781187458305537041e-01
1.801200800533689361e-01 4.732280865594917091e-03 4.663631942031925409e-02 1.801200800533689361e-01
1.821214142761841404e-01 2.855517370912469266e-03 5.445306387083628102e-02 1.821214142761841404e-01
1.841227484989993446e-01 3.028228674495942168e-03 5.910488285189251234e-02 1.841227484989993446e-01
1.861240827218145488e-01 1.053505150029694810e-02 6.655020444297295168e-02 1.861240827218145488e-01
1.881254169446297808e-01 6.201694317734938316e-02 6.888753260577201720e-02 1.881254169446297808e-01
1.901267511674449850e-01 9.697721487577895538e-02 7.360854070189012943e-02 1.901267511674449850e-01
1.921280853902601893e-01 7.852272083642437839e-02 7.600351784868700222e-02 1.921280853902601893e-01
1.941294196130753935e-01 9.682477618892848525e-02 8.311291890115940495e-02 1.941294196130753935e-01
1.961307538358905977e-01 9.733111761193824485e-02 8.595854181380432890e-02 1.961307538358905977e-01
1.981320880587058297e-01 3.699994113300528187e-02 9.289787936645793609e-02 1.981320880587058297e-01
2.001334222815210340e-01 3.710041704241882204e-02 9.863185541331037642e-02 2.001334222815210340e-01
2.021347565043362382e-01 3.066426458497663321e-02 1.041577095628346133e-01 2.021347565043362382e-01
2.041360907271514424e-01 8.265809712743445170e-02 1.105020966778393621e-01 2.041360907271514424e-01
2.061374249499666744e-01 5.109705729977075811e-02 1.130081907455785378e-01 2.061374249499666744e-01
2.081387591727818787e-01 4.793683262007827905e-02 1.154275989978890138e-01 2.081387591727818787e-01
2.101400933955970829e-01 8.344897530581459055e-02 1.192340333797127644e-01 2.101400933955970829e-01
2.121414276184122871e-01 1.478723804682031268e-02 1.209713300366112576e-01 2.121414276184122871e-01
2.141427618412274914e-01 5.157997586553569880e-02 1.224272050096915782e-01 2.141427618412274914e-01
2.161440960640427233e-01 1.000079784083056089e-01 1.252510536375372463e-01 2.161440960640427233e-01
2.181454302868579276e-01 4.611247567034921779e-01 1.295286441939809685e-01 2.181454302868579276e-01
2.201467645096731318e-01 1.915674687378163266e-01 1.310501047053930224e-01 2.201467645096731318e-01
2.221480987324883360e-01 3.409237449393020536e-01 1.367142857660513244e-01 2.221480987324883360e-01
2.241494329553035403e-01 2.061113273785471489e-01 1.478391326509185533e-01 2.241494329553035403e-01
2.261507671781187723e-01 3.275000496387692750e-01 1.531568014948219703e-01 2.261507671781187723e-01
2.281521014009339765e-01 1.120843596855853608e-01 1.704109350974228054e-01 2.281521014009339765e-01
2.301534356237491807e-01 2.077399377508476752e-01 1.717240614505420315e-01 2.301534356237491807e-01
2.321547698465643850e-01 1.186905025722346102e-01 1.711959610866242154e-01 2.321547698465643850e-01
2.341561040693796170e-01 3.128544459896926422e-01 1.725457453319615975e-01 2.341561040693796170e-01
2.361574382921948212e-01 1.317175346433867023e-01 1.828161556590863768e-01 2.361574382921948212e-01
2.381587725150100254e-01 2.949336188729931862e-01 1.809631027317599727e-01 2.381587725150100254e-01
2.401601067378252297e-01 2.466075662987519956e-01 1.851857826769566506e-01 2.401601067378252297e-01
2.421614409606404339e-01 2.413934520703625575e-01 1.969474075761529219e-01 2.421614409606404339e-01
2.441627751834556659e-01 2.760145356323357446e-01 1.991653390534265100e-01 2.441627751834556659e-01
2.461641094062708701e-01 1.164134317498752014e-01 1.996747963386578673e-01 2.461641094062708701e-01
2.481654436290860744e-01 1.092790681365448380e-01 2.086821578407190569e-01 2.481654436290860744e-01
2.501667778519012786e-01 1.636301195327445335e-01 2.087631985441967264e-01 2.501667778519012786e-01
2.521681120747165106e-01 7.839381323874401730e-02 2.067512673050065364e-01 2.521681120747165106e-01
2.541694462975316871e-01 6.793391523061530213e-02 2.081552646733089151e-01 2.541694462975316871e-01
2.561707805203469190e-01 1.250545123862803198e-01 2.085227999303277402e-01 2.561707805203469190e-01
2.581721147431621510e-01 1.843874102928769187e-01 2.096830539980734653e-01 2.581721147431621510e-01
2.601734489659773275e-01 6.959409290343543386e-02 2.013125133244393905e-01 2.601734489659773275e-01
2.621747831887925595e-01 2.369637043525854858e-01 1.992067399465071165e-01 2.621747831887925595e-01
2.641761174116077360e-01 4.589742396504679078e-01 1.981843617431132132e-01 2.641761174116077360e-01
2.661774516344229680e-01 2.210526512745351890e-01 1.934389762460454465e-01 2.661774516344229680e-01
2.681787858572382000e-01 7.179545292069323681e-01 1.883679321685247932e-01 2.681787858572382000e-01
2.701801200800533764e-01 1.158551236552370911e-01 1.908284197570777330e-01 2.701801200800533764e-01
2.721814543028686084e-01 7.532509995514941048e-02 1.869469868891658060e-01 2.721814543028686084e-01
2.741827885256837849e-01 1.338638748952571123e-01 1.866770340513078941e-01 2.741827885256837849e-01
2.761841227484990169e-01 5.179115996010440481e-01 1.819174378699974504e-01 2.761841227484990169e-01
2.781854569713142489e-01 2.135594759155448261e-02 1.807491554453746208e-01 2.781854569713142489e-01
2.801867911941294254e-01 2.101298188860698524e-01 1.746496054555640165e-01 2.801867911941294254e-01
2.821881254169446573e-01 5.193270379094657718e-01 1.686723718086178547e-01 2.821881254169446573e-01
2.841894596397598893e-01 1.215994551531939666e-01 1.728212909148661991e-01 2.841894596397598893e-01
2.861907938625750658e-01 1.035458458219197797e-01 1.692136079291527984e-01 2.861907938625750658e-01
2.881921280853902978e-01 4.203988788842796809e-01 1.790616211873766739e-01 2.881921280853902978e-01
2.901934623082054743e-01 5.125950146266409352e-02 1.801476383255186664e-01 2.901934623082054743e-01
2.921947965310207063e-01 9.597944990155610027e-04 1.878304636692210705e-01 2.921947965310207063e-01
2.941961307538359383e-01 7.235113014721888947e-02 1.874783527165827801e-01 2.941961307538359383e-01
2.961974649766511147e-01 6.664892140330788695e-02 1.950043697058895797e-01 2.961974649766511147e-01
2.981987991994663467e-01 1.475783951858800902e-01 2.014866776685514116e-01 2.981987991994663467e-01
3.002001334222815232e-01 1.179325890844941382e-01 1.978133432035646122e-01 3.002001334222815232e-01
3.022014676450967552e-01 1.052307602425927718e-01 2.025142578407658489e-01 3.022014676450967552e-01
3.042028018679119872e-01 2.990062386001529626e-01 1.969321469220173260e-01 3.042028018679119872e-01
3.062041360907271637e-01 1.155052199876758189e-02 1.861127634807151487e-01 3.062041360907271637e-01
3.082054703135423956e-01 1.195872424604223078e-01 1.836162017226393717e-01 3.082054703135423956e-01
3.102068045363575721e-01 2.129643508162569476e-01 1.730161995339504211e-01 3.102068045363575721e-01
3.122081387591728041e-01 4.860119016645857853e-02 1.870154864499552205e-01 3.122081387591728041e-01
3.142094729819880361e-01 1.076224362200601248e-01 1.887005509484582788e-01 3.142094729819880361e-01
3.162108072048032126e-01 1.177110025559643530e-01 2.060532342012785789e-01 3.162108072048032126e-01
3.182121414276184446e-01 8.381795523385131286e-02 1.953577699922156019e-01 3.182121414276184446e-01
3.202134756504336766e-01 4.485206929075738480e-02 1.979716047134690293e-01 3.202134756504336766e-01
3.222148098732488530e-01 1.540986773960135395e-03 1.938362245440941045e-01 3.222148098732488530e-01
3.242161440960640850e-01 4.114991354265436496e-01 1.817612301366993144e-01 3.242161440960640850e-01
3.262174783188792615e-01 1.280995332180875079e-01 1.840968467394654695e-01 3.262174783188792615e-01
3.282188125416944935e-01 5.201819753370547916e-01 2.009883046755392422e-01 3.282188125416944935e-01
3.302201467645097255e-01 1.538057708003659763e-01 1.974961805406836857e-01 3.302201467645097255e-01
3.322214809873249020e-01 4.786259586245415476e-01 1.992488274955032668e-01 3.322214809873249020e-01
3.342228152101401339e-01 6.395726418057512408e-02 2.025208847477246166e-01 3.342228152101401339e-01
3.362241494329553104e-01 3.765006117921945172e-01 2.018410315258322707e-01 3.362241494329553104e-01
3.382254836557705424e-01 3.908291388554156476e-01 2.026746741964547405e-01 3.382254836557705424e-01
3.402268178785857744e-01 3.378069722841828965e-02 2.028377195978959824e-01 3.402268178785857744e-01
3.422281521014009509e-01 2.623315930286849174e-01 2.011005304495284696e-01 3.422281521014009509e-01
3.442294863242161829e-01 8.097156683896279336e-03 2.126071457151917088e-01 3.442294863242161829e-01
3.462308205470313593e-01 1.537951855707718821e-02 2.164598807610665365e-01 3.462308205470313593e-01
3.482321547698465913e-01 1.186936191934290785e-01 2.360963790737621304e-01 3.482321547698465913e-01
3.502334889926618233e-01 2.833544394706864478e-01 2.388834727241825329e-01 3.502334889926618233e-01
3.522348232154769998e-01 6.898258872114335638e-01 2.553327745604811461e-01 3.522348232154769998e-01
3.542361574382922318e-01 1.444127443937746336e-01 2.728785026086597010e-01 3.542361574382922318e-01
3.562374916611074083e-01 8.453238882608904436e-01 2.845697514378775494e-01 3.562374916611074083e-01
3.582388258839226403e-01 7.939756702946240696e-02 2.819765961806943722e-01 3.582388258839226403e-01
3.602401601067378722e-01 1.285231711629440110e-01 3.089911940015768188e-01 3.602401601067378722e-01
3.622414943295530487e-01 4.057923194169867770e-02 3.085644594305674837e-01 3.622414943295530487e-01
3.642428285523682807e-01 2.425226720627943200e-02 3.138479498428444203e-01 3.642428285523682807e-01
3.662441627751835127e-01 2.173597358666059798e-01 3.144019812629427202e-01 3.662441627751835127e-01
3.682454969979986892e-01 7.960956212009436817e-01 3.165578616810652557e-01 3.682454969979986892e-01
3.702468312208139212e-01 2.772217893552008094e-01 3.239607260416947909e-01 3.702468312208139212e-01
3.722481654436290976e-01 1.231180266102680637e-01 3.207617867583523186e-01 3.722481654436290976e-01
3.742494996664443296e-01 1.351141418400903516e-01 3.299625131338493889e-01 3.742494996664443296e-01
3.762508338892595616e-01 4.447714804963415897e-02 3.469713565456532534e-01 3.762508338892595616e-01
3.782521681120747381e-01 1.008282708988291199e-01 3.400067158737323236e-01 3.782521681120747381e-01
3.802535023348899701e-01 1.542632566449700648e-01 3.363985601285034432e-01 3.802535023348899701e-01
3.822548365577051466e-01 4.670783400142508590e-02 3.410509121426996693e-01 3.822548365577051466e-01
3.842561707805203786e-01 5.770019861347863710e-01 3.563939006608611848e-01 3.842561707805203786e-01
3.862575050033356105e-01 4.569683754810219267e-01 3.775093057521192730e-01 3.862575050033356105e-01
3.882588392261507870e-01 8.166469528192863425e-01 3.921569968204371426e-01 3.882588392261507870e-01
3.902601734489660190e-01 2.338580821276595445e-01 4.018417243735917799e-01 3.902601734489660190e-01
3.922615076717811955e-01 8.873857261044985067e-01 3.961196886376094906e-01 3.922615076717811955e-01
3.942628418945964275e-01 7.679760401417796700e-01 3.850223777183167662e-01 3.942628418945964275e-01
3.962641761174116595e-01 5.869636382179940215e-01 3.967568234356467771e-01 3.962641761174116595e-01
3.982655103402268360e-01 1.139163701145139151e-02 3.804569194301910540e-01 3.982655103402268360e-01
4.002668445630420679e-01 1.191416465890033249e+00 3.795183891949050481e-01 4.002668445630420679e-01
4.022681787858572444e-01 2.735595187937385486e-02 3.799836987660630827e-01 4.022681787858572444e-01
4.042695130086724764e-01 2.181640936773142359e-01 3.858099370305144715e-01 4.042695130086724764e-01
4.062708472314877084e-01 4.342144236505754984e-01 3.903824379232900266e-01 4.062708472314877084e-01
4.082721814543028849e-01 2.164906303611104088e-01 4.009117708518056267e-01 4.082721814543028849e-01
4.102735156771181169e-01 8.236994141228641819e-01 3.825616384215789756e-01 4.102735156771181169e-01
4.122748498999333489e-01 2.264926018332640359e-02 3.781738845090162893e-01 4.122748498999333489e-01
4.142761841227485253e-01 8.558557400199212628e-01 3.983710309920085457e-01 4.142761841227485253e-01
4.162775183455637573e-01 7.613198440645337906e-01 4.078513793771809670e-01 4.162775183455637573e-01
4.182788525683789338e-01 9.095034424343577395e-02 4.251181374881301545e-01 4.182788525683789338e-01
4.202801867911941658e-01 2.428947533010324955e-01 4.275324580906803007e-01 4.202801867911941658e-01
4.222815210140093978e-01 2.245271298104619118e-01 4.265262180009121717e-01 4.222815210140093978e-01
4.242828552368245743e-01 8.913941222733084979e-01 4.322311943889477481e-01 4.242828552368245743e-01
4.262841894596398062e-01 8.738287654254766057e-01 4.354361690077576119e-01 4.262841894596398062e-01
4.282855236824549827e-01 6.159348523581102963e-01 4.475968264681557951e-01 4.282855236824549827e-01
4.302868579052702147e-01 5.157674488727690409e-01 4.377883044291124293e-01 4.302868579052702147e-01
4.322881921280854467e-01 4.875097429541256494e-02 4.355065950278322884e-01 4.322881921280854467e-01
4.342895263509006232e-01 2.348361395204340007e-01 4.159331740409392131e-01 4.342895263509006232e-01
4.362908605737158552e-01 6.255250188043010029e-01 3.974458579999391450e-01 4.362908605737158552e-01
4.382921947965310316e-01 1.770278240372085699e-01 3.970460381760571034e-01 4.382921947965310316e-01
4.402935290193462636e-01 4.091782738273364028e-02 4.073741630299257399e-01 4.402935290193462636e-01
4.422948632421614956e-01 1.476008635804253455e-01 3.918036174180584141e-01 4.422948632421614956e-01
4.442961974649766721e-01 2.794550007842065975e-01 3.963557151950309332e-01 4.442961974649766721e-01
4.462975316877919041e-01 2.117248038100768281e-01 3.959032256639203329e-01 4.462975316877919041e-01
4.482988659106070806e-01 6.490623859357432801e-01 3.921333636051516636e-01 4.482988659106070806e-01
4.503002001334223126e-01 4.374019156165356165e-02 3.892062285613230310e-01 4.503002001334223126e-01
4.523015343562375445e-01 9.732387894013042051e-02 3.703564248953724602e-01 4.523015343562375445e-01
4.543028685790527210e-01 9.512010324129511751e-01 3.783352539810509452e-01 4.543028685790527210e-01
4.563042028018679530e-01 5.238084256321606791e-01 3.611398424915656657e-01 4.563042028018679530e-01
4.583055370246831850e-01 7.524142305985483947e-01 3.565349244684487551e-01 4.583055370246831850e-01
4.603068712474983615e-01 1.998154156033860041e-01 3.635379966951574060e-01 4.603068712474983615e-01
4.623082054703135935e-01 1.130074129644769165e-01 3.776519405100114968e-01 4.623082054703135935e-01
4.643095396931287699e-01 2.806118659108834956e-01 3.729474327208633921e-01 4.643095396931287699e-01
4.663108739159440019e-01 7.084059455059891208e-01 3.890473258216817221e-01 4.663108739159440019e-01
4.683122081387592339e-01 9.555553313573474927e-01 3.709333566329767740e-01 4.683122081387592339e-01
4.703135423615744104e-01 4.144975492185088983e-01 3.714796681457145366e-01 4.703135423615744104e-01
4.723148765843896424e-01 1.403079966751752394e-01 4.008235564870580303e-01 4.723148765843896424e-01
4.743162108072048189e-01 8.487546564188004627e-02 4.165707344648946209e-01 4.743162108072048189e-01
4.763175450300200509e-01 9.996082460777669376e-03 4.141317292027948405e-01 4.763175450300200509e-01
4.783188792528352828e-01 5.705710254388296487e-01 4.041541186432999755e-01 4.783188792528352828e-01
4.803202134756504593e-01 4.348447560200662809e-01 4.005346315873344887e-01 4.803202134756504593e-01
4.823215476984656913e-01 5.530240958034721155e-01 4.013540633134806690e-01 4.823215476984656913e-01
4.843228819212808678e-01 2.139919607352480380e-01 4.005663598072677356e-01 4.843228819212808678e-01
4.863242161440960998e-01 1.996120229017799563e-01 3.946636775204385716e-01 4.863242161440960998e-01
4.883255503669113318e-01 2.796500792410597791e-01 3.897313081041486882e-01 4.883255503669113318e-01
4.903268845897265082e-01 9.647809356413526716e-02 3.934033731778418530e-01 4.903268845897265082e-01
4.923282188125417402e-01 5.085746381888976014e-02 4.098415707379777784e-01 4.923282188125417402e-01
4.943295530353569722e-01 3.497812526961466828e-01 4.288875459302878834e-01 4.943295530353569722e-01
4.963308872581721487e-01 1.508438689510234743e-01 4.069928257126123605e-01 4.963308872581721487e-01
4.983322214809873807e-01 5.725182051167421182e-01 4.010060290401418204e-01 4.983322214809873807e-01
5.003335557038025572e-01 3.780763055384886440e-01 3.851856570982046812e-01 5.003335557038025572e-01
5.023348899266177892e-01 8.215664497100534369e-01 3.926842715040504417e-01 5.023348899266177892e-01
5.043362241494330211e-01 3.164231045538654086e-02 3.920376604038845469e-01 5.043362241494330211e-01
5.063375583722482531e-01 1.551489739406862300e+00 4.056551885386801004e-01 5.063375583722482531e-01
5.083388925950633741e-01 1.311560286885714022e-01 4.074995606978598084e-01 5.083388925950633741e-01
5.103402268178786061e-01 6.383336243803601207e-01 3.899311095380142422e-01 5.103402268178786061e-01
5.123415610406938381e-01 1.718866870867852059e+00 4.036287871734802746e-01 5.123415610406938381e-01
5.143428952635090701e-01 6.943852713867127990e-01 4.274206895453325217e-01 5.143428952635090701e-01
5.163442294863243021e-01 1.348369237743418103e-01 4.403550117398312702e-01 5.163442294863243021e-01
5.183455637091394230e-01 2.164429858650114835e-01 4.458263544329320593e-01 5.183455637091394230e-01
5.203468979319546550e-01 2.862885474262603230e-02 4.968245269612351356e-01 5.203468979319546550e-01
5.223482321547698870e-01 7.451452815472751900e-02 4.870336224171347705e-01 5.223482321547698870e-01
5.243495663775851190e-01 1.153050198256926479e-01 4.922643352913445014e-01 5.243495663775851190e-01
5.263509006004003510e-01 3.744502702421140250e-02 4.933151647487611369e-01 5.263509006004003510e-01
5.283522348232154719e-01 9.497657742191628963e-03 4.892501002818258060e-01 5.283522348232154719e-01
5.303535690460307039e-01 7.996170539571634261e-01 4.829598492929944031e-01 5.303535690460307039e-01
5.323549032688459359e-01 7.177062915272243160e-01 5.022199300953278378e-01 5.323549032688459359e-01
5.343562374916611679e-01 8.782088618248462542e-01 5.172664984709705038e-01 5.343562374916611679e-01
5.363575717144763999e-01 5.351750348825415338e-02 5.120018181808645430e-01 5.363575717144763999e-01
5.383589059372915209e-01 2.783497620608665901e-01 5.111449256917465211e-01 5.383589059372915209e-01
5.403602401601067529e-01 1.037789809791268003e-01 4.978669082097932352e-01 5.403602401601067529e-01
5.423615743829219848e-01 5.072586062430628484e-01 5.190618999351463980e-01 5.423615743829219848e-01
5.443629086057372168e-01 8.649635785767616214e-02 5.122721479372414066e-01 5.443629086057372168e-01
5.463642428285524488e-01 8.389305194375027419e-01 5.544393360316064445e-01 5.463642428285524488e-01
5.483655770513675698e-01 7.840252040323566485e-01 5.241314731542513483e-01 5.483655770513675698e-01
5.503669112741828018e-01 2.352488338036794746e-01 5.277671450731573621e-01 5.503669112741828018e-01
5.523682454969980338e-01 9.761023322726153362e-01 5.327309509628891382e-01 5.523682454969980338e-01
5.543695797198132658e-01 1.115775993921118925e+00 4.952016477117732185e-01 5.543695797198132658e-01
5.563709139426284978e-01 6.151826756163261134e-01 4.989406664999389007e-01 5.563709139426284978e-01
5.583722481654437297e-01 2.343211328779113423e-01 5.164568712894385127e-01 5.583722481654437297e-01
5.603735823882588507e-01 2.661496099099255552e+00 5.184929293531507222e-01 5.603735823882588507e-01
5.623749166110740827e-01 3.341766971195220259e-02 5.178648239229000083e-01 5.623749166110740827e-01
5.643762508338893147e-01 7.674833236460699704e-01 5.336291214751553991e-01 5.643762508338893147e-01
5.663775850567045467e-01 2.570759684893317298e-01 5.668338213401856729e-01 5.663775850567045467e-01
5.683789192795197787e-01 3.294437975742958713e-02 5.663713237414209623e-01 5.683789192795197787e-01
5.703802535023348996e-01 2.174978869897266701e-02 5.720278304943828829e-01 5.703802535023348996e-01
5.723815877251501316e-01 8.861414064598045481e-01 5.531736281948637091e-01 5.723815877251501316e-01
5.743829219479653636e-01 6.677667672202416416e-01 5.436868678230848406e-01 5.743829219479653636e-01
5.763842561707805956e-01 1.339293608018019832e-01 5.281152548015515258e-01 5.763842561707805956e-01
5.783855903935958276e-01 1.157112768971857164e-01 5.370021309606872739e-01 5.783855903935958276e-01
5.803869246164109486e-01 2.811948835665421809e-02 5.474455764654212464e-01 5.803869246164109486e-01
5.823882588392261805e-01 1.247070966277969539e+00 5.464486901878795599e-01 5.823882588392261805e-01
5.843895930620414125e-01 5.431866177959498998e-01 5.400510523016387454e-01 5.843895930620414125e-01
5.863909272848566445e-01 1.760497022324352345e+00 5.475909249583712501e-01 5.863909272848566445e-01
5.883922615076718765e-01 3.088673614353009689e-01 5.878513049774000132e-01 5.883922615076718765e-01
5.903935957304869975e-01 2.802185773637150268e-01 5.813702330937462470e-01 5.903935957304869975e-01
5.923949299533022295e-01 8.418496658593662696e-01 5.758918013778869804e-01 5.923949299533022295e-01
5.943962641761174615e-01 1.801654375721017665e-01 5.579812935911496741e-01 5.943962641761174615e-01
5.963975983989326934e-01 8.476850417015051598e-01 5.348917926401158818e-01 5.963975983989326934e-01
5.983989326217479254e-01 8.530013201438253478e-01 5.291644023241202088e-01 5.983989326217479254e-01
6.004002668445630464e-01 2.999213664772107935e-01 5.297703564592206593e-01 6.004002668445630464e-01
6.024016010673782784e-01 2.876532102343587385e-03 4.727576488504257046e-01 6.024016010673782784e-01
6.044029352901935104e-01 7.208507277971984983e-01 4.813159768170300334e-01 6.044029352901935104e-01
6.064042695130087424e-01 1.476697714291939523e+00 4.780390895577714683e-01 6.064042695130087424e-01
6.084056037358239744e-01 1.848262547485515772e-02 4.906280315541687864e-01 6.084056037358239744e-01
6.104069379586390953e-01 2.414144346136311570e-01 4.918767820182579631e-01 6.104069379586390953e-01
6.124082721814543273e-01 2.659475967687955494e-02 5.073980222470739765e-01 6.124082721814543273e-01
6.144096064042695593e-01 3.287491162842895998e-01 4.941146431980093512e-01 6.144096064042695593e-01
6.164109406270847913e-01 2.397727279419820390e-01 4.968885677745121798e-01 6.164109406270847913e-01
6.184122748499000233e-01 4.178794260128171900e-01 4.940837814885113977e-01 6.184122748499000233e-01
6.204136090727151442e-01 7.065310277549601281e-01 4.971267852774667317e-01 6.204136090727151442e-01
6.224149432955303762e-01 6.290664359991735011e-02 5.002533686932002510e-01 6.224149432955303762e-01
6.244162775183456082e-01 2.449554529071882869e-01 5.185776601726852508e-01 6.244162775183456082e-01
6.264176117411608402e-01 3.956311367837078707e-01 5.065802313072296226e-01 6.264176117411608402e-01
6.284189459639760722e-01 2.489606100217685025e+00 4.834075702141001352e-01 6.284189459639760722e-01
6.304202801867911932e-01 5.183012568025500144e-01 5.363574400983276425e-01 6.304202801867911932e-01
6.324216144096064252e-01 1.063313345345162815e-02 5.367880183469879718e-01 6.324216144096064252e-01
6.344229486324216571e-01 2.417715130163826664e-01 5.309015475289253772e-01 6.344229486324216571e-01
6.364242828552368891e-01 1.691064549287339402e-01 5.429063491129879626e-01 6.364242828552368891e-01
6.384256170780521211e-01 3.803596726605074085e-01 5.234641561667181531e-01 6.384256170780521211e-01
6.404269513008673531e-01 2.591652524170299232e-01 5.106696811826757498e-01 6.404269513008673531e-01
6.424282855236824741e-01 3.239750871386615216e-01 5.343382248254915368e-01 6.424282855236824741e-01
6.444296197464977061e-01 3.843091163427294621e-01 5.390654530354928031e-01 6.444296197464977061e-01
6.464309539693129381e-01 6.331309460164679104e-01 5.575631789701886998e-01 6.464309539693129381e-01
6.484322881921281700e-01 7.732225903416218848e-01 5.264484297710477767e-01 6.484322881921281700e-01
6.504336224149434020e-01 8.414314878508698248e-02 5.386759759356815058e-01 6.504336224149434020e-01
6.524349566377585230e-01 6.581206380804273115e-01 5.360815376353063044e-01 6.524349566377585230e-01
6.544362908605737550e-01 3.415228654481581860e-01 6.086520954881968759e-01 6.544362908605737550e-01
6.564376250833889870e-01 7.814976748568586151e-01 6.174234763979096208e-01 6.564376250833889870e-01
6.584389593062042190e-01 1.893312307576847098e-02 6.164121140317582181e-01 6.584389593062042190e-01
6.604402935290194510e-01 2.404744322443534976e-01 6.345218560017470422e-01 6.604402935290194510e-01
6.624416277518345719e-01 1.563094084017300212e-01 6.239418954564357467e-01 6.624416277518345719e-01
6.644429619746498039e-01 1.998366916936855198e+00 6.333675853445372983e-01 6.644429619746498039e-01
6.664442961974650359e-01 5.129203431226563026e-02 6.926451404653444222e-01 6.664442961974650359e-01
6.684456304202802679e-01 8.104179175060447493e-01 6.893991134088255368e-01 6.684456304202802679e-01
6.704469646430954999e-01 2.479812026688628102e+00 6.287567539004654815e-01 6.704469646430954999e-01
6.724482988659106208e-01 2.978722855587863649e-01 6.397348776592665098e-01 6.724482988659106208e-01
6.744496330887258528e-01 6.005043623188025537e-01 6.466952607244419449e-01 6.744496330887258528e-01
6.764509673115410848e-01 6.723623025186636903e-01 6.610983762511477568e-01 6.764509673115410848e-01
6.784523015343563168e-01 5.055513090444372498e-02 6.656427646063622916e-01 6.784523015343563168e-01
6.804536357571715488e-01 3.284278457980903121e-01 6.659270975632984868e-01 6.804536357571715488e-01
6.824549699799866698e-01 1.270331655832659168e+00 7.040917013942273872e-01 6.824549699799866698e-01
6.844563042028019018e-01 1.966928887123952363e-01 7.054108467526465365e-01 6.844563042028019018e-01
6.864576384256171337e-01 1.479257491119729373e+00 6.997126886823687997e-01 6.864576384256171337e-01
6.884589726484323657e-01 2.009929971271596227e-01 6.879850562533752489e-01 6.884589726484323657e-01
6.904603068712475977e-01 5.198120182248419097e-01 6.729027584471353185e-01 6.904603068712475977e-01
6.924616410940627187e-01 1.350424642982487045e-01 6.862616941595501840e-01 6.924616410940627187e-01
6.944629753168779507e-01 3.001987631645392174e+00 6.737838311758606036e-01 6.944629753168779507e-01
6.964643095396931827e-01 6.883757335825106960e-01 7.025574855942342545e-01 6.964643095396931827e-01
6.984656437625084147e-01 1.983068709297737542e-01 6.880631852148966221e-01 6.984656437625084147e-01
7.004669779853236466e-01 1.160378846782358808e+00 6.997335992479214450e-01 7.004669779853236466e-01
7.024683122081387676e-01 2.727526453971960696e-01 7.046228206098276159e-01 7.024683122081387676e-01
7.044696464309539996e-01 4.493599290120813272e-01 7.191615712022296769e-01 7.044696464309539996e-01
7.064709806537692316e-01 2.675335212860282308e+00 6.794503423184981017e-01 7.064709806537692316e-01
7.084723148765844636e-01 2.625440274664319618e-01 6.800415316076304784e-01 7.084723148765844636e-01
7.104736490993996956e-01 3.269360374916951018e-03 6.866808326005242602e-01 7.104736490993996956e-01
7.124749833222148165e-01 9.684043309133981703e-01 6.272823925596249239e-01 7.124749833222148165e-01
7.144763175450300485e-01 2.960088391256424645e-01 6.279269511932881187e-01 7.144763175450300485e-01
7.164776517678452805e-01 8.322992496113240657e-01 6.175118162320218929e-01 7.164776517678452805e-01
7.184789859906605125e-01 3.554263774925239261e-01 6.291787438450514580e-01 7.184789859906605125e-01
7.204803202134757445e-01 3.920173238948956307e-01 6.329323983751120597e-01 7.204803202134757445e-01
7.224816544362908655e-01 1.823914009485119836e+00 6.410946837812511179e-01 7.224816544362908655e-01
7.244829886591060975e-01 3.780600468338431996e-01 6.125454750599705900e-01 7.244829886591060975e-01
7.264843228819213294e-01 1.506846354613443073e-01 6.171291556060436445e-01 7.264843228819213294e-01
7.284856571047365614e-01 1.522980164277313586e-01 5.993505119372380952e-01 7.284856571047365614e-01
7.304869913275517934e-01 1.548483802857842928e-01 6.036178789150294932e-01 7.304869913275517934e-01
7.324883255503670254e-01 6.318595129940931532e-01 5.955475200627790011e-01 7.324883255503670254e-01
7.344896597731821464e-01 1.465282557491570381e-01 5.957632192876548549e-01 7.344896597731821464e-01
7.364909939959973784e-01 1.521242696601475819e+00 5.257088827962512756e-01 7.364909939959973784e-01
7.384923282188126104e-01 1.872313593040179636e-01 5.226919113803103478e-01 7.384923282188126104e-01
7.404936624416278423e-01 4.974200984297839634e-01 5.238616410307824767e-01 7.404936624416278423e-01
7.424949966644430743e-01 4.409325080825073906e-01 5.076191821850360997e-01 7.424949966644430743e-01
7.444963308872581953e-01 7.523981826902166326e-01 5.035131226491317280e-01 7.444963308872581953e-01
7.464976651100734273e-01 3.702065327038648879e-01 5.275309411638240409e-01 7.464976651100734273e-01
7.484989993328886593e-01 7.553079516669167215e-02 4.980804945777077553e-01 7.484989993328886593e-01
7.505003335557038913e-01 1.082629258214687473e+00 4.960692251526445662e-01 7.505003335557038913e-01
7.525016677785191233e-01 4.447598501175147045e-02 5.046256323923912213e-01 7.525016677785191233e-01
7.545030020013342442e-01 3.242991895389821799e-01 4.905023291705991606e-01 7.545030020013342442e-01
7.565043362241494762e-01 1.734838289068839634e-01 4.912409484374197777e-01 7.565043362241494762e-01
7.585056704469647082e-01 1.150706334652874752e+00 5.010585458574732254e-01 7.585056704469647082e-01
7.605070046697799402e-01 2.044549666369295804e-01 4.954367679334013008e-01 7.605070046697799402e-01
7.625083388925951722e-01 6.630815474497929740e-01 4.951982911571020662e-01 7.625083388925951722e-01
7.645096731154102931e-01 9.981409826015850972e-02 4.768007141072023725e-01 7.645096731154102931e-01
7.665110073382255251e-01 3.846237911013898891e-01 4.774818588542932840e-01 7.665110073382255251e-01
7.685123415610407571e-01 7.503331006987007390e-01 4.754762149692018935e-01 7.685123415610407571e-01
7.705136757838559891e-01 3.759550432166061107e-01 5.246917712948606649e-01 7.705136757838559891e-01
7.725150100066712211e-01 1.889273052825735932e-01 5.448156353757405146e-01 7.725150100066712211e-01
7.745163442294863421e-01 1.438861325181558237e-01 5.620415087463593862e-01 7.745163442294863421e-01
7.765176784523015741e-01 1.297598354978459212e-01 5.822373387155282964e-01 7.765176784523015741e-01
7.785190126751168060e-01 5.646799055289311031e-01 5.545507062200087933e-01 7.785190126751168060e-01
7.805203468979320380e-01 2.462657865991333683e-01 5.759949026050686927e-01 7.805203468979320380e-01
7.825216811207472700e-01 4.944380341067592943e-01 5.775577701691854138e-01 7.825216811207472700e-01
7.845230153435623910e-01 1.044042044251141527e-01 5.686086394926408438e-01 7.845230153435623910e-01
7.865243495663776230e-01 1.434090488114464490e+00 5.693679242006981500e-01 7.865243495663776230e-01
7.885256837891928550e-01 1.467866902829514597e+00 5.656862912535405297e-01 7.885256837891928550e-01
7.905270180120080870e-01 1.800819810388450681e-01 5.911069038281053789e-01 7.905270180120080870e-01
7.925283522348233189e-01 3.540820572045313974e-01 5.727450399636099254e-01 7.925283522348233189e-01
7.945296864576384399e-01 3.893488988199205747e-01 5.755965325321941162e-01 7.945296864576384399e-01
7.965310206804536719e-01 3.262922290652902624e-01 5.884991908086742995e-01 7.965310206804536719e-01
7.985323549032689039e-01 1.234820743833513923e+00 5.980153484751654647e-01 7.985323549032689039e-01
8.005336891260841359e-01 1.249334826055756437e-01 5.973210546589886594e-01 8.005336891260841359e-01
8.025350233488993679e-01 3.822397760666269018e-01 5.960202281215096765e-01 8.025350233488993679e-01
8.045363575717144888e-01 1.069613350439231336e+00 6.080474794760220014e-01 8.045363575717144888e-01
8.065376917945297208e-01 4.059869814645695740e-01 6.378615171153118046e-01 8.065376917945297208e-01
8.085390260173449528e-01 6.845323617259566062e-02 6.344276967747686236e-01 8.085390260173449528e-01
8.105403602401601848e-01 2.170135825779740291e+00 6.339824515281092809e-01 8.105403602401601848e-01
8.125416944629754168e-01 9.799268076018624596e-01 6.582244470609288634e-01 8.125416944629754168e-01
8.145430286857906488e-01 1.338120321189464779e+00 6.616923240550345309e-01 8.145430286857906488e-01
8.165443629086057697e-01 9.745572844850811656e-01 6.893842711765703068e-01 8.165443629086057697e-01
8.185456971314210017e-01 3.860907642851749144e-01 6.960262893651967264e-01 8.185456971314210017e-01
8.205470313542362337e-01 1.066443411091478444e+00 7.241940231778236647e-01 8.205470313542362337e-01
8.225483655770514657e-01 5.614976685585656435e-01 7.359948088082021167e-01 8.225483655770514657e-01
8.245496997998666977e-01 7.401815034418504635e-02 7.817259010187679324e-01 8.245496997998666977e-01
8.265510340226818187e-01 7.835288557205675186e-01 8.189172057821203499e-01 8.265510340226818187e-01
8.285523682454970507e-01 2.192595818704023702e-01 8.313293148089520024e-01 8.285523682454970507e-01
8.305537024683122826e-01 1.117775910723848076e+00 8.284938843102391814e-01 8.305537024683122826e-01
8.325550366911275146e-01 3.297928397703754899e-01 8.336238871803928197e-01 8.325550366911275146e-01
8.345563709139427466e-01 1.613871803237005575e-01 9.008073848653824767e-01 8.345563709139427466e-01
8.365577051367578676e-01 8.533081788746705865e-01 9.004757272563153059e-01 8.365577051367578676e-01
8.385590393595730996e-01 5.636462932330217335e-01 8.970957382562103621e-01 8.385590393595730996e-01
8.405603735823883316e-01 1.122240288189628510e+00 9.157629448933692906e-01 8.405603735823883316e-01
8.425617078052035636e-01 1.511210786002866180e-01 9.311609738786790214e-01 8.425617078052035636e-01
8.445630420280187955e-01 1.156198852984794634e+00 9.595662995814583374e-01 8.445630420280187955e-01
8.465643762508339165e-01 1.322189641471043897e+00 9.387396866046406885e-01 8.465643762508339165e-01
8.485657104736491485e-01 2.438371571391207415e-01 9.517686811950483161e-01 8.485657104736491485e-01
8.505670446964643805e-01 7.320780455856691349e-01 9.622023084165388651e-01 8.505670446964643805e-01
8.525683789192796125e-01 1.369876860062204882e+00 9.179157651140802399e-01 8.525683789192796125e-01
8.545697131420948445e-01 3.311102620409090425e-01 9.328650378636107465e-01 8.545697131420948445e-01
8.565710473649099654e-01 1.279255964501124998e+00 9.663287352012279730e-01 8.565710473649099654e-01
8.585723815877251974e-01 4.020825812315261816e-01 9.921927338688598663e-01 8.585723815877251974e-01
8.605737158105404294e-01 1.719556991846631355e+00 1.007067355277726728e+00 8.605737158105404294e-01
8.625750500333556614e-01 7.300979974446555332e-01 1.019981350175613422e+00 8.625750500333556614e-01
8.645763842561708934e-01 2.369412814739956907e+00 1.030612552796523751e+00 8.645763842561708934e-01
8.665777184789860144e-01 1.629247699722564446e+00 1.031894106658408194e+00 8.665777184789860144e-01
8.685790527018012464e-01 1.942986958214558246e+00 1.017628218345145719e+00 8.685790527018012464e-01
8.705803869246164783e-01 1.351614252382292269e+00 1.013809235661448760e+00 8.705803869246164783e-01
8.725817211474317103e-01 3.904120987151445399e-01 9.961687376239170000e-01 8.725817211474317103e-01
8.745830553702469423e-01 3.108605462289110832e+00 9.928947111695894945e-01 8.745830553702469423e-01
8.765843895930620633e-01 3.757509368481632417e-01 1.006405036045756818e+00 8.765843895930620633e-01
8.785857238158772953e-01 1.877126800609887902e-01 9.934045754331558564e-01 8.785857238158772953e-01
8.805870580386925273e-01 2.000176215957027104e+00 1.019431806289072151e+00 8.805870580386925273e-01
8.825883922615077593e-01 7.562526710032775323e-01 1.021323154420629375e+00 8.825883922615077593e-01
8.845897264843229912e-01 1.546858129880575916e+00 1.036728203335673282e+00 8.845897264843229912e-01
8.865910607071381122e-01 2.157222183897062051e-01 1.023695615143293214e+00 8.865910607071381122e-01
8.885923949299533442e-01 9.401757596712876364e-01 1.003742620361887994e+00 8.885923949299533442e-01
8.905937291527685762e-01 4.962319522537038674e-01 9.983882052858923384e-01 8.905937291527685762e-01
8.925950633755838082e-01 3.543875503789357118e-01 1.026631086553272620e+00 8.925950633755838082e-01
8.945963975983990402e-01 1.592846990332613677e+00 9.959748606475928856e-01 8.945963975983990402e-01
8.965977318212141611e-01 2.710131912031772838e+00 1.004327299015603803e+00 8.965977318212141611e-01
8.985990660440293931e-01 2.034981229857988794e+00 9.916440146086469287e-01 8.985990660440293931e-01
9.006004002668446251e-01 9.959502420487187369e-01 9.861911328791648224e-01 9.006004002668446251e-01
9.026017344896598571e-01 1.595917201904835547e+00 9.459121215046730757e-01 9.026017344896598571e-01
9.046030687124750891e-01 9.973769760158832653e-01 9.556106249671664221e-01 9.046030687124750891e-01
9.066044029352903211e-01 1.265618586814424573e-01 9.116584566047860605e-01 9.066044029352903211e-01
9.086057371581054420e-01 1.986274348768117537e-01 8.993036618699679074e-01 9.086057371581054420e-01
9.106070713809206740e-01 6.268129183882420463e-02 8.749090104484769093e-01 9.106070713809206740e-01
9.126084056037359060e-01 3.945154911850415336e-01 8.492637829693618912e-01 9.126084056037359060e-01
9.146097398265511380e-01 1.955577551429542593e-01 8.480118763956397965e-01 9.146097398265511380e-01
9.166110740493663700e-01 7.153105002465647289e-01 8.280366979208586553e-01 9.166110740493663700e-01
9.186124082721814910e-01 3.202892937580246735e-01 8.396415917451921507e-01 9.186124082721814910e-01
9.206137424949967230e-01 1.630762758325587480e+00 8.445561291252536851e-01 9.206137424949967230e-01
9.226150767178119549e-01 1.199785561583474935e+00 8.100093277235523859e-01 9.226150767178119549e-01
9.246164109406271869e-01 7.827280841170989323e-01 7.947240239417368013e-01 9.246164109406271869e-01
9.266177451634424189e-01 6.218627370972161783e-01 7.797658478825897355e-01 9.266177451634424189e-01
9.286190793862575399e-01 5.041168554334239937e-01 7.772810545951075456e-01 9.286190793862575399e-01
9.306204136090727719e-01 2.430613902328997503e-02 7.631499756854965844e-01 9.306204136090727719e-01
9.326217478318880039e-01 1.890036177548258145e+00 7.930874855879728180e-01 9.326217478318880039e-01
9.346230820547032359e-01 1.129715979293426653e-01 7.857517795503559110e-01 9.346230820547032359e-01
9.366244162775184678e-01 6.735602351293509260e-01 7.606803866948995685e-01 9.366244162775184678e-01
9.386257505003335888e-01 7.592413038158928318e-01 6.953425381969888797e-01 9.386257505003335888e-01
9.406270847231488208e-01 1.785144303227589879e-01 6.504181280360135098e-01 9.406270847231488208e-01
9.426284189459640528e-01 6.811752549247204747e-02 6.291308408642306560e-01 9.426284189459640528e-01
9.446297531687792848e-01 1.127736639406887509e+00 6.536308475072145630e-01 9.446297531687792848e-01
9.466310873915945168e-01 5.673739118823618588e-01 6.795698459428993754e-01 9.466310873915945168e-01
9.486324216144096377e-01 1.122701115595021504e+00 6.785550270545704921e-01 9.486324216144096377e-01
9.506337558372248697e-01 9.428062499334248781e-01 7.029778170072917831e-01 9.506337558372248697e-01
9.526350900600401017e-01 3.001599257385757502e-01 7.159657699704375933e-01 9.526350900600401017e-01
9.546364242828553337e-01 3.390839291925412113e-01 7.100406705201772750e-01 9.546364242828553337e-01
9.566377585056705657e-01 2.289623144823084377e+00 7.094826541630285810e-01 9.566377585056705657e-01
9.586390927284856867e-01 8.515515836458348309e-01 7.091446135516853433e-01 9.586390927284856867e-01
9.606404269513009186e-01 3.892087126435112565e-01 8.272794453477217980e-01 9.606404269513009186e-01
9.626417611741161506e-01 5.837573584872767229e-01 8.105704662347916756e-01 9.626417611741161506e-01
9.646430953969313826e-01 1.295552159488360944e-01 7.956979183706578418e-01 9.646430953969313826e-01
9.666444296197466146e-01 9.335729114555451069e-01 7.916389550195763736e-01 9.666444296197466146e-01
9.686457638425617356e-01 1.138456936029371147e-01 7.803422319316382083e-01 9.686457638425617356e-01
9.706470980653769676e-01 3.608015243772361158e-01 7.864874084482802452e-01 9.706470980653769676e-01
9.726484322881921996e-01 1.723669858255232334e+00 8.184775626652111002e-01 9.726484322881921996e-01
9.746497665110074315e-01 5.362360283664394101e-02 7.765334161719577022e-01 9.746497665110074315e-01
9.766511007338226635e-01 5.649198832589000796e-01 7.785033925020173884e-01 9.766511007338226635e-01
9.786524349566377845e-01 3.128012361743767039e-02 7.779611806061680346e-01 9.786524349566377845e-01
9.806537691794530165e-01 1.930804132579956034e-01 7.641983274908051849e-01 9.806537691794530165e-01
9.826551034022682485e-01 1.231714680056271299e-01 7.788962498856806249e-01 9.826551034022682485e-01
9.846564376250834805e-01 2.600417474267171958e+00 7.870530919378602164e-01 9.846564376250834805e-01
9.866577718478987125e-01 2.060875911878961464e+00 7.606414838032662384e-01 9.866577718478987125e-01
9.886591060707139444e-01 8.495428425995439625e-02 7.625464405106258114e-01 9.886591060707139444e-01
9.906604402935290654e-01 1.199961822938387712e+00 7.392090997791354035e-01 9.906604402935290654e-01
9.926617745163442974e-01 5.951873633277982023e-01 7.197547249900568822e-01 9.926617745163442974e-01
9.946631087391595294e-01 1.515864137243707055e-01 7.382129618870740817e-01 9.946631087391595294e-01
9.966644429619747614e-01 1.726790844998613572e-01 7.472560320748710128e-01 9.966644429619747614e-01
9.986657771847899934e-01 7.014508351814906506e-01 7.017799584558537251e-01 9.986657771847899934e-01
1.000667111407605114e+00 5.163817397395519038e+00 6.939374536278745120e-01 1.000000000000000000e+00
1.002668445630420457e+00 9.456946146954477994e-01 7.035798903541903293e-01 1.000000000000000000e+00
1.004669779853235578e+00 5.900110991539925243e-01 7.088990526209077991e-01 1.000000000000000000e+00
1.006671114076050699e+00 6.163105867227527401e-01 7.671732043718726413e-01 1.000000000000000000e+00
1.008672448298866042e+00 1.586970904917557601e-01 7.865836069672736963e-01 1.000000000000000000e+00
1.010673782521681163e+00 7.560690926157465075e-01 7.991796847361207767e-01 1.000000000000000000e+00
1.012675116744496506e+00 1.335902461917453765e+00 8.260317422265441856e-01 1.000000000000000000e+00
1.014676450967311627e+00 1.703261713248713227e-01 7.865873045714926182e-01 1.000000000000000000e+00
1.016677785190126748e+00 1.937406274617930746e-01 7.937608309153618702e-01 1.000000000000000000e+00
1.018679119412942091e+00 6.513295473995247553e-01 7.941102119400663684e-01 1.000000000000000000e+00
1.020680453635757212e+00 1.949643260860166871e-01 8.013133570694424002e-01 1.000000000000000000e+00
1.022681787858572555e+00 7.811292485126538621e-01 8.261171297640736988e-01 1.000000000000000000e+00
1.024683122081387676e+00 4.025480496318341594e-01 8.276650584599922755e-01 1.000000000000000000e+00
1.026684456304202797e+00 4.486070588852938967e-02 7.699691171846805293e-01 1.000000000000000000e+00
1.028685790527018140e+00 6.454771368841071277e-01 7.324758185429567359e-01 1.000000000000000000e+00
1.030687124749833261e+00 1.658701456039149980e-01 7.510607854799761229e-01 1.000000000000000000e+00
1.032688458972648604e+00 1.451768835812030645e-01 7.220063036827365499e-01 1.000000000000000000e+00
1.034689793195463725e+00 1.056947638516281263e+00 7.082092494130163285e-01 1.000000000000000000e+00
1.036691127418278846e+00 7.098498068922169946e-01 7.246207577130276967e-01 1.000000000000000000e+00
1.038692461641094189e+00 4.251041264433736977e-01 7.239126352284852572e-01 1.000000000000000000e+00
1.040693795863909310e+00 5.300088856986895358e-01 7.135441832840119236e-01 1.000000000000000000e+00
1.042695130086724653e+00 7.845486184224604864e-01 5.885869034752905238e-01 1.000000000000000000e+00
1.044696464309539774e+00 8.018430114226932082e-01 5.790528594748640678e-01 1.000000000000000000e+00
1.046697798532354895e+00 2.518795437738391652e+00 6.042979101610560511e-01 1.000000000000000000e+00
1.048699132755170238e+00 1.729399417866990918e+00 6.158457666140311204e-01 1.000000000000000000e+00
1.050700466977985359e+00 6.302848821256701317e-01 6.246580672450570137e-01 1.000000000000000000e+00
1.052701801200800702e+00 1.461735881484595989e+00 6.429024880330803660e-01 1.000000000000000000e+00
1.054703135423615823e+00 1.064479143981177794e-01 7.959502541035288203e-01 1.000000000000000000e+00
1.056704469646430944e+00 3.477381829352809151e-01 9.440181181338147542e-01 1.000000000000000000e+00
1.058705803869246287e+00 5.792445052717851706e-01 1.037954622953476402e+00 1.000000000000000000e+00
1.060707138092061408e+00 3.266090739218551753e-01 1.102198255423886719e+00 1.000000000000000000e+00
1.062708472314876751e+00 1.210035093737879874e+00 1.175659646293364169e+00 1.000000000000000000e+00
1.064709806537691872e+00 1.866365445382892063e-01 1.194954074540512501e+00 1.000000000000000000e+00
1.066711140760506993e+00 2.348838819793885591e-01 1.198730191413558188e+00 1.000000000000000000e+00
1.068712474983322336e+00 5.236506675682891521e-01 1.231404836012013781e+00 1.000000000000000000e+00
1.070713809206137457e+00 8.469379286777465321e-01 1.291777681444644221e+00 1.000000000000000000e+00
1.072715143428952800e+00 8.728069251562449449e-03 1.381958094858158903e+00 1.000000000000000000e+00
1.074716477651767921e+00 2.950813826927297864e-02 1.387036571556623521e+00 1.000000000000000000e+00
1.076717811874583042e+00 8.244582540248344138e-01 1.394815369984790721e+00 1.000000000000000000e+00
1.078719146097398385e+00 1.436460626336251156e-01 1.389357597862336924e+00 1.000000000000000000e+00
1.080720480320213506e+00 2.763443054580832503e-01 1.384067332979007858e+00 1.000000000000000000e+00
1.082721814543028849e+00 4.056892523794036060e-02 1.440046456075570802e+00 1.000000000000000000e+00
1.084723148765843970e+00 5.547988106779615514e-01 1.481085509683371937e+00 1.000000000000000000e+00
1.086724482988659091e+00 1.625058177287865391e+00 1.495911456746636947e+00 1.000000000000000000e+00
1.088725817211474434e+00 1.089772701294732249e+00 1.476687769857160548e+00 1.000000000000000000e+00
1.090727151434289555e+00 5.200014163638183584e-01 1.470467774844506748e+00 1.000000000000000000e+00
1.092728485657104898e+00 1.504090344924700284e+00 1.474475397178630853e+00 1.000000000000000000e+00
1.094729819879920019e+00 7.610860870805843170e+00 1.483818177592581389e+00 1.000000000000000000e+00
1.096731154102735140e+00 6.241108596566594002e+00 1.537119529831471709e+00 1.000000000000000000e+00
1.098732488325550483e+00 4.045137325067921452e+00 1.586624192521006727e+00 1.000000000000000000e+00
1.100733822548365604e+00 3.285318478686344523e+00 1.573882856308831180e+00 1.000000000000000000e+00
1.102735156771180947e+00 3.206881351734587327e+00 1.569778384484375344e+00 1.000000000000000000e+00
1.104736490993996068e+00 1.572200806645737581e+00 1.548671123887629175e+00 1.000000000000000000e+00
1.106737825216811189e+00 5.573688414267030655e-01 1.547609525792078777e+00 1.000000000000000000e+00
1.108739159439626532e+00 1.384521134425213296e+00 1.588700819157376598e+00 1.000000000000000000e+00
1.110740493662441652e+00 3.120763799621960377e+00 1.583829397300538400e+00 1.000000000000000000e+00
1.112741827885256996e+00 3.863267095558011732e+00 1.569715142266777885e+00 1.000000000000000000e+00
1.114743162108072116e+00 3.533944282182576724e-01 1.579683159225806710e+00 1.000000000000000000e+00
1.116744496330887459e+00 1.375878374071132892e+00 1.596862126398987058e+00 1.000000000000000000e+00
1.118745830553702580e+00 4.860811498716186008e-01 1.599009422003152991e+00 1.000000000000000000e+00
1.120747164776517701e+00 2.082032662268736845e-01 1.631791325732896869e+00 1.000000000000000000e+00
1.122748498999333044e+00 2.825152932657775562e+00 1.629270781469791540e+00 1.000000000000000000e+00
1.124749833222148165e+00 2.467149816342301349e+00 1.628464021688883046e+00 1.000000000000000000e+00
1.126751167444963508e+00 1.409706841016561851e+00 1.635526267968978154e+00 1.000000000000000000e+00
1.128752501667778629e+00 1.730624275269856183e+00 1.603170465300161940e+00 1.000000000000000000e+00
1.130753835890593750e+00 1.474379622348187091e+00 1.586831454096864880e+00 1.000000000000000000e+00
1.132755170113409093e+00 7.945973978247612424e-01 1.618956655533758227e+00 1.000000000000000000e+00
1.134756504336224214e+00 1.844789878456563947e+00 1.588312462566931149e+00 1.000000000000000000e+00
1.136757838559039557e+00 2.291803356192627650e+00 1.415309553998950864e+00 1.000000000000000000e+00
1.138759172781854678e+00 2.377429353206214735e+00 1.265563876924042486e+00 1.000000000000000000e+00
1.140760507004669799e+00 5.684972057258162043e-02 1.167601937329103556e+00 1.000000000000000000e+00
1.142761841227485142e+00 1.583257291191610960e-01 1.095587270533151969e+00 1.000000000000000000e+00
1.144763175450300263e+00 3.446374092712902737e-01 1.020903601416686346e+00 1.000000000000000000e+00
1.146764509673115606e+00 1.431110226207175651e-01 1.028370631165380411e+00 1.000000000000000000e+00
1.148765843895930727e+00 1.919626909956605010e+00 1.018603761145697062e+00 1.000000000000000000e+00
1.150767178118745848e+00 3.239223714379261820e-01 1.000825055491869175e+00 1.000000000000000000e+00
1.152768512341561191e+00 2.682534722935744353e-01 9.283347742117658008e-01 1.000000000000000000e+00
1.154769846564376312e+00 4.174167645717357655e-01 8.405209506112415463e-01 1.000000000000000000e+00
1.156771180787191655e+00 7.338457923696621865e-01 8.503039821221249905e-01 1.000000000000000000e+00
1.158772515010006776e+00 9.124973737956529884e-01 8.432452616605642381e-01 1.000000000000000000e+00
1.160773849232821897e+00 1.487704115553111661e+00 8.720598167857442906e-01 1.000000000000000000e+00
1.162775183455637240e+00 1.730019906707660204e-01 8.752940771264978714e-01 1.000000000000000000e+00
1.164776517678452361e+00 7.491774220687821839e-03 8.262619562627201431e-01 1.000000000000000000e+00
1.166777851901267704e+00 8.443509081618605361e-01 7.697581352583341419e-01 1.000000000000000000e+00
1.168779186124082825e+00 2.984702678663969100e-01 7.364816354545588029e-01 1.000000000000000000e+00
1.170780520346897946e+00 4.198732419595541110e-01 6.982415874725420579e-01 1.000000000000000000e+00
1.172781854569713289e+00 1.837134675276453244e+00 6.861852394255442134e-01 1.000000000000000000e+00
1.174783188792528410e+00 2.476784332847901393e-01 6.769614661955171142e-01 1.000000000000000000e+00
1.176784523015343753e+00 5.177416195186498316e-01 6.360234651597844735e-01 1.000000000000000000e+00
1.178785857238158874e+00 1.015358364953466014e-01 5.945111635566346919e-01 1.000000000000000000e+00
1.180787191460973995e+00 2.869780167542761509e-02 5.378765426786276116e-01 1.000000000000000000e+00
1.182788525683789338e+00 3.327171400523376010e-01 5.624581996499338210e-01 1.000000000000000000e+00
1.184789859906604459e+00 1.448509179594954510e-01 5.590328149837656690e-01 1.000000000000000000e+00
1.186791194129419802e+00 1.878349026342187145e+00 5.624827762435717915e-01 1.000000000000000000e+00
1.188792528352234923e+00 1.569271706196863625e-01 6.005037829176453901e-01 1.000000000000000000e+00
1.190793862575050044e+00 6.555942026182726146e-01 5.603991397868675062e-01 1.000000000000000000e+00
1.192795196797865387e+00 1.486622671377250404e-01 5.607943529145376083e-01 1.000000000000000000e+00
1.194796531020680508e+00 2.629003279365170198e-01 5.895450167260390950e-01 1.000000000000000000e+00
1.196797865243495851e+00 7.544987201644773878e-01 6.222081346500893950e-01 1.000000000000000000e+00
1.198799199466310972e+00 1.086470835147142822e+00 6.231217601695686614e-01 1.000000000000000000e+00
1.200800533689126093e+00 1.667477910003996477e+00 6.241184121108326321e-01 1.000000000000000000e+00
1.202801867911941436e+00 3.408079401977714973e-01 6.216963015742413834e-01 1.000000000000000000e+00
1.204803202134756557e+00 8.148359772428885872e-01 6.252970827064219250e-01 1.000000000000000000e+00
1.206804536357571900e+00 1.504931551624779373e-01 6.584580452269607198e-01 1.000000000000000000e+00
1.208805870580387021e+00 4.537034906177021126e-02 6.819724556801318727e-01 1.000000000000000000e+00
1.210807204803202142e+00 1.627823080071703066e-01 6.951931102275262786e-01 1.000000000000000000e+00
1.212808539026017485e+00 9.800693524212732433e-01 7.028221238498288947e-01 1.000000000000000000e+00
1.214809873248832606e+00 4.164226953936565612e-01 6.634584008210312467e-01 1.000000000000000000e+00
1.216811207471647949e+00 1.663318359915250955e-01 6.585476090797419690e-01 1.000000000000000000e+00
1.218812541694463070e+00 5.897989904634841629e-01 6.707676069174448585e-01 1.000000000000000000e+00
1.220813875917278191e+00 5.540989720792500323e-02 6.895875973549905336e-01 1.000000000000000000e+00
1.222815210140093534e+00 1.064697656396135450e+00 6.988170993199510628e-01 1.000000000000000000e+00
1.224816544362908655e+00 1.788495780626681367e-02 7.196642291951764747e-01 1.000000000000000000e+00
1.226817878585723998e+00 4.860858209233394067e-01 7.198632449861144256e-01 1.000000000000000000e+00
1.228819212808539119e+00 1.701972296257738160e+00 7.109429410914045455e-01 1.000000000000000000e+00
1.230820547031354240e+00 2.753365415947109374e-01 7.085835631513959232e-01 1.000000000000000000e+00
1.232821881254169583e+00 3.401261096724028099e-01 7.071047102459351308e-01 1.000000000000000000e+00
1.234823215476984704e+00 1.447030688565133838e+00 7.244482980149014040e-01 1.000000000000000000e+00
1.236824549699800047e+00 1.756604599457795235e+00 7.212755076481112138e-01 1.000000000000000000e+00
1.238825883922615168e+00 7.713044386683175491e-01 7.069769772094507410e-01 1.000000000000000000e+00
1.240827218145430288e+00 9.533601033874742336e-01 6.827595099890759744e-01 1.000000000000000000e+00
1.242828552368245631e+00 1.388397583552867687e+00 6.468183995643542739e-01 1.000000000000000000e+00
1.244829886591060752e+00 3.206340170901715303e-01 6.540587222739977502e-01 1.000000000000000000e+00
1.246831220813876095e+00 1.367091237562775508e+00 6.367715303995526988e-01 1.000000000000000000e+00
1.248832555036691216e+00 1.808441736741874140e+00 6.347870248360918399e-01 1.000000000000000000e+00
1.250833889259506337e+00 8.405171043095721606e-01 6.405290668623269124e-01 1.000000000000000000e+00
1.252835223482321680e+00 7.326628004739602629e-01 6.592374218190161228e-01 1.000000000000000000e+00
1.254836557705136801e+00 2.232220310957521436e-01 6.667350014587225537e-01 1.000000000000000000e+00
1.256837891927952144e+00 4.633597189192635579e-02 6.678344524618384792e-01 1.000000000000000000e+00
1.258839226150767265e+00 1.018761530864467968e+00 6.809967685286459904e-01 1.000000000000000000e+00
1.260840560373582386e+00 8.731554444347200405e-01 6.692175443055818906e-01 1.000000000000000000e+00
1.262841894596397729e+00 4.071073822388109331e-01 6.876482112089608023e-01 1.000000000000000000e+00
1.264843228819212850e+00 1.187449464936580767e+00 6.886915684092262957e-01 1.000000000000000000e+00
1.266844563042028193e+00 1.530105653879469674e-01 7.051785134267829491e-01 1.000000000000000000e+00
1.268845897264843314e+00 1.512616566659083617e+00 7.054615978897305073e-01 1.000000000000000000e+00
1.270847231487658435e+00 6.019267507933186157e-02 7.330865249445208676e-01 1.000000000000000000e+00
1.272848565710473778e+00 5.949612334943806813e-01 7.922859141499223323e-01 1.000000000000000000e+00
1.274849899933288899e+00 8.597493656653448779e-01 8.538090487762912684e-01 1.000000000000000000e+00
1.276851234156104242e+00 1.328159228981160012e-01 8.382116326753428215e-01 1.000000000000000000e+00
1.278852568378919363e+00 1.682589721793984749e-01 8.006770514088297208e-01 1.000000000000000000e+00
1.280853902601734706e+00 9.355467911178044771e-02 7.854778685844618913e-01 1.000000000000000000e+00
1.282855236824549827e+00 1.938923825904066145e-01 7.762393465701318274e-01 1.000000000000000000e+00
1.284856571047364948e+00 6.376611712931562481e-01 7.908046381390764212e-01 1.000000000000000000e+00
1.286857905270180291e+00 1.060611103906419495e-01 7.855172815634895445e-01 1.000000000000000000e+00
1.288859239492995412e+00 6.912842706058038023e-02 7.567975829703010859e-01 1.000000000000000000e+00
1.290860573715810755e+00 2.807940721374026505e-01 7.450764280988739774e-01 1.000000000000000000e+00
1.292861907938625876e+00 9.298248612314322648e-01 8.106190887678230705e-01 1.000000000000000000e+00
1.294863242161440997e+00 1.287470117649236689e+00 8.097024623119782882e-01 1.000000000000000000e+00
1.296864576384256340e+00 4.615001865214121146e-01 8.164350282855040719e-01 1.000000000000000000e+00
1.298865910607071461e+00 7.059867947306300850e-01 8.937965317367237983e-01 1.000000000000000000e+00
1.300867244829886804e+00 1.068507973178543374e-01 8.789719692099401405e-01 1.000000000000000000e+00
1.302868579052701925e+00 8.110672402464637054e-01 8.775481616339798618e-01 1.000000000000000000e+00
1.304869913275517046e+00 1.107475301607022011e+00 8.795615099334055387e-01 1.000000000000000000e+00
1.306871247498332389e+00 6.938497035260898782e-01 8.511521564626070013e-01 1.000000000000000000e+00
1.308872581721147510e+00 4.976922839041895141e-01 8.602786844121910192e-01 1.000000000000000000e+00
1.310873915943962853e+00 2.834594305504140710e+00 8.354438664225162237e-01 1.000000000000000000e+00
1.312875250166777974e+00 2.702511499016171381e+00 8.526344197630614241e-01 1.000000000000000000e+00
1.314876584389593095e+00 2.862574629353530575e+00 8.451713091134527289e-01 1.000000000000000000e+00
1.316877918612408438e+00 8.075366284262461836e-01 8.357130791975926343e-01 1.000000000000000000e+00
1.318879252835223559e+00 2.176867675307597172e-01 8.569873743219691420e-01 1.000000000000000000e+00
1.320880587058038902e+00 1.481379428692330136e-01 8.563402466450581452e-01 1.000000000000000000e+00
1.322881921280854023e+00 5.745807007999410576e-01 9.413321702487145171e-01 1.000000000000000000e+00
1.324883255503669144e+00 1.985574537879593260e+00 9.881639214962084639e-01 1.000000000000000000e+00
1.326884589726484487e+00 1.038523974911139403e-01 1.007343343147548032e+00 1.000000000000000000e+00
1.328885923949299608e+00 1.895835952420492909e-01 1.018205705862506250e+00 1.000000000000000000e+00
1.330887258172114951e+00 1.327874387013363577e+00 1.027800968787005553e+00 1.000000000000000000e+00
1.332888592394930072e+00 3.527766191736482426e+00 1.067413705180726868e+00 1.000000000000000000e+00
1.334889926617745193e+00 6.950811157843233001e-01 1.068552551691294816e+00 1.000000000000000000e+00
1.336891260840560536e+00 4.992572360103089135e-01 1.075137189965563511e+00 1.000000000000000000e+00
1.338892595063375657e+00 3.218157613391935179e+00 1.086485683884095721e+00 1.000000000000000000e+00
1.340893929286191000e+00 4.109544672663391629e-01 1.070225460046758448e+00 1.000000000000000000e+00
1.342895263509006121e+00 8.147793338203472846e-01 1.078819609348150355e+00 1.000000000000000000e+00
1.344896597731821242e+00 4.896546625152632393e-01 1.064465957615061686e+00 1.000000000000000000e+00
1.346897931954636585e+00 2.266597263384129146e-02 1.048466896131086568e+00 1.000000000000000000e+00
1.348899266177451706e+00 5.271982113208897314e-01 1.039110220656609851e+00 1.000000000000000000e+00
1.350900600400267049e+00 4.943890290824192180e-01 1.069996831566729645e+00 1.000000000000000000e+00
1.352901934623082170e+00 7.650053620416847888e-01 1.013418594844610610e+00 1.000000000000000000e+00
1.354903268845897291e+00 2.889736968604241230e-01 9.519445574845377678e-01 1.000000000000000000e+00
1.356904603068712634e+00 4.719619391150841059e-01 8.887662449864950354e-01 1.000000000000000000e+00
1.358905937291527755e+00 1.005062022997551985e+00 8.947194836090817116e-01 1.000000000000000000e+00
1.360907271514343098e+00 1.417267374260463564e-01 8.897367687023460814e-01 1.000000000000000000e+00
1.362908605737158219e+00 3.578223546861689641e+00 9.252168010162287182e-01 1.000000000000000000e+00
1.364909939959973340e+00 2.113994183737660126e+00 9.358595456498002285e-01 1.000000000000000000e+00
1.366911274182788683e+00 1.424017458998081631e+00 9.104310548605991649e-01 1.000000000000000000e+00
1.368912608405603804e+00 5.514179817039219778e-01 9.432735229707602809e-01 1.000000000000000000e+00
1.370913942628419147e+00 4.625342069650581478e-01 9.643655231278634998e-01 1.000000000000000000e+00
1.372915276851234267e+00 1.904916264279963745e+00 9.327924222240072671e-01 1.000000000000000000e+00
1.374916611074049388e+00 9.765175681647287886e-01 1.021936634595813409e+00 1.000000000000000000e+00
1.376917945296864731e+00 1.557440286894256065e+00 1.008706859466599326e+00 1.000000000000000000e+00
1.378919279519679852e+00 9.267884371812307176e-01 1.057967117623438646e+00 1.000000000000000000e+00
1.380920613742495195e+00 3.931761739979845738e-02 1.079382336630505979e+00 1.000000000000000000e+00
1.382921947965310316e+00 4.592109186749206984e-01 1.132394984955063411e+00 1.000000000000000000e+00
1.384923282188125437e+00 2.225675191898358607e-01 1.115855323920768694e+00 1.000000000000000000e+00
1.386924616410940780e+00 4.515137807640471901e-01 1.123286476258288147e+00 1.000000000000000000e+00
1.388925950633755901e+00 3.102260090725374453e-01 1.167328747191388683e+00 1.000000000000000000e+00
1.390927284856571244e+00 1.764043331219094624e+00 1.194170043062382502e+00 1.000000000000000000e+00
1.392928619079386365e+00 5.148865998972701474e-01 1.195615127689036328e+00 1.000000000000000000e+00
1.394929953302201486e+00 1.820759672531793716e-01 1.209399328052540579e+00 1.000000000000000000e+00
1.396931287525016829e+00 2.722638169337827097e-01 1.232247915100169289e+00 1.000000000000000000e+00
1.398932621747831950e+00 1.051619411952295469e+00 1.278567479584272970e+00 1.000000000000000000e+00
1.400933955970647293e+00 1.339545635460289569e-02 1.255181647854642701e+00 1.000000000000000000e+00
1.402935290193462414e+00 1.602819267738414988e+00 1.355021893236455721e+00 1.000000000000000000e+00
1.404936624416277535e+00 1.010933230776376313e+00 1.415018938383271419e+00 1.000000000000000000e+00
1.406937958639092878e+00 9.430064155223496503e-01 1.378048997271854148e+00 1.000000000000000000e+00
1.408939292861907999e+00 1.450393590007720945e+00 1.350072878081761907e+00 1.000000000000000000e+00
1.410940627084723342e+00 1.054355601683282018e+00 1.349526582683281406e+00 1.000000000000000000e+00
1.412941961307538463e+00 3.337724995525486599e-02 1.346819797495687254e+00 1.000000000000000000e+00
1.414943295530353584e+00 7.182678898980538129e+00 1.341225658348008887e+00 1.000000000000000000e+00
1.416944629753168927e+00 1.526603354865453122e-01 1.335204053651668499e+00 1.000000000000000000e+00
1.418945963975984048e+00 2.518927820440723497e+00 1.305112056124324571e+00 1.000000000000000000e+00
1.420947298198799391e+00 4.096181592681698902e+00 1.317333906280630851e+00 1.000000000000000000e+00
1.422948632421614512e+00 2.584473048573187270e+00 1.328946564550216536e+00 1.000000000000000000e+00
1.424949966644429633e+00 1.366532314142620275e-01 1.385268682814666530e+00 1.000000000000000000e+00
1.426951300867244976e+00 7.943319083535532732e-01 1.395991791755986311e+00 1.000000000000000000e+00
1.428952635090060097e+00 1.828399080890973805e+00 1.407412770142929759e+00 1.000000000000000000e+00
1.430953969312875440e+00 1.627691342031634569e+00 1.477218321206152707e+00 1.000000000000000000e+00
1.432955303535690561e+00 5.536374987752309407e-01 1.459660235618636781e+00 1.000000000000000000e+00
1.434956637758505682e+00 1.330157576945351749e+00 1.472856390336093835e+00 1.000000000000000000e+00
1.436957971981321025e+00 1.225765765813199737e+00 1.480713703878986154e+00 1.000000000000000000e+00
1.438959306204136146e+00 2.371064082963334485e+00 1.512183946912674326e+00 1.000000000000000000e+00
1.440960640426951489e+00 4.624292208272370863e-02 1.515213722368631499e+00 1.000000000000000000e+00
1.442961974649766610e+00 4.235176798080373395e+00 1.532206899690994550e+00 1.000000000000000000e+00
1.444963308872581731e+00 6.038102397881128347e+00 1.537435580306600880e+00 1.000000000000000000e+00
1.446964643095397074e+00 5.982265981695528145e-01 1.548977914258822253e+00 1.000000000000000000e+00
1.448965977318212195e+00 2.769965722043102874e-01 1.531825214488477638e+00 1.000000000000000000e+00
1.450967311541027538e+00 5.290198703662135626e-01 1.519227250969142240e+00 1.000000000000000000e+00
1.452968645763842659e+00 3.515560142736914861e-01 1.502916722570632579e+00 1.000000000000000000e+00
1.454969979986658002e+00 1.675556559225152897e+00 1.534020660014758342e+00 1.000000000000000000e+00
1.456971314209473123e+00 7.296317756147727707e-01 1.431163873972851608e+00 1.000000000000000000e+00
1.458972648432288244e+00 3.236683882731568596e-01 1.434138693257571262e+00 1.000000000000000000e+00
1.460973982655103587e+00 1.427884293589783082e+00 1.400561167636832804e+00 1.000000000000000000e+00
1.462975316877918708e+00 5.154366064528234093e-01 1.363972196630021116e+00 1.000000000000000000e+00
1.464976651100734051e+00 2.768417767517361572e+00 1.303147512956501330e+00 1.000000000000000000e+00
1.466977985323549172e+00 6.622149857839496612e-01 1.332303913831190734e+00 1.000000000000000000e+00
1.468979319546364293e+00 9.197738946287288275e-01 1.343326921121555495e+00 1.000000000000000000e+00
1.470980653769179636e+00 3.172253602664681260e+00 1.309571906474517267e+00 1.000000000000000000e+00
1.472981987991994757e+00 1.044161822130940775e+00 1.275849180084145829e+00 1.000000000000000000e+00
1.474983322214810100e+00 1.055928943313009460e+00 1.267063692962443255e+00 1.000000000000000000e+00
1.476984656437625221e+00 5.042258225117600690e-01 1.239528527491551735e+00 1.000000000000000000e+00
1.478985990660440342e+00 1.562543781315008928e+00 1.237559105707763285e+00 1.000000000000000000e+00
1.480987324883255685e+00 1.175840205646532022e+00 1.180705427746238545e+00 1.000000000000000000e+00
1.482988659106070806e+00 7.101157265714924671e-01 1.223355243181355023e+00 1.000000000000000000e+00
1.484989993328886149e+00 1.817195172978266049e+00 1.130482958580184327e+00 1.000000000000000000e+00
1.486991327551701270e+00 1.484168922817459046e+00 9.865545971213997012e-01 1.000000000000000000e+00
1.488992661774516391e+00 2.397457249382187183e-01 9.887134691536372255e-01 1.000000000000000000e+00
1.490993995997331734e+00 9.338770857149709670e-01 1.089982269494422340e+00 1.000000000000000000e+00
1.492995330220146855e+00 3.856239373443864915e-01 1.083876621894151571e+00 1.000000000000000000e+00
1.494996664442962198e+00 1.308638685164407400e+00 1.132216850957830090e+00 1.000000000000000000e+00
1.496997998665777319e+00 2.965550671262354498e+00 1.107855753231452134e+00 1.000000000000000000e+00
1.498999332888592440e+00 2.746279261600577115e-01 1.121008738093270285e+00 1.000000000000000000e+00
1.501000667111407783e+00 1.142249269990454730e+00 1.123515637458062599e+00 1.000000000000000000e+00
1.503002001334222903e+00 2.596033781402417251e+00 1.114828500895852947e+00 1.000000000000000000e+00
1.505003335557038247e+00 9.066101795887242243e-02 1.107681980540413225e+00 1.000000000000000000e+00
1.507004669779853367e+00 1.332065667276521870e+00 1.054382978103037605e+00 1.000000000000000000e+00
1.509006004002668488e+00 1.246275207258510376e+00 1.049909702002758571e+00 1.000000000000000000e+00
1.511007338225483831e+00 4.444434803624068842e-01 1.044586799661868515e+00 1.000000000000000000e+00
1.513008672448298952e+00 2.450595600264078300e-01 9.713401256272090611e-01 1.000000000000000000e+00
1.515010006671114295e+00 1.934325267854301866e-01 9.485172382151976223e-01 1.000000000000000000e+00
1.517011340893929416e+00 2.012157926387930784e-01 9.244595392798704570e-01 1.000000000000000000e+00
1.519012675116744537e+00 1.145019472677877737e+00 9.311428919895734513e-01 1.000000000000000000e+00
1.521014009339559880e+00 4.006328654081917073e-02 8.997465643082761533e-01 1.000000000000000000e+00
1.523015343562375001e+00 1.794885354922497900e+00 8.779941904735162339e-01 1.000000000000000000e+00
1.525016677785190344e+00 4.274131294323706420e-01 8.783310694844203015e-01 1.000000000000000000e+00
1.527018012008005465e+00 1.370395780709655620e-01 8.348776089796002831e-01 1.000000000000000000e+00
1.529019346230820586e+00 6.867403514912875373e-01 8.049913576004786853e-01 1.000000000000000000e+00
1.531020680453635929e+00 4.429017386176497872e+00 8.052614234390136350e-01 1.000000000000000000e+00
1.533022014676451050e+00 2.786883187551166263e-01 7.986968237563909501e-01 1.000000000000000000e+00
1.535023348899266393e+00 2.333505405884511053e+00 8.432953352875756092e-01 1.000000000000000000e+00
1.537024683122081514e+00 6.767515524436589214e-01 8.547066841426854689e-01 1.000000000000000000e+00
1.539026017344896635e+00 1.268904154949313856e+00 7.835191432366473974e-01 1.000000000000000000e+00
1.541027351567711978e+00 4.264512622296390276e-01 7.831035990131069990e-01 1.000000000000000000e+00
1.543028685790527099e+00 1.071711694539181803e+00 7.654470242007027636e-01 1.000000000000000000e+00
1.545030020013342442e+00 2.224292718797989399e-01 7.402648591050191573e-01 1.000000000000000000e+00
1.547031354236157563e+00 5.831586675849541601e-01 7.423175965667532239e-01 1.000000000000000000e+00
1.549032688458972684e+00 4.788106656725178434e-01 7.197261655545683645e-01 1.000000000000000000e+00
1.551034022681788027e+00 7.015348986522416119e-01 6.952407944174472387e-01 1.000000000000000000e+00
1.553035356904603148e+00 1.691399672436413870e-01 7.115103137619414042e-01 1.000000000000000000e+00
1.555036691127418491e+00 1.084234382384723361e-01 7.796527111146827060e-01 1.000000000000000000e+00
1.557038025350233612e+00 6.956328696459690430e-02 7.797519944328632491e-01 1.000000000000000000e+00
1.559039359573048733e+00 7.782432836095815043e-01 8.008993751140613959e-01 1.000000000000000000e+00
1.561040693795864076e+00 2.752943463818215974e-01 7.828667656082469728e-01 1.000000000000000000e+00
1.563042028018679197e+00 2.839928784213723856e-01 7.925078191034531372e-01 1.000000000000000000e+00
1.565043362241494540e+00 7.239277660185574614e-01 7.805366280526444545e-01 1.000000000000000000e+00
1.567044696464309661e+00 3.560329228064671586e-02 7.746823045238355743e-01 1.000000000000000000e+00
1.569046030687124782e+00 2.588326162734733149e-01 7.745918361577356359e-01 1.000000000000000000e+00
1.571047364909940125e+00 2.508184243181504902e-01 8.026565248536712271e-01 1.000000000000000000e+00
1.573048699132755246e+00 6.647284987274414414e-01 6.962249274529825893e-01 1.000000000000000000e+00
1.575050033355570589e+00 2.214162910122958294e+00 7.247294153216593537e-01 1.000000000000000000e+00
1.577051367578385710e+00 1.776503988223907760e+00 6.886610099571719434e-01 1.000000000000000000e+00
1.579052701801200831e+00 4.686149411480056148e-02 7.044342446002768154e-01 1.000000000000000000e+00
1.581054036024016174e+00 2.575906129948987711e-01 7.020859876933562838e-01 1.000000000000000000e+00
1.583055370246831295e+00 4.183297026818795228e-01 6.994537399352609430e-01 1.000000000000000000e+00
1.585056704469646638e+00 1.563565012479387839e+00 6.899558180802645158e-01 1.000000000000000000e+00
1.587058038692461759e+00 1.748232538899696098e-01 7.483019601988087910e-01 1.000000000000000000e+00
1.589059372915276880e+00 4.058169957769416913e-01 7.433498478324909176e-01 1.000000000000000000e+00
1.591060707138092223e+00 2.423749906365446349e-01 7.335832912546109696e-01 1.000000000000000000e+00
1.593062041360907344e+00 1.111493773486669667e+00 7.276981819903600712e-01 1.000000000000000000e+00
1.595063375583722687e+00 3.038897851488801205e+00 7.250988086369974939e-01 1.000000000000000000e+00
1.597064709806537808e+00 1.975031428308324510e-01 7.242096072359123227e-01 1.000000000000000000e+00
1.599066044029352929e+00 1.068258400567914324e+00 7.699244024384014340e-01 1.000000000000000000e+00
1.601067378252168272e+00 4.056824829394914955e-01 7.657083483759770104e-01 1.000000000000000000e+00
1.603068712474983393e+00 4.353464798442727157e-01 7.711889106302582952e-01 1.000000000000000000e+00
1.605070046697798736e+00 1.304066521839338577e+00 8.503232612879476626e-01 1.000000000000000000e+00
1.607071380920613857e+00 1.873858647512074427e-01 8.740842586206556408e-01 1.000000000000000000e+00
1.609072715143428978e+00 1.333303750608702543e-01 8.794527521276693793e-01 1.000000000000000000e+00
1.611074049366244321e+00 1.837392588024649775e+00 9.066405380104345380e-01 1.000000000000000000e+00
1.613075383589059442e+00 6.532189274825864200e-02 9.076566090711668533e-01 1.000000000000000000e+00
1.615076717811874785e+00 1.447372321370866466e+00 9.495393635138397181e-01 1.000000000000000000e+00
1.617078052034689906e+00 8.547007859405227892e-01 9.204306199229645991e-01 1.000000000000000000e+00
1.619079386257505027e+00 1.323454172810962115e+00 8.837508335888188959e-01 1.000000000000000000e+00
1.621080720480320370e+00 1.172625621765573944e+00 9.222782006060494808e-01 1.000000000000000000e+00
1.623082054703135491e+00 3.185291041477303908e-01 9.170967942805428041e-01 1.000000000000000000e+00
1.625083388925950834e+00 6.822968984843252871e-01 9.702054858680505545e-01 1.000000000000000000e+00
1.627084723148765955e+00 2.614621098740117944e+00 9.388913882803471278e-01 1.000000000000000000e+00
1.629086057371581298e+00 3.801220605659211271e-01 9.416077638014147544e-01 1.000000000000000000e+00
1.631087391594396419e+00 7.838184597943732845e-02 9.928333232248107709e-01 1.000000000000000000e+00
1.633088725817211539e+00 4.602454188179536665e-01 9.883658587083599123e-01 1.000000000000000000e+00
1.635090060040026883e+00 6.256565975577352279e-02 1.001672664571733540e+00 1.000000000000000000e+00
1.637091394262842003e+00 7.196618079398339751e-02 9.383258579225003393e-01 1.000000000000000000e+00
1.639092728485657346e+00 1.943869890266651801e+00 9.824794415075527310e-01 1.000000000000000000e+00
1.641094062708472467e+00 6.053850670501824682e-01 9.662761160383160908e-01 1.000000000000000000e+00
1.643095396931287588e+00 4.999973988073475595e-01 9.614910019921200091e-01 1.000000000000000000e+00
1.645096731154102931e+00 3.528501255386644608e+00 9.511574115462479995e-01 1.000000000000000000e+00
1.647098065376918052e+00 1.698128656659579461e+00 9.200662622756314857e-01 1.000000000000000000e+00
1.649099399599733395e+00 2.557115260682056856e-01 9.204838906303292045e-01 1.000000000000000000e+00
1.651100733822548516e+00 1.373531837466845262e+00 9.938429284925487384e-01 1.000000000000000000e+00
1.653102068045363637e+00 2.924773378081763076e-01 9.621954328644581889e-01 1.000000000000000000e+00
1.655103402268178980e+00 2.381921430877028456e+00 9.666461838186191091e-01 1.000000000000000000e+00
1.657104736490994101e+00 1.020704422897080743e+00 9.413845723760106976e-01 1.000000000000000000e+00
1.659106070713809444e+00 2.726327485239344872e-01 9.275842194528294282e-01 1.000000000000000000e+00
1.661107404936624565e+00 1.626483541821258649e+00 9.026973485845298795e-01 1.000000000000000000e+00
1.663108739159439686e+00 4.515295364911637438e-02 8.894333179678119983e-01 1.000000000000000000e+00
1.665110073382255029e+00 2.595786057769699173e+00 9.032627767917873474e-01 1.000000000000000000e+00
1.667111407605070150e+00 2.796870113835504545e-01 9.334883376546867506e-01 1.000000000000000000e+00
1.669112741827885493e+00 2.861946502537405235e-01 9.814795789341999033e-01 1.000000000000000000e+00
1.671114076050700614e+00 2.506064932136176093e+00 9.817329227397243452e-01 1.000000000000000000e+00
1.673115410273515735e+00 5.920894546205984071e-02 9.949834165133757402e-01 1.000000000000000000e+00
1.675116744496331078e+00 1.657072813884988838e+00 1.023730664984404681e+00 1.000000000000000000e+00
1.677118078719146199e+00 4.416787788702369877e-01 1.036864968447857027e+00 1.000000000000000000e+00
1.679119412941961542e+00 2.007800069817987421e+00 1.160141123471076785e+00 1.000000000000000000e+00
1.681120747164776663e+00 4.039220563292084676e-01 1.146106803095430005e+00 1.000000000000000000e+00
1.683122081387591784e+00 2.094928070454509794e-01 1.143336438820282464e+00 1.000000000000000000e+00
1.685123415610407127e+00 1.166927156352420836e-02 1.166990315831532676e+00 1.000000000000000000e+00
1.687124749833222248e+00 2.932940174406254916e-02 1.115335366797731265e+00 1.000000000000000000e+00
1.689126084056037591e+00 2.045086272938145544e-01 1.086089639430430243e+00 1.000000000000000000e+00
1.691127418278852712e+00 3.141050927411871196e+00 1.091665963011893226e+00 1.000000000000000000e+00
1.693128752501667833e+00 5.398452672729371349e-01 1.116265620131231984e+00 1.000000000000000000e+00
1.695130086724483176e+00 2.478026818688569277e-01 1.115158590436616359e+00 1.000000000000000000e+00
1.697131420947298297e+00 4.116462522239220378e-01 1.071728379294326405e+00 1.000000000000000000e+00
1.699132755170113640e+00 2.888863160900851934e-01 1.062215198233281477e+00 1.000000000000000000e+00
1.701134089392928761e+00 3.030924672106859452e-01 1.058016359199891454e+00 1.000000000000000000e+00
1.703135423615743882e+00 6.288003664801425918e-01 1.029574087148277250e+00 1.000000000000000000e+00
1.705136757838559225e+00 8.855369159307153737e-01 1.035399704030824042e+00 1.000000000000000000e+00
1.707138092061374346e+00 1.921544893863196490e+00 1.027117815934777578e+00 1.000000000000000000e+00
1.709139426284189689e+00 4.582261991200160089e+00 1.024298313552534534e+00 1.000000000000000000e+00
1.711140760507004810e+00 3.905091565924232455e-01 1.074977548553659901e+00 1.000000000000000000e+00
1.713142094729819931e+00 6.216520906991463979e-01 1.015944006151018764e+00 1.000000000000000000e+00
1.715143428952635274e+00 1.638882606130142694e+00 1.022737698098102443e+00 1.000000000000000000e+00
1.717144763175450395e+00 6.010721017573101843e-01 1.090270171187898818e+00 1.000000000000000000e+00
1.719146097398265738e+00 5.126288536746000268e+00 1.159047109474409254e+00 1.000000000000000000e+00
1.721147431621080859e+00 1.368462754865134690e+00 1.130025424737096884e+00 1.000000000000000000e+00
1.723148765843895980e+00 4.918001317691269025e-01 1.139569291697795084e+00 1.000000000000000000e+00
1.725150100066711323e+00 1.469806356268621217e+00 1.134634628530462930e+00 1.000000000000000000e+00
1.727151434289526444e+00 1.410648345000783621e+00 1.138026166645138115e+00 1.000000000000000000e+00
1.729152768512341787e+00 4.990538346002251213e-01 1.251252014537268309e+00 1.000000000000000000e+00
1.731154102735156908e+00 4.843407929081920971e-01 1.251416961039307774e+00 1.000000000000000000e+00
1.733155436957972029e+00 2.382117779359741228e+00 1.179183253985517599e+00 1.000000000000000000e+00
1.735156771180787372e+00 2.470891203289248550e-01 1.166358622076656859e+00 1.000000000000000000e+00
1.737158105403602493e+00 6.012827740431438972e-01 1.176942345892952213e+00 1.000000000000000000e+00
1.739159439626417836e+00 6.306639993942509959e-01 1.179730063807463925e+00 1.000000000000000000e+00
1.741160773849232957e+00 1.004803481549360750e-01 1.229060051652606012e+00 1.000000000000000000e+00
1.743162108072048078e+00 4.603503877050693083e-01 1.342157773288380707e+00 1.000000000000000000e+00
1.745163442294863421e+00 2.840032458335373655e-01 1.344677601997855909e+00 1.000000000000000000e+00
1.747164776517678542e+00 2.256228645831796609e+00 1.339920707363724928e+00 1.000000000000000000e+00
1.749166110740493885e+00 1.640874137115875264e-01 1.316726234433534426e+00 1.000000000000000000e+00
1.751167444963309006e+00 2.364043285299872732e+00 1.212856693295184085e+00 1.000000000000000000e+00
1.753168779186124127e+00 8.568969362789140287e-02 1.206697680408429729e+00 1.000000000000000000e+00
1.755170113408939470e+00 3.377503152924949403e-01 1.193048093886647454e+00 1.000000000000000000e+00
1.757171447631754591e+00 4.425904210566637964e+00 1.165442051386090583e+00 1.000000000000000000e+00
1.759172781854569934e+00 3.261533248617160652e+00 1.155161126282814088e+00 1.000000000000000000e+00
1.761174116077385055e+00 8.179109955881871397e-01 1.039587572426825979e+00 1.000000000000000000e+00
1.763175450300200175e+00 7.952206017178374831e-01 1.020777928974830884e+00 1.000000000000000000e+00
1.765176784523015519e+00 7.171617184825987770e-03 1.013426002277418192e+00 1.000000000000000000e+00
1.767178118745830639e+00 1.507223342652087572e-01 9.783017116528094359e-01 1.000000000000000000e+00
1.769179452968645982e+00 4.671589165321399229e+00 9.465505078684455231e-01 1.000000000000000000e+00
1.771180787191461103e+00 2.112714338774333844e-01 9.356793230744113732e-01 1.000000000000000000e+00
1.773182121414276224e+00 1.794689382064727501e-01 9.305229779417767411e-01 1.000000000000000000e+00
1.775183455637091567e+00 1.403535900964603123e-02 9.183065776314879303e-01 1.000000000000000000e+00
1.777184789859906688e+00 6.817353583369692993e-01 9.351765421337474571e-01 1.000000000000000000e+00
1.779186124082722031e+00 5.259426867189065380e-01 9.373677153673731777e-01 1.000000000000000000e+00
1.781187458305537152e+00 2.311415817740905876e+00 9.436666419011248141e-01 1.000000000000000000e+00
1.783188792528352273e+00 4.940099054277445667e+00 9.636373926942125578e-01 1.000000000000000000e+00
1.785190126751167616e+00 7.321133435686215662e-01 1.079738614671326147e+00 1.000000000000000000e+00
1.787191460973982737e+00 6.905042359313516842e-01 1.095177847650966818e+00 1.000000000000000000e+00
1.789192795196798080e+00 9.705715037253791477e-01 1.051585881852803439e+00 1.000000000000000000e+00
1.791194129419613201e+00 3.236108045278036638e-01 1.047594014495660808e+00 1.000000000000000000e+00
1.793195463642428322e+00 1.379896282354923231e-01 9.997301632344477440e-01 1.000000000000000000e+00
1.795196797865243665e+00 6.201904330608171839e-02 1.002278580947568720e+00 1.000000000000000000e+00
1.797198132088058786e+00 5.070348636073102044e-01 1.011672807842771471e+00 1.000000000000000000e+00
1.799199466310874129e+00 1.795541725229614638e-01 9.100465378270102823e-01 1.000000000000000000e+00
1.801200800533689250e+00 3.877728286504961153e-01 8.404734650651892736e-01 1.000000000000000000e+00
1.803202134756504593e+00 5.972673733333300206e-01 8.413607036581933762e-01 1.000000000000000000e+00
1.805203468979319714e+00 1.903711371752093429e-01 8.410978948365634977e-01 1.000000000000000000e+00
1.807204803202134835e+00 2.971044065966198591e-02 8.549844689551426846e-01 1.000000000000000000e+00
1.809206137424950178e+00 1.088489898418595614e-01 8.645106850034971480e-01 1.000000000000000000e+00
1.811207471647765299e+00 5.333525804483377208e-02 7.729870976408370620e-01 1.000000000000000000e+00
1.813208805870580642e+00 2.729306424701646305e-01 7.684648386832446665e-01 1.000000000000000000e+00
1.815210140093395763e+00 1.881245366637901650e+00 7.646570181528372645e-01 1.000000000000000000e+00
1.817211474316210884e+00 9.387576649215686464e-01 8.149802086987071315e-01 1.000000000000000000e+00
1.819212808539026227e+00 6.911208766217976640e-01 8.295442407029591791e-01 1.000000000000000000e+00
1.821214142761841348e+00 8.889199872780673140e-01 8.263948876645614838e-01 1.000000000000000000e+00
1.823215476984656691e+00 9.192811306715319430e-01 7.712765268818184694e-01 1.000000000000000000e+00
1.825216811207471812e+00 5.220500488766722569e+00 6.665251745782161397e-01 1.000000000000000000e+00
1.827218145430286933e+00 9.170117979988079426e-01 6.578415846019801672e-01 1.000000000000000000e+00
1.829219479653102276e+00 4.689580481070924067e-01 6.950899494595726980e-01 1.000000000000000000e+00
1.831220813875917397e+00 4.208520687476775693e-04 6.765951558152959455e-01 1.000000000000000000e+00
1.833222148098732740e+00 4.016253835901367752e-01 6.750279020105330874e-01 1.000000000000000000e+00
1.835223482321547861e+00 1.901748198658591293e-01 7.180779031009210112e-01 1.000000000000000000e+00
1.837224816544362982e+00 7.229136179958066677e-01 7.348397900531916660e-01 1.000000000000000000e+00
1.839226150767178325e+00 2.592271399204207905e-01 7.325527585159274935e-01 1.000000000000000000e+00
1.841227484989993446e+00 4.090372653825007365e-01 7.699906846899350343e-01 1.000000000000000000e+00
1.843228819212808789e+00 8.542877779013551276e-01 8.015387521123800152e-01 1.000000000000000000e+00
1.845230153435623910e+00 7.844454400310160169e-01 8.239800573573139442e-01 1.000000000000000000e+00
1.847231487658439031e+00 5.765211560465650642e-01 8.221623142916399951e-01 1.000000000000000000e+00
1.849232821881254374e+00 5.412971922477450848e-01 8.303063371653229829e-01 1.000000000000000000e+00
1.851234156104069495e+00 9.191220834523368133e-01 8.700834457815531664e-01 1.000000000000000000e+00
1.853235490326884838e+00 2.585881661614953045e-02 8.889596971643473067e-01 1.000000000000000000e+00
1.855236824549699959e+00 2.334829645976773185e-02 9.072576411368227234e-01 1.000000000000000000e+00
1.857238158772515080e+00 2.077286171390313463e+00 8.658894986754203105e-01 1.000000000000000000e+00
1.859239492995330423e+00 1.278860670511305919e+00 8.442084926924915411e-01 1.000000000000000000e+00
1.861240827218145544e+00 3.968192121446013632e-01 8.275303827408910795e-01 1.000000000000000000e+00
1.863242161440960887e+00 5.156302564843502634e-02 8.155568916339761554e-01 1.000000000000000000e+00
1.865243495663776008e+00 6.452936098297520351e-01 8.451861868926793253e-01 1.000000000000000000e+00
1.867244829886591129e+00 3.760861545429435293e-01 7.188534823300110066e-01 1.000000000000000000e+00
1.869246164109406472e+00 2.217687195092646668e+00 7.196637334443947154e-01 1.000000000000000000e+00
1.871247498332221593e+00 2.122849643100310491e-01 7.377280440889923963e-01 1.000000000000000000e+00
1.873248832555036936e+00 2.593533985325273683e-01 7.990651254057904440e-01 1.000000000000000000e+00
1.875250166777852057e+00 1.903039672941396532e+00 8.165533820677166599e-01 1.000000000000000000e+00
1.877251501000667178e+00 7.492564083491748406e-01 8.790212836700158627e-01 1.000000000000000000e+00
1.879252835223482521e+00 4.132665705794858479e-01 8.931923565421333588e-01 1.000000000000000000e+00
1.881254169446297642e+00 1.714509145657266975e+00 9.417612493194629231e-01 1.000000000000000000e+00
1.883255503669112985e+00 1.681243592970739886e+00 1.010828444575533114e+00 1.000000000000000000e+00
1.885256837891928106e+00 1.517360888375623995e+00 1.006546855261994278e+00 1.000000000000000000e+00
1.887258172114743227e+00 1.158436714825770708e-01 9.932122966782908069e-01 1.000000000000000000e+00
1.889259506337558570e+00 3.636153784806614442e-01 9.803333827823761393e-01 1.000000000000000000e+00
1.891260840560373691e+00 1.739710443107295168e+00 9.899054481303246611e-01 1.000000000000000000e+00
1.893262174783189034e+00 8.272615647393961602e-01 9.936899798868439326e-01 1.000000000000000000e+00
1.895263509006004155e+00 1.023146345341658048e+00 1.023288203553305298e+00 1.000000000000000000e+00
1.897264843228819275e+00 1.851515257203993348e-01 1.033600444224459070e+00 1.000000000000000000e+00
1.899266177451634618e+00 4.983641962149498034e-02 9.940076911693676021e-01 1.000000000000000000e+00
1.901267511674449739e+00 7.318368606176155720e-03 9.681092467528640277e-01 1.000000000000000000e+00
1.903268845897265082e+00 3.980068518945538147e-01 9.878252031858514304e-01 1.000000000000000000e+00
1.905270180120080203e+00 2.134082236278366462e+00 1.009822887234252509e+00 1.000000000000000000e+00
1.907271514342895324e+00 4.085960169731669978e-02 1.036863561844249659e+00 1.000000000000000000e+00
1.909272848565710667e+00 9.502320936885385594e-01 1.031153754185312632e+00 1.000000000000000000e+00
1.911274182788525788e+00 1.209594784535596323e+00 1.041874417914155693e+00 1.000000000000000000e+00
1.913275517011341131e+00 2.515241186057470379e+00 1.050017632232829179e+00 1.000000000000000000e+00
1.915276851234156252e+00 1.118643906729109849e+00 1.060737530654240368e+00 1.000000000000000000e+00
1.917278185456971373e+00 2.751358785560127806e+00 1.022166870693532736e+00 1.000000000000000000e+00
1.919279519679786716e+00 1.303927605752627006e+00 1.018609988392192633e+00 1.000000000000000000e+00
1.921280853902601837e+00 2.250551743790934367e+00 1.011574065615247875e+00 1.000000000000000000e+00
1.923282188125417180e+00 3.240792270881382109e+00 9.938699811293714159e-01 1.000000000000000000e+00
1.925283522348232301e+00 6.787426160462610714e-01 9.601284387874440274e-01 1.000000000000000000e+00
1.927284856571047422e+00 2.377285380991731312e-01 9.340645441274670890e-01 1.000000000000000000e+00
1.929286190793862765e+00 4.848568631406231788e-02 9.628251391084652333e-01 1.000000000000000000e+00
1.931287525016677886e+00 9.337518715136318148e-01 9.733197772121333635e-01 1.000000000000000000e+00
1.933288859239493229e+00 1.074287885469626280e+00 9.327896648970824822e-01 1.000000000000000000e+00
1.935290193462308350e+00 1.239385986941071272e+00 9.334983467917751243e-01 1.000000000000000000e+00
1.937291527685123471e+00 4.461501639770681371e-01 9.465589161337500945e-01 1.000000000000000000e+00
1.939292861907938814e+00 4.539832961315622972e-01 1.029284131443359396e+00 1.000000000000000000e+00
1.941294196130753935e+00 2.170244494346609820e-01 1.028966357934708364e+00 1.000000000000000000e+00
1.943295530353569278e+00 1.205173425897084094e+00 1.084913586730310797e+00 1.000000000000000000e+00
1.945296864576384399e+00 9.534680716328762795e-01 1.106149420368931047e+00 1.000000000000000000e+00
1.947298198799199520e+00 1.753961268839645760e+00 1.057750905541345876e+00 1.000000000000000000e+00
1.949299533022014863e+00 1.419840405265212213e-01 1.083044205766814372e+00 1.000000000000000000e+00
1.951300867244829984e+00 2.657234407975204160e+00 1.071949600399219049e+00 1.000000000000000000e+00
1.953302201467645327e+00 5.461567513756431236e-01 1.045593555319841661e+00 1.000000000000000000e+00
1.955303535690460448e+00 6.988692338103932311e-01 1.026838194400732540e+00 1.000000000000000000e+00
1.957304869913275569e+00 3.216426145523851865e-01 1.104450606983770955e+00 1.000000000000000000e+00
1.959306204136090912e+00 6.034242339942261779e-01 1.051774213269635494e+00 1.000000000000000000e+00
1.961307538358906033e+00 1.247937367247546753e-01 1.026767281712176683e+00 1.000000000000000000e+00
1.963308872581721376e+00 9.886416817363335996e-01 9.820002731914094785e-01 1.000000000000000000e+00
1.965310206804536497e+00 2.978403569517162897e-01 9.170244890830887563e-01 1.000000000000000000e+00
1.967311541027351840e+00 4.487412073165684689e-01 9.191638076342256714e-01 1.000000000000000000e+00
1.969312875250166961e+00 1.295028065703497822e+00 9.203279456501076705e-01 1.000000000000000000e+00
1.971314209472982082e+00 7.938955407310560597e-01 9.334240067930049678e-01 1.000000000000000000e+00
1.973315543695797425e+00 7.797583819021251805e-02 9.146383993406346224e-01 1.000000000000000000e+00
1.975316877918612546e+00 8.563175224217935977e-01 9.233343983389588061e-01 1.000000000000000000e+00
1.977318212141427889e+00 1.558629688362635379e+00 8.958032468656430547e-01 1.000000000000000000e+00
1.979319546364243010e+00 3.576885353414371416e+00 8.861355467252981510e-01 1.000000000000000000e+00
1.981320880587058131e+00 3.680770576680555961e-02 8.799943570253376812e-01 1.000000000000000000e+00
1.983322214809873474e+00 2.301154749225873708e+00 9.435793501345288714e-01 1.000000000000000000e+00
1.985323549032688595e+00 1.268676031077981436e+00 9.159884757023846191e-01 1.000000000000000000e+00
1.987324883255503938e+00 1.497431283473767138e-01 9.014041516374760032e-01 1.000000000000000000e+00
1.989326217478319059e+00 1.077884910941530050e+00 8.841592999154602728e-01 1.000000000000000000e+00
1.991327551701134180e+00 4.953532736171277207e-01 8.976537513675807434e-01 1.000000000000000000e+00
1.993328885923949523e+00 1.289969362811227982e-01 8.645676359646344844e-01 1.000000000000000000e+00
1.995330220146764644e+00 1.746271388373998423e+00 8.642808904771792644e-01 1.000000000000000000e+00
1.997331554369579987e+00 4.300752822633681305e+00 8.688095186831610306e-01 1.000000000000000000e+00
1.999332888592395108e+00 5.916266432805737940e-01 8.783705605247377202e-01 1.000000000000000000e+00
2.001334222815210229e+00 2.786434118968151852e-01 8.815069483642984371e-01 1.000000000000000000e+00
2.003335557038025350e+00 4.151043944394770535e-01 8.917124680260094527e-01 1.000000000000000000e+00
2.005336891260840915e+00 5.767851224402402721e-01 8.857111479862922465e-01 1.000000000000000000e+00
2.007338225483656036e+00 7.664546766428748104e-01 8.930278381591076897e-01 1.000000000000000000e+00
2.009339559706471157e+00 2.854581967503377338e-01 9.507081023142516241e-01 1.000000000000000000e+00
2.011340893929286278e+00 5.854241931728517701e-01 9.729523388821236241e-01 1.000000000000000000e+00
2.013342228152101399e+00 1.635419659664477665e-01 9.802341984448813550e-01 1.000000000000000000e+00
2.015343562374916964e+00 1.430823844400910261e+00 1.000746241187273844e+00 1.000000000000000000e+00
2.017344896597732085e+00 1.106087765351276286e-01 1.092255830381237747e+00 1.000000000000000000e+00
2.019346230820547206e+00 4.977445822293081329e-02 1.063708288601516339e+00 1.000000000000000000e+00
2.021347565043362327e+00 2.021945184331785661e-01 1.006076811528490822e+00 1.000000000000000000e+00
2.023348899266177447e+00 2.824009166911496838e+00 1.032752326768168860e+00 1.000000000000000000e+00
2.025350233488993013e+00 7.394757417917541265e-02 9.841857958509460103e-01 1.000000000000000000e+00
2.027351567711808134e+00 3.555107849716216961e-01 9.980757028768143524e-01 1.000000000000000000e+00
2.029352901934623254e+00 1.046922348237001810e+00 1.004399454669866465e+00 1.000000000000000000e+00
2.031354236157438375e+00 6.952565500634653173e-01 1.014139508356069141e+00 1.000000000000000000e+00
2.033355570380253496e+00 1.300703676454400437e+00 1.019969471188030496e+00 1.000000000000000000e+00
2.035356904603069061e+00 5.344001863899814353e-01 1.049790186702099781e+00 1.000000000000000000e+00
2.037358238825884182e+00 8.845429902556423141e-01 1.059665540525476457e+00 1.000000000000000000e+00
2.039359573048699303e+00 7.136453300570312352e-01 9.565100805831756592e-01 1.000000000000000000e+00
2.041360907271514424e+00 7.320161354162170175e-01 9.507155398643049038e-01 1.000000000000000000e+00
2.043362241494329545e+00 5.432200428549081028e-01 9.963550300366013079e-01 1.000000000000000000e+00
2.045363575717145110e+00 7.425875601079249266e-01 9.888019861829036028e-01 1.000000000000000000e+00
2.047364909939960231e+00 5.978246540371497941e-01 9.815159334117766754e-01 1.000000000000000000e+00
2.049366244162775352e+00 2.813632037677469278e+00 1.002508195099972799e+00 1.000000000000000000e+00
2.051367578385590473e+00 2.207041764986248378e+00 1.007465557856140892e+00 1.000000000000000000e+00
2.053368912608405594e+00 1.092451782804119587e+00 1.043306643742635265e+00 1.000000000000000000e+00
2.055370246831221159e+00 9.189695906283084081e-01 1.059303300839738782e+00 1.000000000000000000e+00
2.057371581054036280e+00 4.608210679374309393e+00 1.064037798517725175e+00 1.000000000000000000e+00
2.059372915276851401e+00 3.881804753940662489e-01 1.102345526154512756e+00 1.000000000000000000e+00
2.061374249499666522e+00 1.213994793420325458e+00 1.132005843250667665e+00 1.000000000000000000e+00
2.063375583722481643e+00 1.130503830593595271e+00 1.128105832762732241e+00 1.000000000000000000e+00
2.065376917945297208e+00 3.099269816197424698e-01 1.080202445010762347e+00 1.000000000000000000e+00
2.067378252168112329e+00 1.838162219138581133e+00 1.140643048119752034e+00 1.000000000000000000e+00
2.069379586390927450e+00 4.090169518625148548e-01 1.220874618826206293e+00 1.000000000000000000e+00
2.071380920613742571e+00 1.477227112075838900e+00 1.236247067013791279e+00 1.000000000000000000e+00
2.073382254836557692e+00 7.343817497275508810e-01 1.222214486300421843e+00 1.000000000000000000e+00
2.075383589059373257e+00 1.351646272357958312e+00 1.196638265441771098e+00 1.000000000000000000e+00
2.077384923282188378e+00 2.151160895132441908e+00 1.198637858700386083e+00 1.000000000000000000e+00
2.079386257505003499e+00 7.137896499934937022e-02 1.218375298575091525e+00 1.000000000000000000e+00
2.081387591727818620e+00 3.540504738068713797e-01 1.206158968891750227e+00 1.000000000000000000e+00
2.083388925950633741e+00 2.149862508960969087e+00 1.206533551375849278e+00 1.000000000000000000e+00
2.085390260173449306e+00 1.054295964378691997e-01 1.199861175118167811e+00 1.000000000000000000e+00
2.087391594396264427e+00 2.780569588240358603e-01 1.183722161691592056e+00 1.000000000000000000e+00
2.089392928619079548e+00 1.627137405858920083e+00 1.175109314435111019e+00 1.000000000000000000e+00
2.091394262841894669e+00 4.887100697532293925e-01 1.131528578356193249e+00 1.000000000000000000e+00
2.093395597064709790e+00 2.054908714519120494e+00 1.122840344347528774e+00 1.000000000000000000e+00
2.095396931287525355e+00 8.194049069476887492e-01 1.148325056601039895e+00 1.000000000000000000e+00
2.097398265510340476e+00 1.624938249198349283e+00 1.143714145414003625e+00 1.000000000000000000e+00
2.099399599733155597e+00 1.681225609643415719e+00 1.044063254854954437e+00 1.000000000000000000e+00
2.101400933955970718e+00 1.265847459165288624e+00 1.059381864196103695e+00 1.000000000000000000e+00
2.103402268178785839e+00 4.229408842782322875e-02 1.032023559470866880e+00 1.000000000000000000e+00
2.105403602401601404e+00 8.599702690807372596e-01 1.009105950384250772e+00 1.000000000000000000e+00
2.107404936624416525e+00 2.552012301647754722e+00 1.005042559500091581e+00 1.000000000000000000e+00
2.109406270847231646e+00 3.645005183936246063e+00 9.707518396415404371e-01 1.000000000000000000e+00
2.111407605070046767e+00 1.677192723927978246e+00 9.745946080769978259e-01 1.000000000000000000e+00
2.113408939292861888e+00 1.199207408153153687e-01 9.432821208910897592e-01 1.000000000000000000e+00
2.115410273515677453e+00 2.520786212497317935e-01 9.832890215079843621e-01 1.000000000000000000e+00
2.117411607738492574e+00 6.163835099931819217e-01 9.691346274548573447e-01 1.000000000000000000e+00
2.119412941961307695e+00 1.693778025118574782e+00 9.479674555848396356e-01 1.000000000000000000e+00
2.121414276184122816e+00 2.127758130400401737e-01 9.631304610827950974e-01 1.000000000000000000e+00
2.123415610406937937e+00 7.473740172642758806e-01 9.759823028576990467e-01 1.000000000000000000e+00
2.125416944629753502e+00 2.696526162899777201e-01 9.368592661563202029e-01 1.000000000000000000e+00
2.127418278852568623e+00 8.088800961831103808e-02 9.376528565706481189e-01 1.000000000000000000e+00
2.129419613075383744e+00 2.446979165214265284e-01 9.481339723830644051e-01 1.000000000000000000e+00
2.131420947298198865e+00 1.026821858441840041e+00 9.671892017334269287e-01 1.000000000000000000e+00
2.133422281521013986e+00 1.850824170631002241e+00 9.927406699180184591e-01 1.000000000000000000e+00
2.135423615743829551e+00 2.137324985198076899e+00 9.513323473407241382e-01 1.000000000000000000e+00
2.137424949966644672e+00 7.299222319598237529e-01 9.490962563263942720e-01 1.000000000000000000e+00
2.139426284189459793e+00 5.225241664532899177e-01 9.435814402239323107e-01 1.000000000000000000e+00
2.141427618412274914e+00 1.016243458381185238e+00 9.264715791042148485e-01 1.000000000000000000e+00
2.143428952635090035e+00 9.230429968561872089e-02 8.973381793757945202e-01 1.000000000000000000e+00
2.145430286857905600e+00 1.908818580423299049e-01 9.180094972814774046e-01 1.000000000000000000e+00
2.147431621080720721e+00 1.433279553692201891e-01 9.022468784777810669e-01 1.000000000000000000e+00
2.149432955303535842e+00 4.322427049379841124e-01 8.719746008462960773e-01 1.000000000000000000e+00
2.151434289526350963e+00 5.665704577162712363e-01 7.912509813813346504e-01 1.000000000000000000e+00
2.153435623749166083e+00 1.934151374536044743e-01 8.840864390958884655e-01 1.000000000000000000e+00
2.155436957971981649e+00 2.374664675020228710e+00 9.191078492119950649e-01 1.000000000000000000e+00
2.157438292194796770e+00 7.713161161797499332e-01 9.156667009759593689e-01 1.000000000000000000e+00
2.159439626417611890e+00 1.283306848461716942e+00 9.351235169339620068e-01 1.000000000000000000e+00
2.161440960640427011e+00 6.930621904155266355e-01 9.024746603411137880e-01 1.000000000000000000e+00
2.163442294863242132e+00 8.809759865779349663e-01 9.221609288422659700e-01 1.000000000000000000e+00
2.165443629086057697e+00 5.458180042044342706e-01 9.250582559993525411e-01 1.000000000000000000e+00
2.167444963308872818e+00 1.379668034253113962e-01 9.279507700924736202e-01 1.000000000000000000e+00
2.169446297531687939e+00 7.077827071330993203e-01 9.427033841068472864e-01 1.000000000000000000e+00
2.171447631754503060e+00 2.408401809223789769e+00 9.722126834279953833e-01 1.000000000000000000e+00
2.173448965977318181e+00 1.536320265321482248e+00 9.556207706844723759e-01 1.000000000000000000e+00
2.175450300200133746e+00 3.571674888500507294e-01 9.357490881295217333e-01 1.000000000000000000e+00
2.177451634422948867e+00 7.277251753601635675e-01 9.029851607804062485e-01 1.000000000000000000e+00
2.179452968645763988e+00 1.398830788997413865e+00 9.374281340713785937e-01 1.000000000000000000e+00
2.181454302868579109e+00 9.797213037349971065e-01 9.881913757037166235e-01 1.000000000000000000e+00
2.183455637091394230e+00 7.137807030005011155e-02 9.828391357837328313e-01 1.000000000000000000e+00
2.185456971314209795e+00 8.898181225608213785e-01 9.883653369103471142e-01 1.000000000000000000e+00
2.187458305537024916e+00 2.137028981291894114e-01 9.924861627750350968e-01 1.000000000000000000e+00
2.189459639759840037e+00 1.310848918756871928e+00 1.007315223620751432e+00 1.000000000000000000e+00
2.191460973982655158e+00 3.353367858728283357e-01 1.011108093017801357e+00 1.000000000000000000e+00
2.193462308205470279e+00 5.483446490224678449e+00 1.000263843809646502e+00 1.000000000000000000e+00
2.195463642428285844e+00 1.555798555575690578e+00 1.009022856958149195e+00 1.000000000000000000e+00
2.197464976651100965e+00 1.109915435722698684e-01 9.528875406225799649e-01 1.000000000000000000e+00
2.199466310873916086e+00 1.414112964271290629e+00 9.358149202006684764e-01 1.000000000000000000e+00
2.201467645096731207e+00 3.551749048117958107e-01 9.134499348659492757e-01 1.000000000000000000e+00
2.203468979319546328e+00 1.019912821587279250e+00 9.190126846754376189e-01 1.000000000000000000e+00
2.205470313542361893e+00 8.661644307048252944e-01 9.209206991103957574e-01 1.000000000000000000e+00
2.207471647765177014e+00 3.882456941079445722e-01 9.114378248050206688e-01 1.000000000000000000e+00
2.209472981987992135e+00 6.857451842076353055e-01 9.704634541904160194e-01 1.000000000000000000e+00
2.211474316210807256e+00 1.454579188688494451e+00 9.839046125190464842e-01 1.000000000000000000e+00
2.213475650433622377e+00 3.465534359573983481e-01 9.366762085886357614e-01 1.000000000000000000e+00
2.215476984656437942e+00 1.036085185878022008e+00 9.296156740726242429e-01 1.000000000000000000e+00
2.217478318879253063e+00 7.940039638843423564e-01 9.324258479638936059e-01 1.000000000000000000e+00
2.219479653102068184e+00 2.142084136889690349e+00 9.168672970111080289e-01 1.000000000000000000e+00
2.221480987324883305e+00 2.603817073379144809e+00 9.208625682642077592e-01 1.000000000000000000e+00
2.223482321547698870e+00 7.968016216618521996e-01 9.066906035371458117e-01 1.000000000000000000e+00
2.225483655770513991e+00 3.188785458768032544e-01 9.519620688176505530e-01 1.000000000000000000e+00
2.227484989993329112e+00 3.598357184945424891e-01 9.917376289192680883e-01 1.000000000000000000e+00
2.229486324216144233e+00 7.513194500435883549e-01 1.015143285604923395e+00 1.000000000000000000e+00
2.231487658438959354e+00 5.877503502170281502e-01 9.905397213156351688e-01 1.000000000000000000e+00
2.233488992661774919e+00 1.219562401819223457e-01 1.047301618582433758e+00 1.000000000000000000e+00
2.235490326884590040e+00 5.525346765422245454e-01 9.156991668936658169e-01 1.000000000000000000e+00
2.237491661107405161e+00 7.311670526188601693e-02 8.823904504810713423e-01 1.000000000000000000e+00
2.239492995330220282e+00 7.133867888137543356e-02 8.831375708115383194e-01 1.000000000000000000e+00
2.241494329553035403e+00 3.663424497382269940e-01 9.026379396742486572e-01 1.000000000000000000e+00
2.243495663775850968e+00 9.211349326045514818e-01 9.008948281283502002e-01 1.000000000000000000e+00
2.245496997998666089e+00 9.592045784112165352e-01 8.823738312467906963e-01 1.000000000000000000e+00
2.247498332221481210e+00 1.570201576840591640e-01 8.839050407078603566e-01 1.000000000000000000e+00
2.249499666444296331e+00 2.558017608226518025e+00 8.868788235021936028e-01 1.000000000000000000e+00
2.251501000667111452e+00 1.258870198606944601e+00 8.841559978412226739e-01 1.000000000000000000e+00
2.253502334889927017e+00 4.720372480769544077e-01 8.534062134021066504e-01 1.000000000000000000e+00
2.255503669112742138e+00 1.246838350165011988e+00 8.996559050618045950e-01 1.000000000000000000e+00
2.257505003335557259e+00 4.723846183920912822e-01 8.824211892914658462e-01 1.000000000000000000e+00
2.259506337558372380e+00 8.982458629595652111e-02 8.712516068998850116e-01 1.000000000000000000e+00
2.261507671781187501e+00 1.562636910374498367e+00 8.422421106087859544e-01 1.000000000000000000e+00
2.263509006004003066e+00 3.986707499254615317e-01 8.663837171048589525e-01 1.000000000000000000e+00
2.265510340226818187e+00 1.927508146800742006e+00 8.742985683677322317e-01 1.000000000000000000e+00
2.267511674449633308e+00 2.520616086727142768e+00 8.754240134577933041e-01 1.000000000000000000e+00
2.269513008672448429e+00 1.173334822241060005e+00 9.107949142414075716e-01 1.000000000000000000e+00
2.271514342895263550e+00 3.021027828960539119e-01 9.205058621712005618e-01 1.000000000000000000e+00
2.273515677118079115e+00 2.662574573811574030e+00 9.140394393200912404e-01 1.000000000000000000e+00
2.275517011340894236e+00 8.774597098518768790e-02 9.481747278631857956e-01 1.000000000000000000e+00
2.277518345563709357e+00 1.901411826593140675e-01 9.704872106210435945e-01 1.000000000000000000e+00
2.279519679786524478e+00 1.416234771214182342e-01 9.820743730974818009e-01 1.000000000000000000e+00
2.281521014009339599e+00 2.213628087642416364e+00 9.995296696657594016e-01 1.000000000000000000e+00
2.283522348232155164e+00 2.837073314299560223e-01 1.081045526730311845e+00 1.000000000000000000e+00
2.285523682454970285e+00 2.605519494433414240e-01 1.118325426658921984e+00 1.000000000000000000e+00
2.287525016677785406e+00 9.289440186086791451e-01 1.117992373097140835e+00 1.000000000000000000e+00
2.289526350900600526e+00 5.101707886756111643e-01 1.147160376732896392e+00 1.000000000000000000e+00
2.291527685123415647e+00 5.741093321078276634e-01 1.098094224566692478e+00 1.000000000000000000e+00
2.293529019346231212e+00 1.938380266847347100e-01 1.083995950867160829e+00 1.000000000000000000e+00
2.295530353569046333e+00 2.242790794005010913e+00 1.073322070992884125e+00 1.000000000000000000e+00
2.297531687791861454e+00 3.294618392941358609e-01 1.060084870164235138e+00 1.000000000000000000e+00
2.299533022014676575e+00 3.360510858295353565e-01 1.062834675122483308e+00 1.000000000000000000e+00
2.301534356237491696e+00 9.526947889546240056e-01 1.095053058593216555e+00 1.000000000000000000e+00
2.303535690460307261e+00 3.593622939718136511e+00 1.057535641868164067e+00 1.000000000000000000e+00
2.305537024683122382e+00 1.121310523439661644e+00 1.088056403807312167e+00 1.000000000000000000e+00
2.307538358905937503e+00 3.650217945693016164e-01 1.047488912877940548e+00 1.000000000000000000e+00
2.309539693128752624e+00 1.810042650622732729e+00 1.016924889987841807e+00 1.000000000000000000e+00
2.311541027351567745e+00 1.149468315165091514e+00 1.030055706721457298e+00 1.000000000000000000e+00
2.313542361574383310e+00 3.226270133215466962e-01 1.099316002081457189e+00 1.000000000000000000e+00
2.315543695797198431e+00 1.521503070448797512e+00 1.046614365397729340e+00 1.000000000000000000e+00
2.317545030020013552e+00 1.467346469614395410e+00 1.045824489548437208e+00 1.000000000000000000e+00
2.319546364242828673e+00 5.481903667958550885e-01 1.043092505774901868e+00 1.000000000000000000e+00
2.321547698465643794e+00 7.870058381807578662e-01 1.059079024770917421e+00 1.000000000000000000e+00
2.323549032688459359e+00 3.708492589384869031e+00 1.041023572984220991e+00 1.000000000000000000e+00
2.325550366911274480e+00 2.449610829677574486e+00 1.072927901092763925e+00 1.000000000000000000e+00
2.327551701134089601e+00 9.455493823781877527e-01 1.083297495206674288e+00 1.000000000000000000e+00
2.329553035356904722e+00 1.352908306750038925e+00 1.079604623985078060e+00 1.000000000000000000e+00
2.331554369579719843e+00 5.463053694121576820e-01 1.094250368540931495e+00 1.000000000000000000e+00
2.333555703802535408e+00 6.808409769261537514e-01 1.103695460843090004e+00 1.000000000000000000e+00
2.335557038025350529e+00 3.440817323160508256e-02 1.133625812658529242e+00 1.000000000000000000e+00
2.337558372248165650e+00 7.041131161904063962e-01 1.080513200366677529e+00 1.000000000000000000e+00
2.339559706470980771e+00 5.851266216802570863e-01 1.089275629683438495e+00 1.000000000000000000e+00
2.341561040693795892e+00 1.410778308596019270e+00 1.101999685617151892e+00 1.000000000000000000e+00
2.343562374916611457e+00 2.442282464734454872e-02 1.110696145139096425e+00 1.000000000000000000e+00
2.345563709139426578e+00 1.650021989430541236e+00 1.059066163835058472e+00 1.000000000000000000e+00
2.347565043362241699e+00 2.642410186965027385e-01 1.038132522777592825e+00 1.000000000000000000e+00
2.349566377585056820e+00 1.267491148233094611e+00 1.029921786124996519e+00 1.000000000000000000e+00
2.351567711807871941e+00 1.711698308319293371e+00 9.865290726970681323e-01 1.000000000000000000e+00
2.353569046030687506e+00 3.141774892656059137e+00 1.042171751683435899e+00 1.000000000000000000e+00
2.355570380253502627e+00 5.018074697787243688e-01 1.132169745825753582e+00 1.000000000000000000e+00
2.357571714476317748e+00 5.536106116421656703e-02 1.133737400772424131e+00 1.000000000000000000e+00
2.359573048699132869e+00 7.812984794436149405e-02 1.113922994484838780e+00 1.000000000000000000e+00
2.361574382921947990e+00 7.970707559580492152e-01 1.113993074110943837e+00 1.000000000000000000e+00
2.363575717144763555e+00 1.473354564387871157e+00 1.111905120154007776e+00 1.000000000000000000e+00
2.365577051367578676e+00 1.591784783880211052e+00 1.056899638643574058e+00 1.000000000000000000e+00
2.367578385590393797e+00 6.857053081136693651e-01 1.001973559914152823e+00 1.000000000000000000e+00
2.369579719813208918e+00 7.775362985232356916e-01 9.942983277858323810e-01 1.000000000000000000e+00
2.371581054036024039e+00 1.110646315465602330e+00 9.759089730339572943e-01 1.000000000000000000e+00
2.373582388258839604e+00 9.613581164963236336e-01 1.010609352451685039e+00 1.000000000000000000e+00
2.375583722481654725e+00 1.420982451117735135e+00 1.020317422919528649e+00 1.000000000000000000e+00
2.377585056704469846e+00 6.517369003909873060e-02 1.035684421228359797e+00 1.000000000000000000e+00
2.379586390927284967e+00 6.887214412813414954e-01 1.052547963122781205e+00 1.000000000000000000e+00
2.381587725150100088e+00 8.577373791117794966e-01 1.046045694123386216e+00 1.000000000000000000e+00
2.383589059372915653e+00 1.309249629354349853e+00 1.015318285134161336e+00 1.000000000000000000e+00
2.385590393595730774e+00 1.476793706252577776e+00 1.041202692284881826e+00 1.000000000000000000e+00
2.387591727818545895e+00 2.630312400835707609e-01 1.009874486755625744e+00 1.000000000000000000e+00
2.389593062041361016e+00 2.838159181285172805e-02 1.023663423159977715e+00 1.000000000000000000e+00
2.391594396264176137e+00 3.094140007767056527e-02 9.939085674450965913e-01 1.000000000000000000e+00
2.393595730486991702e+00 3.430818153606172149e+00 9.699789456454788183e-01 1.000000000000000000e+00
2.395597064709806823e+00 4.012544773156570876e+00 9.054883252144998451e-01 1.000000000000000000e+00
2.397598398932621944e+00 1.585776923262294913e+00 9.503993782035337068e-01 1.000000000000000000e+00
2.399599733155437065e+00 6.549558118233931303e-01 9.655797687984070121e-01 1.000000000000000000e+00
2.401601067378252186e+00 5.510636314661581103e-01 9.897801486475890087e-01 1.000000000000000000e+00
2.403602401601067751e+00 7.013997259463764511e-01 9.766345227809724028e-01 1.000000000000000000e+00
2.405603735823882872e+00 1.453267847457094364e+00 1.002223115720998869e+00 1.000000000000000000e+00
2.407605070046697993e+00 1.976416017713044093e-01 9.684931868454978998e-01 1.000000000000000000e+00
2.409606404269513114e+00 6.308648651170530863e-01 9.581288643727756682e-01 1.000000000000000000e+00
2.411607738492328235e+00 5.989447619231571540e-01 9.736801261165599630e-01 1.000000000000000000e+00
2.413609072715143800e+00 1.969020925538994327e+00 9.908125222051105130e-01 1.000000000000000000e+00
2.415610406937958921e+00 1.078871866107734778e+00 9.835646156717949840e-01 1.000000000000000000e+00
2.417611741160774042e+00 6.644551038936890031e-01 9.669750712864397801e-01 1.000000000000000000e+00
2.419613075383589162e+00 1.395518333861682558e+00 1.016516857938248863e+00 1.000000000000000000e+00
2.421614409606404283e+00 3.185335927050706450e-01 1.001106625978344544e+00 1.000000000000000000e+00
2.423615743829219848e+00 1.509545400377911017e-01 1.027403909585669961e+00 1.000000000000000000e+00
2.425617078052034969e+00 1.085683517826888433e+00 1.047333130140712720e+00 1.000000000000000000e+00
2.427618412274850090e+00 3.655655627310351319e-01 1.031166262806353817e+00 1.000000000000000000e+00
2.429619746497665211e+00 8.295874112749441753e-01 1.031874257218861057e+00 1.000000000000000000e+00
2.431621080720480332e+00 4.754206392296360384e-02 1.058330430283388246e+00 1.000000000000000000e+00
2.433622414943295897e+00 7.305838145349646817e-01 1.067734087761243567e+00 1.000000000000000000e+00
2.435623749166111018e+00 4.976594549859186256e-01 1.022116138671383290e+00 1.000000000000000000e+00
2.437625083388926139e+00 2.343160642329113141e+00 9.574468313366830685e-01 1.000000000000000000e+00
2.439626417611741260e+00 6.777570755540172076e-01 9.194542599729175203e-01 1.000000000000000000e+00
2.441627751834556381e+00 1.070345421760829252e+00 9.043897095533266484e-01 1.000000000000000000e+00
2.443629086057371946e+00 2.581000954267714254e-01 9.767514379556563320e-01 1.000000000000000000e+00
2.445630420280187067e+00 2.522486874928953071e+00 9.715068710348347958e-01 1.000000000000000000e+00
2.447631754503002188e+00 2.088576999846730176e-01 9.393886758220100219e-01 1.000000000000000000e+00
2.449633088725817309e+00 2.607680867320585349e-01 9.412785547115141149e-01 1.000000000000000000e+00
2.451634422948632430e+00 1.415138030018385562e+00 9.448960076960500887e-01 1.000000000000000000e+00
2.453635757171447995e+00 1.813074555096173102e+00 9.596219819170680454e-01 1.000000000000000000e+00
2.455637091394263116e+00 6.641939486303896079e-01 9.128731520305924940e-01 1.000000000000000000e+00
2.457638425617078237e+00 7.408111313181756641e-01 9.062614775916815191e-01 1.000000000000000000e+00
2.459639759839893358e+00 2.096386942763270422e+00 1.000344606822760385e+00 1.000000000000000000e+00
2.461641094062708479e+00 5.690193092526524277e-02 9.805928671967412136e-01 1.000000000000000000e+00
2.463642428285524044e+00 1.935926007012124472e+00 9.941165244284305702e-01 1.000000000000000000e+00
2.465643762508339165e+00 2.126347672111103648e+00 1.024964347422846034e+00 1.000000000000000000e+00
2.467645096731154286e+00 8.139521455438555320e-01 1.000406048393719605e+00 1.000000000000000000e+00
2.469646430953969407e+00 2.920590109963674408e-01 9.998202796833323136e-01 1.000000000000000000e+00
2.471647765176784528e+00 1.113084687458466115e+00 9.859706671596856209e-01 1.000000000000000000e+00
2.473649099399600093e+00 4.164913566697397429e-01 1.009261724309806763e+00 1.000000000000000000e+00
2.475650433622415214e+00 1.560482240921905905e+00 1.003427564269439021e+00 1.000000000000000000e+00
2.477651767845230335e+00 1.361103172433853592e+00 1.050377285626273860e+00 1.000000000000000000e+00
2.479653102068045456e+00 2.808149734791244231e-02 1.054030686224416424e+00 1.000000000000000000e+00
2.481654436290860577e+00 3.730924462016840110e-02 1.083747883762794295e+00 1.000000000000000000e+00
2.483655770513676142e+00 3.517894495961672252e+00 1.116122290979422838e+00 1.000000000000000000e+00
2.485657104736491263e+00 4.863724821926919684e-01 1.120488123400680713e+00 1.000000000000000000e+00
2.487658438959306384e+00 1.364218437312782473e-01 1.083023615372842752e+00 1.000000000000000000e+00
2.489659773182121505e+00 2.751266362409752753e-01 1.079572700767212012e+00 1.000000000000000000e+00
2.491661107404936626e+00 7.791804374830280100e-01 1.096188946855058299e+00 1.000000000000000000e+00
2.493662441627752191e+00 1.202709704984893380e+00 1.128974205361623184e+00 1.000000000000000000e+00
2.495663775850567312e+00 5.231890019349774018e-02 1.125984593416060831e+00 1.000000000000000000e+00
2.497665110073382433e+00 8.077932141123852494e-01 1.121789278706228021e+00 1.000000000000000000e+00
2.499666444296197554e+00 4.521863402367919171e+00 1.125892530304741346e+00 1.000000000000000000e+00
2.501667778519012675e+00 5.856970091949001977e-01 1.082989147350184478e+00 1.000000000000000000e+00
2.503669112741828240e+00 8.730035392043348219e-01 1.094010202322433845e+00 1.000000000000000000e+00
2.505670446964643361e+00 1.415715282808821751e+00 1.060967031587098486e+00 1.000000000000000000e+00
2.507671781187458482e+00 7.879325763270839111e-02 1.016154894655090679e+00 1.000000000000000000e+00
2.509673115410273603e+00 3.415490456051537560e-01 1.005106114837196696e+00 1.000000000000000000e+00
2.511674449633088724e+00 2.617532978054285531e-01 1.002791465643633639e+00 1.000000000000000000e+00
2.513675783855904289e+00 1.002475407077930036e+00 1.036884995123869668e+00 1.000000000000000000e+00
2.515677118078719410e+00 4.913832528798914856e-01 1.042173117986346931e+00 1.000000000000000000e+00
2.517678452301534531e+00 2.422598030616144538e+00 1.009786455436963770e+00 1.000000000000000000e+00
2.519679786524349652e+00 2.492950066852955171e+00 9.838523719127378886e-01 1.000000000000000000e+00
2.521681120747164773e+00 1.896162174627514130e+00 9.963263185313961934e-01 1.000000000000000000e+00
2.523682454969980338e+00 2.397696117642602154e+00 1.091560126720498403e+00 1.000000000000000000e+00
2.525683789192795459e+00 4.370992246983456120e-01 1.038154988550472169e+00 1.000000000000000000e+00
2.527685123415610580e+00 9.864420457875887616e-01 1.055860854610197741e+00 1.000000000000000000e+00
2.529686457638425701e+00 6.737020115382032215e-02 1.077642750087846713e+00 1.000000000000000000e+00
2.531687791861240822e+00 9.420341763337498620e-01 1.138825428686400798e+00 1.000000000000000000e+00
2.533689126084056387e+00 2.759333628787546733e+00 1.124168317331567746e+00 1.000000000000000000e+00
2.535690460306871508e+00 1.690500465328115043e+00 1.114154151916194380e+00 1.000000000000000000e+00
2.537691794529686629e+00 4.921860455272460411e-01 1.138673743916107206e+00 1.000000000000000000e+00
2.539693128752501750e+00 9.090444468572252967e-01 1.137485745670488546e+00 1.000000000000000000e+00
2.541694462975316871e+00 3.373482416264339534e-01 1.049372109760722260e+00 1.000000000000000000e+00
2.543695797198132436e+00 5.087651847874955502e-01 1.093790498323510718e+00 1.000000000000000000e+00
2.545697131420947557e+00 5.811560068633718767e-01 1.092033415520471618e+00 1.000000000000000000e+00
2.547698465643762678e+00 2.890500578987853508e-01 1.145993636640122659e+00 1.000000000000000000e+00
2.549699799866577798e+00 3.609521730102036030e-01 1.146546143441751209e+00 1.000000000000000000e+00
2.551701134089392919e+00 1.971583940602749663e-01 1.144744851756160919e+00 1.000000000000000000e+00
2.553702468312208484e+00 2.510919396148148852e+00 1.162610295010610972e+00 1.000000000000000000e+00
2.555703802535023605e+00 6.333043940313074494e-01 1.164166600468443225e+00 1.000000000000000000e+00
2.557705136757838726e+00 2.326290763971924358e-01 1.169813010174552748e+00 1.000000000000000000e+00
2.559706470980653847e+00 2.978057479405959440e-01 1.124800855430688529e+00 1.000000000000000000e+00
2.561707805203469412e+00 5.395133087128957117e-01 1.079049006548462586e+00 1.000000000000000000e+00
2.563709139426284533e+00 3.941895380373363178e+00 1.033762134460846305e+00 1.000000000000000000e+00
2.565710473649099654e+00 1.328283830990595993e+00 9.764084227546034889e-01 1.000000000000000000e+00
2.567711807871914775e+00 1.212312990641431609e+00 9.680503316964035321e-01 1.000000000000000000e+00
2.569713142094729896e+00 1.029479558314894572e+00 9.597967613191767944e-01 1.000000000000000000e+00
2.571714476317545461e+00 2.783616458781697389e+00 9.854004274703200839e-01 1.000000000000000000e+00
2.573715810540360582e+00 1.782388719348690642e-01 9.868619865030348048e-01 1.000000000000000000e+00
2.575717144763175703e+00 7.921289229545760424e-01 9.515395674891917732e-01 1.000000000000000000e+00
2.577718478985990824e+00 1.057622172189940368e+00 9.108313657056641421e-01 1.000000000000000000e+00
2.579719813208805945e+00 7.590852860420175263e-01 9.297870576883581206e-01 1.000000000000000000e+00
2.581721147431621510e+00 9.092043300675022310e-01 9.664274572564640620e-01 1.000000000000000000e+00
2.583722481654436631e+00 2.406850940269220640e+00 9.597929867731781473e-01 1.000000000000000000e+00
2.585723815877251752e+00 8.009631442797378043e-01 1.040551543300955561e+00 1.000000000000000000e+00
2.587725150100066873e+00 3.628084348714514018e+00 1.036002852358286042e+00 1.000000000000000000e+00
2.589726484322881994e+00 1.014460364994790725e-01 1.041764319153616558e+00 1.000000000000000000e+00
2.591727818545697559e+00 2.676960864959498365e-01 1.072993634444433964e+00 1.000000000000000000e+00
2.593729152768512680e+00 9.942364712378765068e-01 1.086723252315805910e+00 1.000000000000000000e+00
2.595730486991327801e+00 1.066283930849055261e+00 1.030816591808223937e+00 1.000000000000000000e+00
2.597731821214142922e+00 7.228860508303759369e-01 1.051764252766508534e+00 1.000000000000000000e+00
2.599733155436958043e+00 5.770996861177128956e-01 1.079070122752622041e+00 1.000000000000000000e+00
2.601734489659773608e+00 6.171242626816978438e-01 1.117440741400726800e+00 1.000000000000000000e+00
2.603735823882588729e+00 3.940041903524162809e-02 1.104897408041876528e+00 1.000000000000000000e+00
2.605737158105403850e+00 4.619393768665130268e-02 1.014314091977097654e+00 1.000000000000000000e+00
2.607738492328218971e+00 9.441749131214592639e-02 9.848952698797093230e-01 1.000000000000000000e+00
2.609739826551034092e+00 6.480456603212949585e-01 9.806276636309081418e-01 1.000000000000000000e+00
2.611741160773849657e+00 1.117120513350697619e+00 9.864734418794266491e-01 1.000000000000000000e+00
2.613742494996664778e+00 1.001958096675047871e+00 9.368046667426719321e-01 1.000000000000000000e+00
2.615743829219479899e+00 1.311114449219984213e+00 9.366156168967775253e-01 1.000000000000000000e+00
2.617745163442295020e+00 2.146419220347804344e-02 9.272556324261782557e-01 1.000000000000000000e+00
2.619746497665110141e+00 1.269369416817702545e+00 9.442559613985720413e-01 1.000000000000000000e+00
2.621747831887925706e+00 2.411300829149569669e+00 9.709432347009735453e-01 1.000000000000000000e+00
2.623749166110740827e+00 6.533495181170671795e-02 9.496630797510170474e-01 1.000000000000000000e+00
2.625750500333555948e+00 3.819866002426377083e+00 8.997501045031737199e-01 1.000000000000000000e+00
2.627751834556371069e+00 3.946596782139141779e-01 9.043861983934766702e-01 1.000000000000000000e+00
2.629753168779186190e+00 5.252701965073379720e-01 8.274377351703703365e-01 1.000000000000000000e+00
2.631754503002001755e+00 1.641354099933712618e+00 8.271723603700630312e-01 1.000000000000000000e+00
2.633755837224816876e+00 7.600727267865294845e-01 8.369613026135578338e-01 1.000000000000000000e+00
2.635757171447631997e+00 2.187463153372847524e-01 8.191301815849856283e-01 1.000000000000000000e+00
2.637758505670447118e+00 1.492158493320983492e+00 7.992269216764475992e-01 1.000000000000000000e+00
2.639759839893262239e+00 1.352169745827838776e+00 7.844352818046599340e-01 1.000000000000000000e+00
2.641761174116077804e+00 1.871001112512897802e+00 7.981961692339014647e-01 1.000000000000000000e+00
2.643762508338892925e+00 2.523664100002665986e-02 8.181019982282985437e-01 1.000000000000000000e+00
2.645763842561708046e+00 2.279794217174297977e-01 8.549817889988807762e-01 1.000000000000000000e+00
2.647765176784523167e+00 1.221121249976772488e-01 8.943837351568955096e-01 1.000000000000000000e+00
2.649766511007338288e+00 1.037341134440582291e+00 9.593791658092654107e-01 1.000000000000000000e+00
2.651767845230153853e+00 1.269156466504153480e+00 9.668711432779820703e-01 1.000000000000000000e+00
2.653769179452968974e+00 7.471966781747549913e-01 9.491945933903442878e-01 1.000000000000000000e+00
2.655770513675784095e+00 1.704878282531999967e-01 9.564288239768434785e-01 1.000000000000000000e+00
2.657771847898599216e+00 4.083695596600057098e-01 9.651813800835078450e-01 1.000000000000000000e+00
2.659773182121414337e+00 1.754635660058084579e+00 9.755144311437945470e-01 1.000000000000000000e+00
2.661774516344229902e+00 1.853263491440482857e+00 9.516064980662024553e-01 1.000000000000000000e+00
2.663775850567045023e+00 3.671797711928478231e-02 9.055917800978834364e-01 1.000000000000000000e+00
2.665777184789860144e+00 3.604189551076405484e-01 9.306379426191349058e-01 1.000000000000000000e+00
2.667778519012675265e+00 9.910429937821583213e-01 8.712705173956862836e-01 1.000000000000000000e+00
2.669779853235490386e+00 4.731973565671608317e-01 9.022059882835373745e-01 1.000000000000000000e+00
2.671781187458305951e+00 9.056566968687582153e-02 8.894575172103069693e-01 1.000000000000000000e+00
2.673782521681121072e+00 6.690427184792421267e-01 8.617109496731683027e-01 1.000000000000000000e+00
2.675783855903936193e+00 2.631605090664111968e-01 8.747840811834624031e-01 1.000000000000000000e+00
2.677785190126751313e+00 2.502502745989919619e-01 8.754604214179273480e-01 1.000000000000000000e+00
2.679786524349566434e+00 1.164288160870869809e-01 8.519640478384769011e-01 1.000000000000000000e+00
2.681787858572382000e+00 1.141296070716618205e+00 8.225206154178212881e-01 1.000000000000000000e+00
2.683789192795197120e+00 1.433263251451976084e+00 7.871585208482461127e-01 1.000000000000000000e+00
2.685790527018012241e+00 1.551471840629112808e+00 8.196955127536625918e-01 1.000000000000000000e+00
2.687791861240827362e+00 1.661673730165255103e+00 8.231702951272144020e-01 1.000000000000000000e+00
2.689793195463642483e+00 2.759230148059308441e+00 8.247041348705297370e-01 1.000000000000000000e+00
2.691794529686458048e+00 9.552167365386797782e-01 8.121589736272706306e-01 1.000000000000000000e+00
2.693795863909273169e+00 3.923819679575468733e-01 7.973391231879196628e-01 1.000000000000000000e+00
2.695797198132088290e+00 1.298561550721520463e+00 8.019548969906535874e-01 1.000000000000000000e+00
2.697798532354903411e+00 1.669969249593218796e+00 8.335681784574939801e-01 1.000000000000000000e+00
2.699799866577718532e+00 4.451192856752320126e-01 8.380007924102439443e-01 1.000000000000000000e+00
2.701801200800534097e+00 2.891441606364291705e-01 8.001062878575126991e-01 1.000000000000000000e+00
2.703802535023349218e+00 5.246973924484852336e-01 8.051468924417927164e-01 1.000000000000000000e+00
2.705803869246164339e+00 1.092227615183021250e+00 8.134142304905737086e-01 1.000000000000000000e+00
2.707805203468979460e+00 1.385801568264980688e+00 8.189982131648779751e-01 1.000000000000000000e+00
2.709806537691794581e+00 1.663013984615806962e+00 7.974333059909173294e-01 1.000000000000000000e+00
2.711807871914610146e+00 2.582882504894828523e-03 7.877671134083866766e-01 1.000000000000000000e+00
2.713809206137425267e+00 5.037448309110277300e-01 7.856478484549405117e-01 1.000000000000000000e+00
2.715810540360240388e+00 1.296071118708589154e+00 7.903666639276886174e-01 1.000000000000000000e+00
2.717811874583055509e+00 2.464762649503484671e-01 7.939315003706258755e-01 1.000000000000000000e+00
2.719813208805870630e+00 5.288071765635172783e-01 7.908712084028542977e-01 1.000000000000000000e+00
2.721814543028686195e+00 1.449890165809522291e-01 7.920245161762444752e-01 1.000000000000000000e+00
2.723815877251501316e+00 4.211552351603166100e-01 7.823375813016824054e-01 1.000000000000000000e+00
2.725817211474316437e+00 1.359253309122099518e+00 7.771193698134332140e-01 1.000000000000000000e+00
2.727818545697131558e+00 3.704454990330607878e-01 7.578934439989573058e-01 1.000000000000000000e+00
2.729819879919946679e+00 1.849995544736031672e-01 7.211277735136809586e-01 1.000000000000000000e+00
2.731821214142762244e+00 5.229895234669579285e-01 6.560961082287091184e-01 1.000000000000000000e+00
2.733822548365577365e+00 6.615425984907662427e-01 6.449066386979414034e-01 1.000000000000000000e+00
2.735823882588392486e+00 9.364434040868468978e-01 6.408290483903591461e-01 1.000000000000000000e+00
2.737825216811207607e+00 1.466632368393652852e+00 6.244441815001686713e-01 1.000000000000000000e+00
2.739826551034022728e+00 5.901067317227541853e-01 5.867826157863176295e-01 1.000000000000000000e+00
2.741827885256838293e+00 2.009609733961026934e-01 6.837169943358003543e-01 1.000000000000000000e+00
2.743829219479653414e+00 2.059928279395965678e+00 7.283363249030979647e-01 1.000000000000000000e+00
2.745830553702468535e+00 3.756788371193046094e-01 7.294375123956133855e-01 1.000000000000000000e+00
2.747831887925283656e+00 5.893622447541159159e-01 7.930405293918245668e-01 1.000000000000000000e+00
2.749833222148098777e+00 1.068817996497698625e-01 7.823149347638531648e-01 1.000000000000000000e+00
2.751834556370914342e+00 7.688346068340637385e-02 7.946958525975788001e-01 1.000000000000000000e+00
2.753835890593729463e+00 3.675806595578978708e-03 8.635605210056955805e-01 1.000000000000000000e+00
2.755837224816544584e+00 8.625141528619145737e-01 8.627784427683201640e-01 1.000000000000000000e+00
2.757838559039359705e+00 4.093188032268426646e-01 8.611589140130582187e-01 1.000000000000000000e+00
2.759839893262174826e+00 1.247783039203567701e-01 8.708673071987838021e-01 1.000000000000000000e+00
2.761841227484990391e+00 1.637144347960859114e-01 8.587490276524412103e-01 1.000000000000000000e+00
2.763842561707805512e+00 7.441317408595725658e-01 8.792550717436489194e-01 1.000000000000000000e+00
2.765843895930620633e+00 1.219316580433760011e+00 9.394369172624407183e-01 1.000000000000000000e+00
2.767845230153435754e+00 7.632088822356001279e-01 9.225717760595077976e-01 1.000000000000000000e+00
2.769846564376250875e+00 1.542812402689223705e-01 1.082021834113509939e+00 1.000000000000000000e+00
2.771847898599066440e+00 9.293187137546793375e-02 1.078518450853037436e+00 1.000000000000000000e+00
2.773849232821881561e+00 4.964484857772044624e-01 1.091091875385456600e+00 1.000000000000000000e+00
2.775850567044696682e+00 2.252007653466705228e-01 1.089255553286652134e+00 1.000000000000000000e+00
2.777851901267511803e+00 6.267820082237096635e-01 1.085945036154218890e+00 1.000000000000000000e+00
2.779853235490326924e+00 1.258450553253327997e-01 1.094151003365658958e+00 1.000000000000000000e+00
2.781854569713142489e+00 4.419428806204018123e+00 1.086221194407845481e+00 1.000000000000000000e+00
2.783855903935957610e+00 2.118536713895629919e+00 1.203684457769763849e+00 1.000000000000000000e+00
2.785857238158772731e+00 5.698460796416178198e-01 1.166161105252530472e+00 1.000000000000000000e+00
2.787858572381587852e+00 3.699951312027676575e+00 1.160204788892137628e+00 1.000000000000000000e+00
2.789859906604402973e+00 9.460521885181565338e-01 1.153973471316844801e+00 1.000000000000000000e+00
2.791861240827218538e+00 2.170631615798558123e+00 1.192402500333101578e+00 1.000000000000000000e+00
2.793862575050033659e+00 2.826034287237682019e+00 1.216305816198829604e+00 1.000000000000000000e+00
2.795863909272848780e+00 4.716796231786364868e-01 1.220627963408551508e+00 1.000000000000000000e+00
2.797865243495663901e+00 1.229670439742846177e+00 1.203767676097444062e+00 1.000000000000000000e+00
2.799866577718479022e+00 6.445203855650992741e-01 1.204582143234429026e+00 1.000000000000000000e+00
2.801867911941294587e+00 3.195771516346955499e-02 1.222018941423238081e+00 1.000000000000000000e+00
2.803869246164109708e+00 9.857368243204720493e-01 1.233358541470734870e+00 1.000000000000000000e+00
2.805870580386924829e+00 2.888610901430783251e+00 1.250347759867317166e+00 1.000000000000000000e+00
2.807871914609739949e+00 6.677825198018473296e-01 1.255727225880337139e+00 1.000000000000000000e+00
2.809873248832555070e+00 6.907897879247139272e+00 1.273246916286714825e+00 1.000000000000000000e+00
2.811874583055370636e+00 4.136084079423394538e-02 1.281369122517003412e+00 1.000000000000000000e+00
2.813875917278185756e+00 1.038499929296150537e+00 1.291543410384713875e+00 1.000000000000000000e+00
2.815877251501000877e+00 5.862533924397754781e-01 1.284050890697648217e+00 1.000000000000000000e+00
2.817878585723815998e+00 8.007122016570952239e-01 1.289903753721807433e+00 1.000000000000000000e+00
2.819879919946631119e+00 1.803077024062682776e+00 1.375461915918077649e+00 1.000000000000000000e+00
2.821881254169446684e+00 2.649845644524022048e-01 1.390570742981847685e+00 1.000000000000000000e+00
2.823882588392261805e+00 5.016954771234760635e+00 1.287241630014557048e+00 1.000000000000000000e+00
2.825883922615076926e+00 5.214708261893967745e-01 1.324669962948518798e+00 1.000000000000000000e+00
2.827885256837892047e+00 1.314698663432043446e-01 1.431924159272904618e+00 1.000000000000000000e+00
2.829886591060707168e+00 3.338782241671045536e-01 1.361741336304157945e+00 1.000000000000000000e+00
2.831887925283522733e+00 1.682471989316300709e+00 1.353108685271788181e+00 1.000000000000000000e+00
2.833889259506337854e+00 1.056919411178256940e+00 1.312567956421474058e+00 1.000000000000000000e+00
2.835890593729152975e+00 1.808838421941647290e-01 1.252495837473420748e+00 1.000000000000000000e+00
2.837891927951968096e+00 1.712423731065173260e-01 1.256365565389063299e+00 1.000000000000000000e+00
2.839893262174783217e+00 4.427119558432252577e-01 1.227341981821935990e+00 1.000000000000000000e+00
2.841894596397598782e+00 8.396870296615350782e-01 1.286824214632945829e+00 1.000000000000000000e+00
2.843895930620413903e+00 6.286380367434547534e-01 1.335576224297807313e+00 1.000000000000000000e+00
2.845897264843229024e+00 1.440689695119436120e+00 1.321413417401785750e+00 1.000000000000000000e+00
2.847898599066044145e+00 1.439874686967583584e+00 1.305685883315832019e+00 1.000000000000000000e+00
2.849899933288859266e+00 1.481516188897082031e+00 1.302425540789450054e+00 1.000000000000000000e+00
2.851901267511674831e+00 4.872916957107575331e-01 1.179347780378975141e+00 1.000000000000000000e+00
2.853902601734489952e+00 5.100776739515919811e-01 1.201355801224941233e+00 1.000000000000000000e+00
2.855903935957305073e+00 1.892551786075184761e-01 1.190546904349595980e+00 1.000000000000000000e+00
2.857905270180120194e+00 4.651681493371949694e-01 1.223598783485220887e+00 1.000000000000000000e+00
2.859906604402935315e+00 4.134666658270786499e+00 1.238503161283231790e+00 1.000000000000000000e+00
2.861907938625750880e+00 7.453069649399066687e-01 1.207057218941785193e+00 1.000000000000000000e+00
2.863909272848566001e+00 1.829351745451016920e-01 1.228937018433027273e+00 1.000000000000000000e+00
2.865910607071381122e+00 3.653098364188066771e+00 1.142141144265491182e+00 1.000000000000000000e+00
2.867911941294196243e+00 4.967268128941436878e+00 1.139168488986217032e+00 1.000000000000000000e+00
2.869913275517011364e+00 8.224555703090550285e-01 1.141547796189309461e+00 1.000000000000000000e+00
2.871914609739826929e+00 5.921134961909966243e-01 1.247698438304418733e+00 1.000000000000000000e+00
2.873915943962642050e+00 5.084617329356780902e-01 1.208008926533622907e+00 1.000000000000000000e+00
2.875917278185457171e+00 3.630774103674951347e-01 1.226658042579871211e+00 1.000000000000000000e+00
2.877918612408272292e+00 6.303384677199809216e-01 1.231669587146619893e+00 1.000000000000000000e+00
2.879919946631087413e+00 3.970351349063181573e-02 1.263860251550768421e+00 1.000000000000000000e+00
2.881921280853902978e+00 3.083291930816502102e+00 1.257225266853990941e+00 1.000000000000000000e+00
2.883922615076718099e+00 2.030790111422790201e+00 1.259663218612685931e+00 1.000000000000000000e+00
2.885923949299533220e+00 4.050617415835882640e-01 1.290465908109368787e+00 1.000000000000000000e+00
2.887925283522348341e+00 2.243782003906681588e+00 1.327067821724038144e+00 1.000000000000000000e+00
2.889926617745163462e+00 5.341084762201916414e-01 1.292653417323216036e+00 1.000000000000000000e+00
2.891927951967979027e+00 1.861709702417668089e+00 1.267487658209626167e+00 1.000000000000000000e+00
2.893929286190794148e+00 9.436896954788370762e-01 1.257660745873518504e+00 1.000000000000000000e+00
2.895930620413609269e+00 5.953351574069948304e-01 1.247647066245843206e+00 1.000000000000000000e+00
2.897931954636424390e+00 1.941380437000397752e+00 1.256823463671058683e+00 1.000000000000000000e+00
2.899933288859239511e+00 1.411791691375551494e+00 1.255176522232910763e+00 1.000000000000000000e+00
2.901934623082055076e+00 5.137933880633688277e-01 1.158428886450020734e+00 1.000000000000000000e+00
2.903935957304870197e+00 1.162056343593322216e+00 1.185595026864202595e+00 1.000000000000000000e+00
2.905937291527685318e+00 1.458323930365780230e+00 1.269837884627739832e+00 1.000000000000000000e+00
2.907938625750500439e+00 3.995919597391571210e-01 1.198579633655836307e+00 1.000000000000000000e+00
2.909939959973316004e+00 2.290214616699977057e-01 1.108994752499819825e+00 1.000000000000000000e+00
2.911941294196131125e+00 4.686054550886584735e+00 1.091159405468077326e+00 1.000000000000000000e+00
2.913942628418946246e+00 5.520200671366255057e-02 1.094928417697774936e+00 1.000000000000000000e+00
2.915943962641761367e+00 1.821533169074436298e+00 1.096137068928975111e+00 1.000000000000000000e+00
2.917945296864576488e+00 3.863571694308619575e-01 1.093596580557359754e+00 1.000000000000000000e+00
2.919946631087392053e+00 1.491059613676614992e+00 1.081036869317682614e+00 1.000000000000000000e+00
2.921947965310207174e+00 1.706775832753444078e-01 1.081144272822537555e+00 1.000000000000000000e+00
2.923949299533022295e+00 9.396430517680216532e-01 1.014171375803842867e+00 1.000000000000000000e+00
2.925950633755837416e+00 1.891548306107455613e+00 9.670872761208910706e-01 1.000000000000000000e+00
2.927951967978652537e+00 2.941368153320882861e+00 9.636139909479541910e-01 1.000000000000000000e+00
2.929953302201468102e+00 2.888410653388263569e-02 9.203665743934656973e-01 1.000000000000000000e+00
2.931954636424283223e+00 4.497200652398984921e-01 9.680987373119875894e-01 1.000000000000000000e+00
2.933955970647098344e+00 8.438828993034294679e-02 9.298635738346014978e-01 1.000000000000000000e+00
2.935957304869913465e+00 9.951680921690052306e-02 9.505697047830949931e-01 1.000000000000000000e+00
2.937958639092728585e+00 5.654874730413504968e-01 9.455924482040096724e-01 1.000000000000000000e+00
2.939959973315544151e+00 3.976435503731343135e-01 9.211531288407722728e-01 1.000000000000000000e+00
2.941961307538359272e+00 1.680135911722967224e-01 9.135838062624888067e-01 1.000000000000000000e+00
2.943962641761174392e+00 1.859118721921365402e+00 9.118123096670394112e-01 1.000000000000000000e+00
2.945963975983989513e+00 3.636892342850122972e+00 9.155962363579519536e-01 1.000000000000000000e+00
2.947965310206804634e+00 7.315100743400188010e-01 8.925469851384153497e-01 1.000000000000000000e+00
2.949966644429620199e+00 1.294288001544759759e+00 9.029132024332551243e-01 1.000000000000000000e+00
2.951967978652435320e+00 9.120634200762164912e-02 9.108426359396558647e-01 1.000000000000000000e+00
2.953969312875250441e+00 7.466429976085925402e-01 7.983638809297424199e-01 1.000000000000000000e+00
2.955970647098065562e+00 5.580164334148904892e-01 8.227685524423409280e-01 1.000000000000000000e+00
2.957971981320880683e+00 2.589173871312605568e-01 7.933570506215024132e-01 1.000000000000000000e+00
2.959973315543696248e+00 1.153903068932216891e-01 7.964837820482659758e-01 1.000000000000000000e+00
2.961974649766511369e+00 4.410705718968206679e-02 7.601164743976167593e-01 1.000000000000000000e+00
2.963975983989326490e+00 3.374031530500228304e-01 7.559536065128522608e-01 1.000000000000000000e+00
2.965977318212141611e+00 1.003420244217699681e-01 7.330354832989981473e-01 1.000000000000000000e+00
2.967978652434956732e+00 2.626570494931713129e-01 6.869001587597919345e-01 1.000000000000000000e+00
2.969979986657772297e+00 4.706379251726520163e-01 6.151594720934289162e-01 1.000000000000000000e+00
2.971981320880587418e+00 2.491127155879590660e+00 6.144549816901635486e-01 1.000000000000000000e+00
2.973982655103402539e+00 2.940679998448361143e-01 6.034861996111415827e-01 1.000000000000000000e+00
2.975983989326217660e+00 1.792641064367069603e+00 6.014279486372307026e-01 1.000000000000000000e+00
2.977985323549032781e+00 3.912676376644986798e-01 5.990007093880380662e-01 1.000000000000000000e+00
2.979986657771848346e+00 9.393683431076635948e-01 5.852083319967855690e-01 1.000000000000000000e+00
2.981987991994663467e+00 1.101449465665934380e+00 5.755097088169529584e-01 1.000000000000000000e+00
2.983989326217478588e+00 4.411620276499436666e-01 5.714118163493360214e-01 1.000000000000000000e+00
2.985990660440293709e+00 1.317197337920732014e+00 5.260674572780832392e-01 1.000000000000000000e+00
2.987991994663108830e+00 5.133046303647775810e-01 4.373627659890558794e-01 1.000000000000000000e+00
2.989993328885924395e+00 8.246068688275898229e-01 4.195210568588114697e-01 1.000000000000000000e+00
2.991994663108739516e+00 5.541282354324282844e-01 3.879530568211344566e-01 1.000000000000000000e+00
2.993995997331554637e+00 7.442559548012971093e-02 3.857285118941192747e-01 1.000000000000000000e+00
2.995997331554369758e+00 1.055793538730207093e+00 3.675177070743974594e-01 1.000000000000000000e+00
2.997998665777184879e+00 6.156615944200553026e-01 3.539075501618391684e-01 1.000000000000000000e+00
3.000000000000000000e+00 5.145531579281686918e-01 3.475924919391255585e-01 1.000000000000000000e+00
