# zeta zeros 1..10000 via mp.zetazero (dps 20)
1 14.1347251417
2 21.0220396388
3 25.0108575801
4 30.4248761259
5 32.9350615877
6 37.5861781588
7 40.9187190121
8 43.3270732809
9 48.0051508812
10 49.7738324777
11 52.9703214777
12 56.4462476971
13 59.3470440026
14 60.8317785246
15 65.1125440481
16 67.0798105295
17 69.5464017112
18 72.0671576745
19 75.7046906991
20 77.1448400689
21 79.3373750202
22 82.9103808541
23 84.7354929805
24 87.4252746131
25 88.8091112076
26 92.4918992706
27 94.6513440405
28 95.8706342282
29 98.8311942182
30 101.3178510057
31 103.7255380405
32 105.4466230523
33 107.1686111843
34 111.0295355432
35 111.8746591770
36 114.3202209155
37 116.2266803209
38 118.7907828660
39 121.3701250024
40 122.9468292936
41 124.2568185543
42 127.5166838796
43 129.5787042000
44 131.0876885309
45 133.4977372030
46 134.7565097534
47 138.1160420545
48 139.7362089521
49 141.1237074040
50 143.1118458076
51 146.0009824868
52 147.4227653426
53 150.0535204208
54 150.9252576122
55 153.0246938112
56 156.1129092942
57 157.5975918176
58 158.8499881714
59 161.1889641376
60 163.0307096872
61 165.5370691879
62 167.1844399782
63 169.0945154156
64 169.9119764794
65 173.4115365196
66 174.7541915234
67 176.4414342977
68 178.3774077761
69 179.9164840203
70 182.2070784844
71 184.8744678484
72 185.5987836777
73 187.2289225835
74 189.4161586560
75 192.0266563607
76 193.0797266038
77 195.2653966795
78 196.8764818410
79 198.0153096763
80 201.2647519437
81 202.4935945141
82 204.1896718031
83 205.3946972022
84 207.9062588878
85 209.5765097169
86 211.6908625954
87 213.3479193597
88 214.5470447835
89 216.1695385083
90 219.0675963490
91 220.7149188393
92 221.4307055547
93 224.0070002546
94 224.9833246696
95 227.4214442797
96 229.3374133055
97 231.2501887005
98 231.9872352532
99 233.6934041789
100 236.5242296658
101 237.7698204809
102 239.5554775733
103 241.0491577962
104 242.8232719342
105 244.0708984971
106 247.1369900749
107 248.1019900601
108 249.5736896447
109 251.0149477950
110 253.0699867480
111 255.3062564549
112 256.3807136944
113 258.6104394915
114 259.8744069897
115 260.8050845046
116 263.5738939049
117 265.5578518389
118 266.6149737815
119 267.9219150828
120 269.9704490240
121 271.4940556416
122 273.4596091884
123 275.5874926493
124 276.4520495031
125 278.2507435298
126 279.2292509277
127 282.4651147651
128 283.2111857332
129 284.8359639809
130 286.6674453630
131 287.9119205014
132 289.5798549292
133 291.8462913291
134 293.5584341394
135 294.9653696193
136 295.5732548790
137 297.9792770619
138 299.8403260537
139 301.6493254622
140 302.6967495896
141 304.8643713409
142 305.7289126020
143 307.2194961282
144 310.1094631467
145 311.1651415304
146 312.4278011806
147 313.9852857312
148 315.4756160895
149 317.7348059424
150 318.8531042563
151 321.1601343091
152 322.1445586725
153 323.4669695575
154 324.8628660517
155 327.4439012619
156 329.0330716805
157 329.9532397282
158 331.4744675827
159 333.6453785249
160 334.2113548332
161 336.8418504284
162 338.3399928508
163 339.8582167254
164 341.0422611110
165 342.0548775104
166 344.6617029403
167 346.3478705660
168 347.2726775844
169 349.3162608707
170 350.4084193492
171 351.8786490254
172 353.4889004887
173 356.0175749773
174 357.1513022520
175 357.9526851016
176 359.7437549531
177 361.2893616958
178 363.3313305790
179 364.7360241141
180 366.2127102883
181 367.9935754817
182 368.9684380957
183 370.0509192121
184 373.0619283721
185 373.8648739109
186 375.8259127667
187 376.3240922307
188 378.4366802500
189 379.8729753465
190 381.4844686172
191 383.4435294495
192 384.9561168149
193 385.8613008460
194 387.2228902224
195 388.8461283542
196 391.4560835636
197 392.2450833395
198 393.4277438444
199 395.5828700110
200 396.3818542226
201 397.9187362096
202 399.9851198762
203 401.8392286005
204 402.8619177639
205 404.2364418002
206 405.1343874599
207 407.5814603869
208 408.9472455024
209 410.5138691934
210 411.9722678043
211 413.2627360702
212 415.0188097552
213 415.4552149963
214 418.3877057895
215 419.8613648182
216 420.6438276250
217 422.0767100588
218 423.7165796275
219 425.0698824945
220 427.2088250841
221 428.1279140766
222 430.3287454309
223 431.3013069307
224 432.1386417346
225 433.8892184809
226 436.1610064326
227 437.5816981677
228 438.6217386563
229 439.9184422144
230 441.6831992012
231 442.9045463026
232 444.3193362776
233 446.8606226964
234 447.4417041945
235 449.1485456850
236 450.1269457803
237 451.4033084454
238 453.9867378067
239 454.9746837686
240 456.3284266892
241 457.9038930641
242 459.5134152811
243 460.0879444222
244 462.0653672749
245 464.0572869105
246 465.6715392114
247 466.5702869308
248 467.4390462103
249 469.5360045591
250 470.7736554781
251 472.7991746619
252 473.8352323451
253 475.6003393694
254 476.7690152375
255 478.0752637667
256 478.9421815346
257 481.8303393763
258 482.8347827910
259 483.8514272125
260 485.5391481294
261 486.5287182617
262 488.3805670900
263 489.6617615780
264 491.3988215937
265 493.3144415818
266 493.9579978054
267 495.3588288221
268 496.4296962158
269 498.5807824297
270 500.3090849417
271 501.6044469651
272 502.2762703271
273 504.4997733134
274 505.4152317422
275 506.4641527095
276 508.8007003365
277 510.2642279437
278 511.5622897004
279 512.6231445314
280 513.6689855555
281 515.4350571673
282 517.5896685725
283 518.2342231476
284 520.1063104117
285 521.5251934495
286 522.4566961777
287 523.9605308920
288 525.0773856873
289 527.9036416013
290 528.4062138523
291 529.8062263187
292 530.8669178840
293 532.6881830283
294 533.7796307538
295 535.6643140759
296 537.0697590831
297 538.4285261762
298 540.2131663762
299 540.6313902473
300 541.8474371212
301 544.3238901010
302 545.6368332489
303 547.0109120581
304 547.9316133645
305 549.4975675627
306 550.9700100395
307 552.0495722006
308 553.7649721192
309 555.7920205617
310 556.8994764069
311 557.5646591721
312 559.3162370287
313 560.2408074973
314 562.5592076160
315 564.1608791108
316 564.5060559381
317 566.6987876828
318 567.7317579012
319 568.9239551796
320 570.0511147825
321 572.4199841325
322 573.6146105268
323 575.0938860145
324 575.8072471409
325 577.0390034721
326 579.0988346720
327 580.1369593624
328 581.9465762659
329 583.2360882192
330 584.5617059035
331 585.9845632050
332 586.7427718913
333 588.1396632662
334 590.6603975168
335 591.7258580650
336 592.5713583002
337 593.9747146822
338 595.7281536974
339 596.3627683284
340 598.4930773462
341 599.5456403644
342 601.6021367359
343 602.5791678864
344 603.6256189036
345 604.6162184938
346 606.3834604221
347 608.4132173112
348 609.3895751547
349 610.8391629377
350 611.7742096209
351 613.5997786756
352 614.6462378722
353 615.5385633694
354 618.1128313664
355 619.1844825980
356 620.2728936722
357 621.7092945279
358 622.3750027398
359 624.2699000182
360 626.0192834277
361 627.2683968508
362 628.3258623595
363 630.4738874383
364 630.8057809272
365 632.2251411671
366 633.5468582523
367 635.5238003106
368 637.3971931598
369 637.9255139808
370 638.9279382669
371 640.6947946688
372 641.9454996657
373 643.2788837814
374 644.9905782297
375 646.3481915955
376 647.7617530043
377 648.7864008888
378 650.1975193453
379 650.6686838914
380 653.6495716054
381 654.3019205863
382 655.7094630224
383 656.9640845995
384 658.1756144186
385 659.6638459730
386 660.7167325953
387 662.2965864311
388 664.2446046523
389 665.3427630956
390 666.5151477042
391 667.1484948946
392 668.9758488202
393 670.3235852059
394 672.4581835842
395 673.0435782861
396 674.3558978101
397 676.1396743636
398 677.2301806688
399 677.8004447462
400 679.7421978825
401 681.8949915332
402 682.6027350198
403 684.0135498139
404 684.9726298621
405 686.1632235877
406 687.9615431847
407 689.3689413623
408 690.4747350324
409 692.4516844155
410 693.1769700606
411 694.5339086999
412 695.7263359209
413 696.6260699003
414 699.1320954760
415 700.2967391321
416 701.3017429546
417 702.2273431458
418 704.0338392955
419 705.1258139546
420 706.1846547995
421 708.2690708851
422 709.2295885703
423 711.1302741797
424 711.9002899144
425 712.7493834701
426 714.0827718207
427 716.1123964541
428 717.4825697031
429 718.7427865455
430 719.6971009884
431 721.3511622185
432 722.2775049757
433 723.8458210451
434 724.5626138904
435 727.0564032300
436 728.4054815889
437 728.7587497956
438 730.4164821228
439 731.4173549186
440 732.8180527145
441 734.7896432524
442 735.7654592086
443 737.0529289123
444 738.5804211714
445 739.9095236740
446 740.5738074473
447 741.7573355729
448 743.8950131425
449 745.3449895506
450 746.4993058994
451 747.6745636243
452 748.2427544651
453 750.6559503621
454 750.9663810667
455 752.8876215672
456 754.3223704717
457 755.8393089760
458 756.7682484400
459 758.1017292464
460 758.9002382249
461 760.2823669835
462 762.7000332497
463 763.5930661728
464 764.3075227242
465 766.0875400998
466 767.2184721555
467 768.2814618065
468 769.6934072526
469 771.0708393137
470 772.9616175658
471 774.1177446279
472 775.0478470966
473 775.9997119632
474 777.2997485296
475 779.1570769492
476 780.3489250042
477 782.1376643908
478 782.5979439461
479 784.2888226125
480 785.7390897007
481 786.4611474505
482 787.4684638159
483 790.0590923641
484 790.8316204679
485 792.4277076086
486 792.8886525626
487 794.4837918699
488 795.6065961562
489 797.2634700380
490 798.7075701663
491 799.6543362109
492 801.6042464630
493 802.5419848784
494 803.2430962043
495 804.7622391127
496 805.8616356671
497 808.1518149360
498 809.1977833633
499 810.0818048864
500 811.1843588465
501 812.7711083891
502 814.0459136075
503 814.8705396259
504 816.7277377144
505 818.3806688664
506 819.2046421708
507 820.7218984439
508 821.7134541334
509 822.1977574934
510 824.5262938716
511 826.0392873766
512 826.9058109541
513 828.3401743005
514 829.4370109683
515 830.8958840533
516 831.7997776591
517 833.0036409092
518 834.6519151478
519 836.6935761876
520 837.3473350595
521 838.2490219927
522 839.4653948103
523 841.0363898290
524 842.0413542065
525 844.1661966074
526 844.8059939758
527 846.1947699277
528 847.9717176395
529 848.4892811809
530 849.8622743487
531 850.6454484660
532 853.1631125834
533 854.0955117199
534 855.2867102444
535 856.4841174908
536 857.3107406026
537 858.9040264665
538 860.4106708960
539 861.1710982127
540 863.1897197719
541 864.3408239301
542 865.5946643265
543 866.4237399040
544 867.6931226118
545 868.6704942291
546 870.8469023258
547 872.1887508216
548 873.0989789713
549 873.9083892353
550 875.9852851088
551 876.6008258330
552 877.6546983410
553 879.3809519698
554 880.8346488479
555 882.3866966272
556 883.4303318387
557 884.1987431146
558 885.2723044796
559 886.8528019629
560 888.4755666738
561 889.7352942941
562 890.8131321125
563 892.3864332602
564 893.1191175673
565 894.8862923209
566 895.3979196748
567 896.6322515562
568 899.2215226684
569 899.8588846079
570 900.8497398605
571 902.2432075868
572 903.0996744426
573 904.7029027223
574 905.8299407582
575 907.6567294690
576 908.3335436451
577 910.1863340572
578 911.2349514860
579 912.3310456000
580 912.8239992467
581 914.7300969584
582 916.3550008086
583 917.8253775704
584 918.8365352435
585 919.4483444397
586 921.1563955072
587 922.5006293066
588 923.2857198024
589 924.7734839335
590 926.5515527846
591 927.8508589858
592 928.6636593289
593 929.8740928506
594 931.0092113366
595 931.8527407455
596 934.3853068373
597 934.9954248638
598 936.2286493793
599 937.5329257120
600 939.0243008992
601 939.6609406145
602 941.1569996420
603 942.0523416434
604 944.1880358096
605 945.3335625030
606 946.7658422047
607 947.0791830963
608 948.3466462550
609 950.1516126846
610 951.0332487338
611 952.7279886199
612 954.1297192696
613 954.8293089382
614 956.6754793433
615 957.5100525964
616 958.4145933901
617 959.4591688071
618 961.6695724742
619 963.1820866713
620 963.5670401916
621 965.0555796238
622 966.1107548184
623 967.3711537663
624 968.6363019061
625 970.1256105569
626 971.0714914864
627 973.1853612943
628 973.8730789927
629 974.7746350658
630 976.1785024206
631 976.9172021171
632 978.7666715351
633 980.5780006398
634 981.2886153018
635 982.3964851688
636 983.5750760064
637 985.1869286558
638 986.1305151102
639 986.7560084077
640 988.9926223707
641 990.2239178040
642 991.3742941478
643 992.7286963367
644 993.2145809574
645 994.4045905711
646 996.2053361643
647 997.5119347519
648 998.8275471369
649 999.7915715574
650 1001.3494826378
651 1002.4043054884
652 1003.2678081795
653 1004.6750441212
654 1005.5434203044
655 1008.0067043071
656 1008.7957099007
657 1009.8065907470
658 1010.5697570111
659 1012.4100425158
660 1013.0586380984
661 1014.6896326224
662 1016.0601789426
663 1017.2664023644
664 1018.6055725186
665 1019.9124397439
666 1020.9174750173
667 1021.5443444999
668 1022.8852709117
669 1025.2657241977
670 1025.7079443715
671 1027.4676935156
672 1028.1289642555
673 1029.2272974440
674 1030.8973687906
675 1031.8331802974
676 1032.8128830352
677 1034.6129155295
678 1036.1959173581
679 1037.0247076463
680 1038.0877522406
681 1039.0774014369
682 1040.2640379377
683 1041.6215280145
684 1043.6239543496
685 1044.5149758291
686 1045.1070423530
687 1047.0898174843
688 1047.9871474896
689 1048.9537851947
690 1049.9962842566
691 1051.5765718432
692 1053.2457851584
693 1054.7810394783
694 1055.0021464757
695 1056.6888473638
696 1057.1000436596
697 1059.1337691069
698 1060.1395185616
699 1061.5013044651
700 1062.9153815079
701 1064.0715510717
702 1065.1218551063
703 1066.4632234692
704 1067.4188601210
705 1067.9900000790
706 1070.5350419968
707 1071.6186232151
708 1072.5439980111
709 1073.5703531651
710 1074.7477710443
711 1076.2666255942
712 1076.9240560658
713 1078.6471984810
714 1079.8099654293
715 1081.1710023435
716 1082.9527497231
717 1083.2954665141
718 1084.1832643104
719 1085.6478312086
720 1086.9119989898
721 1088.7557246748
722 1089.7953379241
723 1090.8631910262
724 1091.7284729669
725 1093.4408732724
726 1094.2844575238
727 1095.4330847587
728 1096.4019177947
729 1098.8410154666
730 1099.3606671786
731 1100.5744606225
732 1101.8391111688
733 1102.5517798999
734 1103.7322971745
735 1105.6171888308
736 1106.7743716758
737 1107.7745319550
738 1109.1589188568
739 1110.4441429936
740 1111.4435047649
741 1112.4329954081
742 1113.3975951148
743 1115.0653594616
744 1116.7872538812
745 1117.9659196692
746 1118.6841348610
747 1119.4732474262
748 1121.1559376758
749 1122.4586213569
750 1123.1011173878
751 1125.3147293978
752 1125.7634424293
753 1127.6580235272
754 1128.4302246139
755 1129.7289967771
756 1130.3915978962
757 1131.4950855619
758 1133.7086256695
759 1134.8856545915
760 1135.5622139755
761 1136.9292934810
762 1138.1515897798
763 1138.9923418205
764 1140.7218481719
765 1141.2610229641
766 1142.8586596079
767 1144.7822995186
768 1145.4853275171
769 1146.5768149249
770 1147.5017765233
771 1148.6152772088
772 1149.9826010281
773 1151.5628147237
774 1152.9431285306
775 1153.8903037163
776 1154.6975195354
777 1156.6215678339
778 1157.4323145756
779 1158.0016090273
780 1159.4806570190
781 1161.3966446344
782 1162.4875286020
783 1163.7010316828
784 1164.7375863512
785 1165.2712277065
786 1166.9436134095
787 1168.0862716101
788 1169.6983568849
789 1170.4636385783
790 1172.1206818657
791 1173.3056877640
792 1174.2327668565
793 1175.2154523960
794 1176.6328758098
795 1177.1063044217
796 1179.7012235019
797 1180.6535437871
798 1181.2673181517
799 1182.5822703469
800 1183.7127752960
801 1185.1558428475
802 1185.8753586954
803 1187.3451614933
804 1188.8564442982
805 1189.9636364979
806 1191.4826059264
807 1192.2186114781
808 1193.3240214275
809 1193.8574271354
810 1196.0346717487
811 1197.0717866588
812 1198.6865691046
813 1199.3565137079
814 1200.5326920312
815 1201.8103348566
816 1203.1373508614
817 1203.8552475941
818 1204.9854921715
819 1206.8704997939
820 1208.4714599495
821 1208.9894841679
822 1209.8980300875
823 1211.4161158928
824 1212.1131530663
825 1213.5983726804
826 1215.3899750650
827 1216.1837220335
828 1217.1744824977
829 1219.0500281774
830 1219.6144713109
831 1220.8163476910
832 1221.6922424831
833 1222.9524840951
834 1225.0183300242
835 1225.8550207608
836 1227.2318276415
837 1227.9171416144
838 1228.7931543630
839 1230.5846031542
840 1231.5622738776
841 1232.5295870406
842 1234.2778166534
843 1235.5025485265
844 1236.3990174658
845 1237.9772985136
846 1238.4572327957
847 1239.4908071468
848 1240.8134717852
849 1243.0780763980
850 1243.5381465261
851 1244.8514339670
852 1245.6558661881
853 1247.3725619699
854 1248.0630610532
855 1249.1598879530
856 1250.6723972757
857 1251.6598320043
858 1253.6735778521
859 1254.4313284218
860 1255.4082306453
861 1256.1812141985
862 1257.5412194126
863 1258.7792334886
864 1260.3445483162
865 1261.6117171615
866 1262.5566140004
867 1263.6767328439
868 1264.9572230070
869 1266.1790377606
870 1267.2003456118
871 1267.5705717794
872 1270.1189218865
873 1271.1342996316
874 1272.0839595993
875 1273.2611446335
876 1274.1962208895
877 1275.0920303158
878 1276.8421715556
879 1277.7630919863
880 1279.3328433167
881 1280.1557944090
882 1281.8287269597
883 1283.0004913867
884 1283.3350321389
885 1284.8547951546
886 1285.6950233311
887 1287.4100266171
888 1289.1653515328
889 1290.1047715198
890 1290.4177080730
891 1291.9458709681
892 1293.4939815574
893 1294.1184743778
894 1295.3653635054
895 1296.8011109923
896 1298.2565270679
897 1299.4051712507
898 1300.4900189824
899 1301.4955166806
900 1302.3467423792
901 1303.2732002288
902 1305.4016721880
903 1306.5083933130
904 1307.2672421078
905 1308.9881965176
906 1309.4215324933
907 1311.0565705111
908 1311.9669406080
909 1313.0315993690
910 1314.0525656517
911 1316.2121126029
912 1317.0729860348
913 1318.1712791322
914 1318.9478805966
915 1319.9310828775
916 1321.6281385519
917 1322.2580671234
918 1324.2249787188
919 1325.2376243590
920 1325.9819696304
921 1327.6352811085
922 1329.0435179965
923 1329.2050187855
924 1330.4299371205
925 1331.8275913853
926 1333.6735226103
927 1334.7473290517
928 1335.6949745260
929 1336.6901846534
930 1337.6887918097
931 1338.9231645987
932 1340.4264004573
933 1341.1662722529
934 1342.6085078838
935 1344.1560440036
936 1345.4771062614
937 1345.7314132554
938 1347.5194717509
939 1348.0172380187
940 1349.0851940140
941 1351.2962063741
942 1352.2104651592
943 1353.4833383583
944 1353.8867819717
945 1355.6805953206
946 1356.6056557098
947 1357.7717428286
948 1358.4601603992
949 1360.3931447622
950 1361.3930747136
951 1363.0223286033
952 1363.8791907971
953 1364.5765848968
954 1365.4937335513
955 1367.1040909700
956 1368.3301933080
957 1369.6869490773
958 1370.9735227678
959 1371.6865535528
960 1373.2029145624
961 1374.1547986586
962 1375.3023923447
963 1376.1617799936
964 1377.1776336421
965 1379.6832830286
966 1380.1485784417
967 1381.0739771492
968 1382.3456629785
969 1383.2975910079
970 1384.4444158478
971 1385.6637770112
972 1387.3266476635
973 1387.9214541271
974 1389.5658317984
975 1390.7054902864
976 1391.8532004433
977 1392.6440277885
978 1393.4334017408
979 1394.8841846757
980 1396.5441631237
981 1397.8346233214
982 1398.8376752014
983 1399.8394729412
984 1400.4269462974
985 1402.5643472501
986 1402.9737476409
987 1404.0062921705
988 1405.6669750592
989 1407.0851427764
990 1408.1363074962
991 1409.3206810798
992 1410.0248107258
993 1411.2570568157
994 1411.9656534618
995 1413.8431487886
996 1415.5857847955
997 1415.7815813033
998 1417.1028229338
999 1418.6969638525
1000 1419.4224809460
1001 1420.4165263238
1002 1421.8505671870
1003 1422.4613109875
1004 1424.4630456696
1005 1425.8734692450
1006 1426.6459796821
1007 1427.3656711094
1008 1428.5923058760
1009 1429.6504772762
1010 1431.2183136728
1011 1432.0497408933
1012 1433.8219407371
1013 1434.5849421683
1014 1435.6929073834
1015 1437.2267216238
1016 1438.0062848417
1017 1438.9495527469
1018 1439.6227930782
1019 1441.9609875049
1020 1442.9110595809
1021 1444.0419307064
1022 1445.0722784592
1023 1445.8300847797
1024 1447.2262271000
1025 1448.3238535157
1026 1449.4887712807
1027 1450.7735618583
1028 1451.8352979994
1029 1453.7375967571
1030 1454.2260112602
1031 1455.3120912398
1032 1456.1677976084
1033 1457.5390016684
1034 1458.3937773687
1035 1460.6882705354
1036 1461.2454433452
1037 1462.2661232658
1038 1463.2868911904
1039 1464.6969032979
1040 1465.8895576141
1041 1466.5056211079
1042 1467.7039895861
1043 1469.3476498783
1044 1470.9665891272
1045 1471.3887645271
1046 1473.0201323242
1047 1473.7456491857
1048 1474.2032215657
1049 1476.0921270382
1050 1477.4351911475
1051 1478.4413959734
1052 1479.7599187065
1053 1480.7668790180
1054 1481.9646842098
1055 1483.0329599581
1056 1484.1435808818
1057 1484.8178832312
1058 1486.1713490276
1059 1488.1163379762
1060 1489.2524669464
1061 1489.9708922047
1062 1490.6706938146
1063 1492.1800905440
1064 1493.3308354213
1065 1494.1553686137
1066 1495.7688329789
1067 1497.0655055717
1068 1497.7473609331
1069 1499.6408247466
1070 1500.3519515166
1071 1501.1193249221
1072 1502.3460632924
1073 1503.0909331267
1074 1505.2615296547
1075 1506.1529861381
1076 1507.4075051638
1077 1508.2530310295
1078 1509.2804193632
1079 1510.3917974465
1080 1511.9230054590
1081 1512.5897647055
1082 1513.5897655399
1083 1515.7083435869
1084 1516.4359897188
1085 1517.7198062541
1086 1518.4147914873
1087 1519.7410094939
1088 1520.2736222204
1089 1521.9019090655
1090 1523.4860471493
1091 1524.7248921606
1092 1525.2278372338
1093 1526.5523119104
1094 1528.0409304293
1095 1529.0344567287
1096 1529.3699753652
1097 1531.0207429702
1098 1532.2223269394
1099 1533.8869779132
1100 1535.0422774712
1101 1535.7695023952
1102 1536.6207018240
1103 1537.6510621679
1104 1539.3028548556
1105 1540.0302701395
1106 1541.7422487628
1107 1542.4965229228
1108 1544.1186700545
1109 1544.8346082275
1110 1546.0911977863
1111 1547.2975811214
1112 1547.8065638019
1113 1548.8713481787
1114 1551.2738453264
1115 1552.0068728377
1116 1552.7361053298
1117 1554.1565191097
1118 1554.9212851650
1119 1556.1629874976
1120 1557.3945070177
1121 1558.3391528524
1122 1559.7811543907
1123 1560.8764757778
1124 1562.4101531802
1125 1563.3854009585
1126 1564.1779404604
1127 1564.9157882623
1128 1566.2664156016
1129 1567.6234507172
1130 1569.0224778044
1131 1570.5092778669
1132 1571.0453814855
1133 1571.8453520880
1134 1573.8065633303
1135 1574.2309154299
1136 1575.6381549520
1137 1576.1613523634
1138 1578.1188269458
1139 1579.5140550677
1140 1580.3720816255
1141 1581.3635517730
1142 1582.3294869441
1143 1583.3946934354
1144 1584.2348480664
1145 1586.2932107503
1146 1587.0043421070
1147 1588.1634040289
1148 1589.3579459496
1149 1590.8359043214
1150 1591.2938843736
1151 1592.6371670392
1152 1593.5848081889
1153 1594.4426896557
1154 1596.4844924097
1155 1597.7158959444
1156 1598.4207985497
1157 1599.6193489505
1158 1600.0480449034
1159 1601.9119462286
1160 1602.8154047937
1161 1603.6552029961
1162 1605.5216466466
1163 1606.2934181266
1164 1607.5569052120
1165 1608.8362953050
1166 1610.0032641900
1167 1610.2538231626
1168 1611.4371412696
1169 1613.0788554510
1170 1614.7106278522
1171 1615.5746087190
1172 1616.3983948416
1173 1617.7346848410
1174 1618.5375178320
1175 1619.9525012611
1176 1620.7743108214
1177 1622.0987516980
1178 1622.9777676995
1179 1625.0218566580
1180 1625.9870201636
1181 1626.3999193116
1182 1627.7554412763
1183 1628.7153168568
1184 1629.6586689549
1185 1631.1948145515
1186 1632.7981835707
1187 1633.5125168897
1188 1634.5168226621
1189 1635.7183663262
1190 1637.0891901734
1191 1637.9946435860
1192 1638.5996583042
1193 1639.8212357298
1194 1641.8998190085
1195 1642.4897798224
1196 1644.1520659597
1197 1644.7137457747
1198 1645.5737603628
1199 1646.6248665932
1200 1648.2705982225
1201 1649.1185354092
1202 1650.4169889830
1203 1651.7326933414
1204 1652.6710658996
1205 1654.2058967594
1206 1654.7266523933
1207 1655.8227756768
1208 1657.1142363998
1209 1657.5671011793
1210 1660.0199803380
1211 1660.8600568333
1212 1661.8368928841
1213 1662.3772025493
1214 1664.0572654181
1215 1664.9680044864
1216 1665.8776404145
1217 1667.2411250517
1218 1668.3682293274
1219 1669.6697284524
1220 1671.0471824333
1221 1671.9842593337
1222 1672.9633708308
1223 1673.6874453339
1224 1674.6484620970
1225 1676.3624863240
1226 1677.6912271415
1227 1678.6303680911
1228 1680.0779467168
1229 1680.5047701128
1230 1681.8123201743
1231 1683.2732892607
1232 1684.1716568371
1233 1684.5588632525
1234 1686.4211219478
1235 1688.0801426932
1236 1688.9338685098
1237 1689.7031542562
1238 1691.0515599169
1239 1691.5151928920
1240 1693.0530209302
1241 1694.0175646526
1242 1695.8325544742
1243 1696.6549974398
1244 1697.3425142866
1245 1699.2295471876
1246 1699.9668172669
1247 1700.8203032450
1248 1701.8255509970
1249 1702.9232497645
1250 1704.2914124267
1251 1706.2560324316
1252 1706.6156650350
1253 1707.9123124933
1254 1708.5121161784
1255 1709.7808422986
1256 1711.1376032586
1257 1712.1553976543
1258 1713.0553417275
1259 1714.7171452555
1260 1715.8252830398
1261 1716.7699837174
1262 1717.9744850662
1263 1718.9541524986
1264 1719.7244693218
1265 1720.4980709476
1266 1722.8446617399
1267 1723.5328226313
1268 1724.7339587377
1269 1725.6386280200
1270 1726.6057007399
1271 1728.1665067610
1272 1728.6444864804
1273 1730.0238725448
1274 1731.0141937619
1275 1732.4301698593
1276 1733.8408250214
1277 1735.1754660211
1278 1735.6247153429
1279 1736.3056627332
1280 1737.8938847869
1281 1738.7832375888
1282 1740.1691156801
1283 1741.7791678087
1284 1742.4676807208
1285 1743.4264368587
1286 1744.7215119377
1287 1746.0974985956
1288 1746.5954566271
1289 1747.7816955278
1290 1748.5639873811
1291 1750.8228184898
1292 1751.6177949463
1293 1752.5115111407
1294 1753.6613552431
1295 1754.7633698743
1296 1755.1696940681
1297 1757.0465184607
1298 1757.9840770328
1299 1759.2400856467
1300 1760.2151662428
1301 1761.8548999387
1302 1762.4976888707
1303 1763.7191214963
1304 1764.5914768491
1305 1765.4004939918
1306 1766.6762435995
1307 1768.2959711363
1308 1769.9409520516
1309 1770.2436773122
1310 1771.2129449835
1311 1772.3280003636
1312 1773.8949155107
1313 1774.6604309900
1314 1775.3419875737
1315 1777.2558602241
1316 1778.0417347622
1317 1779.5522708092
1318 1780.6652284930
1319 1781.3556377228
1320 1782.4390673200
1321 1783.0848295199
1322 1784.6079463966
1323 1786.3422011793
1324 1787.0492730868
1325 1788.2151234796
1326 1789.2421799637
1327 1790.4495623698
1328 1791.2544098188
1329 1792.6161027352
1330 1793.5253906524
1331 1794.1784820073
1332 1796.4651405374
1333 1797.3763356711
1334 1798.1470674581
1335 1799.2316472097
1336 1800.0247240197
1337 1801.3096369453
1338 1802.3012834915
1339 1803.7968438134
1340 1804.9041609748
1341 1806.2896670195
1342 1806.5783917510
1343 1808.7144318655
1344 1809.1192737883
1345 1810.1088929880
1346 1810.8737191589
1347 1812.4200770021
1348 1814.0241403476
1349 1814.9730823635
1350 1816.3386112197
1351 1816.7580233654
1352 1817.7106085633
1353 1819.2603340995
1354 1820.1878821868
1355 1821.3057083652
1356 1822.4276714403
1357 1823.7662658958
1358 1825.2136768930
1359 1825.9156836149
1360 1826.7954552715
1361 1828.2112705000
1362 1828.6210917580
1363 1829.8325297099
1364 1831.9363799018
1365 1832.9849402437
1366 1833.2732390327
1367 1834.7215597486
1368 1835.8837544377
1369 1836.8276725160
1370 1838.0869433056
1371 1838.6402887077
1372 1840.1955634734
1373 1841.4785825706
1374 1842.8759552787
1375 1843.7710577431
1376 1844.7590436501
1377 1845.4175341464
1378 1846.3532534205
1379 1848.3309806224
1380 1848.7227609109
1381 1850.6011840477
1382 1851.4003619946
1383 1852.3422047334
1384 1853.5193429210
1385 1854.8556321160
1386 1855.5929349371
1387 1856.3891791535
1388 1857.4980748149
1389 1859.4952715688
1390 1860.5413881093
1391 1861.3796715472
1392 1862.1214649289
1393 1863.4254648451
1394 1864.3539813357
1395 1865.3674337941
1396 1866.8365470186
1397 1868.0851909986
1398 1868.7067456844
1399 1870.4214717683
1400 1871.4160430984
1401 1872.4415664282
1402 1872.8656676380
1403 1874.5083614127
1404 1874.9137740100
1405 1877.0950641673
1406 1878.0222514828
1407 1879.1533030905
1408 1880.0823254190
1409 1880.6117664797
1410 1882.3219747974
1411 1883.4087242695
1412 1884.0057783497
1413 1885.1980751303
1414 1887.0538948069
1415 1887.8088414168
1416 1888.9381826366
1417 1890.3481286142
1418 1890.6121285879
1419 1891.6785105397
1420 1892.8677013358
1421 1894.5585375724
1422 1895.6971556536
1423 1896.5854943472
1424 1897.5136928597
1425 1898.8293728187
1426 1900.0061448291
1427 1900.5718842724
1428 1901.8913057506
1429 1902.8050592067
1430 1904.0893253234
1431 1906.1027561982
1432 1906.5976780038
1433 1907.3327801239
1434 1908.4330630451
1435 1909.4659300260
1436 1910.7336596159
1437 1911.7046909432
1438 1913.1824897759
1439 1914.3523000517
1440 1915.0546293333
1441 1916.6063718395
1442 1917.3447040416
1443 1918.7864989099
1444 1919.2077783978
1445 1919.9374573712
1446 1922.1016256220
1447 1923.2808379364
1448 1924.0558311014
1449 1925.2319879754
1450 1926.2115830799
1451 1926.8200927949
1452 1928.4175185495
1453 1929.4875601806
1454 1930.2583871804
1455 1931.7600694365
1456 1932.8757545499
1457 1934.4164363692
1458 1934.9079434344
1459 1935.9248488037
1460 1936.8730938143
1461 1937.9686334980
1462 1939.0500291505
1463 1940.9773267059
1464 1941.8228622158
1465 1942.6335686922
1466 1943.3679474493
1467 1945.1537963064
1468 1945.9227169495
1469 1946.6099453619
1470 1947.9170477377
1471 1949.0300300736
1472 1950.7432015529
1473 1951.5366958731
1474 1952.8501292119
1475 1953.4485563251
1476 1954.4185881752
1477 1955.3158092837
1478 1956.8481645782
1479 1958.3144035551
1480 1958.8518834632
1481 1960.4188452694
1482 1961.3592778800
1483 1962.2335718486
1484 1963.6211845732
1485 1964.3573909381
1486 1965.3778295051
1487 1966.1176585741
1488 1968.4716020194
1489 1969.0476175465
1490 1970.3050095170
1491 1970.8555475799
1492 1971.9703128048
1493 1973.1826634059
1494 1974.3472019101
1495 1975.0806103023
1496 1977.1739436980
1497 1977.2714461997
1498 1978.8014481677
1499 1980.3717722871
1500 1980.9100430910
1501 1981.7487688973
1502 1982.6632791953
1503 1983.9238046223
1504 1985.4165401745
1505 1986.7571077164
1506 1987.8734733607
1507 1988.2518768074
1508 1989.7020027080
1509 1990.4783525264
1510 1992.0017063935
1511 1992.7849878752
1512 1993.5774931383
1513 1995.1687396119
1514 1996.7961769662
1515 1997.3909140596
1516 1998.2790069260
1517 1999.5457641763
1518 2000.4345153024
1519 2000.9296206892
1520 2002.8964083744
1521 2004.1396692333
1522 2005.0778481241
1523 2005.9009348858
1524 2007.1251801703
1525 2008.4182403303
1526 2009.1766341229
1527 2010.1533247676
1528 2011.0207050737
1529 2012.5389354774
1530 2013.8720977140
1531 2015.1867286087
1532 2016.0296380324
1533 2016.8000756558
1534 2017.3867672520
1535 2019.2646002161
1536 2019.8843671398
1537 2021.1960427689
1538 2022.5456176847
1539 2023.5729117771
1540 2024.4882621580
1541 2025.8789062025
1542 2026.7382589122
1543 2027.5733170560
1544 2028.5824593540
1545 2029.3854795510
1546 2031.7505506906
1547 2032.4207808563
1548 2033.0178927457
1549 2034.5548287890
1550 2035.0774400963
1551 2036.5275264834
1552 2037.2171110943
1553 2038.8417382509
1554 2039.4432187401
1555 2040.8391196731
1556 2042.3445862506
1557 2043.2171165633
1558 2044.1215932917
1559 2045.0373208598
1560 2045.8027604316
1561 2047.0983363456
1562 2048.4540940662
1563 2049.8475256057
1564 2050.9060553847
1565 2051.7183881963
1566 2052.4077901924
1567 2054.0599168985
1568 2055.1802673262
1569 2055.5726028990
1570 2056.6208666899
1571 2058.4506511189
1572 2059.4480217438
1573 2060.8682472081
1574 2061.3670592020
1575 2062.5726509200
1576 2063.2835594984
1577 2064.3048676996
1578 2065.8326722819
1579 2066.9852293780
1580 2068.3456385274
1581 2068.6699410828
1582 2070.5047175934
1583 2071.3770831698
1584 2071.9904548148
1585 2073.3976037158
1586 2074.1710649022
1587 2075.0280655448
1588 2077.1175701369
1589 2078.1554846392
1590 2078.9392881149
1591 2079.5676284619
1592 2080.9103434576
1593 2081.7996865636
1594 2083.3002768588
1595 2083.7799925502
1596 2085.3898136923
1597 2086.5803185344
1598 2087.4733409879
1599 2088.7122811987
1600 2090.0362067570
1601 2090.4475500274
1602 2091.2215806611
1603 2092.4732181101
1604 2094.3359174686
1605 2095.1382566603
1606 2096.3465299793
1607 2097.3716063572
1608 2097.9519221999
1609 2099.3116512651
1610 2100.5937452369
1611 2101.1354894591
1612 2102.5351002153
1613 2103.3904548087
1614 2105.3722065918
1615 2105.9947043393
1616 2107.1723624324
1617 2107.6179114075
1618 2108.9383848890
1619 2109.9631431813
1620 2110.8223718481
1621 2112.9070875232
1622 2113.4839664484
1623 2114.3961373259
1624 2115.5066027947
1625 2116.9000560684
1626 2117.7223994414
1627 2118.6186462170
1628 2119.4564284689
1629 2120.6915625918
1630 2122.4651511749
1631 2123.3440423035
1632 2124.3703687376
1633 2125.5124000292
1634 2125.9587848404
1635 2126.9757111926
1636 2128.7522905543
1637 2129.4060802283
1638 2130.5551022832
1639 2132.0806209929
1640 2132.7985164679
1641 2134.1549339850
1642 2134.9507725043
1643 2136.0868975247
1644 2136.9674705485
1645 2137.5099405259
1646 2139.3807599852
1647 2140.9493626391
1648 2141.7100359604
1649 2142.3550431960
1650 2143.3744441805
1651 2144.8953374314
1652 2145.5057537342
1653 2146.6258944755
1654 2147.7853673456
1655 2149.1518493829
1656 2149.9106398581
1657 2151.7768851165
1658 2152.3902265969
1659 2153.0119641654
1660 2154.2636239523
1661 2154.9353458482
1662 2156.3947272557
1663 2157.8564895654
1664 2158.8780722911
1665 2159.9022860172
1666 2160.8530623282
1667 2161.6921721892
1668 2163.1071222857
1669 2164.0497203564
1670 2165.0114371743
1671 2165.5039490234
1672 2167.6934442547
1673 2168.8906158519
1674 2169.2638292834
1675 2170.7870749730
1676 2171.3963619265
1677 2172.2509628275
1678 2173.5282969693
1679 2174.7450208035
1680 2176.2041194662
1681 2176.9394516990
1682 2178.0042091548
1683 2179.2321850297
1684 2180.4953182593
1685 2181.2523670107
1686 2181.7257830298
1687 2183.3305840173
1688 2184.1031907607
1689 2185.9655283207
1690 2187.0856909594
1691 2187.7984558778
1692 2188.5587632031
1693 2189.4970729026
1694 2191.0933630457
1695 2191.7780174005
1696 2192.8267705399
1697 2194.2315300504
1698 2195.2316876813
1699 2196.7159776668
1700 2197.2587470402
1701 2198.6875126844
1702 2199.3029653210
1703 2200.3510209133
1704 2200.9159530256
1705 2203.2774537306
1706 2203.9063645838
1707 2204.9978017548
1708 2205.8557612455
1709 2207.1721619150
1710 2207.8027413367
1711 2209.1537444003
1712 2210.2080149893
1713 2210.8509410993
1714 2212.3435684000
1715 2213.7002562484
1716 2214.9499256321
1717 2215.8205656906
1718 2216.2963758876
1719 2217.4693751162
1720 2218.5210069134
1721 2219.7998156984
1722 2220.8521588489
1723 2222.6366045881
1724 2223.0550579188
1725 2223.7777725072
1726 2225.5646451172
1727 2226.3327344056
1728 2227.2462293766
1729 2227.9705738823
1730 2229.1279589101
1731 2230.8986908562
1732 2231.9771540741
1733 2232.9248538690
1734 2233.7202222503
1735 2234.8149345313
1736 2235.5466621356
1737 2236.7736438451
1738 2238.1547995193
1739 2239.1677439602
1740 2240.0212094705
1741 2241.5361865238
1742 2242.6211801594
1743 2243.3736684190
1744 2244.3707017004
1745 2245.5652865313
1746 2246.0165581783
1747 2247.3644312512
1748 2249.5501985735
1749 2249.7707665527
1750 2251.0466419416
1751 2251.8453183387
1752 2252.6784326738
1753 2254.5622469944
1754 2254.7590790013
1755 2255.8245655715
1756 2257.3463846831
1757 2258.5018472911
1758 2259.5178420574
1759 2260.8902594168
1760 2261.6600644495
1761 2262.6744306482
1762 2262.8783053812
1763 2264.6763997058
1764 2265.7684461155
1765 2267.3845010675
1766 2267.8791753372
1767 2269.2269982616
1768 2269.9191032168
1769 2271.3262824681
1770 2272.0490157012
1771 2273.3475340532
1772 2273.9562891459
1773 2275.0686647760
1774 2277.0793177566
1775 2278.0126283933
1776 2278.5259421558
1777 2279.5073058411
1778 2280.8707198526
1779 2281.3564836145
1780 2282.6903751376
1781 2284.0560114594
1782 2285.2222423649
1783 2286.1498141406
1784 2287.0461586710
1785 2288.5788494458
1786 2289.3362847101
1787 2290.2414582109
1788 2291.0976636121
1789 2291.9289012525
1790 2293.8961451061
1791 2294.6879184117
1792 2296.1150911883
1793 2296.9985224725
1794 2297.3726475798
1795 2298.6123633657
1796 2299.9615776201
1797 2301.2341257988
1798 2301.4548403517
1799 2303.2954819826
1800 2304.3051386704
1801 2305.5083567887
1802 2306.5177330700
1803 2307.3555533705
1804 2308.2102846348
1805 2309.3703582395
1806 2309.9311223842
1807 2312.0479964496
1808 2313.1909141707
1809 2313.6893599672
1810 2314.6211821136
1811 2316.0494547200
1812 2316.9624945048
1813 2317.8515318643
1814 2318.8260353364
1815 2320.0885232040
1816 2320.9495316287
1817 2322.8126326067
1818 2323.5342742408
1819 2324.5124552323
1820 2325.5570964918
1821 2325.9030159275
1822 2327.3768558197
1823 2328.6348751012
1824 2329.7057234064
1825 2331.0131102896
1826 2331.9427078064
1827 2332.9877654328
1828 2333.7208633738
1829 2335.5317125745
1830 2335.8671538056
1831 2336.6210367862
1832 2337.7617301588
1833 2339.6156838960
1834 2340.8267267066
1835 2341.3245961862
1836 2342.6540416585
1837 2343.2591589550
1838 2344.3112162362
1839 2345.5704836345
1840 2346.4641195298
1841 2347.9342546417
1842 2348.8434236335
1843 2349.7300542578
1844 2351.4550469279
1845 2352.1957015025
1846 2352.7508700755
1847 2353.9121358524
1848 2354.9510812350
1849 2355.8108139783
1850 2357.6083159202
1851 2358.9047051984
1852 2359.4348590764
1853 2360.3142850895
1854 2361.3425416419
1855 2362.7183179229
1856 2363.4956176541
1857 2364.7511760891
1858 2365.1915150641
1859 2367.2492198430
1860 2367.9577018232
1861 2369.2205777674
1862 2370.0933902842
1863 2371.1007479297
1864 2371.9381377946
1865 2372.4403472601
1866 2374.4442307178
1867 2375.5439670374
1868 2376.3554635156
1869 2377.7554079140
1870 2378.2129616797
1871 2379.7265029500
1872 2380.5456572187
1873 2381.5001237104
1874 2382.5308305664
1875 2383.3560139160
1876 2384.9650716412
1877 2386.4309371095
1878 2387.2990841223
1879 2387.8135685561
1880 2388.7482076355
1881 2389.9559881137
1882 2391.2605498724
1883 2391.7549823366
1884 2393.6305932917
1885 2394.4853678560
1886 2395.2701699946
1887 2396.6038787626
1888 2397.7916437618
1889 2398.5583113825
1890 2399.4338329058
1891 2400.1523565221
1892 2401.4829983758
1893 2403.4187984453
1894 2403.9753151490
1895 2404.9215934898
1896 2406.2539887183
1897 2406.7328511821
1898 2407.7159104223
1899 2409.4415023524
1900 2409.8816026829
1901 2411.1261933808
1902 2412.2229358373
1903 2413.9761231950
1904 2414.3798798013
1905 2415.5768934660
1906 2416.5340546277
1907 2417.2780874218
1908 2418.2294432674
1909 2419.5079171631
1910 2421.1429439933
1911 2422.1520849251
1912 2422.9962301235
1913 2423.5041468887
1914 2425.1247602126
1915 2426.1934375417
1916 2426.9070642938
1917 2427.6408969486
1918 2429.1855959903
1919 2430.2658126359
1920 2431.6111350963
1921 2432.7275692993
1922 2433.7058968047
1923 2433.9168732377
1924 2435.3488943647
1925 2436.1916003751
1926 2437.7940761078
1927 2438.6717907940
1928 2439.9271272187
1929 2440.8261602906
1930 2441.9298365500
1931 2443.0335600582
1932 2443.7754363962
1933 2445.1543810152
1934 2445.7449521012
1935 2446.3985233061
1936 2448.9883122860
1937 2449.2310320093
1938 2450.5036505801
1939 2451.1817083101
1940 2452.2833657412
1941 2453.2574858121
1942 2454.3005618418
1943 2455.4822883835
1944 2456.5145518413
1945 2457.9079990902
1946 2458.5467998371
1947 2460.0135794655
1948 2461.2022953745
1949 2461.7316286480
1950 2462.4642949139
1951 2463.5696672950
1952 2464.9278163612
1953 2466.1830970132
1954 2467.6408607838
1955 2468.1868163011
1956 2469.3362638925
1957 2469.7814850315
1958 2471.5392977420
1959 2472.3364175895
1960 2473.1071247346
1961 2474.2378497344
1962 2475.5393538610
1963 2477.0217550961
1964 2478.0148540248
1965 2478.3975975831
1966 2479.9773519809
1967 2480.4336069851
1968 2481.3567672804
1969 2482.6834115187
1970 2484.5032382747
1971 2485.0875905374
1972 2485.7856207124
1973 2487.3338364427
1974 2488.1138317542
1975 2489.2611574516
1976 2490.0510905157
1977 2491.1055164218
1978 2491.9074739343
1979 2493.4892954491
1980 2494.8661778283
1981 2495.8468404195
1982 2496.4853367028
1983 2497.6484652466
1984 2497.9699739668
1985 2499.8620428213
1986 2500.5643864123
1987 2501.5777446724
1988 2503.1852272121
1989 2504.0089336586
1990 2504.7721525112
1991 2506.3053519373
1992 2507.1518856477
1993 2507.8710395797
1994 2508.7660461038
1995 2509.6529974414
1996 2511.6601897872
1997 2512.5382209852
1998 2513.5795170215
1999 2514.2598590598
2000 2515.2864829247
2001 2516.5710491429
2002 2517.1469318804
2003 2518.5528520407
2004 2519.6342526403
2005 2520.4023235180
2006 2521.8851756462
2007 2523.2634801559
2008 2523.9670558192
2009 2524.6420457957
2010 2525.6879933248
2011 2526.8688100586
2012 2527.4187911606
2013 2529.3780434633
2014 2530.2736722743
2015 2531.5439612201
2016 2531.9693840816
2017 2533.0673170990
2018 2534.4086140984
2019 2535.5058860740
2020 2536.0918849208
2021 2536.8674852226
2022 2538.5598269363
2023 2539.9984071186
2024 2540.5316619367
2025 2541.9987291537
2026 2542.6876505149
2027 2543.3439550886
2028 2544.2909536566
2029 2545.8780177303
2030 2546.7611412834
2031 2548.1816153941
2032 2548.8959875750
2033 2549.9964844915
2034 2551.4111419929
2035 2551.8804459596
2036 2553.2756779955
2037 2553.7230692012
2038 2555.0508752914
2039 2555.8323507473
2040 2558.0091059429
2041 2558.7522113685
2042 2559.2342965973
2043 2560.2632895144
2044 2561.4056357476
2045 2562.4261133381
2046 2563.5017189040
2047 2564.3321078543
2048 2565.9752704783
2049 2566.5575578971
2050 2567.9585997253
2051 2569.0430901734
2052 2569.9481115969
2053 2570.9585256619
2054 2571.5407741478
2055 2572.3682081862
2056 2574.2071639500
2057 2575.4045119969
2058 2576.1410111840
2059 2577.5198355326
2060 2578.0701299250
2061 2578.9712983359
2062 2580.3461115652
2063 2581.3981405819
2064 2582.1387339313
2065 2583.0032945351
2066 2584.7584024417
2067 2585.7727394040
2068 2586.9251789572
2069 2587.5910009242
2070 2588.3682104239
2071 2589.5792645544
2072 2590.3716929260
2073 2591.5493784480
2074 2593.2758768066
2075 2594.0236183347
2076 2594.9050115525
2077 2595.6875301389
2078 2597.5461414885
2079 2597.9793534184
2080 2598.5987683196
2081 2600.1213550619
2082 2600.6419523192
2083 2602.4123005581
2084 2603.6287811185
2085 2604.5735648237
2086 2605.3680759156
2087 2606.2436645475
2088 2607.0036391142
2089 2608.3648996490
2090 2609.5520867407
2091 2610.4445209389
2092 2611.5436703814
2093 2612.9568070367
2094 2613.7319294383
2095 2614.7371361654
2096 2615.8477072682
2097 2616.9021182440
2098 2617.3350469349
2099 2618.2929154780
2100 2620.2793936944
2101 2621.4290552132
2102 2622.0486967984
2103 2622.9945079763
2104 2624.0506038546
2105 2624.9095017772
2106 2626.4605022299
2107 2626.7104713958
2108 2628.0980265239
2109 2629.6041395108
2110 2629.9948007642
2111 2632.0431166371
2112 2632.4436589491
2113 2633.6763999398
2114 2633.9665434341
2115 2635.2173316172
2116 2636.4325859951
2117 2637.5106833585
2118 2639.0625730454
2119 2640.0542458840
2120 2640.4629428290
2121 2641.8017447841
2122 2642.7557590630
2123 2643.9709009583
2124 2644.8878671435
2125 2645.3955672786
2126 2646.6899401727
2127 2648.5774292838
2128 2649.3256535518
2129 2650.0585444584
2130 2651.2273313321
2131 2652.1607752415
2132 2652.7706428270
2133 2653.8970697456
2134 2655.6157723260
2135 2656.2389984980
2136 2657.5377607583
2137 2658.3415576298
2138 2659.6583160209
2139 2660.6102458030
2140 2661.5825737582
2141 2662.1835734356
2142 2663.3939456223
2143 2664.2354890832
2144 2666.0301014795
2145 2666.9828490705
2146 2668.2918590372
2147 2668.6636514013
2148 2669.2537448882
2149 2670.9989985822
2150 2671.9183826689
2151 2672.6037795881
2152 2673.8746187111
2153 2675.2717591296
2154 2676.0664902301
2155 2677.2461938932
2156 2678.5381565216
2157 2679.0252815963
2158 2680.0390215482
2159 2680.8431171329
2160 2681.8410514561
2161 2683.8822755515
2162 2684.5291569045
2163 2685.3771134266
2164 2686.4961601512
2165 2687.4899398080
2166 2688.3850815956
2167 2689.4232759811
2168 2690.6331868560
2169 2691.3183828400
2170 2692.3687189585
2171 2694.1028206134
2172 2695.2089579690
2173 2695.7500492401
2174 2696.6953725816
2175 2697.8575582168
2176 2698.2909613214
2177 2699.9420275001
2178 2700.7312070111
2179 2702.4335448477
2180 2703.1436575112
2181 2703.9817142448
2182 2704.9557375513
2183 2706.5282473268
2184 2707.0907646464
2185 2708.1170692293
2186 2708.4765249607
2187 2710.3683598236
2188 2711.4582278641
2189 2712.7866873348
2190 2713.5252893033
2191 2714.3679066885
2192 2715.3398716314
2193 2716.0250490495
2194 2717.6657748711
2195 2718.3086524744
2196 2719.7709989781
2197 2720.4934749002
2198 2721.7987756166
2199 2723.0860827445
2200 2723.7689288498
2201 2724.5239244371
2202 2725.8829892035
2203 2726.4797010340
2204 2727.2744594319
2205 2729.3950416686
2206 2730.4928918072
2207 2730.7977020802
2208 2732.0040499136
2209 2732.8301235575
2210 2734.2007829678
2211 2734.9388560842
2212 2736.0004791070
2213 2736.9220484400
2214 2738.2664441638
2215 2739.5135472962
2216 2740.3111094212
2217 2741.8788524206
2218 2742.2541078782
2219 2742.9930681599
2220 2743.9534698101
2221 2745.3218318982
2222 2746.7147989524
2223 2747.5140979982
2224 2748.9161910664
2225 2749.6436497887
2226 2750.3140834104
2227 2751.8236714585
2228 2752.7155024939
2229 2753.4877964174
2230 2754.4586630827
2231 2755.4168761915
2232 2757.3018682143
2233 2758.2781033283
2234 2758.8586709687
2235 2759.8986139197
2236 2760.6571515401
2237 2762.0828801426
2238 2762.4445804677
2239 2764.0418462521
2240 2765.4076911465
2241 2766.1570355899
2242 2766.8872697474
2243 2768.6645238881
2244 2769.1446987961
2245 2770.2790936433
2246 2771.0173921427
2247 2771.8962936617
2248 2773.0297134243
2249 2774.6700107318
2250 2775.7257073424
2251 2776.6191603079
2252 2777.5121252026
2253 2778.2896952998
2254 2779.1275391341
2255 2780.7711183791
2256 2781.6560702276
2257 2781.9892396546
2258 2783.9436652869
2259 2784.7052838761
2260 2786.0433357386
2261 2786.7025663514
2262 2787.9320212585
2263 2788.7962780145
2264 2789.1975611211
2265 2790.4930807910
2266 2792.1133785570
2267 2793.3014692409
2268 2794.2380933353
2269 2794.6538246653
2270 2796.0347616037
2271 2797.1745393519
2272 2797.9729012296
2273 2798.7981401770
2274 2800.0674448184
2275 2800.9376031162
2276 2802.2248015363
2277 2803.8649551383
2278 2804.4189356763
2279 2805.2053003631
2280 2806.0027324166
2281 2807.1323183712
2282 2808.1535011980
2283 2809.2916522452
2284 2810.7246340825
2285 2811.4609922261
2286 2812.8619975880
2287 2813.2014880283
2288 2814.6567579806
2289 2815.8386539927
2290 2816.3379548153
2291 2817.4589073174
2292 2817.9494621610
2293 2820.4888420219
2294 2820.6608410538
2295 2821.8919300749
2296 2822.9230262170
2297 2823.8669920566
2298 2824.2818841220
2299 2825.8726566898
2300 2826.7121703749
2301 2828.0299739463
2302 2828.8515265905
2303 2830.0875452900
2304 2831.1284254372
2305 2832.4165508579
2306 2833.1380358517
2307 2833.6587172333
2308 2834.9802484625
2309 2835.7758477445
2310 2837.0144720813
2311 2838.8128815293
2312 2839.4857533950
2313 2840.2857549107
2314 2840.9206729731
2315 2842.3326410811
2316 2843.4698378846
2317 2844.1989869633
2318 2845.0254336105
2319 2846.3907762127
2320 2847.5359355297
2321 2848.7703085554
2322 2849.7970866472
2323 2850.4718881974
2324 2851.6789380363
2325 2852.3037265684
2326 2852.9262147647
2327 2854.8323942319
2328 2855.8537211929
2329 2856.8161335439
2330 2857.7361398078
2331 2858.8578603563
2332 2859.8387489542
2333 2860.5774364976
2334 2862.1202082344
2335 2862.5069662778
2336 2863.3635895522
2337 2864.9114267589
2338 2866.4932097559
2339 2867.1493560941
2340 2868.2241636631
2341 2868.6576291942
2342 2869.8434565749
2343 2870.9095063754
2344 2872.0235111135
2345 2872.8585551834
2346 2874.5691540728
2347 2875.2821191664
2348 2875.8899143404
2349 2877.5466491538
2350 2878.5270026242
2351 2879.1199075470
2352 2879.8689739369
2353 2880.9789947384
2354 2882.1536463906
2355 2884.0136575528
2356 2884.3467577901
2357 2885.7730554027
2358 2886.3088746398
2359 2887.2248855071
2360 2888.3943824562
2361 2889.4041680476
2362 2890.6426263616
2363 2891.2800782155
2364 2892.4626240166
2365 2894.1744487368
2366 2894.7465503562
2367 2895.6411038620
2368 2896.8254051682
2369 2897.4283005670
2370 2898.5413531799
2371 2899.1777798365
2372 2901.2638503620
2373 2902.0651024813
2374 2902.8557855285
2375 2903.9578790430
2376 2904.5981960220
2377 2906.1764175966
2378 2906.9233393430
2379 2907.6057369112
2380 2908.6580455197
2381 2910.0282334350
2382 2911.1429036646
2383 2912.3459047261
2384 2913.5227858667
2385 2914.0446110721
2386 2914.8027022239
2387 2915.6859753275
2388 2917.2741734415
2389 2917.9824167019
2390 2919.3217723265
2391 2920.6155559921
2392 2921.0831989373
2393 2922.3960845574
2394 2923.3909323574
2395 2924.3334349940
2396 2925.2615091193
2397 2926.2954362262
2398 2926.6240146865
2399 2928.7610738470
2400 2930.0043663720
2401 2930.7111686974
2402 2931.0691011098
2403 2932.8064144158
2404 2933.1748571620
2405 2934.2907178358
2406 2935.5524637057
2407 2936.5503748486
2408 2937.7089589816
2409 2938.5812203506
2410 2939.8475291626
2411 2941.2616015347
2412 2941.4252177563
2413 2942.7248858651
2414 2943.3536849602
2415 2944.3216487945
2416 2945.9444992859
2417 2946.9223948962
2418 2948.3742618647
2419 2948.8675772094
2420 2949.7901430258
2421 2950.5211083524
2422 2952.2838296389
2423 2952.8271765835
2424 2953.5890309938
2425 2954.7112752909
2426 2956.2587304242
2427 2957.2362592468
2428 2958.2907762542
2429 2959.2210142347
2430 2960.0336178120
2431 2960.8148392662
2432 2961.8259705753
2433 2962.8196363353
2434 2964.6339214948
2435 2965.3983415843
2436 2966.0652697456
2437 2967.2701904265
2438 2968.4053489954
2439 2969.4011366557
2440 2970.0499301109
2441 2971.1222381249
2442 2972.3088841091
2443 2972.8116863914
2444 2975.0180204128
2445 2975.6199571662
2446 2976.5262321371
2447 2977.5535749135
2448 2977.9819785126
2449 2979.3190422120
2450 2980.4873810066
2451 2981.3439474818
2452 2982.5237198959
2453 2983.8253332665
2454 2984.6391778044
2455 2985.5476662354
2456 2986.8053933833
2457 2987.8561515024
2458 2988.6346996669
2459 2988.8550463674
2460 2990.4232705737
2461 2992.1636686751
2462 2992.8688663783
2463 2993.9743530928
2464 2994.8655070468
2465 2995.5402669155
2466 2996.7365060162
2467 2997.6472031144
2468 2998.9593010980
2469 2999.4944929946
2470 3001.0233311629
2471 3001.7073324560
2472 3003.4770428527
2473 3004.2909759173
2474 3004.6623084082
2475 3005.7729292845
2476 3006.9907383646
2477 3007.4686992165
2478 3008.8821208724
2479 3010.5149621292
2480 3011.3443801805
2481 3012.0746947859
2482 3012.7884505487
2483 3014.4590822067
2484 3014.9116665027
2485 3016.3483941700
2486 3016.7000608126
2487 3017.7834401916
2488 3019.4617757804
2489 3020.4876338969
2490 3021.4204006925
2491 3022.4474837931
2492 3023.3385090679
2493 3023.9309960739
2494 3024.7939638712
2495 3026.5108269078
2496 3027.2995228073
2497 3028.4015225286
2498 3029.4993883697
2499 3030.5945296510
2500 3031.2892174681
2501 3032.7560293602
2502 3033.2181239730
2503 3034.3609071923
2504 3035.0741039475
2505 3036.1331132382
2506 3037.9803835905
2507 3039.0336510442
2508 3039.5216015716
2509 3040.5004275647
2510 3041.2568035495
2511 3042.6530498541
2512 3043.6705416218
2513 3044.0551279819
2514 3046.0500302249
2515 3046.4545042193
2516 3047.7088176409
2517 3048.9226324904
2518 3050.0196767572
2519 3050.8012333157
2520 3051.3423833415
2521 3052.4768485243
2522 3053.3482659370
2523 3054.9865208665
2524 3056.2429233097
2525 3056.7651381130
2526 3058.0137030097
2527 3058.9014946932
2528 3059.4378617581
2529 3061.0627001176
2530 3061.8375844453
2531 3062.7268731646
2532 3063.4350864850
2533 3065.2865555853
2534 3066.3202504041
2535 3067.0713202412
2536 3068.0135013418
2537 3068.9842661855
2538 3069.7829047798
2539 3070.5426215498
2540 3072.0009933779
2541 3073.1852377799
2542 3074.5234942852
2543 3075.0338728774
2544 3075.8334792425
2545 3077.4274733068
2546 3078.2862269180
2547 3078.8973791471
2548 3079.8713946428
2549 3080.8563823420
2550 3082.1631637591
2551 3083.3613579904
2552 3084.8384515043
2553 3085.3772689936
2554 3085.9655222593
2555 3087.0188153586
2556 3088.0834370420
2557 3089.2223089445
2558 3090.2821949029
2559 3091.1544696985
2560 3092.6876670400
2561 3093.1854457175
2562 3094.8330684301
2563 3095.1320312395
2564 3096.5154855129
2565 3097.3426065310
2566 3098.0383549730
2567 3098.7580898488
2568 3101.0793730866
2569 3101.6573707901
2570 3102.4360891227
2571 3103.5899160596
2572 3104.3625463416
2573 3105.3914023699
2574 3106.3963526461
2575 3107.4842558570
2576 3108.3035962662
2577 3109.5330997904
2578 3110.5572003803
2579 3111.9207277141
2580 3112.8407378594
2581 3113.7552136695
2582 3114.4734162036
2583 3115.0026724135
2584 3116.7204508159
2585 3117.2697233869
2586 3118.9550136661
2587 3119.9575566043
2588 3120.9862149757
2589 3121.3372197629
2590 3122.6101288753
2591 3124.1502251643
2592 3124.5259226458
2593 3125.3744414721
2594 3126.4501164348
2595 3127.6930123734
2596 3129.4686126097
2597 3129.7962055054
2598 3130.8776637298
2599 3131.8610902163
2600 3132.6983313662
2601 3133.3988838230
2602 3134.6354459013
2603 3136.0155607520
2604 3137.1751726669
2605 3137.6134952120
2606 3139.0495084985
2607 3140.1384941411
2608 3141.0011748282
2609 3141.7480325429
2610 3142.9794567280
2611 3143.5674991836
2612 3144.4904881455
2613 3146.2835283759
2614 3147.3446066255
2615 3148.3790418705
2616 3148.8612287838
2617 3149.7717386990
2618 3150.8246527224
2619 3152.1510594657
2620 3152.9945599956
2621 3153.5969765295
2622 3155.3121082177
2623 3156.3003579496
2624 3156.9057614544
2625 3158.5782877079
2626 3159.2652046599
2627 3159.8040975791
2628 3161.0619125778
2629 3161.4024352079
2630 3163.3119595578
2631 3164.3505313209
2632 3165.5405978938
2633 3166.1395867136
2634 3167.1210947573
2635 3168.1975157139
2636 3169.1797646079
2637 3170.0141315656
2638 3171.3439580691
2639 3171.8377743461
2640 3173.0116339173
2641 3174.8153859764
2642 3175.5287227437
2643 3176.4803435165
2644 3176.9156360092
2645 3178.3717050050
2646 3178.9025955360
2647 3180.0112133729
2648 3181.3285017132
2649 3182.8394469203
2650 3183.2056733459
2651 3184.4514999603
2652 3185.2143445801
2653 3186.5458694295
2654 3187.6461627084
2655 3188.0554823294
2656 3188.8774607150
2657 3190.1686619622
2658 3191.7062563628
2659 3192.6817916179
2660 3193.5572084725
2661 3194.7867073786
2662 3195.3266999292
2663 3195.7938956339
2664 3197.5471656566
2665 3198.4301257678
2666 3199.2489771142
2667 3200.6632702307
2668 3201.4248663612
2669 3202.7782865007
2670 3203.6308911526
2671 3204.5574101878
2672 3205.4975805633
2673 3206.2288933038
2674 3207.2700623574
2675 3208.0861338919
2676 3210.3524205398
2677 3210.6703882992
2678 3211.6188325229
2679 3212.3192273429
2680 3213.6064987982
2681 3214.6675624881
2682 3215.3252989037
2683 3216.4915246924
2684 3217.4308047783
2685 3218.6599837440
2686 3219.6391713056
2687 3221.1983416830
2688 3221.6094763011
2689 3222.8138408229
2690 3223.3725663753
2691 3224.2137065196
2692 3225.3667159649
2693 3227.0441023745
2694 3227.5251495155
2695 3229.0163116300
2696 3229.9810669605
2697 3230.3366367322
2698 3231.7413479183
2699 3232.7387131248
2700 3233.9133606030
2701 3234.3065912449
2702 3235.1546171824
2703 3237.0875795317
2704 3237.9982363267
2705 3239.0904345627
2706 3239.7673140752
2707 3240.6057472780
2708 3241.5953129380
2709 3242.5683075824
2710 3243.5016527113
2711 3244.8841570911
2712 3246.0401578162
2713 3246.8416761620
2714 3247.5705035338
2715 3249.3080857474
2716 3249.9064463184
2717 3250.6133242674
2718 3251.5106377440
2719 3252.7239909073
2720 3253.3690172441
2721 3255.1420765925
2722 3256.3466128180
2723 3256.9419432047
2724 3257.8313400128
2725 3258.7067142755
2726 3259.5397306860
2727 3261.1921244205
2728 3261.5353126022
2729 3262.7189686945
2730 3263.7849404891
2731 3265.1987716007
2732 3266.1537864199
2733 3266.8039544796
2734 3268.1885178556
2735 3268.9094085887
2736 3269.5167853602
2737 3270.3108034578
2738 3272.0193976108
2739 3273.3630329653
2740 3274.0599530117
2741 3274.8635676380
2742 3276.1241549849
2743 3276.6945546812
2744 3278.0594782890
2745 3278.9861937320
2746 3279.4895096396
2747 3280.9764187137
2748 3281.7066908206
2749 3283.2391243001
2750 3284.4998631324
2751 3285.2028287517
2752 3285.6822597105
2753 3286.7185403423
2754 3287.7730919927
2755 3288.9369728453
2756 3289.7243065362
2757 3291.3857259284
2758 3292.2226420493
2759 3292.8567160976
2760 3293.9758692456
2761 3295.2666632327
2762 3296.0217547647
2763 3296.8731421627
2764 3297.8368423106
2765 3298.3578786216
2766 3300.4505761923
2767 3301.4137763044
2768 3302.0170976656
2769 3303.3172618417
2770 3303.8137192058
2771 3305.0761772408
2772 3305.4720886985
2773 3307.2217116025
2774 3308.0454022233
2775 3308.8328775130
2776 3310.2357067738
2777 3311.1553061183
2778 3312.3494594505
2779 3313.1998766727
2780 3313.8426622732
2781 3315.0150138280
2782 3315.6197425409
2783 3316.7524534177
2784 3318.3874701702
2785 3319.4126489932
2786 3320.4766996820
2787 3320.8879414612
2788 3321.6635726986
2789 3323.4909231798
2790 3323.8751249141
2791 3324.9256841460
2792 3325.6916270384
2793 3327.3384417515
2794 3327.9882692082
2795 3329.4655839484
2796 3330.2904003601
2797 3331.2994041615
2798 3331.8922882438
2799 3332.7008985760
2800 3333.7813829614
2801 3335.0459964245
2802 3336.5759684293
2803 3337.0442118967
2804 3338.1504073563
2805 3339.2566736946
2806 3340.1171526975
2807 3340.9722636378
2808 3342.2115548593
2809 3343.0517222783
2810 3343.6049085096
2811 3344.8522558682
2812 3346.8484308166
2813 3347.3978309910
2814 3347.9360016108
2815 3349.3010279268
2816 3349.8562521148
2817 3350.8037040246
2818 3352.1538040966
2819 3352.8453645426
2820 3354.2782312804
2821 3355.4836803060
2822 3355.8805781833
2823 3357.1981541183
2824 3358.4026996234
2825 3359.3592830672
2826 3359.8524043813
2827 3360.5841532983
2828 3361.8875886211
2829 3363.2338783489
2830 3364.3557635539
2831 3365.6009574686
2832 3366.1208838108
2833 3367.0555425396
2834 3367.7694438682
2835 3369.1837285548
2836 3370.0616517465
2837 3370.9975361427
2838 3371.9224456005
2839 3373.1601409252
2840 3374.4274719900
2841 3375.3799557563
2842 3376.2983860442
2843 3376.8209708484
2844 3378.2589569626
2845 3378.7806084949
2846 3379.4601926681
2847 3381.6346474471
2848 3382.2967149216
2849 3383.3484895758
2850 3383.8712124151
2851 3385.1773108279
2852 3386.1662957504
2853 3387.1495644593
2854 3387.8087777854
2855 3389.0918801566
2856 3389.6488790409
2857 3391.4812337319
2858 3392.1475726308
2859 3393.6517858931
2860 3394.1376663514
2861 3394.9911063107
2862 3395.6148509384
2863 3396.8900663110
2864 3398.2716771892
2865 3398.8411972199
2866 3400.3224765486
2867 3401.3874506972
2868 3402.0004414149
2869 3403.0088648202
2870 3404.3627615729
2871 3405.1329186951
2872 3405.8099428048
2873 3406.6794828120
2874 3407.7283142895
2875 3409.5787368525
2876 3410.4245652119
2877 3411.2236334973
2878 3411.8558302760
2879 3413.2190360053
2880 3413.7108194767
2881 3415.0064152978
2882 3415.8066235729
2883 3417.2017255276
2884 3418.1948427089
2885 3418.7442466752
2886 3420.5405829873
2887 3421.3075373182
2888 3421.8824204077
2889 3423.1285941923
2890 3423.6113946713
2891 3424.7289898634
2892 3425.8309177359
2893 3427.4318110057
2894 3428.3450146488
2895 3429.0771614591
2896 3430.1588095293
2897 3430.6116186802
2898 3432.0263665319
2899 3433.3063311603
2900 3433.7697101637
2901 3434.4329301813
2902 3436.1836075697
2903 3437.2191616069
2904 3438.2126161543
2905 3439.1124301542
2906 3440.2292995886
2907 3440.8440257705
2908 3441.4679776701
2909 3442.6833924454
2910 3444.0365707017
2911 3445.2774324687
2912 3446.0153861583
2913 3447.1589254206
2914 3447.7005176050
2915 3449.4970027155
2916 3449.6850010645
2917 3450.7234875925
2918 3451.9406694275
2919 3452.5698167717
2920 3453.6778939184
2921 3455.4887994348
2922 3456.2586145593
2923 3457.1841728946
2924 3457.5735988578
2925 3458.6654106248
2926 3460.0460640189
2927 3460.4842304691
2928 3461.9159711985
2929 3462.8967324018
2930 3464.0838321603
2931 3464.9776952524
2932 3465.8271557271
2933 3467.2044039863
2934 3467.9094710782
2935 3468.7755513668
2936 3469.5519131326
2937 3470.2141089614
2938 3472.2490182213
2939 3473.1687633951
2940 3473.8148820200
2941 3475.2191067328
2942 3475.7177928194
2943 3476.5199317708
2944 3477.7001902847
2945 3479.0498301792
2946 3479.4659653127
2947 3480.6829159506
2948 3481.7763966943
2949 3483.0578568014
2950 3484.1593880462
2951 3484.8845853529
2952 3485.6914977282
2953 3486.5343396695
2954 3487.5394778428
2955 3488.4557766223
2956 3489.6651233163
2957 3491.5505613682
2958 3491.8110999653
2959 3492.4144355804
2960 3493.7206130827
2961 3494.8164084815
2962 3495.9889319676
2963 3496.3503613638
2964 3497.3729605423
2965 3498.5761365390
2966 3499.6865538211
2967 3501.1459195905
2968 3501.8970952329
2969 3502.7758679486
2970 3503.6362157915
2971 3504.5889277749
2972 3504.9926271950
2973 3506.8607789870
2974 3507.5452737973
2975 3508.7725008670
2976 3509.6364080383
2977 3510.8450836446
2978 3511.7310911128
2979 3512.4735868429
2980 3513.8775738738
2981 3514.3667522439
2982 3515.4168088496
2983 3515.9018144989
2984 3518.0264452394
2985 3518.8684092086
2986 3519.8701867402
2987 3520.4916659655
2988 3521.3650409027
2989 3522.3822128938
2990 3523.6358357235
2991 3524.2152207376
2992 3525.3865666370
2993 3526.6702567113
2994 3527.6152070510
2995 3528.3518245828
2996 3529.9557443460
2997 3530.8350467977
2998 3531.2010239635
2999 3532.0385088475
3000 3533.3282433958
3001 3534.0625882802
3002 3535.7725769434
3003 3536.6332507055
3004 3537.7080130562
3005 3538.5005689074
3006 3539.0899365266
3007 3540.4567588072
3008 3541.3575223754
3009 3542.3408839176
3010 3543.3223065353
3011 3543.8167962869
3012 3545.6992121713
3013 3546.8641345953
3014 3547.3147813965
3015 3548.3512529636
3016 3549.4583567764
3017 3550.0650592255
3018 3550.8532983720
3019 3552.0802097504
3020 3553.8406805970
3021 3554.1650347895
3022 3555.5341450719
3023 3556.0652345356
3024 3557.4271023529
3025 3558.3493450384
3026 3559.2656646999
3027 3560.0192488236
3028 3560.7761833344
3029 3562.1624350828
3030 3563.2151214857
3031 3564.7607707140
3032 3565.3964228870
3033 3566.2849107763
3034 3566.9166838955
3035 3567.7332517491
3036 3569.3431320864
3037 3570.0086713650
3038 3570.8229165546
3039 3572.5139656279
3040 3573.0798043013
3041 3574.1000163089
3042 3575.4931557475
3043 3575.9553796438
3044 3577.2052839856
3045 3577.9811841106
3046 3578.4103826189
3047 3579.7501026146
3048 3581.5853382418
3049 3582.3949166198
3050 3582.9230421855
3051 3583.9455747749
3052 3585.2062787129
3053 3585.6844486616
3054 3586.8407450061
3055 3587.9688136680
3056 3588.8594445205
3057 3589.7450065450
3058 3590.9834712931
3059 3592.4058890800
3060 3593.0285588398
3061 3594.2272747855
3062 3594.4692726981
3063 3595.7790637539
3064 3596.4217725401
3065 3597.8026412946
3066 3598.9485602062
3067 3600.1663237968
3068 3601.1040136854
3069 3601.7912827520
3070 3602.4188942627
3071 3604.2480536335
3072 3604.7549840178
3073 3605.4944749718
3074 3606.3593176241
3075 3607.5748096454
3076 3609.2833330343
3077 3609.7002661689
3078 3611.1016315516
3079 3611.9109946768
3080 3612.3241926873
3081 3613.5490212410
3082 3614.3278146422
3083 3615.6062681246
3084 3616.8406891335
3085 3617.8028423970
3086 3618.4525585160
3087 3619.8857235070
3088 3620.7055704499
3089 3621.8861323661
3090 3622.1792745022
3091 3623.5584684730
3092 3624.4375035568
3093 3624.8817265977
3094 3627.0603155191
3095 3627.9491147907
3096 3628.6103750561
3097 3629.4072176115
3098 3630.3634250454
3099 3631.3086842888
3100 3632.4781783360
3101 3633.4401577754
3102 3634.0561930930
3103 3635.6736334279
3104 3636.4396383570
3105 3637.5406577179
3106 3638.5537076794
3107 3639.6798065178
3108 3640.3629764943
3109 3641.0105381463
3110 3641.7071232412
3111 3643.4795736482
3112 3644.4033583418
3113 3645.6321166435
3114 3646.4508943698
3115 3647.2842616804
3116 3648.1584546855
3117 3649.1661641315
3118 3650.3020435712
3119 3651.2531061634
3120 3651.7835233748
3121 3653.0883261964
3122 3654.2114375027
3123 3655.9057264415
3124 3656.3345297662
3125 3656.8928296333
3126 3658.1293721938
3127 3658.9216895510
3128 3659.9075007476
3129 3660.7356658150
3130 3662.3689492974
3131 3663.4482888550
3132 3664.0020071046
3133 3664.8781377295
3134 3666.2370259730
3135 3667.3073392330
3136 3667.7356389455
3137 3669.0301911574
3138 3669.4237463090
3139 3670.7319972692
3140 3672.3493512949
3141 3673.1591761441
3142 3674.0876089561
3143 3675.2626101297
3144 3675.6624842456
3145 3676.3689381373
3146 3677.8932956628
3147 3678.8477830570
3148 3679.8183116495
3149 3680.5839839084
3150 3682.4187314357
3151 3682.5717305491
3152 3683.9710242035
3153 3684.8598930883
3154 3685.9744421424
3155 3686.2713371809
3156 3687.5384137598
3157 3688.1770279720
3158 3690.1842581110
3159 3691.0391622530
3160 3691.7569397214
3161 3692.6476539273
3162 3693.3709847350
3163 3694.7911267179
3164 3695.6727901332
3165 3696.1219826336
3166 3697.5859636450
3167 3698.5473627665
3168 3699.4302926307
3169 3700.8383167596
3170 3702.0507569879
3171 3702.4601559332
3172 3703.3474760756
3173 3704.2098943830
3174 3705.1292281879
3175 3706.2947213560
3176 3707.5790553614
3177 3708.6584528688
3178 3709.5822717234
3179 3710.3714917768
3180 3711.4048181764
3181 3712.1701394666
3182 3713.5835810509
3183 3714.4246768398
3184 3714.7393335898
3185 3715.8464590349
3186 3717.7510959171
3187 3718.4983554745
3188 3719.4834953993
3189 3720.1820489327
3190 3721.2960400003
3191 3722.0588367682
3192 3722.6273205525
3193 3724.3881275011
3194 3724.8823199903
3195 3726.5177182649
3196 3727.1052959733
3197 3727.9384659555
3198 3729.4727917020
3199 3730.1873206764
3200 3731.0751592484
3201 3731.6529373026
3202 3732.8474756134
3203 3733.6716968071
3204 3735.0076446370
3205 3736.4628556170
3206 3737.4267027850
3207 3737.8477793319
3208 3738.5880554677
3209 3739.8316906601
3210 3740.8751536872
3211 3741.9250793487
3212 3742.4850135468
3213 3743.8596162116
3214 3744.8466719651
3215 3746.1359725128
3216 3746.8409531031
3217 3747.9971270446
3218 3748.7528607230
3219 3749.6727079110
3220 3750.3031584312
3221 3751.1646445104
3222 3753.1864491299
3223 3753.9469890664
3224 3754.5073218830
3225 3755.9228188424
3226 3756.5249727120
3227 3757.4814398498
3228 3758.6964262963
3229 3759.3592166756
3230 3760.5827291326
3231 3761.0853349518
3232 3762.4750790963
3233 3763.9998426977
3234 3764.6442801700
3235 3765.7460260641
3236 3766.4559675318
3237 3766.8724214843
3238 3768.3386401560
3239 3769.2933943130
3240 3770.1054978991
3241 3771.7289927617
3242 3772.5123312174
3243 3773.4673277410
3244 3773.9415803050
3245 3775.7527118401
3246 3776.2588073422
3247 3777.1432443337
3248 3777.8333706021
3249 3778.8393737853
3250 3780.2264864506
3251 3781.6686461232
3252 3782.3905756619
3253 3783.1266494637
3254 3784.2655503452
3255 3784.8651050998
3256 3785.7910186009
3257 3786.9356979061
3258 3788.2636648703
3259 3788.8000503319
3260 3790.0417766726
3261 3791.0209144047
3262 3792.5602476716
3263 3792.8724795019
3264 3793.7909902765
3265 3795.0216534165
3266 3795.8085881479
3267 3796.1391779333
3268 3797.8540558429
3269 3799.2984970773
3270 3800.1324264034
3271 3800.8776355789
3272 3801.5906171757
3273 3802.6402397325
3274 3803.8292004657
3275 3804.7908403937
3276 3805.4346467548
3277 3806.2978967553
3278 3808.0930498963
3279 3808.4595078366
3280 3809.8742483129
3281 3811.1847123344
3282 3811.4282217648
3283 3812.5447543990
3284 3812.9783089018
3285 3814.3270174618
3286 3815.5318198581
3287 3816.6025981278
3288 3817.7687079143
3289 3818.5055339656
3290 3819.4144985478
3291 3820.4383133693
3292 3821.4380596668
3293 3822.3719133856
3294 3823.1481104076
3295 3824.4185531245
3296 3824.5410371594
3297 3826.9476272378
3298 3827.5763356857
3299 3828.3395205196
3300 3829.1448104869
3301 3830.1618239230
3302 3831.0346791198
3303 3831.9324871296
3304 3832.9415488495
3305 3834.3530945612
3306 3835.2203987240
3307 3836.0228819812
3308 3837.2388472242
3309 3838.0840586675
3310 3839.4262684660
3311 3839.9740027663
3312 3840.5046787482
3313 3841.6823448122
3314 3842.6785326364
3315 3844.4035532130
3316 3844.8970109642
3317 3846.4874754761
3318 3846.7473011827
3319 3847.6817496709
3320 3848.4153010059
3321 3850.1702018148
3322 3850.6039204384
3323 3851.4101024606
3324 3852.7031024752
3325 3853.8602938456
3326 3854.9025863330
3327 3855.9552544738
3328 3856.7038673959
3329 3857.6105830149
3330 3858.4485862360
3331 3859.2857381770
3332 3860.0930085052
3333 3861.8527193254
3334 3862.9837836670
3335 3863.6582860192
3336 3864.1501909968
3337 3865.5650772054
3338 3866.8224041133
3339 3866.9723281250
3340 3868.4128590739
3341 3869.1446669210
3342 3870.1140345395
3343 3871.2917501894
3344 3872.6665465728
3345 3873.8102083807
3346 3874.2296148438
3347 3875.1051975847
3348 3876.1737406898
3349 3876.6579649378
3350 3878.2561749411
3351 3879.1103387100
3352 3880.0822135974
3353 3881.5403505114
3354 3882.1168452598
3355 3882.8999925505
3356 3884.2097992080
3357 3885.1099630861
3358 3886.2252097662
3359 3886.4512897905
3360 3887.3520137600
3361 3889.1553463445
3362 3890.3091819690
3363 3891.0868830024
3364 3891.9299369860
3365 3893.0011310770
3366 3893.4070620833
3367 3894.7837302889
3368 3895.5679312739
3369 3896.6426322751
3370 3897.8707502911
3371 3898.6519617946
3372 3899.6237434556
3373 3901.0077646104
3374 3902.0774270423
3375 3902.4111605109
3376 3903.3515430731
3377 3904.3791913041
3378 3905.3448516662
3379 3906.1193191119
3380 3908.1881654382
3381 3908.6063626661
3382 3909.4658474041
3383 3910.6327168565
3384 3910.9114382362
3385 3912.6429485985
3386 3913.2591378618
3387 3914.2199232692
3388 3914.9490012449
3389 3916.1765385600
3390 3917.6581659536
3391 3918.4430529876
3392 3919.2227409607
3393 3920.5404310955
3394 3921.1525702401
3395 3921.6525603483
3396 3922.6652032242
3397 3924.1933105254
3398 3925.2471192573
3399 3926.1760835836
3400 3927.0805173701
3401 3928.1422182953
3402 3928.8865592068
3403 3930.0992812804
3404 3930.8910863823
3405 3931.7452173606
3406 3932.6245680870
3407 3933.5168818420
3408 3934.9383478086
3409 3936.4432861196
3410 3936.9742343137
3411 3937.9053808536
3412 3938.2146165369
3413 3939.7751868119
3414 3940.4346375967
3415 3941.6300296480
3416 3942.3527221878
3417 3944.0303628069
3418 3944.6509156524
3419 3945.3330636689
3420 3946.8789835706
3421 3947.7038640746
3422 3948.4341922005
3423 3949.3137058221
3424 3950.1323755111
3425 3950.8594664397
3426 3952.9428701569
3427 3953.3565265913
3428 3954.7786211646
3429 3955.1765463727
3430 3956.4202171916
3431 3957.0199017765
3432 3957.9547179471
3433 3959.4707555055
3434 3960.0710287570
3435 3960.7705346145
3436 3962.1684619267
3437 3963.4703488613
3438 3964.3126495232
3439 3965.1327070989
3440 3966.1387149930
3441 3966.7538941064
3442 3967.8187614212
3443 3968.4846536079
3444 3969.9146002197
3445 3971.3180702122
3446 3972.1157602646
3447 3973.0106815036
3448 3973.4570147838
3449 3974.8934133683
3450 3976.0661831957
3451 3976.7314189012
3452 3977.1139086950
3453 3978.6861199793
3454 3979.4973411763
3455 3980.8440997822
3456 3982.0485020868
3457 3982.7640681165
3458 3983.7497953691
3459 3984.2274351812
3460 3985.0987252424
3461 3986.5161790382
3462 3987.2307091548
3463 3988.7194492647
3464 3989.3521758090
3465 3990.4814096073
3466 3991.5708909852
3467 3992.3311050998
3468 3993.2931637318
3469 3994.3958739985
3470 3995.1684597231
3471 3995.7978134131
3472 3996.6890402330
3473 3998.8092922997
3474 3999.5192482853
3475 4000.0172851788
3476 4001.1442586346
3477 4002.1123494277
3478 4002.6957194148
3479 4004.0224513947
3480 4004.8067310287
3481 4005.8767374373
3482 4006.9319208177
3483 4008.1420308914
3484 4008.6895962525
3485 4010.3610190238
3486 4010.9833112803
3487 4011.6638815418
3488 4012.5689160009
3489 4013.2336888055
3490 4014.6572948183
3491 4015.6576510516
3492 4016.9689380100
3493 4018.0292684586
3494 4018.7769516000
3495 4019.1060650408
3496 4020.5707731037
3497 4021.6280142174
3498 4022.3801064376
3499 4023.4285049742
3500 4023.9051514001
3501 4025.5831990267
3502 4026.6027591016
3503 4027.8662975719
3504 4028.2471729197
3505 4029.1955570805
3506 4030.3832801991
3507 4030.9161077860
3508 4031.6543117159
3509 4033.3744768774
3510 4034.5208201622
3511 4035.1055990299
3512 4036.0793896019
3513 4037.1260145710
3514 4038.2906988593
3515 4038.9483104343
3516 4039.8578192223
3517 4040.9405632218
3518 4041.4646776448
3519 4042.7024803963
3520 4044.3222870034
3521 4045.0551473873
3522 4046.2147848291
3523 4046.7382108173
3524 4047.4680443260
3525 4048.3807098276
3526 4049.9737046866
3527 4050.4313906242
3528 4051.3843795512
3529 4052.9976259815
3530 4053.5662720779
3531 4054.6907128703
3532 4055.4778525034
3533 4056.9963619032
3534 4057.4289042335
3535 4057.9934935392
3536 4059.0854282882
3537 4060.0489960068
3538 4061.7439330496
3539 4062.8502886929
3540 4063.1577254554
3541 4064.3583801964
3542 4065.1784751929
3543 4066.1095926505
3544 4067.0741068688
3545 4068.0832238260
3546 4068.9692976261
3547 4070.2819125698
3548 4070.6036776496
3549 4072.7051287062
3550 4073.1264501724
3551 4074.0876811330
3552 4074.8170645107
3553 4075.7413466701
3554 4076.7197818638
3555 4077.4133454845
3556 4078.9227713602
3557 4080.1083044812
3558 4081.0660834209
3559 4081.6985684318
3560 4082.5883481411
3561 4083.6300428601
3562 4084.9428832029
3563 4085.5153705858
3564 4086.3792210746
3565 4086.9674789753
3566 4088.7818814832
3567 4089.7302856377
3568 4090.5912659103
3569 4091.9108461592
3570 4092.2972064646
3571 4093.2483622291
3572 4093.9059119453
3573 4095.1379307513
3574 4096.5108472966
3575 4097.0636844604
3576 4098.4751864482
3577 4099.2448452936
3578 4100.1075341305
3579 4101.5784479216
3580 4102.0373625351
3581 4102.8259418258
3582 4104.1413312022
3583 4104.6130985798
3584 4105.5128525692
3585 4107.3272193559
3586 4108.6242334303
3587 4108.8524431608
3588 4109.7109312858
3589 4110.6343198867
3590 4111.8598454451
3591 4112.6672060187
3592 4113.4859892270
3593 4114.6875678372
3594 4115.6157737985
3595 4116.8139808913
3596 4117.6007107398
3597 4118.9743526695
3598 4119.5963328836
3599 4120.6342105844
3600 4121.3486568028
3601 4121.7946587850
3602 4123.2400866695
3603 4124.6488293802
3604 4125.5921284526
3605 4126.3780638805
3606 4127.5933708084
3607 4128.2981666997
3608 4128.7776752026
3609 4130.4667637803
3610 4131.1369798993
3611 4131.9280024328
3612 4132.7244513074
3613 4134.0506488283
3614 4135.4417600213
3615 4136.3966888734
3616 4136.9748534835
3617 4137.9629413796
3618 4138.8383395555
3619 4139.4640991552
3620 4140.8928301156
3621 4141.3737753201
3622 4143.3470625005
3623 4143.8976248561
3624 4144.6032987984
3625 4145.5647925680
3626 4147.0719222795
3627 4147.5950695475
3628 4148.6525207788
3629 4149.0694510508
3630 4150.4450979525
3631 4151.1468515095
3632 4152.7687252656
3633 4153.8391467451
3634 4154.6308990060
3635 4155.3347872616
3636 4156.2963049628
3637 4156.9139079917
3638 4158.1293344138
3639 4159.4804616990
3640 4159.9216658408
3641 4161.0962811821
3642 4162.3779145934
3643 4163.2788530508
3644 4164.1353514406
3645 4165.1391629556
3646 4166.0784280624
3647 4166.9841734084
3648 4167.5098753458
3649 4168.3034536255
3650 4170.4828061106
3651 4170.8751143816
3652 4172.1307580515
3653 4172.8769668517
3654 4173.4168640228
3655 4174.8731818746
3656 4175.5120522522
3657 4176.6430719202
3658 4177.3221886240
3659 4178.5303041832
3660 4179.5746994302
3661 4180.5031817652
3662 4181.9224931845
3663 4182.8507928791
3664 4183.3775043718
3665 4183.8463444593
3666 4185.3127276753
3667 4185.9579366874
3668 4187.2007188462
3669 4188.4199772402
3670 4189.6152797934
3671 4190.2332692909
3672 4190.9859122257
3673 4192.1097123457
3674 4193.1758511658
3675 4194.0922458821
3676 4194.8990138883
3677 4195.5413516551
3678 4196.6045483558
3679 4198.4259891125
3680 4199.3351926312
3681 4199.6330028296
3682 4200.9974634666
3683 4201.8270022367
3684 4202.4166987460
3685 4203.2808136601
3686 4204.7360110733
3687 4205.6273652674
3688 4206.8701918883
3689 4207.3545421044
3690 4208.7347820983
3691 4209.6429027594
3692 4210.5497931940
3693 4211.5279807000
3694 4212.1702281297
3695 4212.9672932335
3696 4214.1176865836
3697 4215.1792932818
3698 4216.8321357639
3699 4217.4955242518
3700 4218.2307886269
3701 4219.0864103563
3702 4219.6720615312
3703 4221.3067397105
3704 4222.1266714410
3705 4222.5072437051
3706 4223.9011799922
3707 4225.2823658464
3708 4225.7223073329
3709 4227.2106305018
3710 4227.9847050721
3711 4228.9808341069
3712 4229.5334114976
3713 4230.6578479752
3714 4231.0080797545
3715 4232.6603273788
3716 4234.1372607510
3717 4234.6721864854
3718 4235.5028147846
3719 4236.7087780813
3720 4237.3431050886
3721 4238.5815624292
3722 4239.0833550914
3723 4240.6092232762
3724 4241.1040242901
3725 4241.7837530833
3726 4243.5736524940
3727 4244.5758226330
3728 4245.6210599955
3729 4246.0109615019
3730 4247.0506663695
3731 4247.8828636201
3732 4248.7982299207
3733 4249.8423605508
3734 4251.0245719169
3735 4252.0637703767
3736 4253.4521570431
3737 4253.6419434954
3738 4254.6067412447
3739 4256.2539779151
3740 4256.9039163799
3741 4257.3984260709
3742 4258.4123094989
3743 4259.2199715040
3744 4260.8287804000
3745 4261.8013161539
3746 4262.8349177588
3747 4263.8510700902
3748 4264.3264840975
3749 4265.1977535302
3750 4266.1755262978
3751 4267.3750181159
3752 4268.2230320640
3753 4269.3119633832
3754 4270.2289458522
3755 4271.2193577240
3756 4272.6265466828
3757 4273.2660703758
3758 4274.0061984853
3759 4275.1067326339
3760 4275.8636480704
3761 4276.7331763404
3762 4277.4200429594
3763 4279.5488671881
3764 4280.1616255247
3765 4280.9737876928
3766 4281.5871597611
3767 4282.9434791386
3768 4283.4937286327
3769 4284.8449654015
3770 4285.6290536482
3771 4286.1581072869
3772 4287.6805181794
3773 4288.5047662744
3774 4289.8121457606
3775 4290.6838263576
3776 4291.6749193938
3777 4292.7264449752
3778 4292.8172633905
3779 4293.8138149597
3780 4295.3482114484
3781 4296.2476875538
3782 4297.2696684927
3783 4298.6631790896
3784 4299.0549472829
3785 4300.0891483781
3786 4301.0120506093
3787 4302.1451948824
3788 4303.1833841787
3789 4303.5346369036
3790 4304.6175280010
3791 4305.6138237120
3792 4307.4490775991
3793 4307.9989917543
3794 4309.1729649768
3795 4309.3586150697
3796 4310.6321760972
3797 4311.6620072439
3798 4312.2264301238
3799 4313.4013702585
3800 4314.7992831603
3801 4315.5737418052
3802 4316.4646563069
3803 4317.3561907403
3804 4318.8675428542
3805 4319.4068283920
3806 4320.1622436024
3807 4321.0748916274
3808 4322.0761651900
3809 4322.6645664863
3810 4324.5467480082
3811 4325.2930857280
3812 4326.3501185836
3813 4327.3946907038
3814 4327.7003625595
3815 4328.6157690544
3816 4330.0278359153
3817 4330.8900657917
3818 4331.8519156221
3819 4332.3039022867
3820 4334.0205810837
3821 4335.0631473709
3822 4335.6066671653
3823 4337.1336626057
3824 4337.4518429809
3825 4338.7191221626
3826 4339.0270615070
3827 4340.0878325409
3828 4341.4130509624
3829 4342.9016181750
3830 4343.5632012071
3831 4344.3346414911
3832 4345.2496571546
3833 4346.2428962104
3834 4347.6280300723
3835 4347.7887353218
3836 4348.9754308520
3837 4350.0139221055
3838 4350.8713843551
3839 4351.9525166328
3840 4353.7001897324
3841 4354.2207576250
3842 4354.7245965903
3843 4355.8931107822
3844 4356.4827664083
3845 4357.5875916930
3846 4358.7556431324
3847 4359.5001855978
3848 4361.1910768175
3849 4361.4867345027
3850 4362.7615831858
3851 4363.5255813189
3852 4364.5469088460
3853 4365.6719970086
3854 4366.5273075427
3855 4367.0005118491
3856 4367.7110484295
3857 4369.5379649273
3858 4370.7346275099
3859 4371.3626330220
3860 4372.2279065074
3861 4373.4331782909
3862 4373.8638044114
3863 4374.6950961607
3864 4376.0832239112
3865 4376.9829532968
3866 4377.7684633623
3867 4379.1033158755
3868 4379.7598645293
3869 4381.0910283099
3870 4382.1259494987
3871 4382.8757485233
3872 4383.4664273183
3873 4384.4196011391
3874 4385.5798863289
3875 4386.0836787075
3876 4387.7562600258
3877 4389.0294783915
3878 4389.7196308689
3879 4390.3511082752
3880 4391.0212130670
3881 4392.5743376748
3882 4393.3586625526
3883 4394.0285111268
3884 4395.0608938442
3885 4395.9510979306
3886 4397.2232226873
3887 4398.4517196331
3888 4399.1774673041
3889 4400.2701800392
3890 4401.1754715476
3891 4401.5335740801
3892 4402.8082345169
3893 4403.2395699242
3894 4405.2186046400
3895 4405.8323039939
3896 4406.7068764165
3897 4407.9731809396
3898 4408.6237078634
3899 4409.6660971341
3900 4410.4911419822
3901 4411.7152015308
3902 4412.2372474907
3903 4413.2165611654
3904 4413.9340445125
3905 4415.8509618265
3906 4416.5939990295
3907 4417.5801169757
3908 4418.2415564728
3909 4418.9715247909
3910 4419.9224575734
3911 4421.1412179966
3912 4421.9047012078
3913 4422.7907496210
3914 4424.3396665542
3915 4425.2449095746
3916 4425.4956487323
3917 4427.1647206562
3918 4428.0731758427
3919 4428.8818024316
3920 4429.4880095670
3921 4430.2474487954
3922 4431.4243404831
3923 4432.5756274546
3924 4434.0292531959
3925 4434.7791048361
3926 4435.5290832926
3927 4436.4237379836
3928 4437.3941736776
3929 4437.9768696285
3930 4439.5575607144
3931 4440.1075855090
3932 4441.0649962650
3933 4441.9849485784
3934 4443.3659418711
3935 4444.5644241103
3936 4445.2383385406
3937 4445.7727582490
3938 4447.2630960168
3939 4447.7329624617
3940 4448.3019010683
3941 4449.6352681244
3942 4451.0981208003
3943 4452.1880837051
3944 4452.6807020660
3945 4453.7345512711
3946 4454.4629054402
3947 4455.7626579726
3948 4456.7032501935
3949 4457.2458263399
3950 4458.1887493307
3951 4459.1712790161
3952 4460.5485292875
3953 4461.4041404785
3954 4462.7346221949
3955 4463.6476480672
3956 4464.0385232570
3957 4464.8127161276
3958 4465.8059975692
3959 4467.2285328830
3960 4467.7398170153
3961 4469.1706627374
3962 4469.9780328317
3963 4471.3617572523
3964 4471.5501955904
3965 4472.9592720152
3966 4474.1862775774
3967 4474.3170917790
3968 4475.8011109318
3969 4476.2465191575
3970 4477.0158570633
3971 4479.2694232763
3972 4479.7306647721
3973 4480.5336297392
3974 4481.4100402211
3975 4482.3668856890
3976 4483.2382774669
3977 4484.1236233693
3978 4485.0522261036
3979 4486.3272191629
3980 4487.0841914278
3981 4488.0706672490
3982 4489.2408955475
3983 4490.2955069949
3984 4491.2184812524
3985 4492.0082778790
3986 4492.6380346692
3987 4493.5336347352
3988 4494.4937559016
3989 4495.8100180299
3990 4496.8934517673
3991 4498.1071120465
3992 4498.7783940725
3993 4499.5852231075
3994 4500.1646023961
3995 4501.6271866440
3996 4502.6738555536
3997 4503.3298543457
3998 4503.7155556818
3999 4505.4588670931
4000 4506.3114967288
4001 4507.7451828832
4002 4508.2114369027
4003 4509.3714446481
4004 4509.9436689371
4005 4511.0400140285
4006 4511.4627185969
4007 4512.8099911072
4008 4514.0771395895
4009 4515.1913067646
4010 4516.0898452135
4011 4516.3656710408
4012 4518.2753892224
4013 4518.5846792154
4014 4519.5748000205
4015 4520.5385550087
4016 4521.4754851533
4017 4522.1440777283
4018 4523.2374643787
4019 4524.9733971608
4020 4525.7908822969
4021 4526.3485863588
4022 4527.3536331240
4023 4527.9438935448
4024 4529.0692345920
4025 4530.0252331744
4026 4531.3189683379
4027 4531.6435759872
4028 4533.2979764714
4029 4534.1355982443
4030 4534.9355560047
4031 4535.9075625167
4032 4537.2525685475
4033 4537.8060983439
4034 4538.5089350881
4035 4539.1888629237
4036 4540.3477266235
4037 4542.1296662510
4038 4542.6204860980
4039 4543.7469222738
4040 4544.7202713209
4041 4545.2633436365
4042 4546.1412074213
4043 4547.5934153687
4044 4547.9386360064
4045 4549.2810718281
4046 4550.0686888793
4047 4550.9796935853
4048 4552.3219261610
4049 4553.5368502809
4050 4554.1979510510
4051 4554.9593914869
4052 4555.5954735992
4053 4556.8913105365
4054 4557.5339740706
4055 4558.3966238283
4056 4560.2159410977
4057 4560.9998335062
4058 4561.6293466016
4059 4562.5968170893
4060 4563.4160462676
4061 4564.8159558447
4062 4565.4169582722
4063 4566.2533260819
4064 4567.1214509906
4065 4567.9416864785
4066 4569.6157702952
4067 4570.4333291749
4068 4571.4578987856
4069 4572.2498604186
4070 4573.2461731874
4071 4573.9241305120
4072 4574.2976213844
4073 4576.1899543918
4074 4576.7939178000
4075 4577.8591114299
4076 4578.9270258321
4077 4579.9569178540
4078 4580.7170845056
4079 4581.8941872135
4080 4582.5682490862
4081 4583.6736879210
4082 4584.3807684992
4083 4584.9772581654
4084 4586.2077626053
4085 4587.6748770765
4086 4588.9779142202
4087 4589.6434494895
4088 4589.7488115340
4089 4591.2041465131
4090 4592.0493090879
4091 4593.1597915728
4092 4593.8368919861
4093 4594.7871905603
4094 4596.2636644012
4095 4596.8299084591
4096 4597.8208123423
4097 4599.3736724399
4098 4599.9075794377
4099 4600.6300541135
4100 4601.6029618172
4101 4602.2561235138
4102 4603.2096905451
4103 4604.6416814013
4104 4605.8834516952
4105 4606.4624724024
4106 4607.7530325870
4107 4608.2163809442
4108 4609.2241607771
4109 4610.0842316459
4110 4611.4846744577
4111 4612.0285974586
4112 4612.7888540135
4113 4613.6843076413
4114 4615.5366160912
4115 4616.2223006616
4116 4616.9585827808
4117 4618.1076789101
4118 4618.7671706188
4119 4619.4655938969
4120 4620.5443656129
4121 4621.3482792187
4122 4622.8193231213
4123 4623.8056119442
4124 4624.7262787551
4125 4625.4092625017
4126 4626.3429857038
4127 4627.7902298231
4128 4628.4634434019
4129 4628.9742347573
4130 4629.8887829393
4131 4631.2264069890
4132 4631.7624010439
4133 4633.5644389922
4134 4634.3071054188
4135 4635.3571608870
4136 4636.0283439607
4137 4636.3922807475
4138 4637.7920719801
4139 4638.7481537479
4140 4639.7153808230
4141 4640.5617397310
4142 4641.7582723801
4143 4642.6857581767
4144 4643.7517358636
4145 4644.7531055272
4146 4645.3629873524
4147 4646.7394860741
4148 4647.1172637325
4149 4648.1126081748
4150 4648.5648868166
4151 4650.6143303283
4152 4651.6641211459
4153 4652.0883991289
4154 4653.1191560552
4155 4654.0689495996
4156 4654.9473239579
4157 4655.7215608964
4158 4656.9224185732
4159 4657.8208901948
4160 4658.3949499578
4161 4659.9186876104
4162 4660.5639639343
4163 4662.0800046032
4164 4662.9458909194
4165 4663.5050255935
4166 4664.3228972463
4167 4665.1413759531
4168 4666.0907987528
4169 4667.4244282680
4170 4668.0551777520
4171 4669.8295135221
4172 4670.3506317460
4173 4671.0321064987
4174 4671.8778479646
4175 4673.2826905213
4176 4674.1267160485
4177 4674.7416398635
4178 4675.7275666864
4179 4676.3340958161
4180 4677.9302191471
4181 4679.0874910411
4182 4680.0884688595
4183 4680.6063971112
4184 4681.6048907467
4185 4682.6486624251
4186 4683.0212910666
4187 4684.1869147896
4188 4685.4077896422
4189 4686.7081551457
4190 4687.0721779753
4191 4688.2526030064
4192 4689.5050624373
4193 4690.1788400071
4194 4691.2967687887
4195 4691.8621000908
4196 4692.8664328620
4197 4693.9394172933
4198 4694.1739427933
4199 4696.0958498728
4200 4697.3541474715
4201 4697.7744037612
4202 4698.9245042092
4203 4699.4972522310
4204 4700.1586032809
4205 4701.8425870354
4206 4702.4376456960
4207 4703.0151738405
4208 4704.3381184074
4209 4705.4821387820
4210 4706.4685709033
4211 4707.1871719521
4212 4708.5954274522
4213 4709.3326781575
4214 4709.9449403463
4215 4710.5522420050
4216 4711.6919801848
4217 4712.7777974770
4218 4714.2477231071
4219 4714.9979628249
4220 4715.9526217271
4221 4716.6602392191
4222 4717.7334010815
4223 4718.5298947668
4224 4719.5957041669
4225 4720.3866943736
4226 4721.5375409400
4227 4721.9545618196
4228 4723.2349349391
4229 4724.9964218777
4230 4725.4871965746
4231 4726.2711438528
4232 4726.9492958246
4233 4728.2116043529
4234 4728.7505072301
4235 4729.6615015484
4236 4730.9627143235
4237 4732.0219070449
4238 4733.1937649401
4239 4733.8440986995
4240 4734.5278178329
4241 4736.0449239362
4242 4736.5968400645
4243 4737.7840355479
4244 4738.4325825168
4245 4738.7937333173
4246 4740.3325659714
4247 4741.7218858044
4248 4742.4140373104
4249 4743.7179206292
4250 4744.4218114837
4251 4744.9968532699
4252 4745.8424190304
4253 4746.8395937429
4254 4748.3358066896
4255 4748.7008811292
4256 4749.7281002183
4257 4751.2159490594
4258 4751.6827325791
4259 4753.0840261015
4260 4753.9188358402
4261 4754.5895649759
4262 4755.5889488592
4263 4756.3561404896
4264 4757.2226716329
4265 4757.9706695732
4266 4760.1585902093
4267 4760.4410480586
4268 4761.5164307635
4269 4761.9839938081
4270 4763.1581885062
4271 4764.2754244073
4272 4764.9984768036
4273 4765.8032553849
4274 4766.8848180581
4275 4767.8688588311
4276 4768.7264709286
4277 4770.2564971577
4278 4770.8912840393
4279 4772.0574948292
4280 4772.6449389361
4281 4773.4397977729
4282 4774.0566197255
4283 4775.3957112495
4284 4776.4292012544
4285 4777.6356769833
4286 4778.3741246965
4287 4779.5961513783
4288 4780.4791230890
4289 4780.7085875024
4290 4782.3568744316
4291 4783.3432241251
4292 4783.7145167954
4293 4784.6409676786
4294 4785.5254153381
4295 4787.2526753462
4296 4788.1525701243
4297 4788.9990157405
4298 4789.6983479338
4299 4790.7338158689
4300 4791.2911708210
4301 4792.4088240186
4302 4793.3473196522
4303 4794.2867647152
4304 4795.7801178315
4305 4796.3529034318
4306 4797.0979335979
4307 4798.4208418626
4308 4799.6732114043
4309 4800.0977676152
4310 4800.6710021860
4311 4802.1883695085
4312 4802.3778508698
4313 4803.7045926768
4314 4805.0722164801
4315 4806.3719735811
4316 4806.9212705944
4317 4807.5410120337
4318 4808.6044991692
4319 4809.3468803198
4320 4810.5318813433
4321 4811.6322888445
4322 4812.1607722036
4323 4813.0455521244
4324 4814.6815598175
4325 4815.3242765496
4326 4816.4517582570
4327 4817.2328754075
4328 4818.2401334845
4329 4819.0284261962
4330 4819.7546281686
4331 4820.2100300172
4332 4822.2211648727
4333 4822.9057269693
4334 4824.1375374798
4335 4824.6783977554
4336 4825.7362955024
4337 4826.4943412149
4338 4827.7673212634
4339 4828.3379466209
4340 4829.3863099189
4341 4830.1368235592
4342 4831.1856932088
4343 4832.2248667309
4344 4833.6632639594
4345 4834.6653411899
4346 4835.1440266097
4347 4835.9519667763
4348 4836.6089653790
4349 4838.0267099074
4350 4838.6604837330
4351 4839.6471581124
4352 4841.0647236453
4353 4842.0435046878
4354 4842.5854124001
4355 4843.6213360008
4356 4844.6996129694
4357 4845.6967344192
4358 4846.6577601435
4359 4846.9160493348
4360 4848.1074053912
4361 4848.8850419042
4362 4850.8715187922
4363 4851.4687229984
4364 4852.0010650834
4365 4853.4258154320
4366 4854.0270067060
4367 4854.5742961028
4368 4855.7184623639
4369 4856.9218300815
4370 4857.8153802602
4371 4858.6041722184
4372 4859.6805316244
4373 4860.8093307255
4374 4862.0766543877
4375 4862.3593496458
4376 4863.7601539198
4377 4864.1919486676
4378 4865.0553512727
4379 4866.0715782712
4380 4866.9540212689
4381 4868.5883270387
4382 4869.4666362860
4383 4870.5172538319
4384 4870.6965647234
4385 4871.7055395300
4386 4873.1931813759
4387 4873.8184462275
4388 4874.7899967831
4389 4875.2376608371
4390 4876.7431423275
4391 4877.7252995677
4392 4878.6290055832
4393 4880.0581273589
4394 4880.6096610016
4395 4881.3110123399
4396 4882.3044622351
4397 4882.8907859360
4398 4883.9274142343
4399 4885.3620747240
4400 4886.2704788800
4401 4887.1984806467
4402 4888.1756108352
4403 4888.9080793460
4404 4890.2144513162
4405 4890.6277568883
4406 4891.7830560748
4407 4892.9349790425
4408 4893.3883376358
4409 4893.9631695296
4410 4895.9637395460
4411 4896.9577466910
4412 4897.6507812976
4413 4898.4572917665
4414 4899.1612006889
4415 4900.4295633793
4416 4900.7428817465
4417 4902.3072099029
4418 4902.8216320685
4419 4904.2286329374
4420 4905.1424890807
4421 4906.0982381423
4422 4906.6995419737
4423 4908.3300893512
4424 4908.9135214443
4425 4909.6241117150
4426 4910.2450816675
4427 4911.2919101021
4428 4912.4513089361
4429 4913.6606376181
4430 4914.7926458316
4431 4915.7002406896
4432 4916.3321644776
4433 4917.2307805042
4434 4917.8075350428
4435 4919.4870363371
4436 4919.8893250521
4437 4920.8404305436
4438 4921.9705906276
4439 4922.7189913738
4440 4924.3170982500
4441 4925.0776066893
4442 4925.7950266814
4443 4926.7276422097
4444 4927.5979512906
4445 4928.5260648032
4446 4928.9571362457
4447 4930.2403184429
4448 4932.0368127741
4449 4932.6006705270
4450 4933.0681258438
4451 4934.3522891220
4452 4935.2009942498
4453 4936.1339495235
4454 4937.2071629860
4455 4937.7703657002
4456 4938.7538155263
4457 4939.6417247847
4458 4940.8522948627
4459 4942.1355285782
4460 4942.9768964622
4461 4943.9778667319
4462 4944.6416030200
4463 4945.1868985179
4464 4946.1192534786
4465 4947.5004903218
4466 4948.3898087974
4467 4949.0859153851
4468 4950.6158125913
4469 4951.5023849293
4470 4951.8787979182
4471 4953.2005556687
4472 4954.2550676797
4473 4954.9765763794
4474 4955.8222598161
4475 4956.4660552789
4476 4957.3318896303
4477 4959.0289893206
4478 4960.1639284077
4479 4960.7580902646
4480 4961.6884629432
4481 4962.2619524482
4482 4963.5261186175
4483 4964.3070314052
4484 4964.9252350896
4485 4966.6332162699
4486 4966.8686455872
4487 4968.3946409272
4488 4968.8360946551
4489 4970.4799826794
4490 4971.3392455562
4491 4971.8249961494
4492 4972.7134916174
4493 4973.7115780325
4494 4974.4304781473
4495 4975.3109971424
4496 4976.9640340775
4497 4977.7551540867
4498 4978.8478557532
4499 4979.5808923266
4500 4980.1187625291
4501 4981.1927037477
4502 4982.5123615262
4503 4983.2250273146
4504 4983.9799758299
4505 4984.5685435745
4506 4986.2525668358
4507 4987.1879009828
4508 4988.1915973076
4509 4988.9051665921
4510 4990.3454802864
4511 4990.4497018190
4512 4991.2147744086
4513 4992.3794623414
4514 4993.4957489838
4515 4994.6327421723
4516 4995.8792477047
4517 4996.2208208769
4518 4997.3961507071
4519 4998.3700301957
4520 4999.3296813730
4521 5000.2343169313
4522 5000.8343814324
4523 5001.8897736272
4524 5002.8540028919
4525 5003.4849443783
4526 5005.4959074877
4527 5006.2083811062
4528 5006.7885588061
4529 5007.4859829199
4530 5008.6261996563
4531 5009.2290441172
4532 5010.8111725447
4533 5010.9331981060
4534 5012.3968337397
4535 5013.5336058731
4536 5014.2384420562
4537 5015.3579279379
4538 5016.1925469143
4539 5017.3477565682
4540 5018.0849135477
4541 5018.9398318505
4542 5019.3958314734
4543 5020.3527593955
4544 5022.2030229838
4545 5022.8345260192
4546 5023.9048891412
4547 5024.7257525949
4548 5025.7309935936
4549 5026.1854768824
4550 5027.2215637110
4551 5028.5378868209
4552 5029.2169569391
4553 5030.0269369385
4554 5030.9678581868
4555 5032.3990635409
4556 5033.1665660802
4557 5034.5503611630
4558 5035.0134164089
4559 5035.5230584374
4560 5036.8416671070
4561 5037.5006927569
4562 5038.3243196367
4563 5039.6218874528
4564 5041.0413989938
4565 5041.7980345225
4566 5042.4921497164
4567 5043.0154453940
4568 5044.6567910913
4569 5045.4671304802
4570 5045.9416755020
4571 5046.9976174300
4572 5047.8630861842
4573 5048.7902288197
4574 5050.3084596992
4575 5051.1066995337
4576 5052.2793104729
4577 5052.7721552897
4578 5053.7123653200
4579 5054.4345473434
4580 5055.1926724734
4581 5056.6058130799
4582 5057.5899962359
4583 5058.3454094171
4584 5059.4399058189
4585 5060.5590809150
4586 5061.3262493290
4587 5062.1684727267
4588 5063.1827159374
4589 5064.3338136192
4590 5064.6289729685
4591 5065.4801249605
4592 5066.5765391848
4593 5068.3848152388
4594 5069.0959359440
4595 5069.6755441385
4596 5070.8685512659
4597 5071.2497972771
4598 5072.4103726606
4599 5073.4822561770
4600 5074.3560620415
4601 5074.9114702429
4602 5076.5986379478
4603 5077.1529895307
4604 5078.0011091833
4605 5079.6127261671
4606 5080.1236221440
4607 5081.1300977706
4608 5081.6943444298
4609 5082.3177815117
4610 5083.7698489190
4611 5084.3874393407
4612 5085.9442307865
4613 5086.9997615781
4614 5087.5326689378
4615 5088.5989013220
4616 5089.1780939133
4617 5090.3458768116
4618 5091.2629578836
4619 5092.4019419114
4620 5092.8377604522
4621 5093.6688801106
4622 5095.0869130616
4623 5096.6379331862
4624 5096.9594238563
4625 5097.8144297589
4626 5098.9567890062
4627 5099.6107430380
4628 5100.4914624162
4629 5101.0340630485
4630 5102.6459486152
4631 5103.7283412530
4632 5104.4180930468
4633 5105.6386355264
4634 5106.0522259498
4635 5107.3857401239
4636 5108.4477701493
4637 5108.9590966984
4638 5109.8389820910
4639 5110.8060416723
4640 5111.5031246545
4641 5113.0101572217
4642 5113.9460428805
4643 5115.3728429530
4644 5115.7267620978
4645 5116.5605574637
4646 5117.0259934135
4647 5118.5338387686
4648 5119.3656691616
4649 5120.2400234665
4650 5121.0834901556
4651 5122.4547814097
4652 5123.3028934779
4653 5124.0617849881
4654 5125.2536867568
4655 5126.2791180152
4656 5126.7299932918
4657 5127.7417169591
4658 5128.6816249744
4659 5128.9644838587
4660 5131.0438989736
4661 5132.0071678378
4662 5132.6831370540
4663 5133.3065759897
4664 5134.6630438788
4665 5135.1719640737
4666 5136.1299360821
4667 5137.2062913985
4668 5138.0429579573
4669 5139.1215309621
4670 5139.6791256497
4671 5141.0966239356
4672 5142.4479078649
4673 5142.9020322227
4674 5143.9337005339
4675 5144.5877526015
4676 5145.4804491741
4677 5146.1496459196
4678 5147.5627918400
4679 5148.2535273573
4680 5149.7682602808
4681 5150.7096149623
4682 5151.1418495865
4683 5152.1862146231
4684 5152.9531272947
4685 5154.6568454392
4686 5154.8991437976
4687 5155.4933625825
4688 5156.5094473283
4689 5157.8190655557
4690 5158.9548240008
4691 5160.0577362516
4692 5160.8527799279
4693 5161.6053929221
4694 5162.5871866852
4695 5163.0601644684
4696 5164.1023120220
4697 5165.3067715054
4698 5166.1919729085
4699 5167.4835944022
4700 5167.9908280573
4701 5169.0701945640
4702 5170.2915160873
4703 5171.2359275015
4704 5171.5854811712
4705 5172.8016888768
4706 5173.6750245563
4707 5174.3599011372
4708 5175.0931227770
4709 5177.2371322494
4710 5177.6096300225
4711 5178.7521946204
4712 5179.2026063915
4713 5180.1066262027
4714 5181.1897924085
4715 5182.1309140166
4716 5182.9988263292
4717 5183.9503070132
4718 5184.6857950324
4719 5186.3557468102
4720 5186.7094726009
4721 5187.8878477675
4722 5189.0767196136
4723 5189.8595886617
4724 5190.3552911284
4725 5191.1268015980
4726 5192.0464869560
4727 5193.4044153437
4728 5194.7074889016
4729 5195.1591638537
4730 5196.7073241980
4731 5197.1174983317
4732 5197.7183241762
4733 5199.2238581991
4734 5199.7763292299
4735 5200.9613112130
4736 5201.5558438742
4737 5202.4579897222
4738 5203.5212169496
4739 5205.0996069950
4740 5205.9005957048
4741 5206.6331616787
4742 5207.2150666822
4743 5208.2885229399
4744 5209.1382393017
4745 5210.0109110486
4746 5210.8082186998
4747 5212.4194044695
4748 5213.3166742421
4749 5213.8969431920
4750 5214.7752525593
4751 5216.0544913523
4752 5216.9320093412
4753 5217.6507953204
4754 5218.6914130084
4755 5219.0578772201
4756 5220.2208551742
4757 5221.4229513231
4758 5222.8587876731
4759 5223.4344289378
4760 5224.4574634957
4761 5225.2560650966
4762 5226.1484241055
4763 5226.3515403824
4764 5228.1830986721
4765 5229.1985571992
4766 5229.2418112590
4767 5230.8972097094
4768 5231.8150835883
4769 5232.8846201924
4770 5233.6581150954
4771 5234.6402898887
4772 5235.5747351660
4773 5236.3004612291
4774 5236.9574393649
4775 5237.8016954020
4776 5239.1927892082
4777 5240.6076360411
4778 5241.5028254598
4779 5241.8227204164
4780 5242.7929853887
4781 5243.8825488686
4782 5244.8454510014
4783 5245.7557325176
4784 5246.2792508569
4785 5247.6103203919
4786 5248.4415390161
4787 5249.3663361317
4788 5250.6752381042
4789 5251.7985586265
4790 5252.5220378667
4791 5252.8905751484
4792 5253.9440704917
4793 5254.9126308709
4794 5255.6131643038
4795 5257.0811800645
4796 5257.9249410075
4797 5259.1083209604
4798 5259.7719045218
4799 5260.9591902460
4800 5261.1804760472
4801 5262.8488356863
4802 5263.3969651017
4803 5264.4113780176
4804 5265.0883745351
4805 5265.6059363275
4806 5267.8853641515
4807 5268.1982707780
4808 5269.2013930211
4809 5270.2594545049
4810 5270.8862275260
4811 5271.6969691152
4812 5272.5179603600
4813 5273.5787379684
4814 5274.6915090154
4815 5275.6438788780
4816 5276.6835030254
4817 5277.4757595026
4818 5278.3793903825
4819 5279.7756677178
4820 5280.3154459812
4821 5281.2399506863
4822 5281.6333800658
4823 5283.1638685599
4824 5283.4787191860
4825 5284.9269266292
4826 5286.4371615576
4827 5287.1374822053
4828 5287.7113802261
4829 5288.5155495978
4830 5289.3532452215
4831 5290.6749743480
4832 5291.3995905093
4833 5292.2750163911
4834 5293.0243555148
4835 5294.4647607140
4836 5295.1263554752
4837 5296.5810567192
4838 5297.1253949196
4839 5297.9811834394
4840 5299.2746792379
4841 5299.6273003199
4842 5300.1447368711
4843 5301.4581318092
4844 5302.9814542203
4845 5303.8852555459
4846 5304.5084578549
4847 5305.5263330121
4848 5306.4987697674
4849 5307.3003886362
4850 5308.0727905000
4851 5309.3617534819
4852 5310.0327647270
4853 5310.6068011120
4854 5311.8590498917
4855 5312.9802091585
4856 5314.4394267918
4857 5314.9547940495
4858 5315.7262968593
4859 5316.6392539062
4860 5317.1397349059
4861 5318.4452409592
4862 5319.3647342979
4863 5320.1097530103
4864 5321.5366949977
4865 5322.6332805849
4866 5323.1372311121
4867 5323.7963278757
4868 5325.4664111430
4869 5326.0385127921
4870 5326.8677637898
4871 5327.4802222830
4872 5328.4638446653
4873 5329.3771585933
4874 5331.0150518484
4875 5331.8550337827
4876 5332.5824493389
4877 5333.7463494527
4878 5334.0612179574
4879 5335.1953883515
4880 5335.9479262272
4881 5337.0596727606
4882 5338.2142747717
4883 5338.9331254649
4884 5339.6745649869
4885 5341.2649578586
4886 5341.9077145569
4887 5342.9866898335
4888 5343.6233594330
4889 5344.5075326124
4890 5345.5282973417
4891 5346.0699656154
4892 5346.8909374218
4893 5348.7696692817
4894 5349.4890578401
4895 5350.3959047724
4896 5351.2254199258
4897 5351.7716373835
4898 5352.9001782071
4899 5354.1852028293
4900 5354.7734797140
4901 5355.3470636756
4902 5356.5388658287
4903 5357.7116198923
4904 5358.6691064418
4905 5359.6339179274
4906 5360.8771265313
4907 5361.6309972921
4908 5361.9166370168
4909 5362.9904053266
4910 5363.7172804770
4911 5365.2962674192
4912 5365.7422576806
4913 5367.3801238522
4914 5367.9055431147
4915 5368.8136416011
4916 5369.8075964526
4917 5370.7135398137
4918 5371.5383297505
4919 5372.6808672583
4920 5373.2199729472
4921 5374.1148352126
4922 5374.8697382450
4923 5376.7226636586
4924 5377.7197308689
4925 5378.2070381300
4926 5378.7687137200
4927 5380.1037318828
4928 5380.8770565108
4929 5381.3481506970
4930 5382.8099933705
4931 5383.5286009884
4932 5384.8197645236
4933 5385.6897811336
4934 5386.3110492482
4935 5387.7055341289
4936 5388.4491374947
4937 5389.6081464938
4938 5389.9095135614
4939 5390.9922600830
4940 5391.5059656271
4941 5392.9819596830
4942 5394.0837172525
4943 5395.1166634276
4944 5396.1158594717
4945 5397.0034297268
4946 5397.2619601579
4947 5398.2776219952
4948 5399.7125046405
4949 5400.4188878683
4950 5401.1944961854
4951 5401.9471430746
4952 5403.3895901152
4953 5404.2876877366
4954 5405.3544533228
4955 5406.1841327441
4956 5407.0755379967
4957 5407.7350143839
4958 5408.5887157675
4959 5409.5777394760
4960 5410.1018720172
4961 5412.1196607388
4962 5412.7569318616
4963 5413.4489423384
4964 5414.3918846551
4965 5415.2250629637
4966 5416.5118143091
4967 5417.1907772930
4968 5417.7307759665
4969 5419.1457693656
4970 5419.6479140173
4971 5420.5951186182
4972 5422.1072015444
4973 5423.3642850301
4974 5423.5828399973
4975 5424.9901375016
4976 5425.2055793317
4977 5426.0774736215
4978 5427.3277872672
4979 5428.2007935075
4980 5429.3070694776
4981 5430.0932323946
4982 5431.5185504619
4983 5432.0813005637
4984 5432.8670618737
4985 5433.9393146580
4986 5435.2245106694
4987 5435.6142141611
4988 5436.6584006721
4989 5436.8206449301
4990 5438.4860779024
4991 5439.8749473818
4992 5440.6451601320
4993 5441.5650503606
4994 5442.1971965408
4995 5443.2835397124
4996 5443.7951373207
4997 5444.9669595699
4998 5445.9250270997
4999 5446.7652478728
5000 5447.8619983013
5001 5448.9084132864
5002 5449.4276301676
5003 5451.3094076604
5004 5451.6667756127
5005 5452.3309502021
5006 5453.2764258971
5007 5454.2327660910
5008 5454.9485555106
5009 5455.8679639829
5010 5457.2543358316
5011 5458.7156450868
5012 5459.0621826107
5013 5459.7145139434
5014 5460.8155441648
5015 5461.6829688309
5016 5462.7450005495
5017 5463.7645545437
5018 5464.2438752268
5019 5465.0832415098
5020 5466.4183062458
5021 5467.7904449920
5022 5468.2445355538
5023 5469.4808883876
5024 5470.2200686724
5025 5471.0828731415
5026 5471.7608669197
5027 5472.2640376932
5028 5473.9252041884
5029 5474.8714529016
5030 5475.7494368241
5031 5476.7488938014
5032 5477.6719406187
5033 5478.4634364578
5034 5479.3968147598
5035 5480.6548058014
5036 5480.9567332022
5037 5481.9937340777
5038 5483.0668516898
5039 5483.4731489684
5040 5485.3795303349
5041 5486.2509580786
5042 5487.1586423257
5043 5487.8144482031
5044 5488.2394697865
5045 5489.5398863100
5046 5490.6064772024
5047 5491.1984884618
5048 5492.1370506014
5049 5493.7924691268
5050 5494.0384805831
5051 5495.2808754625
5052 5496.0897272754
5053 5497.3734903962
5054 5498.1741239451
5055 5498.6335653052
5056 5499.6127975087
5057 5500.3539836459
5058 5501.3312242234
5059 5503.2116944788
5060 5503.5225362393
5061 5504.5794910405
5062 5505.5719358287
5063 5506.3300114855
5064 5506.9081798982
5065 5508.0170095011
5066 5509.2912306766
5067 5509.9459303023
5068 5510.5442648133
5069 5511.7577738752
5070 5513.1099580562
5071 5514.0018487044
5072 5514.8444620981
5073 5515.5014829554
5074 5516.6296566661
5075 5517.1616334108
5076 5517.9482995564
5077 5519.0958376070
5078 5520.2153979388
5079 5521.6142047532
5080 5522.2496309941
5081 5522.9700464657
5082 5523.6013509775
5083 5525.2397823503
5084 5525.7171223291
5085 5526.6627652237
5086 5527.3553324687
5087 5528.1664125018
5088 5529.6609340204
5089 5530.2031592492
5090 5531.9296126028
5091 5532.4611173646
5092 5533.2758252773
5093 5533.9533584762
5094 5534.8107890074
5095 5535.6568683245
5096 5536.8995250561
5097 5537.7909083690
5098 5538.7407273182
5099 5539.8145850790
5100 5540.6945831433
5101 5541.5763515439
5102 5542.7646460567
5103 5543.1132566728
5104 5544.5152086086
5105 5545.1929991632
5106 5545.6678952220
5107 5546.5353045785
5108 5548.5239196611
5109 5549.3588398145
5110 5549.8348231425
5111 5550.8078997790
5112 5551.9299117497
5113 5552.2079471168
5114 5553.6597897859
5115 5554.2385999438
5116 5555.4024307954
5117 5556.1992457438
5118 5557.3639224562
5119 5558.2020044967
5120 5559.2481786027
5121 5560.3672117770
5122 5561.3101352138
5123 5561.7915487980
5124 5562.2618844463
5125 5563.6378709008
5126 5564.4301625508
5127 5565.5662173270
5128 5566.9121772571
5129 5567.6443186522
5130 5568.7985801220
5131 5568.9129337704
5132 5570.0063561733
5133 5571.4378677770
5134 5572.1755812084
5135 5572.5860242257
5136 5573.8995294050
5137 5574.4412838834
5138 5576.0647624329
5139 5577.1836792813
5140 5577.6722768284
5141 5578.6446443737
5142 5579.4959164928
5143 5580.3332703764
5144 5581.0255737836
5145 5581.8222771938
5146 5583.3891914185
5147 5584.3237408908
5148 5585.2445709560
5149 5585.7087170082
5150 5587.1600812746
5151 5587.8865252812
5152 5588.7510611855
5153 5589.6917271711
5154 5590.3851731389
5155 5591.4009636239
5156 5591.9252407926
5157 5593.5556170292
5158 5594.5745942826
5159 5595.7113747119
5160 5596.2277366821
5161 5596.8566168296
5162 5597.8417689552
5163 5598.6060068128
5164 5600.1621503098
5165 5600.5497470476
5166 5601.3007509666
5167 5603.0813626518
5168 5603.5648400507
5169 5604.3472543495
5170 5605.6446541874
5171 5606.5425795459
5172 5607.2731787194
5173 5608.0054035031
5174 5608.6955821638
5175 5609.5638959250
5176 5611.1467437537
5177 5612.1571146436
5178 5613.1214002815
5179 5613.7278969967
5180 5614.4922879169
5181 5615.7410264380
5182 5616.2545247962
5183 5617.3202714376
5184 5618.2890895741
5185 5619.2680820173
5186 5619.9023945193
5187 5621.0233916610
5188 5622.4886041423
5189 5623.4136258431
5190 5623.7771201067
5191 5624.7555791353
5192 5625.5921847434
5193 5626.5022427119
5194 5627.2131872082
5195 5628.3484624442
5196 5629.8906487979
5197 5630.3805022298
5198 5631.5202880396
5199 5632.1974651554
5200 5632.8471000056
5201 5634.3700162119
5202 5635.0162508076
5203 5635.9294702745
5204 5636.2366944815
5205 5637.4902370625
5206 5638.7887144579
5207 5640.1342525916
5208 5640.3857109664
5209 5641.8722507685
5210 5642.4633990978
5211 5643.0933194406
5212 5643.6631274878
5213 5645.3281174149
5214 5645.7690160953
5215 5647.1615765735
5216 5647.8572069768
5217 5648.9744629931
5218 5649.8007569254
5219 5650.8390752329
5220 5651.8834184628
5221 5652.3454795792
5222 5653.4073562053
5223 5654.1921513735
5224 5655.0003727625
5225 5655.8192526237
5226 5657.8667387159
5227 5658.4112474599
5228 5658.9212158886
5229 5659.8944128727
5230 5660.6304228027
5231 5661.9296967612
5232 5662.4574511480
5233 5663.5572482490
5234 5664.3367082563
5235 5665.4604598019
5236 5666.4726157784
5237 5667.3161704627
5238 5668.5253156093
5239 5669.4727679003
5240 5669.9785638137
5241 5671.1496590682
5242 5671.4799591543
5243 5672.2909548909
5244 5673.9371583971
5245 5674.8149951255
5246 5675.7075287403
5247 5676.9725365228
5248 5677.3850260825
5249 5678.3479088818
5250 5679.1139039848
5251 5680.3390450531
5252 5681.2415651372
5253 5682.0991699247
5254 5682.2881501468
5255 5683.9705090433
5256 5685.1237934848
5257 5686.0935412255
5258 5687.0245197311
5259 5687.4818565480
5260 5688.3638444700
5261 5689.5086317873
5262 5689.9526950616
5263 5691.1409457707
5264 5692.2052179588
5265 5693.5896086972
5266 5694.3119665283
5267 5694.6092174683
5268 5696.0319173720
5269 5697.1720496683
5270 5697.9020796250
5271 5698.3747478280
5272 5699.3729931970
5273 5700.4810143481
5274 5700.9838723956
5275 5702.7328114453
5276 5703.6162278116
5277 5704.5058406104
5278 5705.1779271080
5279 5706.0774143267
5280 5706.5960757480
5281 5707.7686522513
5282 5709.0394244437
5283 5709.5203691322
5284 5710.6017409348
5285 5711.5592249693
5286 5712.8158712283
5287 5713.7938441011
5288 5714.0997546959
5289 5715.6336443587
5290 5716.3335604859
5291 5716.7502791523
5292 5717.7714966029
5293 5718.4723395817
5294 5720.3633899992
5295 5721.0505347320
5296 5721.9643234863
5297 5722.5913579478
5298 5723.7790459938
5299 5724.1633579354
5300 5725.6711409153
5301 5726.2333868789
5302 5726.9887435360
5303 5728.1207002543
5304 5729.1523768531
5305 5729.8831931872
5306 5731.3478621153
5307 5732.3411891472
5308 5732.8820931798
5309 5733.5999679101
5310 5734.2890926866
5311 5735.4489924202
5312 5736.3254169475
5313 5737.2552610809
5314 5738.6098198418
5315 5739.5696344323
5316 5740.3118947992
5317 5740.8653721815
5318 5742.1466985133
5319 5743.0060629221
5320 5743.8919935557
5321 5744.8575304272
5322 5745.3163950429
5323 5746.1050372940
5324 5747.9443512672
5325 5748.7376213288
5326 5749.8400455984
5327 5750.0724189411
5328 5751.5106786575
5329 5752.0225804542
5330 5752.7253534146
5331 5753.6884382323
5332 5755.2670014954
5333 5755.6667685044
5334 5756.7647684719
5335 5757.9420079780
5336 5758.4753407269
5337 5759.8966834653
5338 5760.6461079484
5339 5761.1316450544
5340 5762.4519067412
5341 5762.7339074551
5342 5763.8322809464
5343 5764.9635567151
5344 5766.3053890902
5345 5767.3829189227
5346 5767.9850958061
5347 5768.7081113073
5348 5769.2173794899
5349 5770.6818869924
5350 5771.7177429727
5351 5772.1103109136
5352 5773.0859862232
5353 5774.2691437362
5354 5775.4049016664
5355 5776.0525098710
5356 5777.4000763852
5357 5778.0911217564
5358 5779.0052011007
5359 5779.6615554909
5360 5780.3785972036
5361 5781.2539219511
5362 5782.4004667947
5363 5784.0484325181
5364 5784.4684673157
5365 5785.2128945344
5366 5786.4935754014
5367 5787.1348788001
5368 5787.9694409447
5369 5788.9857998250
5370 5789.9543513211
5371 5790.6922670307
5372 5791.5469762175
5373 5792.2895936352
5374 5794.3019077881
5375 5794.6687815962
5376 5795.5639397378
5377 5796.4190406692
5378 5797.2178392361
5379 5797.8842821934
5380 5798.9396642547
5381 5800.0410302744
5382 5800.7192773205
5383 5802.3717184072
5384 5802.7811360746
5385 5803.8712062581
5386 5804.4094090317
5387 5805.8201887538
5388 5806.7986610088
5389 5807.3739496196
5390 5807.7863833884
5391 5808.9500495470
5392 5810.0332031913
5393 5811.3568211786
5394 5812.2047882910
5395 5813.3450515665
5396 5813.9464149290
5397 5814.4993273154
5398 5815.6247142498
5399 5816.2956702028
5400 5817.6871419558
5401 5818.2921587571
5402 5819.2638736607
5403 5820.3230724836
5404 5821.1995803177
5405 5822.5549323619
5406 5823.1601205901
5407 5824.0344461960
5408 5824.6440707503
5409 5826.0224176855
5410 5826.4371664732
5411 5826.8943136232
5412 5828.8903229570
5413 5829.8843973420
5414 5830.5910343464
5415 5831.3486198286
5416 5832.0104379951
5417 5833.3207489877
5418 5834.0007713261
5419 5834.9352420186
5420 5835.9525975277
5421 5836.4097757935
5422 5837.6948169374
5423 5838.8878117706
5424 5839.6571488896
5425 5840.8707457801
5426 5841.7732446966
5427 5842.2573472611
5428 5843.0040161636
5429 5843.7455040571
5430 5845.0435407789
5431 5846.1223464757
5432 5846.8589671536
5433 5848.1829874154
5434 5848.9969583433
5435 5849.6615173756
5436 5850.4892681385
5437 5851.7110597599
5438 5852.6681455885
5439 5853.0955545949
5440 5854.1915399720
5441 5854.7154917729
5442 5856.0942288939
5443 5857.8438093414
5444 5858.0833583095
5445 5858.8339530601
5446 5859.8613972520
5447 5860.6493829998
5448 5861.4348689859
5449 5862.5574282977
5450 5863.0940385133
5451 5864.6567636064
5452 5865.5227925106
5453 5866.0402353246
5454 5867.2015469814
5455 5868.5436609747
5456 5868.9869170350
5457 5870.0089918557
5458 5870.7188846479
5459 5871.4197244976
5460 5872.4027948563
5461 5873.3875937064
5462 5874.8815882083
5463 5875.7983581543
5464 5876.3749636215
5465 5877.6097486067
5466 5877.9332939195
5467 5878.6762144787
5468 5880.4632847268
5469 5880.7095609276
5470 5881.8250241206
5471 5882.2705161724
5472 5884.0328262449
5473 5884.6842500480
5474 5885.7447305404
5475 5886.6211911650
5476 5887.4863003887
5477 5888.3875765342
5478 5888.8454705217
5479 5889.6982918348
5480 5890.8426893576
5481 5892.2258482935
5482 5893.1210916700
5483 5894.0856132198
5484 5894.5444108634
5485 5895.5571336520
5486 5896.8146258741
5487 5897.5285083952
5488 5898.0456155928
5489 5899.3352944032
5490 5900.0261307682
5491 5900.8328837958
5492 5902.1606602143
5493 5903.4591043362
5494 5904.3592248500
5495 5904.7866496490
5496 5905.3779042970
5497 5906.6542948343
5498 5907.3056044814
5499 5908.3041303780
5500 5909.4323160047
5501 5910.2974286392
5502 5911.4891765770
5503 5912.3324122209
5504 5912.9352966125
5505 5914.1156665417
5506 5915.0195767541
5507 5916.0883325807
5508 5916.4411691280
5509 5917.3808909682
5510 5917.9754179607
5511 5920.0555508690
5512 5920.5384765115
5513 5921.4384185630
5514 5922.5520800878
5515 5923.1064805276
5516 5924.0239182059
5517 5924.6125679970
5518 5925.9826521123
5519 5926.8678068976
5520 5927.4793564339
5521 5928.8991619846
5522 5929.3453828975
5523 5930.8603628944
5524 5931.5701348644
5525 5932.7360655474
5526 5933.0335365596
5527 5933.9878980435
5528 5934.8299813073
5529 5935.9483473276
5530 5936.4651473292
5531 5938.2876799882
5532 5939.2653032668
5533 5939.6958387114
5534 5940.3790998531
5535 5941.4418948044
5536 5942.4677361538
5537 5943.5439791745
5538 5944.1302466243
5539 5944.7254133711
5540 5946.1433319907
5541 5946.8200626530
5542 5948.3016138694
5543 5949.1424263126
5544 5949.7777063515
5545 5950.9890843930
5546 5951.4301216744
5547 5952.2619025846
5548 5952.9026187681
5549 5954.4659957607
5550 5955.3421384767
5551 5956.3659140610
5552 5957.0276929493
5553 5958.3326401014
5554 5958.8664574954
5555 5959.8765166050
5556 5960.7406930761
5557 5961.7886625475
5558 5962.5742458857
5559 5962.9435595131
5560 5964.1465334596
5561 5965.7365091676
5562 5966.6195151436
5563 5967.4331332314
5564 5968.1789187431
5565 5968.7358787850
5566 5969.7796802067
5567 5970.8442167667
5568 5971.6049715427
5569 5972.4853684051
5570 5973.6209022483
5571 5974.8862111795
5572 5975.3561632299
5573 5976.1419018925
5574 5978.0265904193
5575 5978.1393097258
5576 5978.8326703528
5577 5979.8622885781
5578 5980.5926133334
5579 5981.5062607993
5580 5982.9149767637
5581 5984.0126156400
5582 5984.7928175068
5583 5985.6690346699
5584 5986.4191452051
5585 5987.0559195177
5586 5988.3138414631
5587 5988.9739482508
5588 5990.2942848736
5589 5990.8097551429
5590 5991.4729854301
5591 5993.0846536146
5592 5994.0572331747
5593 5995.0245324945
5594 5995.4095406511
5595 5996.6094655385
5596 5997.3925056888
5597 5998.0529197527
5598 5998.7347949433
5599 6000.1210209984
5600 6001.4955190899
5601 6002.1545896334
5602 6002.9148383456
5603 6003.8785193652
5604 6004.5918207249
5605 6005.8557849423
5606 6006.6780286150
5607 6007.3255659076
5608 6007.9782874578
5609 6009.2045403796
5610 6010.1908204104
5611 6011.2530254285
5612 6012.6511226353
5613 6013.0472456456
5614 6014.0423731698
5615 6014.6638693794
5616 6015.1614673001
5617 6016.7368037038
5618 6017.5305428991
5619 6018.1804745295
5620 6019.6502858360
5621 6020.4854771655
5622 6021.0785336850
5623 6022.4969915370
5624 6022.8660867510
5625 6024.2359286215
5626 6024.7658221549
5627 6025.6529890588
5628 6026.3284293682
5629 6027.1499893550
5630 6029.0838793362
5631 6029.8713364906
5632 6030.3665655453
5633 6031.1905524938
5634 6032.2741148066
5635 6033.1467313313
5636 6033.6449772084
5637 6034.9421326299
5638 6035.7823576053
5639 6036.7351044642
5640 6037.6218149707
5641 6038.6208190101
5642 6039.7801884621
5643 6040.7479294743
5644 6041.3982409933
5645 6042.3976522372
5646 6042.6686440645
5647 6043.9950102690
5648 6044.5525721239
5649 6046.1815219542
5650 6046.7969323962
5651 6048.2636073614
5652 6048.9526458645
5653 6049.2411429916
5654 6050.2461281223
5655 6051.6269710339
5656 6052.4397392937
5657 6053.0674139243
5658 6053.7788460365
5659 6054.8041645580
5660 6056.2608862322
5661 6057.0728421162
5662 6058.0008762707
5663 6059.1344937858
5664 6059.4668287284
5665 6060.3416275930
5666 6061.4936198223
5667 6061.7939117477
5668 6063.2536872077
5669 6064.5933999326
5670 6065.1044465942
5671 6066.1425739326
5672 6066.8299343789
5673 6068.1653527872
5674 6068.8843778479
5675 6069.5697098815
5676 6070.4567309486
5677 6071.6071243797
5678 6071.9870317371
5679 6072.9869302816
5680 6074.8357518810
5681 6075.4562098805
5682 6076.3195804109
5683 6076.8965954288
5684 6077.9235255979
5685 6078.4642570004
5686 6079.7253725148
5687 6080.8175946399
5688 6081.1771706529
5689 6082.5010837070
5690 6083.6440167579
5691 6084.3830073657
5692 6085.2309051624
5693 6086.3255569126
5694 6087.2783923644
5695 6088.1447680715
5696 6088.5375414047
5697 6089.1286160197
5698 6090.7171531071
5699 6091.6898817685
5700 6093.1923353256
5701 6093.2834268177
5702 6094.5502613300
5703 6095.3311933800
5704 6095.9117283181
5705 6097.0967284894
5706 6098.0714980105
5707 6098.7868880809
5708 6099.6670652470
5709 6100.7139396348
5710 6101.5426360107
5711 6103.1110620563
5712 6103.8908360077
5713 6104.3699865460
5714 6105.0801123186
5715 6106.4279379481
5716 6106.6988707873
5717 6107.8883982795
5718 6108.6837807169
5719 6110.5310114760
5720 6110.8309961548
5721 6111.8445328475
5722 6112.4644353848
5723 6113.5526174740
5724 6114.7618917533
5725 6115.2747915438
5726 6116.1674959306
5727 6117.0907532911
5728 6117.5523594277
5729 6119.2159978424
5730 6120.2815346974
5731 6120.9333016864
5732 6122.0943987585
5733 6122.8574249196
5734 6123.3566079728
5735 6124.1388832208
5736 6125.1726198802
5737 6126.5685865193
5738 6127.1302213940
5739 6128.0468631298
5740 6129.2687515480
5741 6130.2916064646
5742 6130.6867686493
5743 6132.1216873971
5744 6132.7623534868
5745 6133.4898927042
5746 6134.4550516680
5747 6135.1430749220
5748 6135.8926132006
5749 6137.7813893201
5750 6138.4456013903
5751 6139.5893469588
5752 6139.8132398338
5753 6140.6758633828
5754 6141.8723587562
5755 6142.9114516403
5756 6143.3566661032
5757 6144.4058672078
5758 6145.5053640439
5759 6146.6043296047
5760 6147.0700234476
5761 6148.5931139456
5762 6149.3989252301
5763 6150.2753741043
5764 6150.8798878706
5765 6151.5725020813
5766 6152.5855990272
5767 6153.3263656532
5768 6154.8056384235
5769 6155.7048099016
5770 6156.7374644946
5771 6157.3811286499
5772 6158.3976861731
5773 6159.0969471901
5774 6159.8294689958
5775 6161.4293689456
5776 6161.8272536968
5777 6162.4155624124
5778 6163.3784774443
5779 6164.7732205176
5780 6166.2005134346
5781 6166.4830489940
5782 6167.4645313594
5783 6168.3798096802
5784 6169.3947364677
5785 6169.5381526484
5786 6170.8200081091
5787 6171.9204747715
5788 6172.8399304581
5789 6174.2350699624
5790 6174.7475424133
5791 6175.3090137055
5792 6176.7441622028
5793 6177.6304044496
5794 6178.4102856321
5795 6179.0944869176
5796 6179.7646816141
5797 6181.0128257553
5798 6181.6784207467
5799 6183.0624803347
5800 6184.3363165825
5801 6185.0799748642
5802 6185.4601037005
5803 6186.4572839681
5804 6187.1267507233
5805 6188.4586833604
5806 6189.1180296816
5807 6190.1697958873
5808 6190.9266659715
5809 6192.0972860288
5810 6193.1334311444
5811 6193.9028241929
5812 6194.9652740925
5813 6195.6720789905
5814 6196.6647521258
5815 6197.3870632571
5816 6198.0653895607
5817 6198.6522165613
5818 6200.6740344642
5819 6201.5930885088
5820 6201.8325696394
5821 6203.1909107373
5822 6203.8678762420
5823 6204.5856561869
5824 6205.7313423312
5825 6206.5130256854
5826 6207.3536773670
5827 6208.5620861274
5828 6208.8139724108
5829 6210.4700301630
5830 6211.2078165472
5831 6212.5496860580
5832 6213.1879769005
5833 6213.7999999574
5834 6214.5013047296
5835 6215.4009570168
5836 6216.6682921624
5837 6217.1888589088
5838 6218.5171198636
5839 6219.8442202033
5840 6220.2768661684
5841 6221.3501275627
5842 6221.6413009610
5843 6223.4477089274
5844 6223.8547869597
5845 6224.7324473125
5846 6225.4706780814
5847 6226.2328835662
5848 6227.4500453273
5849 6228.8328409275
5850 6229.7615844184
5851 6230.3237497961
5852 6231.1869842141
5853 6232.2342369644
5854 6232.8114907008
5855 6233.4361506352
5856 6234.9053560279
5857 6235.6918115288
5858 6236.8717972138
5859 6237.4011880515
5860 6238.5077901501
5861 6239.7202987492
5862 6240.5184324882
5863 6240.9874783376
5864 6242.2637426483
5865 6242.9161281104
5866 6243.5365712060
5867 6244.4675010071
5868 6245.8463537928
5869 6247.2208038950
5870 6247.7659004126
5871 6248.6175900566
5872 6249.2235672025
5873 6250.1259980327
5874 6251.1608300385
5875 6252.3377216812
5876 6252.9606416239
5877 6253.3726994330
5878 6255.2123825931
5879 6255.7099957149
5880 6256.7379881036
5881 6257.8219137679
5882 6258.8631422019
5883 6259.5111305034
5884 6259.9691344804
5885 6260.9418656020
5886 6261.7768464224
5887 6263.0659049317
5888 6264.1992774514
5889 6265.0608982770
5890 6265.9721253061
5891 6266.6457359225
5892 6267.5604865762
5893 6268.6252667546
5894 6269.2673555665
5895 6270.3491488746
5896 6271.1487717573
5897 6271.9643633960
5898 6272.5861829807
5899 6274.6193340581
5900 6275.1339819845
5901 6275.8466938883
5902 6276.9161647081
5903 6277.2291948827
5904 6278.6075957089
5905 6279.1224620960
5906 6279.9931486654
5907 6281.4060479665
5908 6282.2758129100
5909 6283.2204079017
5910 6284.0542802780
5911 6284.7884111190
5912 6285.8990706630
5913 6287.1737430244
5914 6287.4259529408
5915 6288.2112454093
5916 6289.1148318931
5917 6290.0370065991
5918 6291.5496520246
5919 6292.3299148686
5920 6293.2973357199
5921 6294.3493296540
5922 6295.0061813060
5923 6295.2215688572
5924 6296.5465919278
5925 6297.7712558646
5926 6298.4586901605
5927 6299.1727455745
5928 6300.3748873808
5929 6301.3832208777
5930 6302.2302597398
5931 6303.4907716134
5932 6303.9491793886
5933 6304.9003918517
5934 6305.7478583861
5935 6306.5572913464
5936 6307.1447208755
5937 6308.2538245159
5938 6309.9398100251
5939 6310.8377560451
5940 6311.2010657503
5941 6311.8793971954
5942 6313.3210214668
5943 6313.8259119463
5944 6315.0310087232
5945 6315.4839798563
5946 6316.7696008663
5947 6317.2557600986
5948 6318.6031431270
5949 6319.3824786119
5950 6320.9188803378
5951 6321.4154998021
5952 6322.1181866943
5953 6323.1825944449
5954 6323.6890612239
5955 6324.3485034938
5956 6325.9911573319
5957 6326.5506986060
5958 6327.7093295961
5959 6328.7689715019
5960 6329.6650954985
5961 6330.2404063555
5962 6331.1084247553
5963 6332.3461511087
5964 6333.1963461473
5965 6333.9160509275
5966 6334.4106848817
5967 6335.3568997716
5968 6337.0442488101
5969 6337.8220381985
5970 6339.0419574683
5971 6339.2488089491
5972 6340.4414396554
5973 6341.0292390959
5974 6341.9541591698
5975 6343.0259189053
5976 6343.6395776766
5977 6345.1245723549
5978 6345.8127815958
5979 6346.7085882925
5980 6347.5127748394
5981 6348.8647749757
5982 6349.6946503247
5983 6350.3493660181
5984 6350.7979040431
5985 6352.1240956468
5986 6352.8240419165
5987 6353.4872361912
5988 6355.4081078789
5989 6355.9301309004
5990 6356.9841069329
5991 6357.6068576585
5992 6358.3157018476
5993 6359.1696238103
5994 6360.5034485208
5995 6361.1081143712
5996 6362.0824990571
5997 6362.6853618307
5998 6363.9008395480
5999 6365.2835837444
6000 6365.8523210210
6001 6366.6713533454
6002 6367.9588135330
6003 6368.4380942197
6004 6369.2458829992
6005 6369.7702290238
6006 6370.8980504479
6007 6372.4156823938
6008 6373.1731524521
6009 6374.0535343585
6010 6375.0324049089
6011 6375.5991956355
6012 6376.7645491701
6013 6377.5114399442
6014 6378.5501457301
6015 6379.2466241888
6016 6379.9594097956
6017 6381.1436652322
6018 6381.8480390615
6019 6383.4102389121
6020 6384.4592190165
6021 6384.9204885112
6022 6385.5782035081
6023 6386.3570771187
6024 6387.5282941058
6025 6388.1978505167
6026 6389.3608533683
6027 6390.0061522126
6028 6391.6866454839
6029 6392.1873286776
6030 6392.7185751579
6031 6394.0650738855
6032 6395.0317407008
6033 6395.6688696076
6034 6396.7292597973
6035 6397.3611306925
6036 6397.7860811709
6037 6399.1766403473
6038 6400.7462386578
6039 6401.3236259252
6040 6402.1752906221
6041 6403.1108865871
6042 6403.8613975152
6043 6404.7670397308
6044 6405.1789619486
6045 6406.7482838595
6046 6407.6129528186
6047 6408.0771609178
6048 6409.2790211899
6049 6410.3538013358
6050 6411.3844693288
6051 6412.2475584401
6052 6413.0404200588
6053 6413.8334513751
6054 6414.5702900683
6055 6415.4620761358
6056 6416.1759089607
6057 6417.3780528560
6058 6418.7925996432
6059 6419.6920228611
6060 6420.1825786277
6061 6421.2559358279
6062 6421.4912286443
6063 6423.4144861767
6064 6423.7645089538
6065 6424.4014616013
6066 6425.3997473352
6067 6426.4800141816
6068 6427.4015283610
6069 6428.5875837387
6070 6429.4688486927
6071 6430.6945719815
6072 6430.9181861336
6073 6431.9816832441
6074 6432.4333030802
6075 6433.6223874858
6076 6434.5149440244
6077 6435.7746526791
6078 6436.9051859377
6079 6437.1234066033
6080 6438.7404810045
6081 6439.1406186347
6082 6440.1252264208
6083 6441.1405738430
6084 6441.8940994064
6085 6442.8975336732
6086 6443.5652661809
6087 6443.9783720871
6088 6445.9715152836
6089 6447.0221741230
6090 6447.4746181718
6091 6448.2461328663
6092 6449.3320547240
6093 6449.8962087862
6094 6450.7704490314
6095 6451.9650727745
6096 6452.6168093880
6097 6453.6817856677
6098 6454.8613073752
6099 6455.6908206224
6100 6456.2437584682
6101 6457.6538678821
6102 6458.6586110724
6103 6459.0678274304
6104 6459.9528313208
6105 6460.5346394762
6106 6461.6147841913
6107 6462.8528141058
6108 6463.7240971460
6109 6465.1437208132
6110 6465.7438739669
6111 6466.2957337005
6112 6467.1934478237
6113 6468.0927909564
6114 6469.1311251905
6115 6470.1973573280
6116 6470.7010778167
6117 6471.5604574791
6118 6472.7802015902
6119 6473.7986486967
6120 6475.0214934930
6121 6475.7277546060
6122 6476.1131239225
6123 6477.4817057631
6124 6478.0271766246
6125 6478.8313429327
6126 6479.4311392180
6127 6481.2736791575
6128 6482.0027903713
6129 6483.0067046099
6130 6483.4501897942
6131 6484.5193232773
6132 6485.7132093266
6133 6486.1633742616
6134 6487.4452152624
6135 6487.8302168132
6136 6488.9266207809
6137 6489.6225759310
6138 6490.9060978725
6139 6492.1902104334
6140 6492.8134865151
6141 6494.0047106933
6142 6494.6221253186
6143 6494.8664540957
6144 6496.0079747249
6145 6497.2793082776
6146 6498.0387694605
6147 6498.8348632579
6148 6500.0316894807
6149 6501.2074539918
6150 6501.6651843521
6151 6502.5669722209
6152 6503.7015434935
6153 6504.7325097962
6154 6505.4087299941
6155 6505.6679006319
6156 6507.1370200764
6157 6507.4777526279
6158 6509.6182528023
6159 6510.0582081389
6160 6510.8920540601
6161 6511.7262231925
6162 6512.5669384012
6163 6513.3609451483
6164 6514.3826242695
6165 6515.0526478595
6166 6516.1712902892
6167 6517.2403308447
6168 6517.8613878469
6169 6518.8081974508
6170 6520.3204926510
6171 6520.9099649399
6172 6521.7888723863
6173 6522.3715970809
6174 6523.3773191262
6175 6524.0891230530
6176 6524.8987640443
6177 6526.0825626907
6178 6527.4317663640
6179 6528.1879044652
6180 6529.1036098317
6181 6529.7610239403
6182 6530.4276717558
6183 6531.5987075019
6184 6532.6935671378
6185 6533.4914294060
6186 6533.8713870725
6187 6534.7629370121
6188 6536.4700536984
6189 6537.0546502137
6190 6538.1426004024
6191 6539.1699845480
6192 6539.7249609849
6193 6540.6389067602
6194 6541.3546591552
6195 6541.8623945831
6196 6543.5176570495
6197 6544.1175088667
6198 6545.4067613055
6199 6546.2038531435
6200 6546.9261871866
6201 6547.8493607571
6202 6549.1298631003
6203 6549.6917893536
6204 6550.2834491959
6205 6551.6067506060
6206 6552.1379136513
6207 6552.8226867857
6208 6554.1886968308
6209 6555.7768666742
6210 6556.2901641576
6211 6556.9327876032
6212 6557.5508661840
6213 6558.7102656961
6214 6559.4594730937
6215 6560.4852362485
6216 6561.2463759420
6217 6562.2609582553
6218 6563.3694219957
6219 6564.1660041974
6220 6565.2258967254
6221 6565.9164636789
6222 6567.2221237042
6223 6567.8109429586
6224 6568.5851106736
6225 6569.3193542068
6226 6569.8662890551
6227 6571.3493970801
6228 6572.7685405385
6229 6573.1662637394
6230 6574.2300846454
6231 6575.2793642684
6232 6575.9210417363
6233 6576.2900077329
6234 6577.8424447274
6235 6578.6683405450
6236 6579.2817267666
6237 6580.2531324755
6238 6581.1067267925
6239 6582.3662350174
6240 6583.6479898935
6241 6584.0250652367
6242 6585.1521492591
6243 6585.7660657493
6244 6586.3651176076
6245 6587.6799350190
6246 6588.1335345150
6247 6589.2102101946
6248 6590.8632052774
6249 6591.4910485930
6250 6592.1440112287
6251 6592.8459500101
6252 6594.0350624294
6253 6595.1821413816
6254 6595.6727795840
6255 6596.5002045227
6256 6597.2651703197
6257 6598.3406954837
6258 6599.1760467684
6259 6600.7537804547
6260 6601.3474579844
6261 6602.3905279886
6262 6602.9777534817
6263 6603.8971388371
6264 6604.4271671390
6265 6605.3995543403
6266 6606.6945807880
6267 6607.7654741891
6268 6607.9677817891
6269 6609.7419179662
6270 6610.0944156773
6271 6611.3867973960
6272 6612.0079752670
6273 6612.9079775018
6274 6614.1038293904
6275 6614.5253543517
6276 6615.2456046734
6277 6616.0013210931
6278 6617.8231203416
6279 6618.5825987543
6280 6619.5982038803
6281 6620.2436530818
6282 6620.8018462204
6283 6621.8975934444
6284 6622.8961502637
6285 6623.5749683538
6286 6624.6637194629
6287 6625.2501257906
6288 6626.6362873005
6289 6627.4602417620
6290 6628.0618366526
6291 6629.8912811034
6292 6630.1104184300
6293 6631.0382682165
6294 6631.5476981833
6295 6632.5486567118
6296 6633.4840020207
6297 6634.3525981346
6298 6635.6967754907
6299 6636.6542873383
6300 6637.6253636813
6301 6638.0904738505
6302 6639.0757533705
6303 6639.8595624356
6304 6641.0551208324
6305 6641.7862286419
6306 6642.6442836337
6307 6643.2925475423
6308 6644.1199028684
6309 6645.9184023722
6310 6646.6117955385
6311 6647.3224238632
6312 6648.0779195973
6313 6649.3840899336
6314 6649.6473519765
6315 6650.3831349799
6316 6651.5451394338
6317 6652.5836610100
6318 6653.9412406792
6319 6654.3662684862
6320 6655.3345734485
6321 6656.4461146773
6322 6657.0537554928
6323 6658.3357072294
6324 6659.0550778316
6325 6659.5218423207
6326 6660.5035555987
6327 6661.4616489334
6328 6662.3467206316
6329 6663.7190226783
6330 6664.8729169505
6331 6665.4329169540
6332 6666.2360979258
6333 6666.8083530825
6334 6667.6163508993
6335 6669.0973622698
6336 6669.8100095176
6337 6670.1757023140
6338 6671.7137788089
6339 6672.5264653951
6340 6673.5394181821
6341 6674.2543595539
6342 6675.6081272352
6343 6676.0210795149
6344 6677.0340620707
6345 6677.7736023134
6346 6678.4381978689
6347 6679.1473004229
6348 6680.8900980382
6349 6681.8851272416
6350 6682.5656403067
6351 6683.1846178115
6352 6684.3230871450
6353 6685.0846373654
6354 6685.9362443195
6355 6686.6563497515
6356 6688.0407419208
6357 6688.5035021352
6358 6689.2599354618
6359 6690.5087075285
6360 6691.7049200093
6361 6692.6475412547
6362 6693.4996518711
6363 6693.9815160361
6364 6694.8237028849
6365 6695.9389818363
6366 6696.2723106469
6367 6697.7790046865
6368 6698.5076796229
6369 6699.7616392181
6370 6700.8713681815
6371 6701.3757982369
6372 6701.7846783305
6373 6703.3368066779
6374 6704.2705894934
6375 6704.8736860154
6376 6705.6401061657
6377 6706.2140759978
6378 6707.5351686326
6379 6708.7210486897
6380 6709.7269916993
6381 6710.5451763896
6382 6711.5030246580
6383 6712.0899038681
6384 6712.7317599295
6385 6713.8253453854
6386 6714.5524638909
6387 6715.8655763875
6388 6716.5583659726
6389 6717.8096750114
6390 6718.1865197125
6391 6719.5596872051
6392 6720.6261961731
6393 6721.0434293197
6394 6722.0476682493
6395 6722.9141702548
6396 6723.6497849451
6397 6724.5732844185
6398 6725.0628012404
6399 6727.2034842134
6400 6727.8613530288
6401 6728.1910872990
6402 6729.4860190965
6403 6729.8952372932
6404 6730.9349466616
6405 6731.9612488798
6406 6733.0131972726
6407 6733.3526519700
6408 6734.4914113336
6409 6735.7445237748
6410 6736.4096053578
6411 6737.6512279005
6412 6738.2971810919
6413 6739.5524138122
6414 6740.2617217349
6415 6740.4576974930
6416 6741.3665276175
6417 6742.6740483327
6418 6743.6721832454
6419 6744.7251465062
6420 6745.6708498320
6421 6746.5930808798
6422 6747.2424378906
6423 6748.0291724198
6424 6749.0310102373
6425 6750.2136853422
6426 6750.6017595397
6427 6751.7863257114
6428 6752.1780203611
6429 6753.4369047571
6430 6754.8008702747
6431 6755.9290607213
6432 6756.3490561646
6433 6756.9879122688
6434 6757.9688181857
6435 6759.0405869611
6436 6759.5019321283
6437 6760.4624594006
6438 6761.7201803248
6439 6762.8714939117
6440 6763.5508051039
6441 6764.3154309665
6442 6765.1775070035
6443 6766.6264183438
6444 6767.0553878421
6445 6767.8264974440
6446 6768.7627294729
6447 6769.5856768371
6448 6770.0938793964
6449 6771.9551484249
6450 6772.4956929951
6451 6773.7403830495
6452 6774.5729468026
6453 6774.9938401081
6454 6776.1466850024
6455 6776.3592359974
6456 6778.0948595143
6457 6778.6841720788
6458 6779.5860180712
6459 6780.2175371077
6460 6781.8939876244
6461 6782.3535936585
6462 6783.3530365925
6463 6784.3693411232
6464 6785.2264557470
6465 6785.7834153640
6466 6786.8600122010
6467 6787.1907233063
6468 6788.3592879177
6469 6789.7956429943
6470 6791.0289154554
6471 6791.3764097155
6472 6792.1966989817
6473 6793.0615934446
6474 6794.0966238442
6475 6795.0078156681
6476 6795.8969192498
6477 6796.2955550039
6478 6797.7741358809
6479 6798.3666256149
6480 6799.2733223550
6481 6800.7720514174
6482 6801.6569882804
6483 6802.2241324159
6484 6802.9571303397
6485 6803.9059594806
6486 6804.3696224049
6487 6805.7317855789
6488 6806.4014677431
6489 6807.6895860814
6490 6808.6903015968
6491 6809.4030801638
6492 6810.3663311813
6493 6811.1570363901
6494 6811.8507648377
6495 6813.2421603137
6496 6813.9373106083
6497 6814.4624659532
6498 6815.0810963071
6499 6816.3353386474
6500 6817.9574783219
6501 6818.5956481092
6502 6819.2003788657
6503 6820.3894956362
6504 6821.0290543050
6505 6821.7006400494
6506 6822.5037195187
6507 6823.6872030332
6508 6824.6190850227
6509 6825.4308334302
6510 6826.6945587271
6511 6827.2151958398
6512 6828.1960241159
6513 6829.6003998804
6514 6830.0830273782
6515 6830.8702136209
6516 6831.5450282546
6517 6832.5562382351
6518 6833.3892604219
6519 6834.1778586524
6520 6835.8016281187
6521 6836.6543393084
6522 6837.6080076633
6523 6837.9619271283
6524 6838.5736553179
6525 6840.1609591582
6526 6840.6294440188
6527 6841.6521288083
6528 6842.5684067409
6529 6843.0977168122
6530 6844.5420694265
6531 6845.3955965466
6532 6846.4376006493
6533 6847.2308691247
6534 6848.2113147791
6535 6848.7759082036
6536 6849.8796682621
6537 6850.1137165741
6538 6851.1159112702
6539 6852.9886394475
6540 6853.3664850791
6541 6854.3634670968
6542 6855.2924918169
6543 6856.2622832564
6544 6856.7601316716
6545 6858.0494118006
6546 6858.5584292144
6547 6859.9224639594
6548 6860.1878588994
6549 6861.1083056614
6550 6862.2515523262
6551 6863.6615606620
6552 6864.4680787144
6553 6865.3201962296
6554 6865.9475333296
6555 6866.6059574223
6556 6867.5072917433
6557 6868.5821536417
6558 6869.5691277477
6559 6870.0249345508
6560 6871.7890738567
6561 6872.3724483820
6562 6873.0727236140
6563 6873.9346940342
6564 6875.1533240996
6565 6876.1453158617
6566 6876.6981174103
6567 6877.2376465769
6568 6878.2588631246
6569 6879.1124218129
6570 6880.3779424106
6571 6881.6880383842
6572 6882.4451973585
6573 6882.8385772111
6574 6884.1813014668
6575 6884.7013842785
6576 6885.2632827503
6577 6886.6236611191
6578 6887.5499683083
6579 6888.2509928671
6580 6889.2896810882
6581 6889.9772755091
6582 6891.5373728355
6583 6892.1827382606
6584 6892.9509765021
6585 6893.7499415605
6586 6894.7257962912
6587 6895.6153871723
6588 6895.8403119755
6589 6897.0820032259
6590 6898.5023430141
6591 6899.5604146786
6592 6900.3187429902
6593 6900.8581097548
6594 6901.8343153210
6595 6902.5786768722
6596 6903.9379982273
6597 6904.5351863649
6598 6905.1406614386
6599 6906.0940628946
6600 6907.1400326304
6601 6908.4422818981
6602 6908.9030895413
6603 6910.4722556987
6604 6911.0489245631
6605 6911.8199068311
6606 6912.1921445763
6607 6913.3035555474
6608 6914.1875433711
6609 6915.3291173157
6610 6916.2450639289
6611 6917.2164684241
6612 6918.3575870138
6613 6918.8173566631
6614 6919.7503510561
6615 6920.9674734147
6616 6921.4838279352
6617 6922.4809739992
6618 6923.3540340459
6619 6924.1458840357
6620 6924.4604278194
6621 6926.6548313660
6622 6927.2867978377
6623 6928.0716632566
6624 6928.7194318980
6625 6929.6270519131
6626 6930.5288900496
6627 6931.3450586500
6628 6932.0232508074
6629 6933.3045725242
6630 6934.1845359832
6631 6935.0453708948
6632 6936.1081343424
6633 6936.7387490303
6634 6938.1424600696
6635 6938.6768249981
6636 6939.7281744167
6637 6940.3113446038
6638 6940.8026495799
6639 6942.0494003246
6640 6942.9477985506
6641 6944.3121639190
6642 6945.0715005634
6643 6946.3114645583
6644 6946.6613911008
6645 6947.4726319635
6646 6948.1439686133
6647 6949.5842467285
6648 6950.5580318393
6649 6950.7787188004
6650 6951.7317567707
6651 6953.1707172409
6652 6953.8076364829
6653 6955.2615585520
6654 6955.7884415348
6655 6956.5460436366
6656 6957.7559937039
6657 6958.0328916598
6658 6958.9808432888
6659 6959.8165664848
6660 6960.9014797515
6661 6962.6074120617
6662 6962.8702259966
6663 6963.6802844814
6664 6964.5336840791
6665 6965.7967867550
6666 6966.4786353988
6667 6967.1409980810
6668 6968.3165010866
6669 6968.8018283389
6670 6969.9322377610
6671 6970.5353687437
6672 6972.0959361458
6673 6973.2624145969
6674 6973.6546564891
6675 6974.5915106708
6676 6975.2951979542
6677 6976.0082576629
6678 6976.9190544907
6679 6978.1816150189
6680 6978.8423931590
6681 6979.7628434174
6682 6981.0043321766
6683 6981.9768666838
6684 6982.3974155796
6685 6983.3852898480
6686 6984.8438748442
6687 6985.1517218562
6688 6986.0036749610
6689 6986.8506336755
6690 6987.2541263228
6691 6989.0318704652
6692 6990.1131716537
6693 6990.6787113348
6694 6991.9395201704
6695 6992.2754982558
6696 6993.1590838275
6697 6994.1099784176
6698 6995.0393397330
6699 6995.8193518757
6700 6996.8869758704
6701 6997.8086973489
6702 6998.4987952221
6703 6999.6826786546
6704 7000.7176875888
6705 7001.8559008908
6706 7002.3528358515
6707 7002.6915086805
6708 7004.0437234993
6709 7005.0628661749
6710 7005.1005646726
6711 7006.7396623839
6712 7008.1147420574
6713 7008.8174736333
6714 7009.3677507071
6715 7010.3540804724
6716 7011.0005018798
6717 7012.2361459790
6718 7013.1584342236
6719 7013.7064264790
6720 7014.6298801551
6721 7015.2804669242
6722 7016.7216102957
6723 7017.8354358236
6724 7018.4822238077
6725 7019.4377969460
6726 7020.4358773825
6727 7021.0230661093
6728 7021.6575572472
6729 7022.2952244440
6730 7024.0428320316
6731 7024.4551657024
6732 7025.6993040462
6733 7026.5947237318
6734 7027.3083066637
6735 7028.4544744275
6736 7029.0267363814
6737 7030.1609378124
6738 7030.9164806782
6739 7031.7359080857
6740 7032.3267893932
6741 7033.3748332997
6742 7034.2920198752
6743 7036.0429834502
6744 7036.5903282383
6745 7037.2876509712
6746 7037.8263787917
6747 7038.8921591178
6748 7039.7246908531
6749 7040.8283120588
6750 7041.3804673400
6751 7042.3671906902
6752 7043.6602314219
6753 7044.6448955463
6754 7044.8316353171
6755 7046.4871851807
6756 7047.2250720493
6757 7047.9484384542
6758 7048.9494018640
6759 7049.2802725167
6760 7050.2972131718
6761 7051.1260756033
6762 7052.7311019982
6763 7053.5298314098
6764 7054.2293257763
6765 7055.3622543259
6766 7055.9860049434
6767 7056.6147581348
6768 7057.6408593335
6769 7058.6297804537
6770 7059.8895968937
6771 7060.0465707718
6772 7060.8973003468
6773 7062.3966718275
6774 7063.5166987922
6775 7064.1115433912
6776 7065.1493285259
6777 7065.7838285807
6778 7066.7006574752
6779 7067.2322755078
6780 7068.4076646475
6781 7068.9108235849
6782 7070.6317755418
6783 7071.2575490387
6784 7072.4371150546
6785 7072.9831875615
6786 7073.4666629949
6787 7075.0671364148
6788 7075.8908735534
6789 7076.3424641502
6790 7077.0659124720
6791 7078.2716188654
6792 7078.9318908042
6793 7080.1373042624
6794 7081.3290455679
6795 7082.2786421999
6796 7083.0242062120
6797 7083.6207341810
6798 7084.2990677968
6799 7085.2487287979
6800 7086.3067314392
6801 7087.1862392373
6802 7088.1727756465
6803 7089.0624819204
6804 7090.0423383540
6805 7090.9947739089
6806 7091.8675038729
6807 7092.6763422513
6808 7093.5025117623
6809 7094.6886959515
6810 7095.0857203831
6811 7095.7256025616
6812 7096.6341056383
6813 7098.5430922999
6814 7099.1057477063
6815 7100.1486095188
6816 7100.3746741316
6817 7101.8050607782
6818 7102.3263504949
6819 7103.0385862809
6820 7104.5103860602
6821 7104.8536534293
6822 7105.8402046179
6823 7107.0894071191
6824 7107.7345433917
6825 7108.7760716958
6826 7110.0018605789
6827 7110.8902942491
6828 7111.1962203685
6829 7112.2805529461
6830 7112.7003322338
6831 7113.8749065986
6832 7115.0042760765
6833 7115.6667291770
6834 7117.4122243246
6835 7117.7509257345
6836 7118.5333358362
6837 7119.2836653607
6838 7120.2507690532
6839 7121.4215168822
6840 7122.2058517736
6841 7122.7165942780
6842 7123.6813705825
6843 7124.4890581083
6844 7125.9158368574
6845 7127.0351118994
6846 7127.5698832378
6847 7128.5643265824
6848 7129.1141478366
6849 7130.3299851236
6850 7130.7107171387
6851 7131.4608145450
6852 7132.8748077579
6853 7134.0039376570
6854 7134.7231141550
6855 7135.3846228341
6856 7136.6407491827
6857 7137.2882359535
6858 7138.4676860631
6859 7139.0269028436
6860 7139.8571392718
6861 7140.7938420974
6862 7141.5468921895
6863 7142.1721951632
6864 7143.9710770695
6865 7144.6426720747
6866 7145.7068914912
6867 7146.3858833167
6868 7147.1522142470
6869 7147.4213422560
6870 7149.1028313039
6871 7149.6906493653
6872 7150.6753863735
6873 7151.2410407227
6874 7152.6731383488
6875 7153.6294144302
6876 7154.1835651470
6877 7155.2230165587
6878 7156.4837670966
6879 7157.0695736996
6880 7157.5600091340
6881 7158.4797215591
6882 7159.2306103929
6883 7160.3324454347
6884 7161.8151723212
6885 7162.6379870168
6886 7163.1374871992
6887 7164.3719359186
6888 7164.7119871433
6889 7166.0425268623
6890 7166.5324473895
6891 7167.5956139114
6892 7168.6439151006
6893 7169.1920358569
6894 7170.1615016055
6895 7171.1357059605
6896 7172.8067442729
6897 7173.3550881878
6898 7173.6227709057
6899 7174.9079559754
6900 7175.5474785198
6901 7176.3807459809
6902 7177.1358200867
6903 7178.2804382690
6904 7179.3693265602
6905 7180.5576719654
6906 7181.1407981886
6907 7181.8556623612
6908 7182.7616478774
6909 7183.8504951167
6910 7184.7208597122
6911 7185.7253225737
6912 7186.0279413119
6913 7186.6896664286
6914 7188.3225945088
6915 7189.1456904994
6916 7190.2946128429
6917 7191.0679009378
6918 7191.9837333126
6919 7192.6823987279
6920 7193.2210501470
6921 7194.0537412910
6922 7195.4217907123
6923 7196.1877627654
6924 7196.9578142002
6925 7198.1436063640
6926 7198.9934532068
6927 7199.7444786346
6928 7201.0571497771
6929 7201.5777940241
6930 7202.4814148231
6931 7203.1720446869
6932 7204.2654863569
6933 7204.7640224492
6934 7205.5230769748
6935 7207.4450171147
6936 7208.1901708541
6937 7208.9277242117
6938 7209.3835500258
6939 7210.4137885773
6940 7211.3353234957
6941 7212.3633967686
6942 7212.9634077016
6943 7213.8367667674
6944 7215.1019575428
6945 7215.5327295219
6946 7216.9530960552
6947 7217.7108670569
6948 7218.7312853138
6949 7219.7130451591
6950 7220.4321475465
6951 7220.7847119728
6952 7221.8580482324
6953 7222.5388632526
6954 7223.9613295091
6955 7224.9602757932
6956 7225.6646372854
6957 7226.8262324212
6958 7227.6706520978
6959 7228.1049734355
6960 7228.9639845929
6961 7230.5789798498
6962 7230.7818965572
6963 7231.7121682260
6964 7232.5073372223
6965 7233.3057256019
6966 7235.0324103579
6967 7235.5920476010
6968 7236.7152931417
6969 7237.2927009882
6970 7237.9238155497
6971 7239.1071383586
6972 7239.4928249026
6973 7240.7445745801
6974 7241.3837375229
6975 7242.8130034288
6976 7243.9083678025
6977 7244.1947398838
6978 7245.0483511709
6979 7246.5219716617
6980 7247.1727432117
6981 7247.9801351649
6982 7248.5588773260
6983 7249.5755158203
6984 7250.3113068822
6985 7251.2355731522
6986 7252.5791333344
6987 7253.7769677205
6988 7254.3815813726
6989 7255.0402284350
6990 7255.8946164934
6991 7256.7287425073
6992 7257.3588092975
6993 7258.8841400879
6994 7259.5195926969
6995 7259.9708401820
6996 7261.3337977028
6997 7262.4459740549
6998 7263.1228320076
6999 7264.2729940534
7000 7264.7482480903
7001 7265.9628562857
7002 7266.8250716234
7003 7267.0225728109
7004 7267.8511619074
7005 7269.2817965310
7006 7270.6651960224
7007 7271.1625782253
7008 7272.2939160946
7009 7272.7568196787
7010 7273.7012340747
7011 7274.6393860937
7012 7275.6929466283
7013 7276.1885109798
7014 7277.3134175063
7015 7277.9111949210
7016 7279.2263235158
7017 7279.7685212823
7018 7281.3160940671
7019 7282.1761671495
7020 7282.8176816984
7021 7283.4957757639
7022 7284.0236978973
7023 7285.2773023696
7024 7286.1396942049
7025 7286.7792388660
7026 7288.2671704281
7027 7289.1037580810
7028 7289.9402768271
7029 7290.8214299291
7030 7291.2900435757
7031 7292.7412494453
7032 7293.4031096513
7033 7294.2041479642
7034 7295.0488940527
7035 7295.5648495599
7036 7296.5716190430
7037 7298.3686843155
7038 7299.1388486019
7039 7299.3365714263
7040 7300.7634768749
7041 7301.5813171050
7042 7301.8485576086
7043 7302.9178758197
7044 7303.8439006828
7045 7305.0602871150
7046 7305.8181615760
7047 7306.6372055784
7048 7307.6607526337
7049 7308.6716649741
7050 7309.4979039713
7051 7310.5013570454
7052 7311.1909517208
7053 7311.8811459686
7054 7312.7243723918
7055 7313.5550460836
7056 7314.4491314412
7057 7315.7556285470
7058 7317.1002505552
7059 7317.5537386534
7060 7318.3510025104
7061 7318.8719989379
7062 7319.8967570999
7063 7321.2337815701
7064 7321.7173734273
7065 7322.5687510531
7066 7323.2439831228
7067 7324.8493331419
7068 7325.2261151499
7069 7326.4441029953
7070 7327.5344979701
7071 7328.2835143834
7072 7328.8611717117
7073 7329.8155782325
7074 7330.5868395336
7075 7330.9708584358
7076 7332.6521304775
7077 7333.5170333876
7078 7334.6391059706
7079 7335.1939636910
7080 7336.0168204361
7081 7337.3122239672
7082 7337.6492014600
7083 7338.6212514390
7084 7339.7631365242
7085 7340.4959645309
7086 7341.1724111242
7087 7341.7814489530
7088 7343.5075226659
7089 7344.4294071931
7090 7345.4133844281
7091 7345.7371881862
7092 7346.6989270853
7093 7347.6014406008
7094 7348.2264705889
7095 7349.2497776288
7096 7350.3476187137
7097 7350.9732564928
7098 7352.6318475836
7099 7352.8804302338
7100 7353.9139478289
7101 7354.5846255802
7102 7356.0768011019
7103 7356.7139015370
7104 7357.2980649628
7105 7357.8299270250
7106 7359.0224240608
7107 7359.8188334440
7108 7361.2670134262
7109 7362.0581344312
7110 7363.1025911490
7111 7363.8220938675
7112 7364.4697613897
7113 7365.1200599104
7114 7366.1768264622
7115 7367.4448052674
7116 7367.7165836253
7117 7369.2112355690
7118 7369.5326136316
7119 7370.7782960438
7120 7371.9879609778
7121 7372.8050479964
7122 7373.4240351678
7123 7374.3493919587
7124 7375.1992437623
7125 7375.8781516437
7126 7376.8736494744
7127 7377.1900893169
7128 7379.3327850054
7129 7379.9796030530
7130 7380.4640115732
7131 7381.5369320908
7132 7382.2227133567
7133 7383.1735237246
7134 7384.2023962059
7135 7384.9245130671
7136 7385.7526336518
7137 7386.4615525141
7138 7387.5424206417
7139 7388.6295350567
7140 7389.5845092917
7141 7390.6641777400
7142 7391.4402597279
7143 7392.1607333679
7144 7392.9886055285
7145 7393.1732693312
7146 7394.7116178774
7147 7395.6939623798
7148 7396.4032735860
7149 7397.5319336650
7150 7398.7519207617
7151 7399.2203868201
7152 7399.8288195408
7153 7401.3541812034
7154 7401.6706696189
7155 7403.0180908179
7156 7403.4489230180
7157 7404.1034686710
7158 7405.0715278906
7159 7406.4348758991
7160 7407.7827725200
7161 7408.3184422477
7162 7408.9610230911
7163 7409.6979101000
7164 7410.8750166392
7165 7411.4755788012
7166 7412.2133446520
7167 7413.3285828778
7168 7414.4188147884
7169 7415.1806501570
7170 7416.2695043585
7171 7416.7133917167
7172 7418.3105092233
7173 7418.9880983538
7174 7419.5376170232
7175 7420.4159132751
7176 7421.4207818139
7177 7421.8069626222
7178 7422.9106874079
7179 7424.2207354334
7180 7425.3062057631
7181 7426.0426157655
7182 7427.0103583157
7183 7427.6188821722
7184 7428.1242466162
7185 7429.3508891311
7186 7430.5553688949
7187 7431.1566351223
7188 7431.6343034669
7189 7432.7406699667
7190 7434.0415751982
7191 7435.0591915895
7192 7435.5904415877
7193 7436.7665167764
7194 7437.6581815223
7195 7438.1259950429
7196 7438.8722159408
7197 7439.7376487194
7198 7440.7031210484
7199 7441.9693233892
7200 7443.1711608629
7201 7443.6283943542
7202 7444.4238662287
7203 7445.5189797864
7204 7446.1921123123
7205 7447.4703796017
7206 7447.9159999507
7207 7448.5788460083
7208 7450.0268519810
7209 7450.3134146580
7210 7451.2873770069
7211 7453.1563330144
7212 7453.5622555970
7213 7454.5011508954
7214 7455.1115999849
7215 7455.7562481827
7216 7456.8792641740
7217 7457.5550156840
7218 7458.7588965476
7219 7459.3179165959
7220 7460.7423192186
7221 7461.4128367763
7222 7462.3451192295
7223 7463.2410343534
7224 7463.9534284929
7225 7465.2353325465
7226 7465.8736486181
7227 7466.5095674000
7228 7467.2368920028
7229 7467.8935162302
7230 7469.7423127757
7231 7470.4106947227
7232 7471.3161539571
7233 7472.2163378346
7234 7472.9384524700
7235 7473.8019232218
7236 7474.3183755610
7237 7475.4571484656
7238 7476.6616853808
7239 7477.1261171623
7240 7477.9902203763
7241 7479.3608038794
7242 7479.8264901466
7243 7481.2705851334
7244 7482.0883530496
7245 7482.7609705592
7246 7483.2226845067
7247 7484.4354063712
7248 7485.0872608371
7249 7485.8361100978
7250 7486.9805747126
7251 7488.3413984003
7252 7489.4107932627
7253 7489.8016499598
7254 7490.2884668913
7255 7491.4802374379
7256 7492.8711770109
7257 7493.0006059462
7258 7494.1555936653
7259 7494.8933547210
7260 7495.6205355510
7261 7496.9032340413
7262 7497.8766668712
7263 7499.0183752129
7264 7499.6350170448
7265 7500.5207587013
7266 7501.3943565404
7267 7501.8896011658
7268 7502.6061284966
7269 7503.8158220960
7270 7505.0076275113
7271 7505.8557607491
7272 7506.4587778442
7273 7507.8815827099
7274 7508.3253577275
7275 7509.3628579725
7276 7510.0620142467
7277 7511.2681520954
7278 7511.8315500943
7279 7512.6391088922
7280 7513.2564786023
7281 7514.3274581966
7282 7516.0173387572
7283 7516.6828653832
7284 7517.3165468829
7285 7518.2339220445
7286 7518.9882552935
7287 7519.4838085853
7288 7521.0954783080
7289 7521.4189601587
7290 7522.2359559409
7291 7523.5838099626
7292 7524.5760631409
7293 7525.1177550666
7294 7526.0778886695
7295 7527.3392439002
7296 7528.2559452990
7297 7528.6188248347
7298 7529.5724396836
7299 7530.0245181366
7300 7531.4430377551
7301 7531.9184760038
7302 7533.7017888605
7303 7534.1961767563
7304 7535.2694167463
7305 7535.7958796381
7306 7536.8521408366
7307 7537.3125811036
7308 7538.5138441078
7309 7539.5071811921
7310 7540.2275399006
7311 7540.9522124002
7312 7541.7199272330
7313 7543.2740868106
7314 7544.1430895979
7315 7545.0172822113
7316 7545.4696453356
7317 7546.6197784385
7318 7547.3464643754
7319 7548.1639289084
7320 7548.4670092571
7321 7550.1204721747
7322 7551.0938903969
7323 7552.0509779433
7324 7552.9157227199
7325 7553.4225995954
7326 7554.4150644308
7327 7555.6369869984
7328 7556.2156333203
7329 7557.1238484695
7330 7557.7316500153
7331 7558.6186931449
7332 7559.6433763188
7333 7560.8298200232
7334 7561.6589599940
7335 7563.1828144376
7336 7563.5204156992
7337 7563.7693018912
7338 7564.9602436768
7339 7565.7328534039
7340 7566.8453224300
7341 7567.8665311159
7342 7568.2890676022
7343 7569.7971651060
7344 7570.5471379904
7345 7571.2812893780
7346 7572.2789939778
7347 7573.2551843065
7348 7574.0468020484
7349 7574.7498888385
7350 7575.6966681647
7351 7576.2686050738
7352 7576.9057705910
7353 7578.9174866650
7354 7579.5977573164
7355 7580.2800889772
7356 7580.9598308199
7357 7582.0317055495
7358 7582.8029838609
7359 7583.4627347746
7360 7584.4869597363
7361 7585.4695176291
7362 7586.2349945842
7363 7587.2832394916
7364 7587.8903506034
7365 7589.3562541159
7366 7590.1208714867
7367 7590.9182248661
7368 7591.9661938121
7369 7592.2697126058
7370 7593.0983139592
7371 7594.1027425422
7372 7595.0776581683
7373 7596.0162128378
7374 7597.4149857167
7375 7598.0078828578
7376 7598.9827099531
7377 7599.5651547183
7378 7600.1308587272
7379 7601.7513660145
7380 7602.4051634704
7381 7603.0223663271
7382 7603.5606785800
7383 7604.8311964909
7384 7605.8579343266
7385 7606.9948829801
7386 7608.0213541227
7387 7608.4208078701
7388 7609.6736078099
7389 7610.0662142646
7390 7610.8544903203
7391 7611.7945302211
7392 7612.6822495144
7393 7613.9491254830
7394 7614.9110190810
7395 7615.5897067329
7396 7616.3614417899
7397 7617.4906874175
7398 7618.5062255297
7399 7619.1092214005
7400 7619.7494418334
7401 7620.9839248551
7402 7621.6935749714
7403 7622.0174927088
7404 7623.4232985456
7405 7624.9873825473
7406 7625.5944935014
7407 7626.2652927585
7408 7627.1272135563
7409 7627.6909799478
7410 7628.7420264416
7411 7629.6427024779
7412 7630.5699279772
7413 7631.5067580322
7414 7632.0090993041
7415 7633.6518615917
7416 7634.3123002386
7417 7634.7717880008
7418 7636.3871514867
7419 7636.8229893994
7420 7637.9403662027
7421 7638.2370999676
7422 7639.0392949107
7423 7639.9347908752
7424 7641.5056675736
7425 7642.1668373634
7426 7643.2951771672
7427 7644.0357039177
7428 7644.9278133139
7429 7645.3315993282
7430 7646.5609056871
7431 7647.3998041095
7432 7648.1978215848
7433 7649.2103689141
7434 7649.7879247440
7435 7650.7781315705
7436 7651.9180008501
7437 7653.3566809579
7438 7653.7028149864
7439 7654.5806388767
7440 7655.1214945726
7441 7656.2619668514
7442 7656.9564076448
7443 7657.7179336448
7444 7658.6522863275
7445 7660.2644225203
7446 7660.8748424742
7447 7661.5786878792
7448 7662.3318334377
7449 7663.4561941639
7450 7664.2030092544
7451 7665.4440594879
7452 7665.8018094290
7453 7666.5028228235
7454 7667.5493291561
7455 7668.3656657957
7456 7669.9360299467
7457 7670.5810425335
7458 7671.4471299205
7459 7672.4506914566
7460 7673.1035340953
7461 7673.7406325281
7462 7674.2415110647
7463 7676.0614739088
7464 7676.4045170642
7465 7677.3063674258
7466 7678.4896090057
7467 7679.2838166471
7468 7680.3697296895
7469 7681.0496117981
7470 7681.9454822594
7471 7683.0181673640
7472 7683.5939648764
7473 7684.2056679911
7474 7685.3055568341
7475 7685.7829935329
7476 7687.5132930152
7477 7688.5916928901
7478 7689.1566198575
7479 7689.8580010831
7480 7690.4296507822
7481 7691.8021765330
7482 7692.3427433887
7483 7693.4794013982
7484 7693.8970059610
7485 7695.1122724177
7486 7696.1363850411
7487 7696.7794768283
7488 7697.8984691117
7489 7699.0710259442
7490 7700.0360475460
7491 7700.2167243800
7492 7701.1579545722
7493 7702.1947313819
7494 7702.5892298756
7495 7703.8310031242
7496 7705.2131667860
7497 7705.7032168880
7498 7706.9621961913
7499 7707.7367603608
7500 7708.2209726321
7501 7709.2426406413
7502 7710.1238398779
7503 7711.2236489320
7504 7711.9289338002
7505 7712.7793082883
7506 7712.9086488899
7507 7714.9049756547
7508 7715.8068091928
7509 7716.4931618466
7510 7717.4306255380
7511 7718.2094398954
7512 7718.8718280099
7513 7719.7534860750
7514 7720.4121750745
7515 7721.5539969637
7516 7722.5572288017
7517 7723.6182822211
7518 7724.4409166714
7519 7725.2428706331
7520 7725.8810745590
7521 7727.3650678344
7522 7728.1545370208
7523 7728.3453212055
7524 7729.5084442985
7525 7730.1567106842
7526 7731.3263434926
7527 7731.9046040166
7528 7733.5511523778
7529 7734.6372098964
7530 7734.7990517484
7531 7735.9201918029
7532 7736.3989829536
7533 7737.2815166734
7534 7738.6834005150
7535 7739.0760791266
7536 7740.1135474433
7537 7740.9321289547
7538 7742.0938268174
7539 7742.8617681485
7540 7744.1687423391
7541 7744.5391857664
7542 7745.5641776656
7543 7746.6179721498
7544 7747.2627291423
7545 7747.6038432563
7546 7748.5608992680
7547 7749.9503404684
7548 7751.4179425906
7549 7751.7322407222
7550 7752.4120590639
7551 7753.8125641242
7552 7754.1658080729
7553 7755.0427447380
7554 7756.1405459447
7555 7756.9616602938
7556 7757.7486487535
7557 7758.4419676102
7558 7759.5929547710
7559 7760.4701366039
7560 7761.8520164167
7561 7762.5166698388
7562 7763.3655366375
7563 7763.8879436274
7564 7764.6295406089
7565 7765.5805493212
7566 7766.6480685489
7567 7767.3473614272
7568 7768.4170938565
7569 7769.9133277709
7570 7770.2612436830
7571 7770.9838868491
7572 7771.8019355934
7573 7773.1521642358
7574 7774.0188999758
7575 7774.2962695286
7576 7775.4487852945
7577 7775.9776081672
7578 7776.9553771235
7579 7778.6196188178
7580 7779.1477383689
7581 7780.2941437601
7582 7780.7916312499
7583 7781.7037037376
7584 7782.4481086681
7585 7783.3331895561
7586 7783.8698229633
7587 7785.5432120162
7588 7785.9721583981
7589 7786.9108851639
7590 7787.8475772420
7591 7788.9420377297
7592 7789.8464872339
7593 7790.5847482884
7594 7791.4981224584
7595 7792.0570002070
7596 7793.2084381029
7597 7793.7311793492
7598 7794.3306479150
7599 7796.1679399083
7600 7796.8827507974
7601 7797.9399947859
7602 7798.6428765320
7603 7799.0273561762
7604 7800.0488666996
7605 7801.0859656926
7606 7802.2781367430
7607 7802.5630438386
7608 7803.3416404373
7609 7804.6625391551
7610 7805.6512444561
7611 7806.3655267575
7612 7807.4539470553
7613 7808.5216945407
7614 7809.1480956655
7615 7809.9493485522
7616 7810.2464227791
7617 7811.4252967549
7618 7812.3928808578
7619 7813.4807512497
7620 7814.5560904768
7621 7815.5869393452
7622 7815.8558411747
7623 7817.1526372677
7624 7817.7966857396
7625 7818.6601150063
7626 7819.6356480316
7627 7820.5863974322
7628 7821.0538802224
7629 7822.0940935015
7630 7822.7190343537
7631 7824.6454712764
7632 7825.2731772600
7633 7825.8277813410
7634 7826.4711802969
7635 7827.8064597585
7636 7828.1251952353
7637 7828.9938782894
7638 7830.1285389674
7639 7830.8775819379
7640 7832.2744626929
7641 7832.8244945937
7642 7833.9207552486
7643 7834.3830659149
7644 7835.7332580495
7645 7836.4635016364
7646 7837.3969474903
7647 7838.0641780621
7648 7838.4825508428
7649 7839.5683628388
7650 7840.7823490857
7651 7841.8280686088
7652 7842.7737739774
7653 7843.7410481001
7654 7844.4574294407
7655 7845.0803277639
7656 7845.5761471865
7657 7847.0000891586
7658 7847.8359661382
7659 7848.6470133239
7660 7849.3229741841
7661 7850.3815758652
7662 7851.7493751939
7663 7852.0555330006
7664 7853.5368871100
7665 7854.0992092906
7666 7854.7052434994
7667 7855.7302328644
7668 7856.5897414679
7669 7857.0074802102
7670 7857.9982475200
7671 7859.8638765920
7672 7860.3608488296
7673 7861.0742931263
7674 7861.9683075222
7675 7862.5768084895
7676 7863.8864698395
7677 7864.6884241861
7678 7865.0475485499
7679 7866.3272957169
7680 7867.1423380420
7681 7867.7013912471
7682 7869.0540589970
7683 7870.1005323622
7684 7871.0262685062
7685 7871.8915937037
7686 7872.4210513603
7687 7873.2589747332
7688 7873.8574117254
7689 7874.8942810107
7690 7876.0812562822
7691 7876.8113784168
7692 7877.8339530525
7693 7878.9106112202
7694 7879.7743713176
7695 7880.2479249976
7696 7881.1725970905
7697 7882.4404110488
7698 7883.2191320912
7699 7883.7392886782
7700 7884.3861363602
7701 7885.3100555708
7702 7886.6978441245
7703 7887.9026345454
7704 7888.5825083846
7705 7889.2477598529
7706 7890.1998851712
7707 7890.8291092535
7708 7891.7384851470
7709 7892.4715812688
7710 7893.7537757481
7711 7894.1462242405
7712 7895.7527017370
7713 7896.2841467962
7714 7896.8107062113
7715 7898.4439755258
7716 7899.1893876864
7717 7899.7377841340
7718 7900.6997434972
7719 7901.2037247721
7720 7902.4319404283
7721 7902.8458823476
7722 7904.0000113505
7723 7905.4953597922
7724 7906.3070576531
7725 7907.0332796193
7726 7907.4620230268
7727 7908.7540893249
7728 7909.0710811085
7729 7910.4963456425
7730 7911.2904747503
7731 7911.9746540151
7732 7912.5218947576
7733 7913.9589001631
7734 7914.8982286553
7735 7916.1390836186
7736 7916.2496203628
7737 7917.8469842189
7738 7918.2062997664
7739 7919.0095034136
7740 7919.7020772529
7741 7920.3949178450
7742 7922.0530345765
7743 7922.7233124213
7744 7923.7101413805
7745 7924.5820472171
7746 7925.3913387953
7747 7926.0447502716
7748 7927.2278597491
7749 7928.0077646295
7750 7928.6842347511
7751 7929.5402291471
7752 7930.6049412553
7753 7930.9480768260
7754 7932.4716661742
7755 7933.6456432242
7756 7934.4954153092
7757 7935.2146484029
7758 7935.5707185619
7759 7936.4422370333
7760 7937.7451805888
7761 7938.3155740796
7762 7939.0866393861
7763 7940.3540128793
7764 7941.2656837502
7765 7942.3176047889
7766 7942.7450979035
7767 7943.7855159880
7768 7944.9595191266
7769 7945.7406937864
7770 7946.2207881932
7771 7947.2897711659
7772 7947.7296002734
7773 7948.6342115732
7774 7950.2654705397
7775 7951.3140306497
7776 7951.5848517063
7777 7952.7944892722
7778 7953.5946569713
7779 7954.3089972635
7780 7954.7476085855
7781 7956.1522671057
7782 7956.9895782490
7783 7957.9479457832
7784 7958.3174559212
7785 7959.6887504376
7786 7960.6613793078
7787 7961.6495968764
7788 7962.5625470590
7789 7962.9565077900
7790 7964.2036007104
7791 7964.6840898625
7792 7965.3156788430
7793 7966.5688498240
7794 7967.2661075385
7795 7968.9098865187
7796 7969.6294403506
7797 7970.2205481108
7798 7970.8479282486
7799 7971.8213308309
7800 7972.9953318919
7801 7973.8048690562
7802 7974.4581297571
7803 7975.0178538710
7804 7976.2077921482
7805 7977.2911944437
7806 7977.9753229289
7807 7979.4198301459
7808 7980.2441536210
7809 7980.5921566357
7810 7981.6771589576
7811 7982.3292290781
7812 7982.8567264831
7813 7984.1947876258
7814 7985.0784614893
7815 7986.1162715686
7816 7986.9899212798
7817 7987.7768416719
7818 7988.8268844429
7819 7989.5271825336
7820 7990.4647300544
7821 7991.1546151881
7822 7992.4496018684
7823 7992.7754487903
7824 7993.5355200958
7825 7994.2682768320
7826 7996.3258735505
7827 7996.7029380355
7828 7997.5625969591
7829 7998.5036217001
7830 7998.9605159151
7831 8000.0867675516
7832 8000.6542895311
7833 8001.8274141465
7834 8002.5042267958
7835 8003.5440207321
7836 8004.4869003523
7837 8005.5587415560
7838 8006.0894526617
7839 8007.1663161130
7840 8008.4866862987
7841 8009.0242783128
7842 8009.3839364092
7843 8010.2122363197
7844 8011.4693808589
7845 8011.9293911306
7846 8013.4420220890
7847 8014.2767747162
7848 8015.3718859374
7849 8016.2017314903
7850 8016.4911998741
7851 8017.3614654672
7852 8018.6378266066
7853 8019.3566390658
7854 8020.3196896670
7855 8020.8374597410
7856 8021.8954816375
7857 8022.7174897094
7858 8024.4035824671
7859 8024.6709824590
7860 8025.7524529023
7861 8026.3918541030
7862 8027.3058741595
7863 8028.1240259786
7864 8028.7464013133
7865 8029.4078223261
7866 8031.0580097869
7867 8031.9513221738
7868 8032.7933837907
7869 8033.2691919576
7870 8034.3862408707
7871 8035.3932423167
7872 8035.9995109702
7873 8037.0344898918
7874 8037.8034687869
7875 8038.4284669313
7876 8039.3109518948
7877 8040.3637741737
7878 8041.4850920787
7879 8042.7526075536
7880 8043.2282119679
7881 8044.2220793236
7882 8044.7020364411
7883 8045.4121984834
7884 8046.3491007624
7885 8047.8585867606
7886 8048.0925323511
7887 8048.9390186716
7888 8050.7078554259
7889 8050.9285537181
7890 8051.8267009710
7891 8052.8547357339
7892 8053.8506836919
7893 8054.6320754932
7894 8055.3875364442
7895 8056.0435454015
7896 8056.6285660903
7897 8057.8498540948
7898 8059.1639104707
7899 8060.4105739579
7900 8060.6567508435
7901 8061.4328786450
7902 8062.5915307392
7903 8063.1050088484
7904 8064.2055152080
7905 8064.7583715163
7906 8065.9606115595
7907 8066.8521814488
7908 8067.4999791877
7909 8068.4809971845
7910 8069.6204735256
7911 8070.8957151036
7912 8071.2238120482
7913 8072.0062611555
7914 8072.8916609552
7915 8073.6616381987
7916 8074.4767817963
7917 8075.2124795343
7918 8076.6046464428
7919 8077.6931390542
7920 8078.3312909524
7921 8079.3452227886
7922 8080.0395116955
7923 8080.3716236700
7924 8082.0958483690
7925 8082.7273573341
7926 8083.1881212623
7927 8084.3538988158
7928 8084.6278103739
7929 8086.3893671840
7930 8087.2013329697
7931 8087.9892159229
7932 8089.0002773315
7933 8090.0117024351
7934 8090.3020751833
7935 8091.0130474759
7936 8092.0131860192
7937 8093.0568216008
7938 8093.9607968490
7939 8095.2264297529
7940 8095.6446497806
7941 8096.8812094506
7942 8097.4228045337
7943 8098.6014516584
7944 8099.4837130200
7945 8100.0339548982
7946 8100.8933173207
7947 8101.8474798834
7948 8102.6528919174
7949 8103.0812473854
7950 8104.9595806459
7951 8106.0010825991
7952 8106.4724785471
7953 8106.9810072729
7954 8107.9900306257
7955 8108.8586149871
7956 8109.6902189719
7957 8110.6376840294
7958 8111.4474799811
7959 8112.2647534952
7960 8113.5526431280
7961 8114.1670198423
7962 8115.1073584828
7963 8116.2512669644
7964 8116.8644246333
7965 8118.0047378712
7966 8118.4373796532
7967 8119.2871394501
7968 8119.6488620986
7969 8121.2267516683
7970 8122.3614234455
7971 8123.0106699846
7972 8124.1842786784
7973 8124.8435874256
7974 8125.5016269375
7975 8126.5295284361
7976 8126.9645510023
7977 8128.5922087800
7978 8129.0976325701
7979 8129.5019915369
7980 8130.7177357544
7981 8131.7147244917
7982 8132.8547676829
7983 8133.9528046592
7984 8134.4571409911
7985 8135.2531517063
7986 8135.9259885060
7987 8136.9585783821
7988 8137.6099424361
7989 8138.4374292714
7990 8139.5665380524
7991 8140.9507405911
7992 8141.5957500101
7993 8142.2760019371
7994 8142.8104966437
7995 8144.3585635397
7996 8144.9262960783
7997 8145.9273844077
7998 8146.2512838101
7999 8147.3755586640
8000 8148.1884058046
8001 8148.9866535634
8002 8150.7406154821
8003 8151.0266713046
8004 8152.2177282584
8005 8152.9659311276
8006 8153.4882536610
8007 8154.2729794273
8008 8155.1289339925
8009 8156.3049123859
8010 8157.1947646202
8011 8157.9815684916
8012 8158.7676387423
8013 8160.0782008099
8014 8160.9501225897
8015 8161.3461456332
8016 8162.5921405865
8017 8163.4542845009
8018 8164.1069571469
8019 8164.8702573333
8020 8165.4488184752
8021 8166.4480892375
8022 8168.2951041299
8023 8168.6684801292
8024 8169.5938362037
8025 8170.4157790017
8026 8171.0951109830
8027 8171.8235531533
8028 8173.1115339810
8029 8173.7382926578
8030 8174.3661809141
8031 8175.5316289520
8032 8176.4492134537
8033 8177.3315427203
8034 8178.1046669528
8035 8179.6903870233
8036 8180.0357521355
8037 8181.0132098163
8038 8181.2820446136
8039 8182.4301167937
8040 8183.1299902532
8041 8184.2546006734
8042 8185.0386831694
8043 8186.6052282805
8044 8187.0190861280
8045 8187.9273985452
8046 8188.6750921549
8047 8189.4580016837
8048 8190.5388596464
8049 8191.3173594217
8050 8192.3346499421
8051 8192.9954067274
8052 8193.2334109945
8053 8194.9294081380
8054 8196.0675849185
8055 8196.9483247516
8056 8197.5133539429
8057 8198.2426117925
8058 8199.5851171777
8059 8199.8847738627
8060 8200.3419522112
8061 8201.7552603602
8062 8202.8766461704
8063 8203.5292037401
8064 8204.7617293301
8065 8205.2592505323
8066 8206.2283750580
8067 8207.2811752652
8068 8208.1676075218
8069 8208.8464243143
8070 8209.5306855791
8071 8210.5103487989
8072 8211.0308888826
8073 8212.2656124185
8074 8213.2532675469
8075 8214.6687479542
8076 8215.2376249589
8077 8215.9626284698
8078 8216.5026612603
8079 8217.2680040869
8080 8218.6195733297
8081 8219.3465438275
8082 8220.0500145010
8083 8220.8528824500
8084 8222.1539334818
8085 8222.9087931577
8086 8223.8040932117
8087 8224.7830414931
8088 8225.6624846852
8089 8226.6063915776
8090 8227.0220323073
8091 8227.8980639635
8092 8228.7565918202
8093 8229.3094243428
8094 8231.3186049119
8095 8231.7520393977
8096 8232.5343974861
8097 8233.3850178359
8098 8234.4630939640
8099 8234.9404633881
8100 8235.9030776563
8101 8236.8528376318
8102 8237.6612393213
8103 8238.6438248536
8104 8239.1660995476
8105 8240.1076601652
8106 8241.8105398488
8107 8242.2629833804
8108 8243.1261251606
8109 8244.1266723430
8110 8244.5224730364
8111 8245.2919028175
8112 8246.4147502346
8113 8247.1045236448
8114 8248.1980154395
8115 8249.1822116740
8116 8250.4766404545
8117 8250.9051284298
8118 8251.5919308046
8119 8252.4959633462
8120 8253.7952617506
8121 8254.5421108732
8122 8255.2381006607
8123 8255.5190786916
8124 8256.7777149520
8125 8257.7522368853
8126 8258.9979989110
8127 8259.8685252578
8128 8260.7825027625
8129 8261.5662535079
8130 8262.0021224235
8131 8263.1688997261
8132 8263.5410482905
8133 8264.7988329301
8134 8265.8474282543
8135 8266.4591677264
8136 8267.6208023071
8137 8268.3067970804
8138 8269.2938373690
8139 8270.5973751438
8140 8271.1029889888
8141 8271.5271245633
8142 8273.0237270204
8143 8273.3590886570
8144 8274.2607489158
8145 8274.7612961742
8146 8276.5320876216
8147 8277.5505317314
8148 8278.3110448937
8149 8278.7241551217
8150 8279.6582202941
8151 8280.5766845910
8152 8281.4277338333
8153 8282.3251868346
8154 8283.3642300972
8155 8283.6827197439
8156 8284.8370591545
8157 8286.1564653783
8158 8286.6660885582
8159 8287.7365122636
8160 8288.9804360582
8161 8289.3880012304
8162 8290.1780267562
8163 8290.9412970062
8164 8291.3605924919
8165 8292.9629451854
8166 8293.5881703756
8167 8294.8468629007
8168 8295.5685173155
8169 8296.6937395948
8170 8297.2169606003
8171 8297.8470351383
8172 8299.0929308972
8173 8300.0124350096
8174 8300.5363698977
8175 8301.5054888753
8176 8302.2434786569
8177 8302.9326100946
8178 8304.5905857136
8179 8305.5876351614
8180 8306.1429164381
8181 8306.7239949884
8182 8307.7619133723
8183 8308.4226542343
8184 8309.3516842700
8185 8310.1426259482
8186 8310.8952661682
8187 8312.4878881760
8188 8313.1442113883
8189 8313.5848853455
8190 8314.9367146306
8191 8315.5089347031
8192 8316.9916970126
8193 8317.1380316004
8194 8318.2170822561
8195 8318.7593558384
8196 8319.7474364402
8197 8320.4635125456
8198 8321.8956862403
8199 8322.9959640731
8200 8323.5087881739
8201 8324.6564292081
8202 8325.3006369810
8203 8325.7087972782
8204 8326.6197381603
8205 8328.0792116920
8206 8328.7155897427
8207 8329.2713406982
8208 8330.2120489250
8209 8331.5935028497
8210 8332.2630710239
8211 8333.2376647139
8212 8334.0527266575
8213 8335.0372923601
8214 8335.6263926663
8215 8336.4618897390
8216 8337.0760409223
8217 8337.8712954671
8218 8339.2574806063
8219 8340.3937143330
8220 8341.2815548426
8221 8341.9249806936
8222 8342.3503135420
8223 8343.6491016373
8224 8344.6616386698
8225 8345.0530083234
8226 8346.0831128823
8227 8346.9634633589
8228 8347.7100967673
8229 8348.7475598640
8230 8349.5349792151
8231 8351.1344218125
8232 8351.6615475031
8233 8352.4171198483
8234 8352.9580737032
8235 8353.8456090490
8236 8354.9185494372
8237 8355.2689139748
8238 8356.9040409911
8239 8357.3174714034
8240 8358.6194258550
8241 8359.6584071856
8242 8359.9707656300
8243 8361.0736253952
8244 8361.8540993146
8245 8362.9102696921
8246 8363.8965841731
8247 8364.2703130847
8248 8364.9216542525
8249 8365.8424617950
8250 8367.5702029021
8251 8368.3001710896
8252 8368.9241926908
8253 8369.9805166317
8254 8370.7742599059
8255 8371.3080435492
8256 8372.0875743863
8257 8373.1474454403
8258 8374.0764604647
8259 8374.9675121252
8260 8375.8435753172
8261 8376.9647852951
8262 8377.3918865663
8263 8378.8500005558
8264 8379.4656012949
8265 8380.5562287441
8266 8380.9661543215
8267 8381.5640902545
8268 8382.9055006835
8269 8383.4026904570
8270 8384.2432648556
8271 8386.0208663445
8272 8386.7167729532
8273 8387.2403283949
8274 8388.1998275202
8275 8388.6355382223
8276 8389.7851943871
8277 8391.0430450519
8278 8391.3457694468
8279 8392.2026090927
8280 8393.2533834852
8281 8394.0487470190
8282 8395.2581538938
8283 8396.2381832310
8284 8396.9567264760
8285 8397.8015386027
8286 8398.7407156548
8287 8399.5251522106
8288 8399.7332803767
8289 8400.7900296343
8290 8402.0712494797
8291 8403.2871327309
8292 8403.8144349227
8293 8404.7392894992
8294 8405.7051954804
8295 8406.5693554868
8296 8407.0848635150
8297 8408.3315132092
8298 8408.9287363828
8299 8410.1024792729
8300 8410.3652413075
8301 8411.2543842887
8302 8412.6341418423
8303 8413.6809793992
8304 8414.7834507487
8305 8415.4034998566
8306 8415.7232540177
8307 8416.8381299181
8308 8417.5565273952
8309 8418.5272392305
8310 8419.5691090174
8311 8420.0052489822
8312 8421.5083902478
8313 8422.3785276354
8314 8423.2406482844
8315 8423.3890637490
8316 8425.2509717703
8317 8425.8397292714
8318 8426.2874673502
8319 8427.2833488710
8320 8428.0185731194
8321 8428.6248300324
8322 8429.9958556841
8323 8431.1770006293
8324 8431.9553604193
8325 8432.9759588330
8326 8433.3124802914
8327 8434.4154213020
8328 8435.0581372033
8329 8435.8113853982
8330 8437.0439237720
8331 8437.8907705059
8332 8438.5815087215
8333 8439.2804538770
8334 8440.6224956396
8335 8441.6808754720
8336 8442.3425484913
8337 8443.1843758204
8338 8443.8593588210
8339 8445.0195506560
8340 8445.3437433471
8341 8446.1863498224
8342 8447.0970122786
8343 8448.6341766362
8344 8449.4960188789
8345 8450.1704507816
8346 8451.0110514859
8347 8451.6723548377
8348 8452.5267875869
8349 8453.8405443275
8350 8454.3855938695
8351 8455.1291147446
8352 8455.6822013100
8353 8457.2569338949
8354 8457.5849566753
8355 8459.0779029749
8356 8459.8173178108
8357 8460.9138890728
8358 8461.5628678471
8359 8462.0698864275
8360 8462.6465791641
8361 8463.8994998457
8362 8464.8785425299
8363 8465.5375104861
8364 8466.8263359920
8365 8467.6356301888
8366 8468.4443071226
8367 8469.2418668182
8368 8470.2854621545
8369 8470.8555678822
8370 8472.1067567049
8371 8472.5815935858
8372 8473.4221425293
8373 8474.1789867182
8374 8474.8403204043
8375 8476.9046649175
8376 8477.3886941016
8377 8477.9218610249
8378 8478.8428167678
8379 8479.7215179055
8380 8480.4980983958
8381 8481.3019175705
8382 8481.9877570463
8383 8483.4823144661
8384 8483.7093652266
8385 8485.1343154831
8386 8485.7315958221
8387 8486.6955243898
8388 8487.7944940389
8389 8488.6924186113
8390 8489.3358435967
8391 8490.0356111781
8392 8490.8007059069
8393 8491.5074547671
8394 8492.5964870466
8395 8493.8235746352
8396 8494.5520180299
8397 8496.0298500638
8398 8496.2900022256
8399 8497.0538867068
8400 8497.6373562961
8401 8498.9550654897
8402 8499.8485380849
8403 8500.5876233289
8404 8501.3027554668
8405 8501.9085448432
8406 8503.5282254738
8407 8504.0888736136
8408 8505.2635130547
8409 8506.1844670902
8410 8506.6556302483
8411 8507.5684306652
8412 8508.3418391850
8413 8509.2050927598
8414 8509.6051680689
8415 8511.1681811493
8416 8512.2372989708
8417 8513.1805042448
8418 8513.4283668562
8419 8514.6031224148
8420 8515.5103061671
8421 8516.5207109856
8422 8517.0667933990
8423 8517.8369124099
8424 8518.9942292303
8425 8519.5432419130
8426 8520.2041927684
8427 8521.6985294127
8428 8522.8834614659
8429 8523.5817660928
8430 8524.0729598926
8431 8525.1927408419
8432 8525.5801459399
8433 8526.3849670755
8434 8527.8012854760
8435 8528.3352796612
8436 8529.1657252446
8437 8530.3920884749
8438 8531.2159694052
8439 8532.3116479842
8440 8532.6107072750
8441 8533.7801944895
8442 8535.0421504842
8443 8535.4674498444
8444 8536.0333100808
8445 8536.7496641458
8446 8537.7783740136
8447 8539.0571182339
8448 8540.1925957198
8449 8540.9666493711
8450 8541.5399828086
8451 8542.5653924682
8452 8543.3390964168
8453 8543.7515197179
8454 8545.3033340736
8455 8545.6181224073
8456 8546.6914914528
8457 8547.7091081393
8458 8548.3803883813
8459 8549.3054957707
8460 8550.7422651279
8461 8551.4511838518
8462 8552.0368472519
8463 8552.7046888168
8464 8553.6576952316
8465 8554.5400352593
8466 8555.1295486026
8467 8556.0622090769
8468 8557.5270267994
8469 8558.6126562400
8470 8558.9234608761
8471 8559.9601243115
8472 8560.4261670117
8473 8561.8005410266
8474 8562.3548293847
8475 8563.5825112843
8476 8563.9103926342
8477 8564.7573827221
8478 8565.6187436756
8479 8567.2046071499
8480 8567.7445397336
8481 8568.7467483205
8482 8569.6952309612
8483 8570.4731442550
8484 8570.9462154174
8485 8571.8188962007
8486 8572.4264647583
8487 8573.8829347416
8488 8574.9130033195
8489 8575.1759687072
8490 8576.7089346311
8491 8577.3987019959
8492 8577.9712467639
8493 8579.2369009759
8494 8579.9179641320
8495 8580.7020039206
8496 8581.5563547349
8497 8582.2967367357
8498 8582.9824264186
8499 8583.9130213810
8500 8585.6514631502
8501 8586.1748339805
8502 8587.1973209268
8503 8587.7112881949
8504 8588.0948526014
8505 8589.6424767103
8506 8590.1271884166
8507 8591.0955673025
8508 8591.8037923432
8509 8592.9209017735
8510 8594.0557486588
8511 8594.5020624613
8512 8595.5509094700
8513 8596.7872412151
8514 8597.3844988509
8515 8598.2300724279
8516 8599.0068131111
8517 8599.4317807587
8518 8600.4955183019
8519 8601.3361630436
8520 8602.8009306327
8521 8603.6671580555
8522 8604.2048757459
8523 8605.3720378458
8524 8606.0650119445
8525 8606.5968470479
8526 8607.4695841590
8527 8608.8740544119
8528 8609.4765764836
8529 8609.9699465227
8530 8610.9005491745
8531 8612.0072410315
8532 8613.3490925704
8533 8614.1535306211
8534 8614.5702976176
8535 8615.7789908958
8536 8616.3341451274
8537 8617.1704231467
8538 8617.6823880077
8539 8619.0046102402
8540 8619.6100752564
8541 8621.1543309741
8542 8621.9526501575
8543 8622.3903146201
8544 8623.2846036697
8545 8624.2200965163
8546 8625.4810699826
8547 8626.0165829440
8548 8626.5700468990
8549 8627.4694404097
8550 8628.4317483727
8551 8629.2768439475
8552 8630.3307996962
8553 8631.6694653928
8554 8632.3987934106
8555 8633.0719141914
8556 8633.5913933424
8557 8634.5927559973
8558 8635.2069217314
8559 8636.4398657076
8560 8637.1875639780
8561 8638.1508055919
8562 8638.9290262051
8563 8640.0567397821
8564 8640.9308588334
8565 8641.6569607619
8566 8642.6434227197
8567 8643.4544873351
8568 8644.1664942525
8569 8645.3148909209
8570 8645.6295391382
8571 8646.0216719293
8572 8648.1808176628
8573 8648.7746192174
8574 8649.7808808426
8575 8650.2394610886
8576 8651.3755777807
8577 8651.8684837463
8578 8652.8615344197
8579 8653.7785769651
8580 8654.5010994406
8581 8655.6473999772
8582 8656.0727103417
8583 8657.3388007543
8584 8658.2221075036
8585 8659.0654638153
8586 8660.4647497716
8587 8660.8949853178
8588 8661.4691787333
8589 8662.1860652767
8590 8663.1608748440
8591 8664.0682049865
8592 8664.9332777669
8593 8666.0082967425
8594 8667.2320347091
8595 8668.1062662740
8596 8668.3755328872
8597 8669.3175042258
8598 8670.2334461960
8599 8671.6391277016
8600 8671.8200915551
8601 8672.7768069515
8602 8673.5240060997
8603 8674.3492018641
8604 8675.5961200994
8605 8676.9242810506
8606 8677.5193678278
8607 8677.9877465303
8608 8679.2912781676
8609 8679.7486574521
8610 8680.5840514074
8611 8681.1618527791
8612 8682.3858659164
8613 8683.5012239580
8614 8684.3451381412
8615 8685.1625767548
8616 8685.7912598876
8617 8687.1896990017
8618 8687.7773641107
8619 8688.4790572970
8620 8689.5513351299
8621 8690.3648178698
8622 8690.6627976218
8623 8691.9262268528
8624 8692.5231782940
8625 8694.2284132949
8626 8694.9022894432
8627 8695.9050932983
8628 8696.2583148526
8629 8697.3365114353
8630 8697.6104856812
8631 8699.0912197095
8632 8699.9364264578
8633 8700.5975219963
8634 8701.1611575652
8635 8702.8042548783
8636 8703.4171010217
8637 8704.0793322367
8638 8705.3188104286
8639 8706.1546507508
8640 8707.0052365818
8641 8707.5975377010
8642 8708.1138721955
8643 8709.1596937386
8644 8709.9493651525
8645 8711.4502944774
8646 8712.2753994751
8647 8712.9867207080
8648 8714.0309539003
8649 8714.3665028009
8650 8715.5857799508
8651 8716.3564269680
8652 8717.0035152276
8653 8718.1398539350
8654 8719.0902506771
8655 8719.3825540528
8656 8720.4478932993
8657 8721.9749421715
8658 8722.7557213989
8659 8723.5990986423
8660 8724.1081980741
8661 8724.8596760381
8662 8725.9567615845
8663 8726.5368422095
8664 8727.2537736840
8665 8728.4988008553
8666 8729.6280069896
8667 8730.3228929330
8668 8731.4748281842
8669 8731.8798022453
8670 8732.6233775387
8671 8734.0813981729
8672 8734.6759738376
8673 8735.4145865402
8674 8736.0800914117
8675 8736.7676588726
8676 8737.8865997012
8677 8739.3895081698
8678 8739.7148145187
8679 8741.1124956694
8680 8741.6833258955
8681 8742.5255107150
8682 8742.9971180939
8683 8743.7490489295
8684 8745.0538271394
8685 8745.9771614125
8686 8746.4435324959
8687 8747.8073085118
8688 8748.3845708558
8689 8749.5164234987
8690 8750.3300866455
8691 8751.3464308638
8692 8751.9991410094
8693 8752.6727635901
8694 8753.7754897890
8695 8754.2589070917
8696 8755.0091761217
8697 8756.0438311273
8698 8757.9030521207
8699 8758.3301096593
8700 8758.8066864232
8701 8759.5919813695
8702 8760.7977606916
8703 8761.3356515963
8704 8762.3288902823
8705 8763.3964693671
8706 8763.6556861965
8707 8765.0058656434
8708 8765.7411315775
8709 8766.7092744675
8710 8767.7978928503
8711 8768.8004005134
8712 8769.3713080120
8713 8770.3210687435
8714 8771.0296909559
8715 8771.3963673445
8716 8772.4137889986
8717 8773.8925637815
8718 8774.3369216660
8719 8775.6436654089
8720 8776.4128269809
8721 8777.3254776410
8722 8778.0167541955
8723 8778.5475015282
8724 8779.8741523888
8725 8780.7510486292
8726 8781.3998430696
8727 8781.9994052503
8728 8782.7635328465
8729 8784.0981803926
8730 8785.3490056203
8731 8786.0014169198
8732 8786.9257236424
8733 8787.5165332685
8734 8788.2341239621
8735 8789.1667046521
8736 8790.0559129685
8737 8790.6053730309
8738 8791.8657500607
8739 8792.9381153771
8740 8793.7480876051
8741 8794.5282108023
8742 8795.1021945782
8743 8796.6053486153
8744 8797.2813393301
8745 8797.9334691842
8746 8798.4597115370
8747 8799.6275665515
8748 8800.4027907978
8749 8800.8753357409
8750 8802.6339579520
8751 8803.4282439392
8752 8804.2204722118
8753 8805.1711868742
8754 8805.5994353612
8755 8806.2725405986
8756 8807.4887488339
8757 8808.2233138379
8758 8809.4135001751
8759 8809.8494776550
8760 8810.6026473875
8761 8812.1677745795
8762 8812.7257148113
8763 8813.8321627506
8764 8814.3112776656
8765 8815.5948932986
8766 8816.3336860400
8767 8816.5979024240
8768 8817.6045283385
8769 8818.2670421955
8770 8819.8232574639
8771 8820.8319836685
8772 8821.4280623243
8773 8822.4382314605
8774 8822.9824391960
8775 8823.9263243582
8776 8824.8215966000
8777 8825.7470640351
8778 8826.4712868239
8779 8827.1963443674
8780 8828.1269001367
8781 8829.2008530154
8782 8829.7573441079
8783 8831.4762740083
8784 8832.0959034411
8785 8832.6677335344
8786 8833.3532727015
8787 8834.2273339537
8788 8834.8987485263
8789 8836.1749408579
8790 8836.6234453743
8791 8837.7764478262
8792 8839.1038786361
8793 8839.7864524889
8794 8840.1838488497
8795 8841.4019300894
8796 8842.1864292935
8797 8843.0852980449
8798 8844.2098960669
8799 8844.4212803216
8800 8845.3990461710
8801 8845.9290675416
8802 8847.5299708099
8803 8848.6647585779
8804 8849.2930121634
8805 8849.9408594395
8806 8850.9686662791
8807 8851.9063434812
8808 8852.1492913084
8809 8853.0230700431
8810 8854.5582513860
8811 8854.9555512171
8812 8856.0799452918
8813 8856.7345237842
8814 8857.9630648052
8815 8858.6809997081
8816 8859.6934946728
8817 8860.6754963889
8818 8861.0466952682
8819 8861.9748598772
8820 8862.8086510739
8821 8863.4983570242
8822 8864.3780039681
8823 8865.7538193724
8824 8866.7912013682
8825 8867.7537871393
8826 8868.0922700369
8827 8868.7509670152
8828 8869.6919047889
8829 8871.0781809544
8830 8871.6899208856
8831 8872.0054328884
8832 8873.2979808688
8833 8874.0500595514
8834 8875.1728143148
8835 8876.1228385822
8836 8876.8900606284
8837 8878.2895746068
8838 8878.4808781096
8839 8879.1756097225
8840 8880.3437820969
8841 8880.6216685254
8842 8881.7260781901
8843 8883.0287412552
8844 8884.1657496050
8845 8884.4466848149
8846 8885.6023053650
8847 8886.5841814685
8848 8887.0586663410
8849 8888.1469567507
8850 8888.8311967798
8851 8889.9529962227
8852 8890.5379483689
8853 8891.3067370481
8854 8891.8743793569
8855 8893.6848404024
8856 8894.6044730936
8857 8895.0382027540
8858 8896.1033368147
8859 8896.5313230113
8860 8897.6734940650
8861 8898.0515071391
8862 8899.3027244668
8863 8900.1269467705
8864 8900.8548759775
8865 8902.2437650615
8866 8903.0544871620
8867 8903.4534227845
8868 8904.4976393060
8869 8905.7800576201
8870 8906.3347226252
8871 8907.2964391799
8872 8907.6204879277
8873 8908.3658653720
8874 8909.7146697876
8875 8910.4289895137
8876 8911.7565172604
8877 8912.7173433880
8878 8913.3249729608
8879 8914.1111167802
8880 8914.7411889123
8881 8915.6238036719
8882 8916.5141783865
8883 8917.6780781594
8884 8918.3021686439
8885 8918.9173030832
8886 8920.2762870888
8887 8920.8074249222
8888 8922.3483292367
8889 8922.9629861220
8890 8923.4303691639
8891 8924.4521248405
8892 8925.4695344076
8893 8925.9138618204
8894 8926.5906714255
8895 8927.5439102809
8896 8929.2993237887
8897 8929.8086789243
8898 8930.6221843550
8899 8931.3608537425
8900 8932.1515321743
8901 8933.1615568559
8902 8934.0235897358
8903 8934.7499253042
8904 8935.6846040883
8905 8936.2537650703
8906 8937.1981567624
8907 8938.3460354923
8908 8939.3081819772
8909 8940.2902498277
8910 8941.1815721923
8911 8942.0477124296
8912 8942.4740711665
8913 8942.9017971835
8914 8944.3155015480
8915 8945.0563848728
8916 8946.1569521717
8917 8946.7895464322
8918 8948.0948661371
8919 8948.8712030706
8920 8949.6591749625
8921 8950.0854384002
8922 8951.6795853547
8923 8952.1321463662
8924 8952.9105703422
8925 8953.6631405238
8926 8954.5702661057
8927 8955.0211059834
8928 8956.9040861112
8929 8957.7197644592
8930 8958.3296129951
8931 8959.0839159036
8932 8959.8725298073
8933 8960.7574659365
8934 8961.5142775673
8935 8962.3760984099
8936 8963.1225952742
8937 8964.5017688673
8938 8965.0423226471
8939 8965.9091326903
8940 8966.8318525569
8941 8968.0831425984
8942 8968.7308308049
8943 8969.5768133962
8944 8970.1564604631
8945 8971.0081445119
8946 8971.9003415695
8947 8972.3984753587
8948 8973.8278889828
8949 8974.7795447705
8950 8976.0468133145
8951 8976.3397480179
8952 8977.2677544702
8953 8978.1391579007
8954 8978.4848560678
8955 8980.1050350396
8956 8980.7899750950
8957 8981.3645984502
8958 8981.8938094329
8959 8983.2980168818
8960 8984.4584703348
8961 8984.9769276636
8962 8986.2781436173
8963 8986.7656386387
8964 8987.7087632585
8965 8988.5132438689
8966 8988.9361794011
8967 8989.7372466201
8968 8991.1436472307
8969 8991.8472224674
8970 8993.2065227479
8971 8993.8438724169
8972 8994.2852968289
8973 8995.4380885166
8974 8996.5200603241
8975 8997.0257377523
8976 8997.9675716981
8977 8998.6488994421
8978 8999.7187280318
8979 9000.2434069431
8980 9001.1294053083
8981 9002.6237769930
8982 9003.8736775153
8983 9004.0521782440
8984 9004.8051111702
8985 9005.6067970770
8986 9006.5656305892
8987 9007.2607560574
8988 9008.3047030378
8989 9009.0700752853
8990 9010.0889628634
8991 9011.0335041931
8992 9012.0422840170
8993 9012.6444534377
8994 9013.5510210668
8995 9014.5652296792
8996 9015.5966870464
8997 9015.9779330551
8998 9016.8140199726
8999 9017.3451601938
9000 9018.4244756104
9001 9020.0724936018
9002 9020.6460171175
9003 9021.2570369373
9004 9022.7459343528
9005 9022.9654880333
9006 9023.5651937740
9007 9024.6672459926
9008 9025.6285595337
9009 9026.5217139700
9010 9027.2315048032
9011 9028.1068364575
9012 9028.9870813861
9013 9030.1476319566
9014 9031.0329767768
9015 9032.1497388491
9016 9032.4442586213
9017 9033.5157208304
9018 9033.8540348460
9019 9035.1689493676
9020 9035.7490590476
9021 9036.4293066135
9022 9038.3022104727
9023 9038.7447983762
9024 9039.7731787575
9025 9040.1402088240
9026 9040.9754912317
9027 9042.3138659962
9028 9043.0194213191
9029 9043.6107729711
9030 9044.6180711478
9031 9045.1085908824
9032 9046.3150297016
9033 9047.1788989212
9034 9048.5885545053
9035 9049.0879378021
9036 9049.9927148674
9037 9050.8822056326
9038 9051.4285090007
9039 9052.2243393861
9040 9052.7554172313
9041 9054.4001067821
9042 9054.9312640721
9043 9055.9052405861
9044 9056.7853519565
9045 9057.9302884443
9046 9058.3527313420
9047 9059.6952017942
9048 9059.9015507407
9049 9061.2610102591
9050 9062.0103754283
9051 9062.5566408229
9052 9063.0659876661
9053 9064.3986470131
9054 9065.6764450113
9055 9066.7159372189
9056 9067.3443191235
9057 9067.8906930261
9058 9068.7075658908
9059 9069.6518640137
9060 9070.4198206524
9061 9071.4852750933
9062 9072.0688901182
9063 9072.9504819891
9064 9074.3815517809
9065 9074.8697558131
9066 9075.5398003909
9067 9076.9053425623
9068 9077.9411931632
9069 9078.3888131488
9070 9078.8850688100
9071 9079.9585946885
9072 9080.6002788368
9073 9081.5250296407
9074 9082.6874591660
9075 9083.8176844679
9076 9084.7191893390
9077 9085.2619910062
9078 9086.2167914420
9079 9086.8540646290
9080 9087.6199890590
9081 9088.9089884999
9082 9089.4259986022
9083 9090.4989886622
9084 9090.9539670305
9085 9091.7783858077
9086 9093.5545405927
9087 9094.0806537388
9088 9094.8179361618
9089 9095.7072833649
9090 9096.6115892384
9091 9097.1641507233
9092 9098.0921154172
9093 9098.5320421671
9094 9099.8366356357
9095 9101.0423742409
9096 9101.8852508299
9097 9102.4974809711
9098 9103.4937870945
9099 9104.1932561415
9100 9105.0749208296
9101 9106.4741615468
9102 9106.7052675475
9103 9107.1912026636
9104 9108.6136431841
9105 9109.0239707755
9106 9110.2303865147
9107 9111.3750848786
9108 9112.3815826104
9109 9113.3022978467
9110 9113.6587972822
9111 9114.4448534385
9112 9115.0429306362
9113 9116.4244053144
9114 9117.1370583299
9115 9117.8609680252
9116 9118.8109442474
9117 9120.1162815930
9118 9120.5692643170
9119 9121.5849022450
9120 9122.5049652110
9121 9123.3938549389
9122 9124.0848743923
9123 9125.0596771526
9124 9125.6042477381
9125 9126.2354727967
9126 9127.1213926910
9127 9128.9459622374
9128 9129.4730009536
9129 9130.4467016536
9130 9130.7681591708
9131 9131.9573737125
9132 9132.8770222763
9133 9133.2531327222
9134 9134.2991369501
9135 9135.4274573345
9136 9136.1396019938
9137 9136.6791964365
9138 9138.1059107792
9139 9138.6003827896
9140 9140.2319698182
9141 9140.5782596971
9142 9141.3571793623
9143 9142.2665232199
9144 9142.8369077087
9145 9143.5969779396
9146 9144.6199808202
9147 9145.6385223222
9148 9146.5263584055
9149 9147.8088949631
9150 9148.5550471416
9151 9149.1179968496
9152 9149.5581238530
9153 9151.0264551735
9154 9151.8176721004
9155 9152.6490185669
9156 9153.2678087497
9157 9153.7402000956
9158 9155.1111342651
9159 9156.0880262324
9160 9157.2008538602
9161 9157.9576034816
9162 9158.8301168973
9163 9159.4388249750
9164 9160.3538477111
9165 9160.7961394184
9166 9161.9264323399
9167 9162.6270752849
9168 9164.0112585688
9169 9164.7650214889
9170 9165.4486634144
9171 9166.3817343707
9172 9167.3824474229
9173 9168.3049258781
9174 9169.0056153139
9175 9169.6896723105
9176 9170.6589461136
9177 9171.4020138206
9178 9172.2133217822
9179 9172.6839104504
9180 9174.7994482484
9181 9175.2088358812
9182 9175.9274583545
9183 9176.8910171235
9184 9177.4792088930
9185 9178.1303775983
9186 9179.2859797557
9187 9180.3211133958
9188 9180.7392869738
9189 9181.7029742963
9190 9182.8111739848
9191 9183.6998375383
9192 9184.7671944142
9193 9185.1360006092
9194 9186.5781466364
9195 9187.3450868896
9196 9187.8114970324
9197 9188.4648295627
9198 9189.1873132153
9199 9190.3667793641
9200 9191.4631186561
9201 9192.4386916539
9202 9193.3689118757
9203 9194.0364975833
9204 9194.9986180700
9205 9195.4159933416
9206 9196.5413768225
9207 9197.3757930248
9208 9198.4287515546
9209 9198.7893474913
9210 9200.0067463440
9211 9200.4510775715
9212 9201.8374348328
9213 9203.0509414906
9214 9203.7617901009
9215 9204.4499303546
9216 9204.7607082584
9217 9206.1653507916
9218 9206.8473754162
9219 9207.1897503286
9220 9208.5204141530
9221 9209.4809330562
9222 9210.8739789743
9223 9211.2202206227
9224 9211.8783266138
9225 9212.9425430180
9226 9213.9534572425
9227 9214.8098153829
9228 9215.3830636067
9229 9216.3964998831
9230 9216.8891629986
9231 9217.6324136267
9232 9219.1250652657
9233 9220.0200833912
9234 9220.8521379817
9235 9222.0007982878
9236 9222.3540475605
9237 9223.2378590708
9238 9223.8700460963
9239 9224.5781634244
9240 9226.1732159006
9241 9226.6257627999
9242 9227.2621949714
9243 9228.5021579917
9244 9229.5583641294
9245 9230.1607047790
9246 9231.1163415466
9247 9232.0825940977
9248 9232.7645576165
9249 9233.6903665089
9250 9234.0864016798
9251 9235.3090743058
9252 9235.5206690169
9253 9237.2558257679
9254 9238.5255241785
9255 9238.8731621181
9256 9239.5997604454
9257 9240.4633184066
9258 9241.1689272335
9259 9242.4387470555
9260 9243.0027271448
9261 9243.6296254141
9262 9244.7222561547
9263 9245.7303172599
9264 9246.3724792180
9265 9247.3236820089
9266 9248.8596644279
9267 9249.0971342448
9268 9250.2172325517
9269 9250.8502687312
9270 9251.3253320099
9271 9252.3019826604
9272 9253.2668958779
9273 9254.0399637502
9274 9255.6292427350
9275 9255.8703071594
9276 9257.0909763695
9277 9257.9228510522
9278 9258.5131979889
9279 9259.1994904969
9280 9260.4626860895
9281 9261.4109177522
9282 9261.8326155309
9283 9262.5719053414
9284 9263.2788638993
9285 9264.8085555108
9286 9265.9149993391
9287 9266.5233555863
9288 9267.1576373772
9289 9268.3598850837
9290 9268.8466638365
9291 9269.3853126041
9292 9270.5049259285
9293 9271.3010281186
9294 9272.3941026872
9295 9273.2668431985
9296 9274.3381338398
9297 9274.9863759132
9298 9275.5555124618
9299 9277.1605144445
9300 9277.6087683745
9301 9278.3562145461
9302 9279.0409330777
9303 9279.9382561609
9304 9280.7692675935
9305 9281.5374387932
9306 9282.7342889372
9307 9284.0936816751
9308 9284.7624784370
9309 9285.3441596894
9310 9285.8494311190
9311 9286.9015691640
9312 9287.7994275309
9313 9288.6576788610
9314 9289.6347164928
9315 9290.2384725581
9316 9291.0711499490
9317 9292.4501510193
9318 9293.0203715728
9319 9294.0770997961
9320 9294.9944142860
9321 9295.5642234718
9322 9296.6070472732
9323 9297.3285978216
9324 9297.7914170947
9325 9298.4158229543
9326 9300.1743047053
9327 9301.0955049721
9328 9301.6306778617
9329 9302.7611691623
9330 9303.2388525844
9331 9304.4781690977
9332 9304.7472191529
9333 9306.0029253828
9334 9306.8080986675
9335 9307.5011441544
9336 9308.3976875778
9337 9309.0593072088
9338 9310.2941828228
9339 9311.3942633907
9340 9312.2870900105
9341 9313.1371109767
9342 9313.6420417866
9343 9314.1917675559
9344 9315.2577770927
9345 9316.0919937967
9346 9317.2214783604
9347 9317.5208643814
9348 9319.3379001640
9349 9319.8277951944
9350 9320.5929133644
9351 9321.3550374648
9352 9322.1998589758
9353 9323.5799038353
9354 9324.0386429999
9355 9324.6624780309
9356 9325.3598910184
9357 9326.4965937904
9358 9327.0293401764
9359 9328.9372762101
9360 9329.2359404100
9361 9330.2306595830
9362 9330.9218341575
9363 9331.8758382110
9364 9332.5455357091
9365 9332.9901777772
9366 9334.3058987792
9367 9335.2064891964
9368 9336.0315111097
9369 9336.9664157199
9370 9337.5355060272
9371 9338.9705327547
9372 9339.7342067121
9373 9340.3360050104
9374 9341.3408221961
9375 9341.9995745960
9376 9342.9239021561
9377 9343.4787615450
9378 9344.1899039724
9379 9345.4739349900
9380 9346.9096262435
9381 9347.3508867623
9382 9348.4121534063
9383 9348.8474387920
9384 9349.5341748255
9385 9350.7018230593
9386 9351.6401263435
9387 9352.3996632676
9388 9353.0144531034
9389 9353.7435067610
9390 9355.2351061579
9391 9355.8201759818
9392 9356.6730337974
9393 9357.9705138896
9394 9358.8386755576
9395 9359.0769034055
9396 9360.0250574151
9397 9360.6823142607
9398 9361.5270525325
9399 9362.6482147277
9400 9363.6900165450
9401 9364.5324226560
9402 9365.5655613787
9403 9366.2634852451
9404 9366.8564521070
9405 9367.9946215582
9406 9368.9009181583
9407 9369.2648750345
9408 9370.7633662350
9409 9371.1787348145
9410 9371.5875999902
9411 9372.7847519749
9412 9374.3795104502
9413 9375.1707950011
9414 9375.7365375211
9415 9376.3281302295
9416 9377.4506511336
9417 9377.9837025944
9418 9379.0184379250
9419 9379.4943441235
9420 9380.7938736891
9421 9381.6758404851
9422 9382.5604408045
9423 9383.5683744175
9424 9384.0904514591
9425 9385.1103591644
9426 9386.2349140190
9427 9386.8886122078
9428 9387.7338327722
9429 9388.1218027837
9430 9388.9791696042
9431 9390.0904665187
9432 9391.0497643684
9433 9392.3058525285
9434 9392.9644771812
9435 9393.9847562389
9436 9394.6897840152
9437 9395.1034160358
9438 9395.8263101473
9439 9397.4725642469
9440 9397.8182676251
9441 9398.6188688919
9442 9399.4942068316
9443 9400.5808713035
9444 9401.4275166657
9445 9402.5529092819
9446 9403.3829307539
9447 9403.9208352636
9448 9405.0628782774
9449 9405.5179851083
9450 9406.3178204045
9451 9407.2476275365
9452 9407.7454365359
9453 9409.4713366633
9454 9410.6039370828
9455 9410.8086667311
9456 9411.4570481119
9457 9412.7873605685
9458 9413.3552047533
9459 9414.3666499629
9460 9415.1067924792
9461 9415.8231513012
9462 9416.8041911331
9463 9417.5329249767
9464 9418.3491846029
9465 9419.7442694014
9466 9420.5825836169
9467 9421.5268920484
9468 9422.0400117689
9469 9422.8107437004
9470 9423.5910086630
9471 9424.1745617880
9472 9425.4119635467
9473 9426.5069036880
9474 9426.8745339703
9475 9428.2352077190
9476 9429.3791441198
9477 9429.5740252696
9478 9430.5355141171
9479 9431.4855519507
9480 9432.7138261047
9481 9433.1250182313
9482 9433.8267159402
9483 9434.6666657343
9484 9435.1963142793
9485 9437.1788493193
9486 9437.4194968082
9487 9438.8351915476
9488 9439.2883518982
9489 9439.9786288497
9490 9440.8040699117
9491 9441.8570962390
9492 9442.2746344971
9493 9443.4492497122
9494 9444.3113538705
9495 9445.2476108165
9496 9446.1628042146
9497 9446.7961220368
9498 9447.9075249550
9499 9449.2015806010
9500 9449.6097253891
9501 9450.1523135755
9502 9451.0440254692
9503 9452.1489769969
9504 9452.5812140930
9505 9453.3844667327
9506 9454.9418366954
9507 9455.8797945818
9508 9456.6388489931
9509 9457.2899389488
9510 9457.9723972946
9511 9458.8266843859
9512 9459.7694106518
9513 9460.9037725012
9514 9461.4049220562
9515 9462.1379898797
9516 9462.9365161679
9517 9464.2179043464
9518 9465.2618955345
9519 9465.9911771891
9520 9466.7225870652
9521 9467.8606327923
9522 9468.4948043782
9523 9469.1320393370
9524 9469.4560065051
9525 9470.8827710015
9526 9471.8192696881
9527 9472.9079427018
9528 9473.7230795550
9529 9474.3922456638
9530 9475.5655211403
9531 9475.9196355009
9532 9477.1378857188
9533 9477.8273204678
9534 9478.8556999546
9535 9479.2294786914
9536 9480.2352713447
9537 9481.1438822590
9538 9481.8397886211
9539 9483.6888156465
9540 9484.2072983770
9541 9484.6403889582
9542 9485.7538566564
9543 9486.0308688596
9544 9487.2158102463
9545 9488.1072148935
9546 9488.9037848522
9547 9489.5462585653
9548 9491.0367892780
9549 9491.6223371350
9550 9492.5598515894
9551 9493.1348479534
9552 9494.4788522448
9553 9495.1564779237
9554 9495.8600720450
9555 9496.8239088543
9556 9497.2554427832
9557 9497.9510072644
9558 9499.1372229290
9559 9500.5953213446
9560 9501.2172677139
9561 9501.9225200256
9562 9503.0424983029
9563 9503.6011177633
9564 9504.2640176321
9565 9505.0860803468
9566 9506.1138540571
9567 9507.2237905808
9568 9507.9615017763
9569 9508.1296374492
9570 9509.7699138429
9571 9510.6155519247
9572 9511.5509776659
9573 9512.3802085541
9574 9513.3352292128
9575 9513.5338933384
9576 9514.8143228067
9577 9515.3333355793
9578 9516.0478517698
9579 9517.2480018389
9580 9518.4014622802
9581 9519.4806573537
9582 9520.0145436849
9583 9520.8306439417
9584 9521.1624371323
9585 9522.9160826536
9586 9523.2932872739
9587 9524.1721451974
9588 9524.6739997460
9589 9525.8375082232
9590 9526.5279812129
9591 9527.6809374905
9592 9528.6323973606
9593 9529.7716819279
9594 9530.4059421793
9595 9531.1479235921
9596 9531.6255716225
9597 9532.6748493365
9598 9533.2379858553
9599 9534.4716607058
9600 9535.3772695247
9601 9536.2098768711
9602 9537.2536317064
9603 9537.8349155346
9604 9539.1827964497
9605 9539.5147442726
9606 9540.3961972621
9607 9541.6671020462
9608 9542.0283404531
9609 9543.1615044066
9610 9543.3273421141
9611 9544.3333863396
9612 9546.1480621389
9613 9546.8509582309
9614 9547.4514945160
9615 9548.2026997497
9616 9549.1094080722
9617 9550.0238251870
9618 9550.2974358186
9619 9551.8023101129
9620 9552.3697372877
9621 9553.0555298324
9622 9554.4387310249
9623 9555.1323511259
9624 9555.7655171863
9625 9557.0334502427
9626 9557.8640735456
9627 9558.7785975861
9628 9559.4978773919
9629 9559.6510027869
9630 9560.8042758584
9631 9561.8268551740
9632 9562.5951602656
9633 9563.7674847683
9634 9564.9415865984
9635 9565.7192702108
9636 9565.9984737541
9637 9567.0847628071
9638 9567.6806686429
9639 9568.9201367496
9640 9569.7575838042
9641 9570.2829287004
9642 9571.2258359608
9643 9571.8729931214
9644 9573.1708287789
9645 9574.2602121033
9646 9575.1595967661
9647 9575.6276931131
9648 9576.5041204265
9649 9577.4627207280
9650 9578.0822689902
9651 9578.7529373500
9652 9579.4495774461
9653 9581.1252840554
9654 9581.8139313935
9655 9582.5310129489
9656 9583.4884370669
9657 9584.1633352872
9658 9585.1430638628
9659 9586.2552339205
9660 9586.5722223902
9661 9587.5815346613
9662 9588.5624223678
9663 9588.8979461759
9664 9589.9465398420
9665 9591.3138194087
9666 9592.1302721350
9667 9593.2051804937
9668 9593.9101654060
9669 9594.4314297844
9670 9594.9882858727
9671 9595.9936952468
9672 9597.3402462298
9673 9597.6183420947
9674 9598.7661697724
9675 9599.4493750972
9676 9601.0235944426
9677 9601.3740516728
9678 9601.9729527650
9679 9603.3873204272
9680 9604.1134559989
9681 9604.8313315018
9682 9605.5090805569
9683 9606.2085896717
9684 9606.9488421197
9685 9608.0364446059
9686 9609.5803104882
9687 9610.2107663945
9688 9610.8028233216
9689 9611.6658877779
9690 9612.6063497549
9691 9613.1679634175
9692 9614.2523233645
9693 9614.7909274474
9694 9616.0801251002
9695 9616.5763043562
9696 9617.7115634550
9697 9618.1478037187
9698 9619.6626575570
9699 9620.7115700462
9700 9621.1657593686
9701 9621.7574076033
9702 9622.9604011946
9703 9623.3784344311
9704 9624.1349445354
9705 9625.2220755950
9706 9626.0155268092
9707 9627.4109225903
9708 9628.2247119245
9709 9628.8141760454
9710 9629.7243664657
9711 9630.3019668976
9712 9631.2802092902
9713 9632.5622654780
9714 9633.1111454414
9715 9633.5899195810
9716 9634.2751501581
9717 9635.6517395301
9718 9636.5861907191
9719 9637.6368298685
9720 9638.3339702064
9721 9639.4003722726
9722 9639.9416326525
9723 9640.6676244450
9724 9641.2719276406
9725 9642.1725836724
9726 9643.6515105369
9727 9643.8503007272
9728 9645.2680041009
9729 9646.0336013880
9730 9646.6821202423
9731 9647.7768742872
9732 9648.5931274946
9733 9649.6976276007
9734 9649.8537909589
9735 9650.9991238880
9736 9651.8714561868
9737 9652.5384640277
9738 9653.0148745666
9739 9654.9633453588
9740 9655.6702425570
9741 9656.5091564290
9742 9657.0060736762
9743 9657.6258168637
9744 9658.7806782304
9745 9659.6371163373
9746 9660.2029993771
9747 9661.3715335621
9748 9661.9578360413
9749 9663.0857681520
9750 9663.8810765485
9751 9665.0394544488
9752 9665.4856616466
9753 9666.8072124896
9754 9667.5642273003
9755 9668.1354289710
9756 9668.7001281239
9757 9669.7456162073
9758 9670.1621138457
9759 9671.9495127267
9760 9672.4943403423
9761 9673.3961908959
9762 9674.5472993948
9763 9675.1222266854
9764 9675.7342720800
9765 9676.4829704427
9766 9677.7624907735
9767 9678.4414447974
9768 9679.3096460202
9769 9679.8061684797
9770 9680.7628336102
9771 9681.9331815453
9772 9683.0977429180
9773 9683.8670216731
9774 9684.5895859018
9775 9685.3080042294
9776 9685.9600005185
9777 9686.9389017055
9778 9687.6356503745
9779 9688.4525041179
9780 9689.4249002990
9781 9691.0076926050
9782 9691.3450994127
9783 9692.1296089627
9784 9692.7754650880
9785 9694.1600187927
9786 9694.8102490486
9787 9695.5872651232
9788 9696.3405843224
9789 9696.9690929129
9790 9697.9640786998
9791 9698.7359180711
9792 9699.9097511274
9793 9701.2686360376
9794 9701.7509558854
9795 9702.3436707045
9796 9703.6401368667
9797 9703.8373882471
9798 9704.4803257751
9799 9705.8762159875
9800 9706.8028655175
9801 9707.4146470449
9802 9708.1860781935
9803 9709.5024386053
9804 9710.1856795679
9805 9711.1563810361
9806 9711.8873123369
9807 9712.6689568964
9808 9713.8039095734
9809 9714.4763726798
9810 9714.6891055583
9811 9715.6544265195
9812 9716.8648939477
9813 9718.2173239198
9814 9719.0039482294
9815 9719.5846054093
9816 9720.4644540763
9817 9721.1044730470
9818 9721.9967533100
9819 9723.0584551251
9820 9723.7373132652
9821 9724.3738732165
9822 9725.5491289943
9823 9726.1879025537
9824 9727.4037284782
9825 9727.8803353519
9826 9729.4960257526
9827 9730.1195861786
9828 9730.5769043087
9829 9731.3728277295
9830 9732.0068936447
9831 9733.3038597995
9832 9733.6104640904
9833 9734.8555156211
9834 9736.0907923154
9835 9736.7303691490
9836 9737.8555829495
9837 9738.2404213202
9838 9739.0210721988
9839 9740.1355757369
9840 9741.0760877484
9841 9741.6579721063
9842 9742.6235647436
9843 9743.2320962521
9844 9743.7337623603
9845 9745.6390666174
9846 9746.4402687508
9847 9746.8257282798
9848 9748.0026970602
9849 9748.6392822233
9850 9749.4822543470
9851 9750.0747421400
9852 9750.7730056125
9853 9751.9833074323
9854 9753.0347004756
9855 9753.7172130613
9856 9754.6804992902
9857 9755.4951122482
9858 9756.3801047025
9859 9757.2608994689
9860 9758.3074540974
9861 9758.8146651666
9862 9759.5922466591
9863 9760.2708913814
9864 9761.3631892509
9865 9761.8875692953
9866 9763.2940998017
9867 9764.4163499656
9868 9765.2980772925
9869 9765.7980450515
9870 9766.2387547434
9871 9767.2898586842
9872 9768.1685961647
9873 9769.3418475818
9874 9769.9634603340
9875 9770.2985858922
9876 9771.8722798018
9877 9772.6541686759
9878 9773.2843378548
9879 9774.7036174559
9880 9775.0882835401
9881 9776.2515339194
9882 9776.7303818856
9883 9777.6926793756
9884 9778.1488066067
9885 9778.8807632751
9886 9780.3133294251
9887 9781.3837324028
9888 9782.3855256718
9889 9782.6108163397
9890 9783.7225345617
9891 9784.6806775634
9892 9785.3810628533
9893 9785.9000341165
9894 9787.2769201866
9895 9787.9534861185
9896 9788.4777593905
9897 9789.4023705998
9898 9790.3643849320
9899 9791.9834000389
9900 9792.2467289324
9901 9793.5499992920
9902 9793.6476187925
9903 9794.7610518111
9904 9795.4200313756
9905 9796.2018110619
9906 9797.2930246113
9907 9798.0341913961
9908 9799.0961925142
9909 9800.3487124927
9910 9800.8318153550
9911 9801.5275984890
9912 9802.2472182019
9913 9803.7827243675
9914 9804.3393867467
9915 9804.7710107744
9916 9805.6721919206
9917 9806.3730695619
9918 9807.4152686730
9919 9808.5794268412
9920 9809.6629051476
9921 9810.2918268757
9922 9811.3231076143
9923 9812.0261907275
9924 9812.2689794456
9925 9813.4889745311
9926 9814.2925093878
9927 9815.1454098751
9928 9816.2807254724
9929 9816.9376160131
9930 9817.6658160703
9931 9818.9151014016
9932 9819.7032092341
9933 9820.6521097425
9934 9821.3993126289
9935 9821.9028297392
9936 9823.0780613932
9937 9823.7028957001
9938 9824.2953467097
9939 9825.0340702251
9940 9826.9466952108
9941 9827.5478322274
9942 9828.1557535648
9943 9828.9732873053
9944 9829.9334733359
9945 9830.3079023714
9946 9831.7604293341
9947 9832.2376020648
9948 9833.1396943198
9949 9833.8983503800
9950 9834.6707649728
9951 9836.1126605013
9952 9836.4859065204
9953 9837.7566549004
9954 9838.6310715307
9955 9839.4353595407
9956 9840.0382496889
9957 9840.7294699717
9958 9841.1655654245
9959 9842.6616646852
9960 9843.4262786431
9961 9844.2690149871
9962 9845.5144849241
9963 9846.2340222206
9964 9846.8837905607
9965 9847.7002622445
9966 9848.5635971299
9967 9849.5596863811
9968 9850.3409153872
9969 9851.1681157153
9970 9851.6239569759
9971 9852.5522367266
9972 9853.6375304072
9973 9855.0458037465
9974 9856.0313869995
9975 9856.1770609045
9976 9856.9101756672
9977 9858.1645811111
9978 9858.7324141360
9979 9859.3811595225
9980 9860.3602053255
9981 9861.3635154922
9982 9862.3790131969
9983 9863.4804829645
9984 9863.6983399831
9985 9864.7898290981
9986 9866.1219939840
9987 9866.5152681094
9988 9867.4442255985
9989 9868.2744526873
9990 9868.7146593306
9991 9869.8128783260
9992 9870.3322585566
9993 9872.0006233781
9994 9872.5586660596
9995 9873.8022209036
9996 9874.3239576291
9997 9875.2189940988
9998 9875.6009562488
9999 9876.4790170638
10000 9877.7826540055
