# chi4 zeros 1..6000 (certified) -- the 5-sigma U-discriminator set
1 6.020948904698
2 10.243770304167
3 12.988098012312
4 16.342607104587
5 18.291993196124
6 21.450611343983
7 23.278376520460
8 25.728756425089
9 28.359634343025
10 29.656384014593
11 32.592186527117
12 34.199957509213
13 36.142880458303
14 38.511923141719
15 40.322674066691
16 41.807084620005
17 44.617891058662
18 45.599584396792
19 47.741562280939
20 49.723129323783
21 51.686093452871
22 52.768820767805
23 55.267543584699
24 56.934374055202
25 58.116707110674
26 60.421713949008
27 62.008632285768
28 63.714641118785
29 64.976170573096
30 67.636920863546
31 68.365884503834
32 70.185879908802
33 72.155484974382
34 73.767635521486
35 75.143121647433
36 76.696303203430
37 78.809998314321
38 80.210131238367
39 81.213951626883
40 83.666656014471
41 84.731740363782
42 86.577660168390
43 87.629718119588
44 89.801131616696
45 91.349703814698
46 92.237499910454
47 94.166619585960
48 96.136011161781
49 96.961741579417
50 98.755300415755
51 100.134886703068
52 102.141380826890
53 103.288075381679
54 104.333269844267
55 106.694458908896
56 107.690206975147
57 109.259942973928
58 110.499608176429
59 112.367816744012
60 113.814795548993
61 115.142369647649
62 116.193204658461
63 118.537554378847
64 119.452989876209
65 120.731293618660
66 122.447461379069
67 123.794548760320
68 125.768519559916
69 126.298776024941
70 127.959407683063
71 129.885623358645
72 131.093578754084
73 132.143576600988
74 133.744181463975
75 135.490837252557
76 136.547312267283
77 138.457294509696
78 138.750177704611
79 141.253632509752
80 142.394417522198
81 143.329062741618
82 144.978166277711
83 146.522005284908
84 147.934530812181
85 149.188457717303
86 150.296359001543
87 151.961987670484
88 153.699612623515
89 154.575491428720
90 155.650248663243
91 157.748305307903
92 158.705021125529
93 160.236484096771
94 161.407146976157
95 162.566046689599
96 164.731164616577
97 165.401419285863
98 166.753879169108
99 168.044420781710
100 170.051131187527
101 170.734766994579
102 172.280481771621
103 173.442978836135
104 174.915088085401
105 176.597302141918
106 177.701212574574
107 178.362374908986
108 180.569310385286
109 181.614913731704
110 182.916768328969
111 184.115032375368
112 185.373996607700
113 187.068760590694
114 188.271374332271
115 189.491731492129
116 190.371187610756
117 192.361137876056
118 193.797072926147
119 194.231883229361
120 196.132005654684
121 197.113446221576
122 198.806475736147
123 200.162039428699
124 200.901617870769
125 202.260577995932
126 204.221070780158
127 204.992003455098
128 206.411911047611
129 207.317377481888
130 209.227752492648
131 210.103185517399
132 211.833411820424
133 212.537607537213
134 213.761842101278
135 215.793818382016
136 216.703415266203
137 217.581931418038
138 219.172670566944
139 220.405621710637
140 221.928548507254
141 223.003103180629
142 224.122238487947
143 225.293261475205
144 226.988188488375
145 228.405506297436
146 228.959023632675
147 230.330130577805
148 232.100481747069
149 233.048063745299
150 234.351787701833
151 235.836218771141
152 236.241560494476
153 238.537113049983
154 239.338488135620
155 240.626711169393
156 241.477920928211
157 243.228931179739
158 244.513168583588
159 245.564881380114
160 246.724058534725
161 247.995118582738
162 249.184508964885
163 251.086563150456
164 251.636915839614
165 252.623445779668
166 254.314437350123
167 255.837918049742
168 256.504584947348
169 258.165262850351
170 258.834470523525
171 260.430472134926
172 261.913614987650
173 262.883617342461
174 264.054257888128
175 264.932859141220
176 267.000651199715
177 267.801446984602
178 268.783306062048
179 270.278087167482
180 271.254983694449
181 272.755878601693
182 274.171458312519
183 275.033101236580
184 275.858946011083
185 277.772322638319
186 278.803683887287
187 280.157144870975
188 280.793106949409
189 282.379640463561
190 283.604543433883
191 284.925595823417
192 286.080233307717
193 287.149424648242
194 287.978476263321
195 290.252146995175
196 290.677296323261
197 291.832024588845
198 293.202434177473
199 294.327268451460
200 295.803470824719
201 296.900666138855
202 298.078874114892
203 298.870320307078
204 300.434459850535
205 301.919842528597
206 302.917937583117
207 303.661118040334
208 305.065208865419
209 306.795133963712
210 307.286084936715
211 309.122483030423
212 309.739907613975
213 310.823674960945
214 312.556366867561
215 313.877942455068
216 314.433165169289
217 315.734986124927
218 317.012318042233
219 318.456217256355
220 319.579691297035
221 320.406303644493
222 322.001967804490
223 322.539117423792
224 324.518444673724
225 325.474784044106
226 326.458541219865
227 327.259931766512
228 329.200097937579
229 330.036049590346
230 331.211402899582
231 332.572946528233
232 333.181508328694
233 334.768699894679
234 336.152717554433
235 337.139663054777
236 338.226282686037
237 339.011252615200
238 340.841952352353
239 342.026153183365
240 342.685858237359
241 344.083666156569
242 345.209775341346
243 346.262760467102
244 347.924648114363
245 348.981798388547
246 349.434342456600
247 350.977213109309
248 352.391768243125
249 353.693333325683
250 354.301737741464
251 355.744440262597
252 356.627647213767
253 358.288275092942
254 359.096461192606
255 360.711041024559
256 361.197493036208
257 362.276968893167
258 364.419724431835
259 364.803736092112
260 366.049689518269
261 367.125534935075
262 368.433814889808
263 369.501693331896
264 371.069016090565
265 371.770095915150
266 372.884860886591
267 373.934868915462
268 375.546874727008
269 376.683900937975
270 377.559223274185
271 378.386929045762
272 380.057073182314
273 381.048670123035
274 382.239766419016
275 383.485092354203
276 384.372845681681
277 385.215227671810
278 387.149209287631
279 388.082142477715
280 388.777717961853
281 390.169112628897
282 391.081925719961
283 392.851762913362
284 393.443407711011
285 394.819997091794
286 395.804609603418
287 396.734455422549
288 398.250415976738
289 399.565510922143
290 400.692875768712
291 400.826430942255
292 402.818318458900
293 403.907405043484
294 404.945586220612
295 406.161247797888
296 407.145015561887
297 408.039526672954
298 409.588213120836
299 410.871662863483
300 411.660571450853
301 412.731146957583
302 413.669285395296
303 415.429295872921
304 416.370591226616
305 417.129270213613
306 418.557476726827
307 419.487459422307
308 420.528953897983
309 422.510373029580
310 422.687254605134
311 424.066895492738
312 424.823388820005
313 426.732417008649
314 427.384017811342
315 428.698107954067
316 429.589385972485
317 430.617557835896
318 432.060772515970
319 433.037443119578
320 434.439352398953
321 435.348154160343
322 435.904163677450
323 437.582219399193
324 439.158108255197
325 439.537569445176
326 440.677227899855
327 442.169739917182
328 442.777044291222
329 444.438290507889
330 445.463739168413
331 446.448331621937
332 447.302008904811
333 448.506931088658
334 450.056620306918
335 451.070775905425
336 451.839972460977
337 452.879869538279
338 454.253514329354
339 455.422497421379
340 456.392498176649
341 457.782550501735
342 458.602132213340
343 459.232883374029
344 461.229860089685
345 462.093262103951
346 462.984574325851
347 464.074350134387
348 465.084496147604
349 466.565294070755
350 467.469878437025
351 468.852763450972
352 469.410153424018
353 470.850118898187
354 471.558488620326
355 473.449639415461
356 474.251661331198
357 474.862403416340
358 476.106908836422
359 477.524504888667
360 478.585174878090
361 479.563790858924
362 480.853431155415
363 481.635725155084
364 482.560089556220
365 484.373451762986
366 485.024407684857
367 486.433852215022
368 486.860821172527
369 488.201746375389
370 489.727584131497
371 490.725911864196
372 491.381656786790
373 493.008423782597
374 493.482083562986
375 494.840881854819
376 496.264596172215
377 497.514650230783
378 497.764550541258
379 499.021411746317
380 500.597773931526
381 501.470600996472
382 502.775458195536
383 503.466430549622
384 504.654124961431
385 505.739139439563
386 506.940053081678
387 508.298673685162
388 509.017744547113
389 510.163388567594
390 510.789757306407
391 512.829907982419
392 513.523603253455
393 514.223717529729
394 515.800889499231
395 516.411584547120
396 517.735975415498
397 519.016986672415
398 520.167292715260
399 520.872667783021
400 521.841481363615
401 523.120986253099
402 524.602934326171
403 525.360948828423
404 526.404135942231
405 527.200666147475
406 528.755645244318
407 529.579467899654
408 530.842335853778
409 532.055495939794
410 532.815358474646
411 533.508383228707
412 535.330957786315
413 536.335200439569
414 537.227107044987
415 538.026826770333
416 539.450819996046
417 540.220384197939
418 541.907599138114
419 542.462563061116
420 543.696092760349
421 544.785461264317
422 545.383442847239
423 547.187258082853
424 548.217679158056
425 548.943532318786
426 549.822639673721
427 551.119867403315
428 552.614795665226
429 553.034345058515
430 554.734801138318
431 555.381062032172
432 556.218689984231
433 557.562546522718
434 558.989683695929
435 559.789420852530
436 560.824185809752
437 561.579552852495
438 562.884918855125
439 564.375152251820
440 565.000010036537
441 566.121867806381
442 567.295583168317
443 568.092673667729
444 569.181680299434
445 570.934821531253
446 571.526840059248
447 572.240067758847
448 573.468181834449
449 574.731873613463
450 575.955557587145
451 576.798420970160
452 577.869362405310
453 578.901696573392
454 579.747418739431
455 581.248096442861
456 582.192370948182
457 583.351349314551
458 584.341799150617
459 584.662080711478
460 586.855128396000
461 587.363530089934
462 588.571741152541
463 589.366144575314
464 590.794446209378
465 591.322226552667
466 592.855302557494
467 594.116707762474
468 594.796809254262
469 595.668258507199
470 596.824141744650
471 598.088888745733
472 599.536729742477
473 599.899728686505
474 601.093915602816
475 602.134674465439
476 603.388979582488
477 604.293814846851
478 605.657211641386
479 606.596061539311
480 607.259225962844
481 608.263762769864
482 610.048741577270
483 610.875426492555
484 611.435652200991
485 613.003677066867
486 613.493458367671
487 614.973836698571
488 616.120801041654
489 616.988074234104
490 618.275844943959
491 618.785027484567
492 619.974871126388
493 621.398865412799
494 622.569382107109
495 623.328788593478
496 623.907597822063
497 625.552890517290
498 626.455609450306
499 627.493450467570
500 628.824833260083
501 629.522031660618
502 630.517965251824
503 631.417302392834
504 633.274115330677
505 633.660398646499
506 634.970114818588
507 635.634150165453
508 636.771614382137
509 638.175248891088
510 639.208784292617
511 639.915707252986
512 641.238042271647
513 642.151094119368
514 642.801767919869
515 644.604213070898
516 645.499509795839
517 646.299780202542
518 647.057489619445
519 648.396815869712
520 649.653108319206
521 650.541342416259
522 651.582296113387
523 652.839813697533
524 653.155988421160
525 654.822778564816
526 655.625704153246
527 657.245080496734
528 657.673907415059
529 658.599454552272
530 659.672167317610
531 661.222125495320
532 662.164713040434
533 662.779785948687
534 664.081757224672
535 665.224225514894
536 665.675156603787
537 667.462712628405
538 668.405646074293
539 669.145926513731
540 670.163613657263
541 671.043683395202
542 672.594045553293
543 673.514228881811
544 674.483988285832
545 675.272377628039
546 676.438700659701
547 677.521349763268
548 678.563794443853
549 679.768354241541
550 680.901923971747
551 681.409866527380
552 682.296378561175
553 684.193846750539
554 684.777196837084
555 685.781032433737
556 686.820614884037
557 687.725268100151
558 688.891994402781
559 689.942534643196
560 691.350709867036
561 691.805460586503
562 693.114842704988
563 693.734974763046
564 695.070273481262
565 696.655993907489
566 697.151376235906
567 697.816345869761
568 699.298302511462
569 700.133026751261
570 701.457381659899
571 702.240589338892
572 703.657637944008
573 704.299666103531
574 704.938584970642
575 706.571510333602
576 707.727326138354
577 708.475115309069
578 709.530587303471
579 710.287460248976
580 711.483704590727
581 712.950872084232
582 713.465509027688
583 714.767318340201
584 715.679694355415
585 716.578245107379
586 717.434962065884
587 719.276529164341
588 719.761302412726
589 720.851126750008
590 721.396540372782
591 723.040173172923
592 723.820758924333
593 725.028120639698
594 726.086723650264
595 726.784824203764
596 727.955481200985
597 728.765513685121
598 730.229608195175
599 731.297626712972
600 731.978790608429
601 733.073461604171
602 733.684486845149
603 735.545608657333
604 736.242215400506
605 736.963124669278
606 738.398014422053
607 739.147547927390
608 739.921080426006
609 741.428642292684
610 742.514928190808
611 743.448136241724
612 744.014708850613
613 745.171758726037
614 746.448568996654
615 747.520756143579
616 748.650981138333
617 749.134087772836
618 750.445751097656
619 751.353095013148
620 752.475139459451
621 753.557203543943
622 754.960934263307
623 755.310741946425
624 756.141311190820
625 757.580088433882
626 758.964039423002
627 759.568351578876
628 760.447132290546
629 761.773976564205
630 762.399481035528
631 763.597956042659
632 764.954791276375
633 765.736205557739
634 766.641929461508
635 767.874051658556
636 768.169351665461
637 770.186716534787
638 770.825807171182
639 771.788443716040
640 772.604029475412
641 773.679848244429
642 775.086928209927
643 775.554410671057
644 777.159131907866
645 777.978969874713
646 778.655985614204
647 779.566109459638
648 781.090675347974
649 782.074559528331
650 783.053565108184
651 783.726172787534
652 784.855540927562
653 785.829234175320
654 787.207446996009
655 787.961027609241
656 789.000960641945
657 790.138621214524
658 790.755634969823
659 791.746177736179
660 793.476255101494
661 794.195927957481
662 794.837344687792
663 795.827521973208
664 797.146311585276
665 797.983411763207
666 799.365498676363
667 799.934487046094
668 801.465127820779
669 801.667539127743
670 802.933267921251
671 804.345354400699
672 805.160010567276
673 806.480609726966
674 806.836233070477
675 807.791176458895
676 809.379423957393
677 810.325367364452
678 811.027286291646
679 812.295527828718
680 813.125365832876
681 814.027478987478
682 814.982951355499
683 816.653270454376
684 817.338222090617
685 817.860967112849
686 819.203169478287
687 819.963706450245
688 821.526012608288
689 822.212171539380
690 823.325781091991
691 824.006428242269
692 825.290936735525
693 826.021369060153
694 827.307034373933
695 828.466282318120
696 829.374656077635
697 830.046353339161
698 830.838652026625
699 832.536017175937
700 833.457220843201
701 834.069212578679
702 835.266672432626
703 836.360168877460
704 836.861645388417
705 838.407290338976
706 839.351807855750
707 840.351685717585
708 841.383732455791
709 841.812070128326
710 843.196161445464
711 844.408796092107
712 845.643966954126
713 846.018181992010
714 846.989125043127
715 848.446431367020
716 849.044878393387
717 850.233649386202
718 851.647790955569
719 852.089923215100
720 853.273711596867
721 853.757671005465
722 855.468503741034
723 856.459256594856
724 857.161587916231
725 858.178476321860
726 859.135520351814
727 860.002450375497
728 861.605546236624
729 861.992312176985
730 863.394869684619
731 864.195300188731
732 865.074637073070
733 865.832148857624
734 867.581300509457
735 868.446861847155
736 868.917954882861
737 870.062636305393
738 871.037628004821
739 872.334752630535
740 873.037737135594
741 874.347462957129
742 875.313270027673
743 875.818840042146
744 877.018574251542
745 878.079627209127
746 879.390259850392
747 880.228437383150
748 881.092729773621
749 881.690382800090
750 883.164084791009
751 884.137743482070
752 885.442820222338
753 885.662323586248
754 887.420874939068
755 887.835644777695
756 888.616159812897
757 890.412279666723
758 891.152498853406
759 891.986558631814
760 892.848588532624
761 893.791294152523
762 895.042331305350
763 896.160383995805
764 896.972852565280
765 897.983903017804
766 898.808207222064
767 899.876422467847
768 900.798433388475
769 902.053044418112
770 903.156213393612
771 904.054611845290
772 904.331242442238
773 905.745583886049
774 907.332475488636
775 907.654132311350
776 908.851550520846
777 909.842653947642
778 910.727833337388
779 911.583058857955
780 912.835155891637
781 914.046735333604
782 914.817130096928
783 915.535048223605
784 916.678845863031
785 917.429449412407
786 919.168227718266
787 919.799751584009
788 920.351079480051
789 921.731055852310
790 922.516767416199
791 923.590799660613
792 924.602986529278
793 925.887981197395
794 926.627360564387
795 927.459707902930
796 928.089522757581
797 930.026997239648
798 930.365172517123
799 931.681484550813
800 932.399025969345
801 933.294925338124
802 934.407463399503
803 935.473917374876
804 936.566290188620
805 937.404065751185
806 938.552880147051
807 939.181797947908
808 939.990333457811
809 941.638427884374
810 942.547091672883
811 943.359948113092
812 943.874270122162
813 945.418346730394
814 946.099260644765
815 947.255985964973
816 948.362235377022
817 949.354381026560
818 949.986003750145
819 951.020065729772
820 951.947243766839
821 953.467234047740
822 954.176794409542
823 955.016446764223
824 955.992330434741
825 956.704335777142
826 958.309288608942
827 959.068335612784
828 959.787142864356
829 961.294725664834
830 961.825060162423
831 962.507949781804
832 963.930737180022
833 965.174471392686
834 966.058449220799
835 966.533242453308
836 967.656742088190
837 968.760049816240
838 969.785092051254
839 970.938198200708
840 971.727056157373
841 972.612033658999
842 973.632982243672
843 974.507961170259
844 975.535030414261
845 977.065326228358
846 977.501738088160
847 978.631397187993
848 979.018260477512
849 980.612506257209
850 981.788839817893
851 982.304426851481
852 983.505700736090
853 984.371506423567
854 985.478425919997
855 985.893269375105
856 987.849679975978
857 988.187398103788
858 989.355526739659
859 990.329823895669
860 990.777028049367
861 992.269808242506
862 993.560470970163
863 994.064610962679
864 995.089293542702
865 996.008850590176
866 997.062365980776
867 997.988373483880
868 998.968921593897
869 1000.528826209219
870 1000.911036811541
871 1001.541090269410
872 1002.799865030360
873 1004.000415342879
874 1005.119756097663
875 1005.805231386311
876 1006.700588317638
877 1007.844850161654
878 1008.466563105144
879 1009.882244266586
880 1010.725168031663
881 1011.815627350499
882 1012.623314409938
883 1013.701721775241
884 1014.020955690821
885 1015.843134793875
886 1016.862443583820
887 1017.360273197732
888 1018.226474894012
889 1019.552943254378
890 1020.225161544751
891 1021.422633281180
892 1022.434313083728
893 1023.513247228180
894 1024.263786608856
895 1024.965329717244
896 1026.068850349604
897 1027.508244201348
898 1028.146144607072
899 1029.395707025505
900 1029.845828289279
901 1030.760522599457
902 1032.369561057881
903 1032.841880220255
904 1034.084314732733
905 1035.012533003035
906 1035.943301210421
907 1036.740567218946
908 1037.485062958608
909 1039.294499471366
910 1039.903143644920
911 1040.580791546796
912 1041.570647439208
913 1042.659643808923
914 1043.532510322213
915 1044.864585069400
916 1045.622916946198
917 1046.464991832952
918 1047.742780523125
919 1048.063287719565
920 1049.440689236941
921 1050.471662181942
922 1051.882481996252
923 1052.143257203601
924 1053.054495978229
925 1054.070313515576
926 1055.496368549076
927 1056.338597580832
928 1056.973574937430
929 1058.385002041042
930 1059.045985259322
931 1059.730544959495
932 1061.027050951199
933 1062.251434451064
934 1063.036564735791
935 1064.003835687379
936 1064.586154773366
937 1065.709361896568
938 1066.892820612945
939 1068.037699620467
940 1068.784253033111
941 1069.479598332649
942 1070.696499989074
943 1071.720819427598
944 1072.205664611084
945 1073.984942805255
946 1074.553783375071
947 1075.535615680117
948 1076.129589327569
949 1077.193791496714
950 1078.705566144547
951 1079.396640032567
952 1080.160425447933
953 1081.498052423583
954 1081.898547571825
955 1083.071939260649
956 1084.228296885047
957 1085.153107262940
958 1086.212016503801
959 1087.054275858403
960 1087.864913964206
961 1088.518851573554
962 1090.321333637853
963 1090.897860341901
964 1091.990548289177
965 1092.391553998078
966 1093.922656807887
967 1094.499403012654
968 1095.644464656205
969 1096.731139346624
970 1097.883567675462
971 1098.428198267897
972 1099.184146283414
973 1100.408854279289
974 1101.473074643960
975 1102.644803780058
976 1103.518761474855
977 1103.888078982476
978 1105.297902700469
979 1106.020508275284
980 1107.468081299178
981 1107.989738822486
982 1109.163446157444
983 1110.280293610102
984 1110.752437540473
985 1111.541221032520
986 1113.303888878400
987 1114.169234884178
988 1114.529046469834
989 1115.905285673466
990 1116.415606105396
991 1117.784368424099
992 1118.656247704409
993 1119.721905265607
994 1120.720467808890
995 1121.376370149051
996 1122.438671794623
997 1123.222073413022
998 1124.429171512700
999 1125.743723807780
1000 1126.320398051379
1001 1127.083280078730
1002 1127.902909434206
1003 1129.320059094537
1004 1130.283813040861
1005 1130.958362312340
1006 1132.200308299893
1007 1132.986075763794
1008 1133.850101252200
1009 1134.588675706670
1010 1136.035973996307
1011 1137.206704379663
1012 1137.563760330889
1013 1138.678870177579
1014 1139.503961016192
1015 1140.454984697451
1016 1141.895777280957
1017 1142.687515114598
1018 1143.239983292618
1019 1144.511415316005
1020 1145.452217735273
1021 1145.986587859808
1022 1147.431673145749
1023 1148.392070813721
1024 1149.509805895323
1025 1150.016592261455
1026 1150.596276369666
1027 1152.343025048547
1028 1152.965991145138
1029 1154.167549835817
1030 1154.800269766802
1031 1156.019529291450
1032 1156.517012274946
1033 1157.761918345720
1034 1158.716272907734
1035 1159.892693799657
1036 1160.706926737140
1037 1161.553014589190
1038 1162.314223208150
1039 1163.209833230440
1040 1164.919415723274
1041 1165.422169844880
1042 1166.174860844561
1043 1167.197166297711
1044 1168.304144967540
1045 1169.039811769685
1046 1170.026444541785
1047 1171.457107974302
1048 1172.078787393333
1049 1172.842310532796
1050 1173.818662165147
1051 1174.616258690184
1052 1176.262762846690
1053 1176.707577052115
1054 1177.855272289477
1055 1178.533399672352
1056 1179.466982001811
1057 1180.522132909266
1058 1181.896437256008
1059 1182.141379849130
1060 1183.746747248090
1061 1184.482432314535
1062 1184.939749174443
1063 1186.017587898147
1064 1187.536407141442
1065 1188.301668592733
1066 1189.230951382119
1067 1189.713955080665
1068 1191.058931135458
1069 1191.882368306984
1070 1192.821994600983
1071 1194.220248869274
1072 1194.674163203425
1073 1195.736051332951
1074 1196.717847427741
1075 1197.278023936196
1076 1198.680419084284
1077 1199.817498919061
1078 1200.638244170781
1079 1201.193203751934
1080 1202.119057869842
1081 1203.366201566721
1082 1204.403101534903
1083 1205.197067321043
1084 1206.141828938103
1085 1207.364124781157
1086 1207.881134526001
1087 1208.589811279812
1088 1210.108531604493
1089 1211.162160983590
1090 1211.812809577948
1091 1212.696295972501
1092 1213.655443918565
1093 1214.350669747118
1094 1215.998710974336
1095 1216.475448303105
1096 1217.509251337704
1097 1218.544833950035
1098 1219.149072035473
1099 1220.524509029176
1100 1220.836343598783
1101 1222.582578320338
1102 1223.447782274187
1103 1223.925243372748
1104 1224.715023066320
1105 1225.964932067220
1106 1227.048252128156
1107 1227.987231708994
1108 1228.860738770375
1109 1229.688142926251
1110 1230.882502802029
1111 1231.258914266241
1112 1232.586864822486
1113 1233.802480198584
1114 1234.438865793795
1115 1235.612177901037
1116 1236.251437398173
1117 1236.860043898634
1118 1238.413813543299
1119 1239.530565701257
1120 1240.056663465568
1121 1240.882337026842
1122 1242.143410001446
1123 1242.835131121712
1124 1243.714435133364
1125 1244.949497401979
1126 1246.092532214016
1127 1246.673864689430
1128 1247.596611879329
1129 1248.218028863387
1130 1249.712233156712
1131 1250.562307350192
1132 1251.547205455913
1133 1252.520489160056
1134 1252.932565138319
1135 1254.259075466713
1136 1255.168383993273
1137 1256.138476626381
1138 1257.126164474804
1139 1258.359221517544
1140 1258.693681728399
1141 1259.719236663125
1142 1260.539605968684
1143 1262.279093186522
1144 1262.866043820782
1145 1263.280778980716
1146 1264.625265809372
1147 1265.524517694580
1148 1266.191624226323
1149 1267.695021177262
1150 1268.227010222712
1151 1269.615017955396
1152 1269.964615070625
1153 1271.112387371724
1154 1271.800392836840
1155 1273.185706247449
1156 1274.259773069403
1157 1274.912334418966
1158 1275.747634400660
1159 1276.447792894743
1160 1277.905275641155
1161 1278.672646115728
1162 1279.531557986150
1163 1280.719791019734
1164 1281.505885705959
1165 1282.404211207538
1166 1282.843935157706
1167 1284.586376397091
1168 1285.263266710730
1169 1286.436898550691
1170 1286.821515577000
1171 1287.892745237492
1172 1288.876534158693
1173 1289.930873707907
1174 1291.064513001653
1175 1291.792677675693
1176 1292.532341192743
1177 1293.926121511764
1178 1294.244847648117
1179 1295.272630455586
1180 1296.951352899575
1181 1297.393021995400
1182 1298.321192849721
1183 1298.989019304853
1184 1300.019843319795
1185 1301.336449607404
1186 1302.159400525646
1187 1302.877701705433
1188 1304.163066809139
1189 1304.794057635849
1190 1305.492355227321
1191 1306.760445635768
1192 1307.750555043417
1193 1308.758494787891
1194 1309.721383536803
1195 1310.278619721019
1196 1311.102823242044
1197 1312.333680826656
1198 1313.608384727385
1199 1314.304585484461
1200 1314.863276469578
1201 1316.262504666311
1202 1316.852068703840
1203 1317.822754434625
1204 1318.779176874769
1205 1320.269186096421
1206 1320.788242143900
1207 1321.418652620955
1208 1322.468351401999
1209 1323.413845440216
1210 1324.677962387238
1211 1325.515283471220
1212 1326.434611889362
1213 1327.056030046890
1214 1328.204653359638
1215 1329.009227508657
1216 1330.071556992231
1217 1331.159919922361
1218 1331.931734066568
1219 1333.128017158247
1220 1333.643777953453
1221 1334.161962949553
1222 1336.183232532857
1223 1336.560408161878
1224 1337.501680088564
1225 1338.421541375122
1226 1339.262419639966
1227 1340.323039886890
1228 1341.087479803162
1229 1342.362314154331
1230 1343.185225613615
1231 1344.273086744364
1232 1344.604961478800
1233 1345.860832061912
1234 1346.620181195789
1235 1348.065375054012
1236 1348.945586550886
1237 1349.455274899835
1238 1350.319051588061
1239 1351.436607649900
1240 1352.487106010648
1241 1353.322602070436
1242 1354.290007464835
1243 1355.415975133638
1244 1356.158140333992
1245 1356.724525021011
1246 1357.770150423995
1247 1359.271118527543
1248 1359.951297024442
1249 1360.766696622973
1250 1361.508501558104
1251 1362.731115908138
1252 1363.199341709049
1253 1364.912066129415
1254 1365.301360526853
1255 1366.321988009172
1256 1367.372062898464
1257 1368.215285711220
1258 1368.742938178106
1259 1370.097786352893
1260 1371.237814190466
1261 1372.193157653905
1262 1372.639920608952
1263 1373.431772965973
1264 1374.705659317171
1265 1375.911990107997
1266 1376.301756605974
1267 1377.749123247089
1268 1378.389290201288
1269 1379.173730627723
1270 1380.214836887427
1271 1380.948612776194
1272 1382.480063890810
1273 1383.067262973752
1274 1383.963963397910
1275 1384.993829918970
1276 1385.309356843176
1277 1386.857158500008
1278 1387.918545012678
1279 1388.674089466710
1280 1389.283380913835
1281 1390.615983787438
1282 1391.359314636694
1283 1391.946189576080
1284 1393.296872721884
1285 1394.619630514657
1286 1394.943714132554
1287 1395.974886390292
1288 1396.614016240796
1289 1397.832545406118
1290 1398.900197157128
1291 1399.950501552986
1292 1400.459490690943
1293 1401.701935010250
1294 1402.233499017592
1295 1403.294465594700
1296 1404.519287733356
1297 1405.063461509062
1298 1406.626980777859
1299 1407.060629433822
1300 1407.779755249440
1301 1408.623990675604
1302 1410.088459866246
1303 1410.985472529792
1304 1411.833725401506
1305 1412.386794425025
1306 1413.605674362769
1307 1414.577667988478
1308 1415.051896771958
1309 1416.596281753698
1310 1417.397022235203
1311 1418.188533829790
1312 1419.052675321916
1313 1419.885393019409
1314 1420.707221321055
1315 1422.216683704000
1316 1422.969698245656
1317 1423.625450382219
1318 1424.568096731149
1319 1425.357128208039
1320 1426.649147618180
1321 1427.336861117437
1322 1428.335042945757
1323 1429.537020088765
1324 1430.170945320116
1325 1430.980259458268
1326 1431.604878658416
1327 1433.230574472035
1328 1434.169969754037
1329 1434.564355987125
1330 1435.954330538501
1331 1436.262826693368
1332 1437.491214650899
1333 1438.536535851554
1334 1439.483120572424
1335 1440.399932771725
1336 1441.246035481521
1337 1442.165478013089
1338 1442.921160152202
1339 1443.761667257963
1340 1445.158398849442
1341 1446.217873469727
1342 1446.810673793954
1343 1447.127924106436
1344 1448.854763514205
1345 1449.258042409796
1346 1450.705040861437
1347 1451.284766103349
1348 1452.364443534736
1349 1453.374973857244
1350 1453.859374398947
1351 1454.782526772082
1352 1456.199296351860
1353 1456.976720351937
1354 1457.905136277966
1355 1458.795557463762
1356 1459.323094050114
1357 1460.367057196366
1358 1461.822838880228
1359 1462.425017312051
1360 1463.243979046245
1361 1464.261552037561
1362 1465.264597958064
1363 1465.850101185993
1364 1466.781434863915
1365 1468.165575353510
1366 1469.216608000914
1367 1469.538096557304
1368 1470.536807338869
1369 1471.337233381800
1370 1472.687162484558
1371 1473.395828747770
1372 1474.569918151300
1373 1475.192541582344
1374 1476.142452811939
1375 1476.920747597474
1376 1478.109058468532
1377 1478.709910629522
1378 1480.214735797546
1379 1480.820521169633
1380 1481.620964664301
1381 1482.498723421469
1382 1483.116561687366
1383 1484.919212420180
1384 1485.403819118922
1385 1486.112427685468
1386 1487.142477842016
1387 1488.402855224406
1388 1488.582164462165
1389 1489.857692468174
1390 1491.171784007047
1391 1491.707985445328
1392 1492.950051142870
1393 1493.355642320161
1394 1494.239684527487
1395 1495.469203016828
1396 1496.486563806919
1397 1497.535147986336
1398 1498.140321856195
1399 1498.789288267012
1400 1500.100542454457
1401 1500.847490043989
1402 1501.852994747412
1403 1502.777658008064
1404 1503.960984443278
1405 1504.752633678810
1406 1505.006009343114
1407 1506.258875270077
1408 1507.524221005678
1409 1508.544753238153
1410 1509.066815591529
1411 1509.995747464494
1412 1510.977605171171
1413 1511.737043888791
1414 1512.853774691639
1415 1513.853835762836
1416 1514.831043610961
1417 1515.405705077245
1418 1516.738120196035
1419 1517.072765031687
1420 1518.001890917578
1421 1519.786535184675
1422 1520.124081645299
1423 1521.012047511599
1424 1521.796078693846
1425 1522.740547644410
1426 1523.846719357361
1427 1524.870880248286
1428 1525.429357967164
1429 1526.934382159156
1430 1527.369919891895
1431 1528.089905397425
1432 1529.123199321356
1433 1530.263805811009
1434 1531.284998345386
1435 1532.161125695452
1436 1532.915838573180
1437 1533.555233911191
1438 1534.638268180936
1439 1535.752666280930
1440 1536.879084822968
1441 1537.284026992170
1442 1538.484543879465
1443 1539.299241863328
1444 1540.405862657037
1445 1540.533432518258
1446 1542.415340963190
1447 1543.120919368802
1448 1543.982120551160
1449 1544.490346035429
1450 1545.543257224429
1451 1546.680610083698
1452 1547.481013795038
1453 1548.793272419341
1454 1549.164392199998
1455 1550.221328963015
1456 1551.340320616706
1457 1551.642499803771
1458 1553.143423620566
1459 1553.888670588571
1460 1555.105408409020
1461 1555.723396810606
1462 1556.540819188802
1463 1557.066145232861
1464 1558.783272657800
1465 1559.533371772953
1466 1560.133259953807
1467 1561.207631332705
1468 1562.200078914497
1469 1562.777231860108
1470 1563.856896046768
1471 1564.756407677567
1472 1566.182387726211
1473 1566.657978956946
1474 1567.295978387403
1475 1568.514994324460
1476 1569.057541518821
1477 1570.436339235576
1478 1571.562585746344
1479 1571.985874677015
1480 1572.885570006998
1481 1573.844564600518
1482 1574.881065692672
1483 1575.598538019038
1484 1576.718333509968
1485 1577.734058095530
1486 1578.667271016111
1487 1579.244255848425
1488 1579.869438613311
1489 1581.221146723946
1490 1582.571315174479
1491 1582.874905590024
1492 1583.857339059622
1493 1584.870526847460
1494 1585.604917115116
1495 1586.484361272975
1496 1587.736606905595
1497 1588.516914218469
1498 1589.393717541813
1499 1590.402017917683
1500 1591.155752267600
1501 1591.642459020504
1502 1593.147275666983
1503 1594.137350125881
1504 1595.000531279754
1505 1595.634389877033
1506 1596.256030299296
1507 1597.802710862900
1508 1598.293253693205
1509 1599.295944667829
1510 1600.538329563005
1511 1601.188118658021
1512 1602.049977003964
1513 1602.773618097467
1514 1603.687265009784
1515 1605.044529816581
1516 1605.846260193158
1517 1606.721229347423
1518 1607.300027308155
1519 1608.420547617853
1520 1609.034709570260
1521 1610.602805112456
1522 1611.155567876290
1523 1611.860725317765
1524 1613.415246352011
1525 1613.532972511223
1526 1614.655508212696
1527 1615.381865516903
1528 1617.086984825669
1529 1617.535367579348
1530 1618.311616698778
1531 1619.127741535484
1532 1620.066251030420
1533 1621.124596293878
1534 1622.163513129456
1535 1622.893885298710
1536 1623.976063774166
1537 1624.693082257016
1538 1625.445612590120
1539 1626.477124934168
1540 1627.391677485589
1541 1628.499300778434
1542 1629.503818846027
1543 1630.318617216678
1544 1630.549565448541
1545 1631.828159143011
1546 1633.103035227182
1547 1633.822997835254
1548 1634.834871180142
1549 1635.342265975028
1550 1636.697465086420
1551 1637.343257898584
1552 1637.874335447371
1553 1639.445022806186
1554 1640.419233523676
1555 1640.863700612955
1556 1641.920150031749
1557 1642.690047451313
1558 1643.419456370472
1559 1645.041712938648
1560 1645.435418535458
1561 1646.706262170112
1562 1647.014654514625
1563 1648.262901684303
1564 1649.051868228636
1565 1650.009225151444
1566 1650.912550557954
1567 1652.145144753395
1568 1652.869336932704
1569 1653.600160715687
1570 1654.054207830275
1571 1655.597960895627
1572 1656.546664641642
1573 1657.415674327130
1574 1657.993385786934
1575 1659.199250068669
1576 1659.786904617728
1577 1660.743884491955
1578 1661.891772741563
1579 1662.697002904819
1580 1663.826165448818
1581 1664.425763350586
1582 1665.279629072862
1583 1666.122271799389
1584 1667.003112545628
1585 1668.667480282581
1586 1669.086071030832
1587 1669.532617048104
1588 1670.764854030047
1589 1671.695604560061
1590 1672.539686576706
1591 1673.478150239969
1592 1674.564163252662
1593 1675.405548927445
1594 1676.276894677064
1595 1676.898527138476
1596 1677.662401879872
1597 1679.362544594519
1598 1679.698013472561
1599 1680.825958516874
1600 1681.812984508880
1601 1682.060829570364
1602 1683.353261587485
1603 1684.426343879473
1604 1685.312244172260
1605 1686.049814204299
1606 1687.182913018532
1607 1687.876520901144
1608 1688.782850449259
1609 1689.282107361558
1610 1690.916333661705
1611 1691.791096282975
1612 1692.403310034994
1613 1693.087906428803
1614 1694.076368257811
1615 1695.194841514181
1616 1695.927873978992
1617 1697.086951643158
1618 1697.863497144834
1619 1698.782083793953
1620 1699.426878769438
1621 1700.512984199346
1622 1701.162565852132
1623 1702.518669026636
1624 1703.461856677471
1625 1704.089879878613
1626 1704.922007721872
1627 1705.585386148619
1628 1706.797072011418
1629 1708.081268992311
1630 1708.544465081976
1631 1709.291271800949
1632 1710.789062149424
1633 1711.162839498241
1634 1711.761746180899
1635 1713.224836971785
1636 1714.094676758470
1637 1715.188489337744
1638 1715.691954146840
1639 1716.469138715965
1640 1717.465757074027
1641 1718.435578902687
1642 1719.660729033187
1643 1720.268796673981
1644 1721.319081432371
1645 1721.772004855740
1646 1723.097167416593
1647 1723.737059888461
1648 1724.614891185606
1649 1725.897290281465
1650 1726.929453652527
1651 1727.217202982914
1652 1728.247130727596
1653 1728.885480016608
1654 1730.547578574699
1655 1731.022200680203
1656 1731.981286820469
1657 1732.826420365861
1658 1733.676164044112
1659 1734.644605173940
1660 1735.256546726576
1661 1736.618731996715
1662 1737.509931796885
1663 1738.130231826371
1664 1739.304411662142
1665 1739.819601416506
1666 1740.524949851833
1667 1742.042894645961
1668 1743.076386111349
1669 1743.453717624291
1670 1744.341631929307
1671 1745.411510018709
1672 1746.131920267167
1673 1747.352001535242
1674 1747.844811378763
1675 1749.280984096922
1676 1750.018998633692
1677 1750.675101981117
1678 1751.263788583354
1679 1752.598344292716
1680 1753.516323345541
1681 1754.560277432868
1682 1755.390426586535
1683 1755.863306801259
1684 1756.985402604179
1685 1757.811950059908
1686 1758.859397402003
1687 1759.959051321192
1688 1760.438256183843
1689 1761.706819418724
1690 1762.451164867246
1691 1762.986920075044
1692 1763.920013235099
1693 1765.585873200033
1694 1766.010706880481
1695 1766.922456054669
1696 1767.437097476356
1697 1768.780980670576
1698 1769.352843542289
1699 1770.558541711149
1700 1771.411737482817
1701 1772.301652407809
1702 1773.278888531666
1703 1773.790242132474
1704 1774.845503560395
1705 1775.617442645840
1706 1777.106502675630
1707 1777.539600785894
1708 1778.692669921162
1709 1779.295136221720
1710 1779.794356043111
1711 1781.450662567314
1712 1782.177336975714
1713 1782.805109876439
1714 1784.068489696701
1715 1784.664362851745
1716 1785.754189211725
1717 1786.159755459334
1718 1787.342364509597
1719 1788.728733628161
1720 1789.307033136580
1721 1789.974637719898
1722 1790.849716972409
1723 1791.827442572583
1724 1792.647085934820
1725 1793.914129841187
1726 1794.861502651619
1727 1795.132162831086
1728 1796.417735093676
1729 1797.269488924840
1730 1797.878109141839
1731 1799.033710345433
1732 1800.033200490442
1733 1801.160937803874
1734 1801.679140059504
1735 1802.259072317063
1736 1803.267573800769
1737 1804.578103360991
1738 1805.513550639633
1739 1805.992457986818
1740 1807.135100854463
1741 1807.953140195158
1742 1808.749019358134
1743 1809.467051647091
1744 1810.860983902976
1745 1811.504579857637
1746 1812.567144561056
1747 1813.378779127685
1748 1813.932023554623
1749 1814.818097150375
1750 1816.069688468924
1751 1817.128663006430
1752 1817.888389916587
1753 1818.399174791202
1754 1819.427524070468
1755 1820.540175101118
1756 1821.180018789599
1757 1822.051833497176
1758 1823.429783713859
1759 1824.313945826580
1760 1824.446992973641
1761 1825.854707355935
1762 1826.221890392773
1763 1827.784455183384
1764 1828.670087864825
1765 1829.233108732700
1766 1830.192101426905
1767 1831.174002568009
1768 1831.612001676831
1769 1833.126785582356
1770 1833.692863463887
1771 1834.748689706687
1772 1835.598715506168
1773 1836.691169559328
1774 1837.025830677836
1775 1837.830109985776
1776 1839.460958021104
1777 1840.115238371053
1778 1841.073755035892
1779 1841.468944157761
1780 1842.569007247558
1781 1843.664580995242
1782 1844.236951954054
1783 1845.526717653566
1784 1846.226683841430
1785 1847.312065910284
1786 1847.895210526665
1787 1848.633650545474
1788 1849.742789026724
1789 1850.634215384912
1790 1851.888651456391
1791 1852.549987678845
1792 1853.212182183891
1793 1853.877873791694
1794 1855.204759369191
1795 1855.953574723534
1796 1857.206196349644
1797 1857.514473896586
1798 1858.816316058556
1799 1859.622354354262
1800 1860.275731610090
1801 1860.919410989109
1802 1862.618267294844
1803 1863.282454827822
1804 1863.827417016789
1805 1864.930065316890
1806 1865.558628463871
1807 1866.466897139389
1808 1867.746962392900
1809 1868.496759154825
1810 1869.317340322489
1811 1870.237918961912
1812 1871.004181360078
1813 1871.882059471222
1814 1872.763316322436
1815 1873.670444660145
1816 1875.107525874105
1817 1875.562266696159
1818 1876.188805242247
1819 1877.024815100494
1820 1878.115892074469
1821 1879.466950621979
1822 1879.783448179852
1823 1880.854061841068
1824 1881.880096527345
1825 1882.444461087571
1826 1883.428424609533
1827 1884.185400205596
1828 1885.481721060923
1829 1886.322671973901
1830 1887.048775639388
1831 1887.919985644852
1832 1888.605359022294
1833 1889.471912726660
1834 1890.814399800622
1835 1891.787753105225
1836 1892.257939271487
1837 1892.980509406776
1838 1894.379947546460
1839 1894.845647984568
1840 1895.656636488797
1841 1897.034489342652
1842 1897.702351211572
1843 1898.801755622931
1844 1899.453067195850
1845 1899.778031017971
1846 1901.272204713262
1847 1902.324638228728
1848 1902.940826641103
1849 1904.104554313889
1850 1904.548986028616
1851 1905.588105161752
1852 1906.322942721534
1853 1907.681429951484
1854 1908.058742958025
1855 1909.463318920918
1856 1910.056973251179
1857 1910.971534150464
1858 1911.620388326555
1859 1912.385188801416
1860 1914.022686632657
1861 1914.611987219009
1862 1915.360462387634
1863 1915.970354917696
1864 1917.276848679493
1865 1917.845118843542
1866 1918.873232049347
1867 1919.832120164346
1868 1920.928855606572
1869 1921.537932219333
1870 1922.323391368614
1871 1923.230479353647
1872 1923.973670022292
1873 1925.251880216179
1874 1926.368028363481
1875 1926.688652421716
1876 1927.725459661814
1877 1928.393122896467
1878 1929.395674127552
1879 1930.694835670141
1880 1931.181333502468
1881 1932.073572646700
1882 1933.349439493868
1883 1933.985463015068
1884 1934.343561556577
1885 1935.547598197485
1886 1936.856670963171
1887 1937.650325483585
1888 1938.247198454945
1889 1939.343911639062
1890 1939.665772656325
1891 1941.200523979489
1892 1941.655180341351
1893 1942.992066267646
1894 1943.784296771322
1895 1944.287489238728
1896 1945.476693021172
1897 1946.288260941829
1898 1946.791003195892
1899 1948.191988812334
1900 1949.201866692410
1901 1949.974210251047
1902 1950.470512260767
1903 1951.275902925604
1904 1952.462962661282
1905 1953.476828152214
1906 1954.350055940898
1907 1954.954331708383
1908 1956.142523725480
1909 1956.891430696019
1910 1957.466736895194
1911 1958.467529585088
1912 1959.761669987282
1913 1960.439553753830
1914 1961.463000253172
1915 1961.949952279668
1916 1963.087601143529
1917 1963.448728728421
1918 1965.146954072502
1919 1965.870861542984
1920 1966.351323923295
1921 1967.512221687396
1922 1968.216000881319
1923 1969.185943981618
1924 1969.958151502689
1925 1970.857519205173
1926 1972.243301015596
1927 1972.848584240749
1928 1973.440266375501
1929 1974.129903197798
1930 1975.415757296150
1931 1976.245335710434
1932 1977.348544963512
1933 1978.068903871978
1934 1978.739058639345
1935 1979.772366199148
1936 1980.511035432408
1937 1981.432017192401
1938 1982.531817018209
1939 1983.345794767144
1940 1984.261495957714
1941 1985.103395961590
1942 1985.907144402587
1943 1986.228496363818
1944 1988.093276126609
1945 1988.690354145856
1946 1989.432004482340
1947 1990.172887810199
1948 1991.161207871721
1949 1992.127504015809
1950 1992.750475823991
1951 1993.897360537390
1952 1994.924786327424
1953 1995.667809933373
1954 1996.426993671083
1955 1997.253471866570
1956 1997.911130684793
1957 1999.366020844957
1958 1999.993276039335
1959 2001.175453995303
1960 2001.672139317858
1961 2002.292429112879
1962 2003.495906766586
1963 2004.440377684787
1964 2005.353957791775
1965 2006.002249425285
1966 2007.429334694077
1967 2007.757333874006
1968 2008.635659269329
1969 2009.376474898634
1970 2010.537888049109
1971 2011.954285791776
1972 2012.280883240450
1973 2012.812975264853
1974 2014.219942302497
1975 2014.681044260134
1976 2015.695488548392
1977 2016.941607968502
1978 2017.591801744071
1979 2018.358819442131
1980 2019.466688986505
1981 2020.055226143328
1982 2020.855795565738
1983 2021.851204377711
1984 2023.173221560123
1985 2023.778666397130
1986 2024.718837809611
1987 2025.074316640106
1988 2026.126317274657
1989 2027.533113013294
1990 2027.968885914419
1991 2029.013487068822
1992 2029.876956359588
1993 2030.894078666544
1994 2031.402521105904
1995 2032.210627181690
1996 2033.366729351242
1997 2034.527727675680
1998 2035.063265699208
1999 2036.231417042114
2000 2036.540090930205
2001 2037.536502355654
2002 2038.554554865256
2003 2039.816369838780
2004 2040.312716439082
2005 2041.333391590302
2006 2041.886026330159
2007 2043.140339196864
2008 2043.855525046905
2009 2044.309394778483
2010 2046.062166289662
2011 2046.579398196779
2012 2047.391608470121
2013 2048.070357552695
2014 2048.890528811839
2015 2049.978757632498
2016 2051.148946997251
2017 2051.743217948148
2018 2052.613314237184
2019 2053.524122158926
2020 2054.396220939353
2021 2054.906738561193
2022 2056.365637192354
2023 2056.897462356594
2024 2057.985300105451
2025 2059.149508470621
2026 2059.378764259787
2027 2060.155125803296
2028 2061.279663137237
2029 2062.528725166592
2030 2063.403696714153
2031 2063.815229125729
2032 2064.725736801937
2033 2066.003574929706
2034 2066.315207625713
2035 2067.495274957582
2036 2068.341639101906
2037 2069.709808165228
2038 2070.020631496192
2039 2070.851054881871
2040 2071.793545607892
2041 2072.526077298974
2042 2073.800510997614
2043 2074.676621344563
2044 2075.533108969490
2045 2076.078601302234
2046 2076.897989376776
2047 2078.123893989686
2048 2078.730307196475
2049 2079.891836665588
2050 2080.583451238870
2051 2081.696016788697
2052 2082.370717136462
2053 2083.248488288157
2054 2083.520922093896
2055 2085.490385309396
2056 2085.921488611009
2057 2086.655865184923
2058 2087.620694489180
2059 2088.411566254001
2060 2089.162721110374
2061 2090.294101705861
2062 2091.170783925845
2063 2092.031342033021
2064 2093.002840686927
2065 2093.630925874397
2066 2094.524437729683
2067 2095.302237553839
2068 2096.227930688433
2069 2097.578133449452
2070 2098.309057568296
2071 2098.828772035714
2072 2099.525612575103
2073 2100.665140172452
2074 2101.731928314968
2075 2102.386168836881
2076 2103.449711869341
2077 2104.184207505970
2078 2105.259491241316
2079 2105.825837935159
2080 2106.432303739142
2081 2107.831067975176
2082 2108.674905779588
2083 2109.756935972175
2084 2110.101509977806
2085 2111.115220571879
2086 2111.892883502930
2087 2112.772896862562
2088 2114.128320194023
2089 2114.886655936730
2090 2115.167780750546
2091 2116.641244494835
2092 2117.215022205007
2093 2117.984825139827
2094 2118.817891258846
2095 2120.185646401421
2096 2120.952412114644
2097 2121.708062390208
2098 2122.345134175668
2099 2123.054612436194
2100 2124.378332020159
2101 2125.300047893697
2102 2125.904702123735
2103 2127.033449136219
2104 2127.891587083990
2105 2128.217538405383
2106 2129.687073983978
2107 2130.056367627570
2108 2131.343952527698
2109 2132.366636215268
2110 2132.915585820494
2111 2134.083719236818
2112 2134.223766956913
2113 2135.391556721450
2114 2136.741231747716
2115 2137.631838134571
2116 2137.971161144518
2117 2138.949186953417
2118 2140.102474070170
2119 2140.691461008477
2120 2141.425832743261
2121 2142.688541832559
2122 2143.598248360385
2123 2144.542473477571
2124 2144.854677120513
2125 2146.049566349966
2126 2146.556115705913
2127 2147.969143839100
2128 2148.754644937044
2129 2149.752779140926
2130 2150.144702085699
2131 2151.208498334617
2132 2151.990626519927
2133 2152.993071986819
2134 2153.997583718797
2135 2154.578466631965
2136 2155.910000661295
2137 2156.696357682815
2138 2156.932512493410
2139 2157.870164969151
2140 2159.315185029454
2141 2160.074795549891
2142 2160.965090022616
2143 2161.624481496661
2144 2162.321754598954
2145 2163.672882551616
2146 2163.943827050790
2147 2165.237528750293
2148 2166.246160151699
2149 2166.896637525279
2150 2167.791632524260
2151 2168.569295112787
2152 2169.448415215634
2153 2170.038584685791
2154 2171.679513904991
2155 2172.336507298294
2156 2172.775938153574
2157 2173.823553972848
2158 2174.471077121453
2159 2175.639479149169
2160 2176.711203336858
2161 2177.060549709899
2162 2178.471425025292
2163 2179.057259127505
2164 2180.024238337256
2165 2180.413301655081
2166 2181.531079096892
2167 2182.954836190765
2168 2183.348324740445
2169 2184.366240895699
2170 2185.114676704685
2171 2185.807983143539
2172 2186.677787322353
2173 2188.055237468327
2174 2188.570268905320
2175 2189.583187023305
2176 2190.237535608472
2177 2191.441233278475
2178 2191.838140813130
2179 2192.770269350334
2180 2193.787496923733
2181 2195.107505924647
2182 2195.737705689240
2183 2196.176294923939
2184 2196.977649839341
2185 2198.329933851738
2186 2198.865806150167
2187 2200.110326746048
2188 2200.814206900406
2189 2201.580275771471
2190 2202.531105753755
2191 2203.307286362858
2192 2203.966558646002
2193 2205.165184137940
2194 2206.216462036970
2195 2206.763851466765
2196 2208.031232047038
2197 2208.317455748188
2198 2208.988191771643
2199 2210.451199882685
2200 2211.433259533102
2201 2212.088731222308
2202 2212.665808315701
2203 2213.954464695942
2204 2214.524907083807
2205 2215.358430396947
2206 2216.218867792858
2207 2217.455367532623
2208 2218.301246623127
2209 2219.030244278410
2210 2219.558370180376
2211 2220.589720911876
2212 2221.427544315961
2213 2222.663254187893
2214 2223.390223741378
2215 2224.214848143300
2216 2224.966737966546
2217 2225.687082174127
2218 2226.787654805419
2219 2227.677286895863
2220 2228.304911344150
2221 2229.667051413064
2222 2230.429680609756
2223 2230.817614029808
2224 2231.993923606757
2225 2232.330860172077
2226 2234.138880269938
2227 2234.624445824868
2228 2235.363850548744
2229 2236.158290945436
2230 2237.185607393939
2231 2237.995821687523
2232 2238.569289899662
2233 2240.173239737340
2234 2240.447814012614
2235 2241.543273649014
2236 2242.467570351344
2237 2243.053668608334
2238 2243.719032462568
2239 2245.037648064574
2240 2245.965199245089
2241 2246.924426572401
2242 2247.465257644429
2243 2248.048575913849
2244 2249.247365746463
2245 2250.232076804302
2246 2250.886051309159
2247 2251.879561968660
2248 2252.895396957644
2249 2253.700214121875
2250 2254.283337507033
2251 2254.977990395937
2252 2256.182851423450
2253 2257.287721071131
2254 2258.003411981813
2255 2258.766381776798
2256 2259.533939704920
2257 2260.318687844426
2258 2261.267084998139
2259 2262.345011140379
2260 2263.213338178010
2261 2263.933397400389
2262 2264.776116095551
2263 2265.759892743238
2264 2266.568234219854
2265 2266.905800904458
2266 2268.473160881281
2267 2269.610337263460
2268 2269.883471908629
2269 2270.595117405951
2270 2271.709328774677
2271 2272.382704223394
2272 2273.597455252222
2273 2274.492636238598
2274 2274.964530252557
2275 2276.447749190044
2276 2276.691328651352
2277 2277.513276216134
2278 2278.595031064170
2279 2279.486338558276
2280 2280.474805038908
2281 2281.468445985975
2282 2282.057060870649
2283 2282.769408846539
2284 2283.455371997975
2285 2284.896139660083
2286 2285.603589515144
2287 2286.553194104296
2288 2287.070686769752
2289 2288.145523761467
2290 2289.133077892257
2291 2289.553232737296
2292 2290.490039104360
2293 2292.087934709309
2294 2292.360653425318
2295 2293.329028123443
2296 2294.060086547548
2297 2294.722577699988
2298 2295.963769030093
2299 2296.704387894191
2300 2298.069992906652
2301 2298.271229626792
2302 2299.181703444296
2303 2300.243469306833
2304 2300.920085818925
2305 2301.843483275976
2306 2302.832308662974
2307 2303.740751692852
2308 2304.724054463629
2309 2305.379295063868
2310 2305.888868619529
2311 2306.783101777988
2312 2308.459129425639
2313 2308.795703205027
2314 2309.538141583095
2315 2310.608976684791
2316 2311.355382829114
2317 2312.098593108662
2318 2313.041239079626
2319 2314.043909358463
2320 2314.898220428876
2321 2316.018202477308
2322 2316.381666423895
2323 2317.267907261908
2324 2318.227122881735
2325 2318.898902113177
2326 2320.527448923404
2327 2320.830423983388
2328 2321.846715988293
2329 2322.136100921009
2330 2323.687474943274
2331 2324.060648453606
2332 2325.288971962644
2333 2325.929062107700
2334 2327.162187050593
2335 2327.789262665724
2336 2328.605318977304
2337 2329.083714746974
2338 2330.249667119203
2339 2331.511836121989
2340 2332.166480803599
2341 2332.825892555067
2342 2333.813644422801
2343 2334.480110533956
2344 2335.302056584117
2345 2336.511424401766
2346 2337.280249880224
2347 2338.134243216129
2348 2338.868586360519
2349 2339.972653036033
2350 2340.693940109461
2351 2340.930760153723
2352 2342.614843845696
2353 2343.427246224421
2354 2344.207554637318
2355 2345.068822332883
2356 2345.312116730539
2357 2346.723351111689
2358 2347.661840238157
2359 2348.241263656636
2360 2349.430734780151
2361 2350.224306213931
2362 2350.915476239260
2363 2351.709427071590
2364 2352.564951249856
2365 2353.448854757818
2366 2354.594734825002
2367 2355.525524807656
2368 2356.095944941168
2369 2356.824993953696
2370 2357.694284622643
2371 2358.522168923767
2372 2359.967659708587
2373 2360.501434047417
2374 2360.987067349981
2375 2362.351178115724
2376 2363.029231999202
2377 2363.644198844742
2378 2364.472995798652
2379 2365.746961905970
2380 2366.840163233425
2381 2367.148466769988
2382 2368.103193905814
2383 2368.810076719780
2384 2369.736465458087
2385 2370.836460753860
2386 2371.694167866758
2387 2372.649600149876
2388 2373.073824752582
2389 2374.357481361833
2390 2374.682768028716
2391 2375.952417570135
2392 2376.621782719583
2393 2377.650557470898
2394 2378.876103005880
2395 2379.219232780699
2396 2379.989103620613
2397 2380.639934601106
2398 2382.087928200229
2399 2382.886296065671
2400 2383.655943956948
2401 2384.419576122948
2402 2385.237950242080
2403 2386.219311550882
2404 2386.913071823119
2405 2387.668773439290
2406 2389.057308810679
2407 2389.779892200999
2408 2390.263623516881
2409 2391.483057272954
2410 2391.972344606198
2411 2392.675129888901
2412 2394.212085862881
2413 2394.962919718411
2414 2395.508993860826
2415 2396.481222977889
2416 2397.043301169152
2417 2398.405654779217
2418 2398.766921317083
2419 2400.006411198973
2420 2400.698567345718
2421 2401.955026380483
2422 2402.563981210199
2423 2402.849563108875
2424 2403.986346432302
2425 2405.182620778273
2426 2406.043735337324
2427 2406.877267643796
2428 2407.487252082677
2429 2408.440112120577
2430 2409.161457865654
2431 2410.039866647404
2432 2411.327506235993
2433 2411.737217666876
2434 2412.835829941495
2435 2413.767906581654
2436 2414.274270094141
2437 2415.249929974544
2438 2415.829000350022
2439 2417.283283796565
2440 2418.243304242605
2441 2418.763283491880
2442 2419.155334537131
2443 2420.497745130581
2444 2421.253894445847
2445 2422.104512100151
2446 2423.095076982427
2447 2423.996154193678
2448 2424.749313573517
2449 2425.566344850471
2450 2426.420628953284
2451 2426.880592590151
2452 2428.437920267217
2453 2429.021719255827
2454 2430.018957114366
2455 2430.749146451996
2456 2431.443598612875
2457 2432.047459296067
2458 2433.491568214827
2459 2434.343791815834
2460 2434.823332852220
2461 2435.895288338058
2462 2436.871455206018
2463 2437.397067686601
2464 2438.327097293713
2465 2438.963031081006
2466 2440.571903231914
2467 2441.061733232181
2468 2441.798276709537
2469 2442.567552021301
2470 2443.337921674240
2471 2444.392819434380
2472 2445.305493360578
2473 2446.202923724697
2474 2447.209919918635
2475 2447.564328042786
2476 2448.701598384262
2477 2449.434171326895
2478 2450.286229021334
2479 2451.145888713706
2480 2452.396828828633
2481 2453.047720764799
2482 2453.914201966242
2483 2454.242422435858
2484 2455.334077105484
2485 2456.457568788968
2486 2457.552878531974
2487 2458.013995998346
2488 2458.705613583108
2489 2460.019723191654
2490 2460.757380048667
2491 2460.889005414953
2492 2462.622365131700
2493 2463.123852849409
2494 2464.312259606607
2495 2464.857928014036
2496 2465.759048163994
2497 2466.294480675275
2498 2467.350822727694
2499 2468.561589157623
2500 2469.300636558851
2501 2470.101113532929
2502 2470.718811091291
2503 2471.564301369106
2504 2472.783703882808
2505 2473.254982494141
2506 2474.166470033434
2507 2475.535574113494
2508 2476.001729457493
2509 2476.941402883782
2510 2477.353206501331
2511 2478.367253418806
2512 2479.531249893375
2513 2480.719756703371
2514 2480.838160535816
2515 2482.106471725696
2516 2482.651013360367
2517 2483.603724622690
2518 2484.429741595881
2519 2485.449105266842
2520 2486.384087574354
2521 2487.069600751831
2522 2488.027112424026
2523 2488.853662660136
2524 2489.391655504454
2525 2490.177097855879
2526 2491.885469104547
2527 2492.275810860093
2528 2492.954762147815
2529 2493.786083880498
2530 2494.694327768975
2531 2495.554560311497
2532 2496.515491033648
2533 2497.308888110684
2534 2498.231297965906
2535 2499.379449250616
2536 2499.651978769125
2537 2500.546410029527
2538 2501.379690268063
2539 2502.674886775835
2540 2503.197908892933
2541 2504.650968789250
2542 2504.847337806256
2543 2505.438798805273
2544 2506.722334781142
2545 2507.448876520531
2546 2508.639812878446
2547 2509.235766879198
2548 2510.036057558630
2549 2511.072857426379
2550 2512.049483072003
2551 2512.160028315078
2552 2513.310127937631
2553 2514.728153844697
2554 2515.404803908935
2555 2516.017166378133
2556 2516.697929450360
2557 2517.772968903287
2558 2518.425123355240
2559 2519.558416117377
2560 2520.503372889480
2561 2521.136566999538
2562 2522.108908572567
2563 2522.760280290753
2564 2523.700110911030
2565 2524.421806520550
2566 2525.336801017180
2567 2526.629135570165
2568 2527.160631881552
2569 2528.037327847789
2570 2528.812992093290
2571 2529.125355149451
2572 2530.925140543580
2573 2531.394090846130
2574 2532.196617675881
2575 2533.078861829446
2576 2534.119656235575
2577 2534.607328002152
2578 2535.486924000714
2579 2536.395489542917
2580 2537.463874376385
2581 2538.470837030103
2582 2539.072032219271
2583 2539.662614578495
2584 2540.748393163048
2585 2541.309592955119
2586 2542.531180235167
2587 2543.675608111920
2588 2544.132205331207
2589 2544.746281286809
2590 2545.826900384553
2591 2546.929535172471
2592 2547.146213657870
2593 2548.425941469175
2594 2549.370922920812
2595 2550.331320459018
2596 2550.952886126551
2597 2551.649877724328
2598 2552.232200061655
2599 2553.704298879623
2600 2554.476841051443
2601 2555.235349274251
2602 2556.054030779147
2603 2556.838568896853
2604 2557.695975299936
2605 2558.409215133074
2606 2559.446394173782
2607 2560.575757130021
2608 2560.943991996037
2609 2562.269390467666
2610 2562.849199137787
2611 2563.379847088808
2612 2564.294372574714
2613 2565.543883075497
2614 2566.575372293327
2615 2567.145120514044
2616 2567.661756879298
2617 2568.755475798793
2618 2569.538695887573
2619 2570.681202243513
2620 2571.025588869671
2621 2572.384325591163
2622 2573.381507629372
2623 2573.637911127391
2624 2574.573746050960
2625 2575.570394938666
2626 2576.127760009636
2627 2577.834973720082
2628 2577.976600684307
2629 2579.039393864151
2630 2579.707032585364
2631 2580.524036139512
2632 2581.350243664775
2633 2582.617091997081
2634 2583.254629063505
2635 2583.909673468339
2636 2585.152583198613
2637 2585.757684824718
2638 2586.580149755271
2639 2586.939046804142
2640 2588.584487296077
2641 2589.362761225369
2642 2590.018600145965
2643 2590.911313371848
2644 2591.333112473272
2645 2592.669126867299
2646 2593.192245196771
2647 2594.435626499845
2648 2595.103001800432
2649 2596.041127791451
2650 2596.736384670258
2651 2597.578713100662
2652 2598.344310022358
2653 2599.205603614878
2654 2600.249879389258
2655 2601.317359451326
2656 2601.991160318158
2657 2602.618493786766
2658 2603.135438097123
2659 2604.483499864117
2660 2605.419582571980
2661 2606.077570137323
2662 2607.135542413840
2663 2607.606798218829
2664 2608.879681496485
2665 2609.399078796625
2666 2609.945351717233
2667 2611.307162773499
2668 2612.373034920287
2669 2612.881707085095
2670 2613.621432361580
2671 2614.797172121678
2672 2614.950752741300
2673 2616.198209239674
2674 2617.524198427009
2675 2617.980084806287
2676 2618.678857381220
2677 2619.708808293305
2678 2620.472757002060
2679 2621.204243313628
2680 2622.264019337940
2681 2622.852884104231
2682 2624.326571606633
2683 2624.935588498578
2684 2625.303120821079
2685 2626.212732967624
2686 2627.133587773088
2687 2628.354571446504
2688 2629.109231100678
2689 2629.739158240236
2690 2630.815124229284
2691 2631.370086606983
2692 2632.261169822577
2693 2633.143998961213
2694 2634.014719607500
2695 2635.130985298602
2696 2635.722359662848
2697 2636.750809410270
2698 2637.388173402602
2699 2637.968320969023
2700 2638.960217126489
2701 2640.319339543163
2702 2640.988099046112
2703 2641.756332151025
2704 2642.106275674496
2705 2643.534027150380
2706 2644.162164383409
2707 2644.819747801728
2708 2646.006723838482
2709 2646.972133692061
2710 2647.537334450352
2711 2648.716753071862
2712 2648.886792584768
2713 2649.852091580936
2714 2651.187488773924
2715 2651.898466643786
2716 2652.775353522070
2717 2653.560492746725
2718 2654.268052141700
2719 2654.883756310045
2720 2656.170694783456
2721 2656.989607555413
2722 2657.627950951659
2723 2658.689865242831
2724 2659.634103665753
2725 2660.144674040058
2726 2660.972262856424
2727 2661.632480775775
2728 2663.098936476597
2729 2663.904640618207
2730 2664.535718681230
2731 2665.079551262174
2732 2666.120266884965
2733 2667.118916256360
2734 2667.613550583993
2735 2669.065611149659
2736 2669.443845710437
2737 2670.544688630009
2738 2671.264581736399
2739 2671.897336712047
2740 2673.002208678373
2741 2673.467175589671
2742 2674.928457375180
2743 2675.727048871917
2744 2676.276149033093
2745 2677.013834370068
2746 2677.793535143638
2747 2678.784643063281
2748 2680.009781864188
2749 2680.521181862418
2750 2681.225420959354
2751 2682.544977350236
2752 2682.975475406357
2753 2683.822148039098
2754 2684.391001727534
2755 2685.942894629996
2756 2686.473231076627
2757 2687.433686751975
2758 2688.126254903481
2759 2688.900635629143
2760 2689.472245534974
2761 2690.937953419353
2762 2691.392077028226
2763 2692.732896190726
2764 2693.086683106664
2765 2693.831694410261
2766 2695.067812384048
2767 2695.640890133543
2768 2696.295996047640
2769 2697.525410845326
2770 2698.623557145208
2771 2699.224845804000
2772 2699.685092837038
2773 2700.621588489279
2774 2701.474996527280
2775 2702.753851375127
2776 2703.345879433558
2777 2704.230178037703
2778 2704.926518780561
2779 2706.041931589934
2780 2706.419890847597
2781 2707.418769198764
2782 2708.446755565315
2783 2709.352809332446
2784 2710.156608491973
2785 2710.977411818516
2786 2711.831416933216
2787 2712.185581892627
2788 2713.280619935595
2789 2714.707564153236
2790 2715.279869546973
2791 2715.769774727831
2792 2716.738429946365
2793 2717.748749429633
2794 2718.326827392895
2795 2719.318785950462
2796 2720.128681578271
2797 2721.205897355712
2798 2722.129628733411
2799 2722.721150397952
2800 2723.111390941530
2801 2724.388778852527
2802 2725.214911061720
2803 2726.201029021946
2804 2727.337567222267
2805 2727.509665839118
2806 2728.503298078550
2807 2729.334103428091
2808 2730.275625093320
2809 2731.186831302947
2810 2731.956656153985
2811 2733.009041355879
2812 2733.613655857031
2813 2734.694484827300
2814 2735.164424661176
2815 2735.686483076480
2816 2737.489547256360
2817 2738.053281695193
2818 2738.548230929564
2819 2739.614373624303
2820 2740.179933049289
2821 2741.291939859645
2822 2741.927473300731
2823 2743.006325491670
2824 2743.885964061316
2825 2744.692403812987
2826 2745.383451687040
2827 2746.388067498617
2828 2746.790033455466
2829 2747.885089979916
2830 2748.986811110952
2831 2749.857344677336
2832 2750.603643097724
2833 2751.267520555205
2834 2751.770241503730
2835 2753.127498862483
2836 2753.905308806473
2837 2754.865566613493
2838 2755.321494244687
2839 2756.750777900750
2840 2757.170679020270
2841 2757.798471689868
2842 2758.784492430599
2843 2759.663616794590
2844 2761.025886103462
2845 2761.435685557262
2846 2762.230171397395
2847 2762.914270075735
2848 2764.011852316768
2849 2764.507310915078
2850 2765.828379832950
2851 2766.844211031327
2852 2767.047921107427
2853 2768.081267868403
2854 2769.248782951044
2855 2769.610716017007
2856 2770.417882734490
2857 2771.618872645907
2858 2772.567855772096
2859 2773.456868284327
2860 2773.919951961451
2861 2774.585442800872
2862 2775.552954198839
2863 2776.748016235204
2864 2777.570858104456
2865 2778.075965727618
2866 2779.333790227926
2867 2779.777696592812
2868 2780.774469720132
2869 2781.331496573133
2870 2782.500210070487
2871 2783.309973873223
2872 2784.368888956210
2873 2784.950055214377
2874 2785.854140589201
2875 2786.420782194279
2876 2787.149214675481
2877 2788.739335162504
2878 2789.138899150853
2879 2790.141367115553
2880 2790.675211139125
2881 2791.587214208084
2882 2792.657363288552
2883 2793.242324632548
2884 2793.919245792628
2885 2795.537249341677
2886 2795.858795476265
2887 2796.701044294137
2888 2797.471187768445
2889 2798.136837147111
2890 2799.202057642450
2891 2800.201676542015
2892 2801.230540880225
2893 2801.632871603134
2894 2802.477052326753
2895 2803.590992264033
2896 2803.903130167468
2897 2805.203705108457
2898 2806.129082955823
2899 2806.583102521323
2900 2807.934350248192
2901 2808.606231143832
2902 2809.062403327978
2903 2809.744092680751
2904 2811.117074426888
2905 2812.059350722815
2906 2812.884506465726
2907 2813.271177715587
2908 2814.264482200164
2909 2815.171745342846
2910 2815.943544628892
2911 2816.763233909384
2912 2817.861470469463
2913 2818.585896551054
2914 2819.694981582494
2915 2819.822800349834
2916 2821.230255352684
2917 2821.447484097021
2918 2822.803944444975
2919 2823.796110438759
2920 2824.614470924722
2921 2825.201316010648
2922 2825.734225744354
2923 2826.882124096733
2924 2827.837985733343
2925 2828.582652574465
2926 2829.501898031374
2927 2830.253734969648
2928 2831.413410542387
2929 2831.736024620297
2930 2832.655202528261
2931 2833.286950791417
2932 2834.901808134249
2933 2835.471460616906
2934 2835.914517354765
2935 2837.084999217545
2936 2837.740721772791
2937 2838.301546725151
2938 2839.671302776402
2939 2840.441768647566
2940 2841.161738645176
2941 2842.012918238840
2942 2842.910029167987
2943 2843.553344200010
2944 2844.466904149343
2945 2845.099806292877
2946 2846.391420827610
2947 2847.315168048215
2948 2848.046012469396
2949 2848.344200164104
2950 2849.261456145239
2951 2850.568224444950
2952 2851.141821731936
2953 2852.175537211341
2954 2852.952826779531
2955 2853.678714620726
2956 2854.665548413502
2957 2855.264130257088
2958 2855.957252311072
2959 2857.259294547858
2960 2857.940732838792
2961 2858.927332102594
2962 2859.782482961197
2963 2860.063680515895
2964 2861.207848447255
2965 2861.820757913327
2966 2863.484322026126
2967 2863.692975826998
2968 2864.525392604391
2969 2865.312048905878
2970 2866.520590120743
2971 2866.945826820608
2972 2867.692122864056
2973 2868.862443491150
2974 2869.933463796255
2975 2870.506409259775
2976 2871.280057276443
2977 2871.987773355921
2978 2872.662390221800
2979 2874.004386354472
2980 2874.751463527978
2981 2875.483290189264
2982 2876.496556830918
2983 2877.035488110040
2984 2877.777266230799
2985 2878.843725819970
2986 2879.762235936560
2987 2880.299758069681
2988 2881.675569805826
2989 2882.209108523188
2990 2882.986028952233
2991 2883.704894529615
2992 2884.314812478481
2993 2885.705102965315
2994 2886.683004055032
2995 2887.274254847542
2996 2887.676026590547
2997 2889.002926958137
2998 2889.613316694807
2999 2890.375644540616
3000 2891.346198958451
3001 2892.364732627043
3002 2893.233056178330
3003 2893.760855982936
3004 2894.770017292437
3005 2895.349982304180
3006 2896.133781294996
3007 2897.409310782455
3008 2898.275692019801
3009 2898.948998472860
3010 2899.746955826937
3011 2900.182057300063
3012 2901.525544636219
3013 2902.092737343776
3014 2903.301950139762
3015 2903.731297982784
3016 2904.837821928715
3017 2906.004252557668
3018 2906.131139695569
3019 2906.769992902909
3020 2908.145035098114
3021 2909.164156840969
3022 2909.762319663614
3023 2910.802391036262
3024 2911.174977364996
3025 2912.106087136352
3026 2913.080147630124
3027 2913.835877141068
3028 2914.987315608533
3029 2915.594141824765
3030 2916.452476858935
3031 2917.224397561436
3032 2918.093823584829
3033 2918.863580500403
3034 2919.399952219885
3035 2921.076764484789
3036 2921.689511395694
3037 2922.012816038413
3038 2923.037424765566
3039 2923.732581501314
3040 2924.721498232564
3041 2925.937899833440
3042 2926.241445273767
3043 2927.377003473340
3044 2928.173705449593
3045 2929.042557412827
3046 2929.494235558449
3047 2930.451692700437
3048 2931.541431629923
3049 2932.455650737605
3050 2933.194807698464
3051 2934.025524300562
3052 2934.696433068284
3053 2935.289303401138
3054 2936.391597593799
3055 2937.757834966300
3056 2938.010398242821
3057 2938.843839535197
3058 2939.867208457867
3059 2940.585029370352
3060 2941.479402868074
3061 2941.973624819363
3062 2943.182119942325
3063 2944.228534728148
3064 2945.019883951750
3065 2945.489698144064
3066 2946.137550687534
3067 2947.260104155243
3068 2948.152099922148
3069 2949.007604882361
3070 2950.029465190029
3071 2950.641136744607
3072 2951.248819963482
3073 2952.318315904914
3074 2953.121403064609
3075 2953.708008560669
3076 2955.147265903352
3077 2955.479915957972
3078 2956.719886449188
3079 2957.298228065805
3080 2957.965537710473
3081 2958.498087640963
3082 2960.224025869077
3083 2960.631894333885
3084 2961.760590776748
3085 2961.864682725653
3086 2963.310873153694
3087 2963.885000690970
3088 2964.534891684797
3089 2965.750028117524
3090 2966.406090691522
3091 2967.662655518421
3092 2968.052218832995
3093 2968.807591052029
3094 2969.752408118306
3095 2970.341832429328
3096 2971.582012023366
3097 2972.534968555116
3098 2973.267898417951
3099 2973.766213455998
3100 2974.697631902706
3101 2975.436555734637
3102 2976.734953187732
3103 2977.077414764175
3104 2978.083195754927
3105 2979.286677272602
3106 2979.788791308868
3107 2980.485652064110
3108 2981.221971630665
3109 2982.078182789162
3110 2983.464895032477
3111 2984.062347017884
3112 2984.769403441531
3113 2985.462120534016
3114 2986.429024835464
3115 2987.189609962075
3116 2987.931625282298
3117 2989.205686970463
3118 2989.909153842592
3119 2990.353809441443
3120 2991.772536259333
3121 2992.097797016730
3122 2992.843975832890
3123 2993.733814617758
3124 2995.124155309447
3125 2995.680597064777
3126 2996.511855433139
3127 2997.184251359491
3128 2997.697045435341
3129 2999.056771065923
3130 2999.829581050216
3131 3000.477280278486
3132 3001.521930496363
3133 3002.433007692679
3134 3002.963866710905
3135 3003.891011295309
3136 3004.416847683392
3137 3005.643669600748
3138 3006.547967628690
3139 3007.382758781730
3140 3008.141180019196
3141 3008.797658647192
3142 3009.453428016923
3143 3010.489189519729
3144 3011.530807597493
3145 3012.505895504911
3146 3012.870132926662
3147 3013.856048290840
3148 3014.800609415300
3149 3015.606148908174
3150 3016.016830252076
3151 3017.126390259449
3152 3018.429157222676
3153 3019.090355214062
3154 3019.515963282672
3155 3020.310770977748
3156 3021.431949857707
3157 3021.910330798524
3158 3023.361743382333
3159 3023.916622556503
3160 3024.541410163583
3161 3025.778149079846
3162 3026.139914600053
3163 3026.998731858717
3164 3028.054478381374
3165 3028.787905783147
3166 3029.774249646488
3167 3030.683236717290
3168 3031.568663651528
3169 3031.856093297491
3170 3032.588936990053
3171 3033.992404575871
3172 3034.870188253352
3173 3035.501250040067
3174 3036.324241233198
3175 3037.021053660152
3176 3038.021886129890
3177 3038.860962637973
3178 3039.266260910511
3179 3040.651246102404
3180 3041.501924915793
3181 3042.209091998800
3182 3042.813099205903
3183 3043.845072300763
3184 3044.253270975801
3185 3045.469778853445
3186 3046.499748784639
3187 3047.254260296359
3188 3048.088060736390
3189 3048.345971475940
3190 3049.715509013535
3191 3050.285986285224
3192 3051.310348629018
3193 3051.997149726747
3194 3053.113404524480
3195 3053.887061544186
3196 3054.544799468758
3197 3055.364347089497
3198 3055.721447702455
3199 3057.379974546441
3200 3058.162875648042
3201 3058.548777506367
3202 3059.651151396232
3203 3060.261274247096
3204 3061.187346593784
3205 3061.798650844622
3206 3063.146697829945
3207 3063.614499126324
3208 3064.603403878781
3209 3065.474220757069
3210 3066.249349519891
3211 3066.695662929502
3212 3067.818105645116
3213 3068.504185405456
3214 3070.059679062123
3215 3070.443575499893
3216 3070.880883690223
3217 3071.786311766029
3218 3072.859585152773
3219 3073.648617958084
3220 3074.440400575319
3221 3075.425338496390
3222 3076.144314576417
3223 3077.291140087368
3224 3077.504617819058
3225 3078.500643470234
3226 3079.235856492915
3227 3080.455467811662
3228 3081.414810950797
3229 3081.818985419988
3230 3082.863732128466
3231 3083.489078804559
3232 3084.083442968748
3233 3085.389034050146
3234 3086.231865007696
3235 3086.970963988533
3236 3087.648857641554
3237 3088.590084557829
3238 3089.668053856263
3239 3089.905690932392
3240 3090.704878166531
3241 3092.296907772730
3242 3092.726026631033
3243 3093.723692599062
3244 3094.276971671062
3245 3094.884031683724
3246 3095.974263376457
3247 3096.975260789263
3248 3097.680286321049
3249 3098.591597962571
3250 3099.456969018191
3251 3100.130522822478
3252 3100.768176823137
3253 3101.945568946985
3254 3102.406486366092
3255 3103.539620306343
3256 3104.543495552569
3257 3105.407066250294
3258 3105.674359098270
3259 3106.664678260473
3260 3107.344880139423
3261 3108.613272094387
3262 3109.584506764199
3263 3110.064929483646
3264 3110.669031407421
3265 3112.040971948089
3266 3112.488498884613
3267 3113.136499341269
3268 3114.142558305628
3269 3115.450584925073
3270 3115.803643223913
3271 3116.990843419435
3272 3117.299912385177
3273 3118.240838114254
3274 3119.017324585341
3275 3120.119896592708
3276 3121.085009622722
3277 3121.884364337251
3278 3122.250169949995
3279 3123.327597432172
3280 3124.098729614987
3281 3124.909944571917
3282 3125.962728061383
3283 3126.434519739766
3284 3127.910994131093
3285 3128.304290821373
3286 3129.076004417585
3287 3129.594188884319
3288 3130.631198570152
3289 3132.099585683561
3290 3132.305769326751
3291 3133.295401115605
3292 3134.227737824428
3293 3134.620040858735
3294 3135.825303197719
3295 3136.412098497216
3296 3137.390626949147
3297 3138.422298461077
3298 3139.200409889000
3299 3139.700561061431
3300 3140.848228679092
3301 3141.501301511764
3302 3141.827256946474
3303 3143.579308151437
3304 3144.164981020908
3305 3144.951543181631
3306 3145.406766572392
3307 3146.401908813834
3308 3147.301425982251
3309 3148.119789369155
3310 3149.020778112551
3311 3149.784764787394
3312 3150.767092891250
3313 3151.655660742528
3314 3152.122141501924
3315 3152.708308403019
3316 3154.031656582857
3317 3154.776054282089
3318 3155.888360705518
3319 3156.357991887626
3320 3157.238258554945
3321 3157.878480842126
3322 3158.683254927202
3323 3159.837139382636
3324 3160.688660394294
3325 3161.330416583682
3326 3162.161543536856
3327 3163.165333525939
3328 3163.870965928464
3329 3164.344135625024
3330 3165.334907195553
3331 3166.500860359674
3332 3167.603480988039
3333 3167.861103095835
3334 3168.574098014342
3335 3169.427383598040
3336 3170.654245818977
3337 3171.016108203592
3338 3172.318864077695
3339 3173.009545321931
3340 3173.708788555326
3341 3174.593611302098
3342 3175.338968168287
3343 3176.101210487755
3344 3176.876230659919
3345 3178.167598563112
3346 3178.730161758681
3347 3179.686954268087
3348 3180.356232007448
3349 3180.866607182131
3350 3181.739304996949
3351 3183.263438979413
3352 3183.762820891905
3353 3184.195017465332
3354 3185.488370004521
3355 3186.144290496413
3356 3186.817499889527
3357 3187.701293333952
3358 3188.398454039634
3359 3189.724687889408
3360 3190.507991591714
3361 3190.904308086135
3362 3192.018590006056
3363 3192.376588355653
3364 3193.487887871357
3365 3194.437203790815
3366 3195.389607042050
3367 3196.215947306975
3368 3196.694215950875
3369 3197.515778242584
3370 3198.673574046324
3371 3199.102155489114
3372 3200.153082750082
3373 3200.934758777935
3374 3202.262443549530
3375 3202.535802944748
3376 3203.445229222755
3377 3203.865564602689
3378 3205.042086212193
3379 3206.098428518634
3380 3207.008329765649
3381 3207.504300687082
3382 3208.242580508973
3383 3209.349153982869
3384 3210.021422993748
3385 3210.503768841435
3386 3211.992299892820
3387 3212.501767322506
3388 3213.357920227271
3389 3214.343567191209
3390 3214.957881764751
3391 3215.580640250813
3392 3216.353033410848
3393 3217.812289793827
3394 3218.366212025181
3395 3219.230563549936
3396 3219.883655361127
3397 3220.442435711859
3398 3221.720880606124
3399 3222.377119257290
3400 3223.124046089248
3401 3224.096099840627
3402 3225.211122083528
3403 3225.706219077957
3404 3226.308557031018
3405 3227.208306522543
3406 3228.019874656778
3407 3229.184037777592
3408 3230.028288222801
3409 3230.698644662368
3410 3231.316289579331
3411 3232.387058756575
3412 3232.739606863942
3413 3234.074841491659
3414 3234.856495322529
3415 3235.576764518506
3416 3236.458337993345
3417 3237.279183128427
3418 3238.111004487743
3419 3238.767817793186
3420 3239.260714715586
3421 3240.920857978883
3422 3241.556903665933
3423 3242.199153140189
3424 3242.731215273229
3425 3243.884471285865
3426 3244.387966664231
3427 3245.624835620967
3428 3246.218545705830
3429 3247.322265252432
3430 3247.860883164583
3431 3248.872469364314
3432 3249.552742786571
3433 3250.066430865276
3434 3251.287789528061
3435 3252.069616961855
3436 3252.976844085687
3437 3254.076745559356
3438 3254.528972653066
3439 3254.747685127360
3440 3256.189910632622
3441 3257.045289758568
3442 3257.933970461838
3443 3258.766612958339
3444 3259.232085631099
3445 3260.577551791406
3446 3260.903176388495
3447 3261.863341833139
3448 3262.412355530368
3449 3263.889210092808
3450 3264.637947141829
3451 3265.103495680005
3452 3265.988954606468
3453 3266.752908395728
3454 3267.487523936378
3455 3268.487746452633
3456 3269.657557025381
3457 3270.142488097919
3458 3270.902106721667
3459 3271.769808803301
3460 3272.537984183278
3461 3273.460522020624
3462 3274.055308353396
3463 3275.125922411479
3464 3276.181256868083
3465 3276.816865643426
3466 3277.551827399123
3467 3278.066028273184
3468 3278.920000021554
3469 3280.322266304809
3470 3281.012729006763
3471 3281.492219838020
3472 3282.541022050269
3473 3283.350533597774
3474 3284.020973787103
3475 3284.703708000956
3476 3285.952872920917
3477 3286.464848935999
3478 3287.661199162203
3479 3288.383764757166
3480 3288.824335114459
3481 3289.939331235875
3482 3290.322156954372
3483 3291.521959811459
3484 3292.865808744428
3485 3293.041031937646
3486 3294.048896799070
3487 3294.414374076946
3488 3295.853842175515
3489 3296.371010860968
3490 3297.017248543320
3491 3298.313425794111
3492 3298.977820309181
3493 3299.839617411850
3494 3300.643151383462
3495 3301.052222820039
3496 3301.931512385277
3497 3303.324981840494
3498 3303.846290463776
3499 3304.783651532297
3500 3305.528099499597
3501 3306.134708979961
3502 3307.017995558832
3503 3307.840124115289
3504 3308.877840387223
3505 3309.764189707888
3506 3310.214109518923
3507 3311.472159980366
3508 3312.102135326396
3509 3312.684194135112
3510 3313.342075677579
3511 3314.585167683217
3512 3315.811040706215
3513 3316.085963862724
3514 3316.918487217326
3515 3317.589719649806
3516 3318.611718339636
3517 3319.341622896643
3518 3320.458570805828
3519 3320.863377456721
3520 3322.384221544804
3521 3322.545544699075
3522 3323.383203535646
3523 3324.370589570399
3524 3324.993822844318
3525 3325.912081142171
3526 3327.099295252116
3527 3327.961251548454
3528 3328.238383356645
3529 3329.188024362616
3530 3329.907078858821
3531 3330.835406230657
3532 3332.038893397748
3533 3332.628161713427
3534 3333.179969713568
3535 3334.332487442649
3536 3335.353182428950
3537 3335.461579195720
3538 3336.352614401859
3539 3337.600067141018
3540 3338.654193642563
3541 3339.081001432920
3542 3339.963660503456
3543 3340.695952880176
3544 3341.311883015393
3545 3342.427060822010
3546 3343.273163892989
3547 3344.267872421963
3548 3344.837912377190
3549 3345.661377059303
3550 3346.424872977053
3551 3347.331093188877
3552 3348.042165040954
3553 3348.791526153594
3554 3350.079828707569
3555 3350.707368587794
3556 3351.588360002056
3557 3352.102773650623
3558 3352.558510927425
3559 3354.200543576096
3560 3354.611912695580
3561 3355.716765900477
3562 3356.295322350585
3563 3357.149855052765
3564 3357.935645793101
3565 3358.947276530034
3566 3359.177473322304
3567 3360.590015378292
3568 3361.390536009686
3569 3362.194921231601
3570 3362.887658716736
3571 3363.634072134004
3572 3364.525932531375
3573 3364.910026988329
3574 3366.595567744808
3575 3367.203638938687
3576 3367.652900136960
3577 3368.486616493888
3578 3369.606213712032
3579 3370.045077696549
3580 3371.101244785973
3581 3371.849862899727
3582 3372.728207238458
3583 3373.914117542142
3584 3374.575613898292
3585 3374.700186699725
3586 3375.872624758604
3587 3376.697869775579
3588 3377.978576187258
3589 3378.375730857270
3590 3379.498432500102
3591 3379.966810935034
3592 3380.799052581523
3593 3381.608955666309
3594 3382.572643839662
3595 3383.392875511157
3596 3384.285589966515
3597 3384.998730955270
3598 3386.034124594906
3599 3386.592305851699
3600 3387.212957475942
3601 3388.006536231694
3602 3389.369929976437
3603 3390.208900106815
3604 3390.790293306520
3605 3391.262045107516
3606 3392.319440447456
3607 3393.253204567814
3608 3393.882911374096
3609 3394.784497332834
3610 3395.887530963673
3611 3396.511564943584
3612 3397.231028651133
3613 3398.155422543060
3614 3398.758769072216
3615 3399.429790503177
3616 3400.962428529507
3617 3401.288509226076
3618 3402.391657604712
3619 3403.067509539845
3620 3403.541109967130
3621 3404.406077044400
3622 3405.663634553602
3623 3406.450927353272
3624 3406.903739101204
3625 3408.023966339102
3626 3408.872053451619
3627 3409.591018233615
3628 3410.064545156374
3629 3410.995489156105
3630 3412.175169304313
3631 3413.034572437439
3632 3413.944305779532
3633 3414.125236051051
3634 3415.120659447675
3635 3416.215752587307
3636 3416.615796332070
3637 3417.961391970904
3638 3418.762025308292
3639 3419.185124720671
3640 3420.269013022348
3641 3420.929273301326
3642 3421.750652273082
3643 3422.534742067462
3644 3423.301905531396
3645 3424.688395982448
3646 3425.278097971279
3647 3425.674459385130
3648 3426.722765464592
3649 3427.136771747381
3650 3428.548104484145
3651 3429.256010030503
3652 3430.145797919998
3653 3430.621191877659
3654 3431.763785986888
3655 3432.539537117485
3656 3432.957471264106
3657 3433.913668377030
3658 3435.073423810541
3659 3435.867521513714
3660 3436.494232520344
3661 3437.521329396793
3662 3438.157680298523
3663 3438.480251113468
3664 3439.838824858722
3665 3440.863677291186
3666 3441.454747803427
3667 3442.447113212991
3668 3442.778101122071
3669 3443.832317768976
3670 3444.845836807155
3671 3445.325843002577
3672 3446.147949468050
3673 3447.485741827460
3674 3448.146561295094
3675 3448.746000369345
3676 3449.346181236116
3677 3450.300887738239
3678 3451.089850980392
3679 3452.389827277199
3680 3452.865670638946
3681 3453.680014379170
3682 3454.568622764187
3683 3455.092426634953
3684 3456.175863207056
3685 3456.727886811290
3686 3458.034434968857
3687 3458.471459410747
3688 3459.482376986332
3689 3460.396626371040
3690 3461.025851792200
3691 3461.453623513950
3692 3462.462773666642
3693 3463.841911000629
3694 3464.457830152308
3695 3465.158921099551
3696 3465.603850061678
3697 3466.869739745244
3698 3467.455975268789
3699 3468.204793408692
3700 3469.393080172376
3701 3469.893397083793
3702 3471.093294992309
3703 3471.680590943596
3704 3472.291263297046
3705 3473.017240704593
3706 3474.123134243874
3707 3474.831162968341
3708 3476.062610663186
3709 3476.590600522653
3710 3477.361041184634
3711 3477.815638971145
3712 3478.925722923691
3713 3479.880762012157
3714 3480.678379747102
3715 3481.329956843841
3716 3482.524517482619
3717 3482.900521936389
3718 3484.035555420439
3719 3484.582521216523
3720 3484.987553284438
3721 3486.716293358834
3722 3487.384776707088
3723 3487.785582848218
3724 3488.788005974806
3725 3489.468963126522
3726 3490.256819296042
3727 3491.146474975204
3728 3492.143763890098
3729 3493.051396936479
3730 3493.512121039708
3731 3494.636701816363
3732 3495.109840999968
3733 3496.237747386114
3734 3496.528707407055
3735 3497.779148844765
3736 3498.778548443495
3737 3499.603392364645
3738 3500.118871400734
3739 3500.767831037493
3740 3501.535488766023
3741 3502.785100129137
3742 3503.602028364617
3743 3504.156403423096
3744 3505.110623720974
3745 3505.968191514207
3746 3506.855339776232
3747 3507.103826753283
3748 3508.281943709726
3749 3509.142459533343
3750 3510.147472454657
3751 3510.964979524921
3752 3511.524877509832
3753 3512.286076317312
3754 3513.023876874893
3755 3513.933633374036
3756 3514.939388432919
3757 3516.105966548044
3758 3516.385036630063
3759 3516.917947350449
3760 3518.483524914776
3761 3518.726501690760
3762 3519.472809361872
3763 3520.525961837418
3764 3521.561302088145
3765 3522.384510009029
3766 3523.034134759074
3767 3523.610993645627
3768 3524.369261738217
3769 3525.356789542325
3770 3526.586903842819
3771 3527.004025015138
3772 3527.891273908958
3773 3528.761986251503
3774 3529.497078501559
3775 3530.003163679398
3776 3531.335355435600
3777 3531.742293176994
3778 3532.953081820795
3779 3533.569261026409
3780 3534.705537975798
3781 3534.981768894794
3782 3535.881517278423
3783 3536.460088698748
3784 3538.033151824249
3785 3538.636073627169
3786 3539.154806914844
3787 3540.146075415968
3788 3540.654826376925
3789 3541.831910843209
3790 3542.464820902637
3791 3543.130273897999
3792 3544.380535772930
3793 3545.135721162339
3794 3545.814763659213
3795 3546.441077391723
3796 3547.335184350123
3797 3548.022314323565
3798 3549.043161644864
3799 3550.176433493201
3800 3550.800723087677
3801 3551.326801223977
3802 3552.140722035215
3803 3553.105414633028
3804 3553.726287259262
3805 3555.048204275100
3806 3555.425095215482
3807 3556.281364309490
3808 3557.537712309489
3809 3557.909431243385
3810 3558.683139356886
3811 3559.128377301645
3812 3560.823874950817
3813 3561.230214627813
3814 3562.219508270533
3815 3562.852386145901
3816 3563.457710337867
3817 3564.465351647849
3818 3565.217800262852
3819 3566.114600037236
3820 3567.097238476889
3821 3567.788540157287
3822 3568.560752365637
3823 3569.358829850605
3824 3570.129715992538
3825 3570.828616849945
3826 3571.648303914182
3827 3572.889899697488
3828 3573.679006666453
3829 3574.346003891446
3830 3574.712956753156
3831 3575.686642418662
3832 3576.737358055444
3833 3577.564265914861
3834 3578.427337543324
3835 3578.998680591822
3836 3580.187629726564
3837 3580.657339695940
3838 3581.487069873131
3839 3582.171817307599
3840 3583.052119103124
3841 3584.383212724841
3842 3584.957892083561
3843 3585.392250014186
3844 3586.672765888033
3845 3587.014361339808
3846 3587.687417573296
3847 3589.187250956800
3848 3589.817699818025
3849 3590.454644577432
3850 3591.258191106772
3851 3592.129968052506
3852 3593.052637280682
3853 3593.459841410471
3854 3594.487248763210
3855 3595.398774507947
3856 3596.567962539888
3857 3597.041845975957
3858 3597.779598734427
3859 3598.171618468219
3860 3599.472875357686
3861 3600.331525048081
3862 3601.058600133627
3863 3602.083293930238
3864 3602.669510935464
3865 3603.319830125832
3866 3604.548066144632
3867 3604.709927754867
3868 3605.987896718557
3869 3606.757976180311
3870 3607.685176510813
3871 3608.481824678029
3872 3609.254874751767
3873 3609.809164441342
3874 3610.449113760267
3875 3611.650369628699
3876 3612.823803736462
3877 3613.336036246840
3878 3613.779022079089
3879 3614.856748203984
3880 3615.665182581336
3881 3616.610380239941
3882 3616.885486123114
3883 3618.289864423883
3884 3619.097142747039
3885 3619.747261666213
3886 3620.593581451095
3887 3621.235422703303
3888 3621.858014560694
3889 3622.995155307530
3890 3623.950791095032
3891 3624.833481258319
3892 3625.280131278516
3893 3626.436737503016
3894 3626.610066295730
3895 3627.775549813726
3896 3628.902592358156
3897 3629.318166129675
3898 3630.194457341753
3899 3631.572841972196
3900 3631.785922030306
3901 3632.500655904072
3902 3633.390807693658
3903 3634.079202939197
3904 3635.563428155776
3905 3636.055699577727
3906 3636.747151133500
3907 3637.391186478943
3908 3638.404603402590
3909 3639.141640790945
3910 3639.830389991346
3911 3641.006836433714
3912 3641.672083038228
3913 3642.581816471513
3914 3643.110817805936
3915 3644.170869365767
3916 3644.797357848754
3917 3645.274714175315
3918 3646.782862486148
3919 3647.390286718526
3920 3648.406368930804
3921 3648.818830389295
3922 3649.366596726264
3923 3650.553637049175
3924 3651.399201670403
3925 3652.205844515910
3926 3653.084264559402
3927 3653.678437053956
3928 3654.864348764512
3929 3655.499823160377
3930 3655.781232950402
3931 3656.871098575937
3932 3658.124388398787
3933 3658.649874958597
3934 3659.644979449734
3935 3660.274159039175
3936 3660.985635503794
3937 3661.600337999954
3938 3662.720095371128
3939 3663.689849472018
3940 3664.359205172116
3941 3665.283341245958
3942 3665.741885010695
3943 3666.882038623558
3944 3667.472120384440
3945 3668.307209026384
3946 3668.877489777785
3947 3670.610161646479
3948 3670.789100892724
3949 3671.574461284962
3950 3672.182324769366
3951 3673.176517497883
3952 3673.899136548505
3953 3675.079117800868
3954 3675.718962309702
3955 3676.492027527796
3956 3677.264091864643
3957 3678.233081110673
3958 3678.670829935796
3959 3679.548575330030
3960 3680.675941607843
3961 3681.277480536466
3962 3682.354409843686
3963 3683.125898069899
3964 3683.601429310000
3965 3684.462941631924
3966 3685.006776762884
3967 3686.541888339904
3968 3687.201597034607
3969 3687.712635841368
3970 3688.510195205524
3971 3689.545385557108
3972 3690.126385400911
3973 3691.023745511366
3974 3691.644538932533
3975 3692.833828039498
3976 3693.737554181746
3977 3694.267597532533
3978 3695.142164096169
3979 3695.585928486306
3980 3696.595904489225
3981 3697.653403145021
3982 3698.322256285192
3983 3699.598852223252
3984 3699.794229212423
3985 3700.517318229081
3986 3701.496702743239
3987 3702.613309999434
3988 3702.869106581182
3989 3704.133374801748
3990 3704.894968958684
3991 3705.662226705189
3992 3706.637955229547
3993 3707.127487655736
3994 3707.526536995943
3995 3708.938702128089
3996 3710.099404185070
3997 3710.454944609607
3998 3711.114554573727
3999 3712.085873066767
4000 3712.988531227836
4001 3713.404422215790
4002 3714.530971497205
4003 3715.514825147194
4004 3716.048296478850
4005 3717.171777837759
4006 3717.720280418596
4007 3718.393891505649
4008 3719.376032837264
4009 3719.837827555919
4010 3721.275960516551
4011 3721.955039156757
4012 3722.789123300736
4013 3723.189804057435
4014 3723.959120011756
4015 3725.089799678654
4016 3725.828952056451
4017 3726.788290848059
4018 3727.275578621914
4019 3728.511856335050
4020 3729.242340451822
4021 3729.621046800879
4022 3730.518870647071
4023 3731.349357100769
4024 3732.445510323814
4025 3733.407704720862
4026 3733.883583124786
4027 3734.738597969798
4028 3735.315106964065
4029 3736.367102453214
4030 3736.908768926038
4031 3738.306971799302
4032 3738.799481731002
4033 3739.507124314415
4034 3740.324031742384
4035 3741.394393928894
4036 3741.994450872683
4037 3742.321312273421
4038 3743.702908569374
4039 3744.870606429682
4040 3745.177913069899
4041 3746.004284273738
4042 3746.912697555593
4043 3747.157793013521
4044 3748.726537790740
4045 3749.292824710120
4046 3749.991844524192
4047 3751.155620327649
4048 3751.621219884361
4049 3752.446866820827
4050 3753.255050716877
4051 3753.914268550716
4052 3755.020660786682
4053 3755.751054992056
4054 3756.786246952881
4055 3757.444367455707
4056 3758.058206603021
4057 3758.657201341893
4058 3759.646906118335
4059 3760.776620063629
4060 3761.666833755571
4061 3762.094002205050
4062 3762.851478120368
4063 3763.941031691851
4064 3764.614881325729
4065 3765.220318895312
4066 3766.087959035818
4067 3767.210184090518
4068 3768.164270673824
4069 3768.703062719866
4070 3769.163101195418
4071 3770.300376482813
4072 3770.848697028989
4073 3771.840065901847
4074 3773.228446775342
4075 3773.327100616726
4076 3774.226728804204
4077 3775.137531469395
4078 3775.794753459315
4079 3776.632580724649
4080 3777.582464147299
4081 3778.340595068227
4082 3779.157654364026
4083 3780.273043915250
4084 3780.791848283181
4085 3781.385574414467
4086 3781.902251763741
4087 3783.501458884329
4088 3784.034253148961
4089 3784.955353291560
4090 3785.543577829203
4091 3786.307631149887
4092 3787.242311760403
4093 3787.880213834445
4094 3788.821063808249
4095 3789.570959373654
4096 3790.896466890834
4097 3791.059379564596
4098 3792.084367310779
4099 3792.805520852367
4100 3793.596713896944
4101 3794.134094246606
4102 3795.641321352942
4103 3796.217220735653
4104 3797.020161919645
4105 3797.524136050952
4106 3798.280813787927
4107 3799.381169111780
4108 3800.156826523777
4109 3800.838645693853
4110 3801.826297558736
4111 3802.653883694901
4112 3803.457179838868
4113 3804.131632500205
4114 3804.685074732917
4115 3805.527554110770
4116 3806.935507206620
4117 3807.485264874895
4118 3808.107316886598
4119 3809.223370103505
4120 3809.480754747378
4121 3810.550217631900
4122 3811.231171400129
4123 3812.496976557700
4124 3813.224073080440
4125 3813.483690141961
4126 3815.069062095932
4127 3815.250672688580
4128 3816.061112272692
4129 3816.938614107488
4130 3817.737828247957
4131 3818.980964797717
4132 3819.779300999524
4133 3820.241038574606
4134 3820.639958081347
4135 3821.930466803990
4136 3822.644940263709
4137 3823.557105139908
4138 3824.324712685599
4139 3825.266009638084
4140 3825.921999156265
4141 3826.668906561956
4142 3827.528072573599
4143 3828.086245377018
4144 3829.104852446809
4145 3830.157805550558
4146 3830.863771718146
4147 3831.635163411117
4148 3832.336112241536
4149 3832.972054591104
4150 3833.659124136644
4151 3835.189649927637
4152 3835.562259153483
4153 3836.458323294099
4154 3837.049201475809
4155 3838.069193864328
4156 3839.013058142346
4157 3839.260928780389
4158 3840.201248498629
4159 3841.520775082229
4160 3842.136820487074
4161 3843.016279952452
4162 3843.411812593333
4163 3844.458893569341
4164 3844.897653905260
4165 3846.221853879380
4166 3846.941627764310
4167 3847.768981355323
4168 3848.480542220744
4169 3849.380814066518
4170 3849.741541994859
4171 3850.981874126309
4172 3851.683913864788
4173 3852.299976919961
4174 3853.549844007442
4175 3854.259518393575
4176 3855.065651465943
4177 3855.411057087606
4178 3856.241396980845
4179 3857.328473556429
4180 3858.367356890232
4181 3859.120958711861
4182 3859.691758135622
4183 3860.309905150668
4184 3861.633523649811
4185 3861.993295076506
4186 3862.636742940382
4187 3864.002953276001
4188 3864.621698783104
4189 3865.441840852447
4190 3866.212376139973
4191 3867.113473522317
4192 3867.402501293179
4193 3868.460177823406
4194 3869.461916026297
4195 3870.631575825825
4196 3870.970009104844
4197 3871.679864275989
4198 3872.457594619759
4199 3873.440802885441
4200 3874.126331867836
4201 3875.261228440770
4202 3875.553962919288
4203 3876.906165766991
4204 3877.641394718355
4205 3878.090033087416
4206 3878.889227579634
4207 3879.552090968395
4208 3880.880165012430
4209 3881.664653416554
4210 3882.218781430948
4211 3883.180171417962
4212 3883.848426489264
4213 3884.347575611655
4214 3885.599619214966
4215 3886.203597281462
4216 3887.242303644773
4217 3887.945165193950
4218 3888.720162404418
4219 3889.486393038212
4220 3890.402201342948
4221 3890.875138855492
4222 3891.598804170160
4223 3893.196189458032
4224 3893.887460452822
4225 3893.977078497165
4226 3895.098109465418
4227 3895.728619252479
4228 3896.816388984523
4229 3897.412827939340
4230 3898.663893683575
4231 3898.954637647923
4232 3900.110807766922
4233 3900.857012934916
4234 3901.432916718718
4235 3902.119684706042
4236 3903.127923681756
4237 3904.122973880414
4238 3904.829014888966
4239 3905.847262061725
4240 3906.337079769934
4241 3906.971958619743
4242 3907.713775842777
4243 3908.945918990562
4244 3909.737822797589
4245 3910.491607509855
4246 3911.077238349542
4247 3912.061378143970
4248 3912.921404581849
4249 3913.570237904190
4250 3913.996800807612
4251 3915.416961075783
4252 3916.125257036739
4253 3917.157010841127
4254 3917.606821995409
4255 3918.029758847168
4256 3919.321648869426
4257 3919.864547310557
4258 3920.935183718395
4259 3921.812478102840
4260 3922.651878303339
4261 3923.010394755932
4262 3924.077708571797
4263 3924.803954551864
4264 3925.618305666608
4265 3926.312861431516
4266 3927.397211631947
4267 3928.453629294241
4268 3928.701921021503
4269 3929.904630033320
4270 3930.073787270710
4271 3930.969762464764
4272 3932.536078268886
4273 3933.035749854574
4274 3933.468005887113
4275 3934.511929789210
4276 3935.568533774014
4277 3935.778535890045
4278 3936.820510899381
4279 3937.669031552077
4280 3938.548753687036
4281 3939.674361971526
4282 3939.970693694584
4283 3941.035084066691
4284 3941.523940499115
4285 3942.291982898205
4286 3943.316611389171
4287 3944.325611814669
4288 3945.182314898447
4289 3945.796094394224
4290 3946.171273033878
4291 3947.400549051955
4292 3948.097413939573
4293 3948.946472322385
4294 3949.636187873053
4295 3950.673358419273
4296 3951.620909844905
4297 3952.185884638410
4298 3952.745495165384
4299 3953.516195659400
4300 3954.482442435123
4301 3955.709112716258
4302 3956.144622305739
4303 3957.161710964141
4304 3957.554219505701
4305 3958.533821878834
4306 3959.369143567976
4307 3959.946288358473
4308 3961.194366824357
4309 3961.946216031070
4310 3962.401679527006
4311 3963.529940267738
4312 3964.414545625367
4313 3964.676666475382
4314 3965.419382495934
4315 3966.823042789774
4316 3967.661038185297
4317 3968.240430033130
4318 3969.015422158063
4319 3969.545135794170
4320 3970.502737497067
4321 3971.558786224172
4322 3972.103192204104
4323 3973.050001915395
4324 3973.890276438464
4325 3974.877587054709
4326 3975.303835199606
4327 3975.915244899336
4328 3977.144140839580
4329 3977.552508581133
4330 3978.879724755910
4331 3979.713005993195
4332 3980.091892898290
4333 3980.998630873554
4334 3981.666076396865
4335 3982.393597907748
4336 3983.764484858954
4337 3984.214082886121
4338 3985.047531144466
4339 3985.784744685990
4340 3986.832087442164
4341 3987.328021594366
4342 3988.220171028447
4343 3988.611700310421
4344 3990.261503268208
4345 3990.794615378711
4346 3991.437715280286
4347 3992.173708039284
4348 3992.876651566872
4349 3993.813274767923
4350 3994.530756054404
4351 3995.747353706397
4352 3996.234223390613
4353 3997.129386114940
4354 3997.764913396015
4355 3998.724162211626
4356 3999.321070608092
4357 4000.079868829821
4358 4001.272657568140
4359 4001.739848795301
4360 4003.111405783609
4361 4003.501019011245
4362 4004.003664130147
4363 4004.686100160466
4364 4006.028416719789
4365 4006.807023717414
4366 4007.540890075560
4367 4008.244957798293
4368 4009.120800556820
4369 4009.777345313695
4370 4010.886585771884
4371 4011.067592056265
4372 4012.243236788167
4373 4013.317228755683
4374 4014.170865616250
4375 4014.428927763582
4376 4015.605401114863
4377 4016.089563999493
4378 4016.815481674279
4379 4017.963701852626
4380 4018.993351967875
4381 4019.633064902673
4382 4020.066763984773
4383 4020.964694633375
4384 4022.096537665197
4385 4022.391396505517
4386 4023.613660277938
4387 4024.102859444399
4388 4025.357099174034
4389 4026.129606388277
4390 4026.534933425263
4391 4027.390419684001
4392 4027.937256385954
4393 4029.208324699004
4394 4030.126827359136
4395 4030.827392434937
4396 4031.282442908037
4397 4032.534592852981
4398 4032.872372302775
4399 4033.680124650671
4400 4034.768803896120
4401 4035.674606102756
4402 4036.115722021976
4403 4037.450109902305
4404 4037.782429067458
4405 4038.674222383689
4406 4039.336170011561
4407 4039.996944874574
4408 4041.345990224825
4409 4042.161019351210
4410 4042.767738448996
4411 4043.363548738380
4412 4043.997508423241
4413 4045.318306915626
4414 4045.832520759924
4415 4046.459394887417
4416 4047.940661891073
4417 4048.137498713939
4418 4049.184269915555
4419 4049.923015537317
4420 4050.515994394585
4421 4051.222803354272
4422 4052.446797185608
4423 4053.270127437828
4424 4053.965731922541
4425 4054.787588692826
4426 4055.385120114266
4427 4056.031820742068
4428 4057.030266010250
4429 4058.120635771232
4430 4058.734273913027
4431 4059.414679253389
4432 4060.325060890962
4433 4061.353364682743
4434 4061.751612256847
4435 4062.357099043929
4436 4063.377001432033
4437 4064.653933140986
4438 4065.220431370762
4439 4065.899294360399
4440 4066.540510100230
4441 4067.385516094539
4442 4068.154461652496
4443 4069.178860142989
4444 4069.910871305398
4445 4070.825328266568
4446 4071.491836479225
4447 4072.386114285080
4448 4072.835902510487
4449 4073.962743296802
4450 4074.504515215140
4451 4075.401066731679
4452 4076.571486643153
4453 4077.339167476407
4454 4077.859314652128
4455 4078.284405074456
4456 4079.466410752049
4457 4080.119847704139
4458 4081.415865246969
4459 4082.054402561140
4460 4082.343723855236
4461 4083.624485569081
4462 4084.368412926671
4463 4084.935734483811
4464 4085.574380474773
4465 4086.724117942682
4466 4087.844649351420
4467 4088.159065213959
4468 4089.149616892094
4469 4089.886505804302
4470 4090.419307836790
4471 4091.224420679820
4472 4092.520631192906
4473 4093.154716095949
4474 4093.931477261632
4475 4094.731960816286
4476 4095.171803381814
4477 4096.378750282602
4478 4097.010190743048
4479 4097.668090577216
4480 4098.676621528331
4481 4099.721965411120
4482 4100.389335496203
4483 4101.026277330163
4484 4101.611659456472
4485 4102.319001315181
4486 4103.882854979806
4487 4104.073934071827
4488 4105.181789669889
4489 4106.046328115271
4490 4106.307881694506
4491 4107.683548479966
4492 4107.871492709089
4493 4109.062629924033
4494 4109.850702515697
4495 4110.764163455754
4496 4111.501098610768
4497 4112.293011809367
4498 4112.923554183901
4499 4113.909090699598
4500 4114.065025755322
4501 4115.804427352739
4502 4116.525833797828
4503 4116.933390364961
4504 4117.557244637687
4505 4118.695821288046
4506 4119.344156067893
4507 4120.087521493115
4508 4121.087460695159
4509 4121.794452730931
4510 4122.738553853614
4511 4123.590123899778
4512 4124.238292667792
4513 4124.550208283675
4514 4125.782397512945
4515 4126.604897312231
4516 4127.560734017620
4517 4128.341142237671
4518 4129.068607004809
4519 4129.618195953388
4520 4130.351854665048
4521 4131.408343786944
4522 4132.243566640736
4523 4133.090525753646
4524 4133.689525053898
4525 4134.681013888085
4526 4135.541192394239
4527 4136.030519406673
4528 4136.728910405326
4529 4137.553419095182
4530 4138.964694443754
4531 4139.532825887979
4532 4140.116126114146
4533 4140.781015177346
4534 4141.708917983554
4535 4142.439269345320
4536 4143.383431424279
4537 4144.127489014758
4538 4145.131228321568
4539 4145.894040800809
4540 4146.306004548140
4541 4147.409416740067
4542 4148.277910847017
4543 4148.418359478174
4544 4149.876614626291
4545 4150.777713699895
4546 4151.330930331128
4547 4152.332229809699
4548 4152.699510498383
4549 4153.327949907636
4550 4154.640365539761
4551 4155.493482039427
4552 4156.203979357891
4553 4156.671782721421
4554 4158.008311576994
4555 4158.430946839137
4556 4159.196244567953
4557 4159.803350442101
4558 4160.998490358077
4559 4161.731921510029
4560 4162.842101032765
4561 4163.202900124153
4562 4163.984259836016
4563 4164.670732794746
4564 4165.677637073563
4565 4166.303402631789
4566 4167.819202176678
4567 4167.960734295441
4568 4168.691306779278
4569 4169.689493042816
4570 4170.388543598831
4571 4171.368857596893
4572 4171.738366168057
4573 4172.859613716026
4574 4173.928006873706
4575 4174.652617522977
4576 4175.123346085627
4577 4175.841551472035
4578 4176.582602961424
4579 4177.689072159542
4580 4178.679857728822
4581 4179.191959955133
4582 4180.109069119028
4583 4180.675488194872
4584 4181.763648386331
4585 4182.197950744021
4586 4183.004909474803
4587 4184.289466705273
4588 4184.695271704352
4589 4185.742920674922
4590 4186.447549344434
4591 4187.256577679756
4592 4187.770411513822
4593 4188.375069782301
4594 4190.102075358336
4595 4190.301013771269
4596 4191.281212361772
4597 4191.894641840884
4598 4192.615334845585
4599 4193.514269660751
4600 4194.485403451653
4601 4194.952783041423
4602 4195.892472194361
4603 4197.158156588361
4604 4197.639802866144
4605 4198.050649946440
4606 4199.175477081816
4607 4199.639392472578
4608 4200.708643111592
4609 4201.775423225324
4610 4202.394507305137
4611 4203.266055125323
4612 4203.683820400049
4613 4204.616460161844
4614 4205.409076030138
4615 4206.324010712543
4616 4207.177675564783
4617 4208.001456835255
4618 4208.531269206171
4619 4209.943978388868
4620 4210.156818615249
4621 4210.637643116169
4622 4211.719837459016
4623 4212.865623248176
4624 4213.859656359342
4625 4214.183069734954
4626 4214.859490303932
4627 4215.798994248077
4628 4216.689287387580
4629 4217.205141525739
4630 4218.403426263315
4631 4219.107731795084
4632 4219.825372079000
4633 4220.743750326526
4634 4221.429997855365
4635 4221.998054916648
4636 4222.912030000192
4637 4223.755661543995
4638 4224.725011781057
4639 4225.710984597979
4640 4226.238953643147
4641 4226.860427052566
4642 4227.400873411053
4643 4228.669190884843
4644 4229.531671853954
4645 4230.120402649975
4646 4230.998625941553
4647 4231.864949507410
4648 4232.564574296939
4649 4233.317359027273
4650 4234.086750642326
4651 4234.562196791510
4652 4236.208662366332
4653 4236.550907683956
4654 4237.394947045214
4655 4237.984527626560
4656 4239.017344130103
4657 4239.395161437181
4658 4240.415236409238
4659 4241.692113136529
4660 4242.104527077204
4661 4242.815294104570
4662 4243.686616885487
4663 4244.537899031909
4664 4245.152961962329
4665 4246.070171770374
4666 4246.617953523024
4667 4248.073566836985
4668 4248.509198150925
4669 4249.372187501133
4670 4249.935248848809
4671 4250.464902757266
4672 4251.647362044419
4673 4252.763677540605
4674 4253.104660579591
4675 4254.145287627846
4676 4254.784458976520
4677 4255.697443523719
4678 4256.263110842080
4679 4257.043957892135
4680 4258.024310411525
4681 4258.919208962420
4682 4259.588141369590
4683 4260.711174962737
4684 4261.092385645803
4685 4261.741913472672
4686 4262.577902001172
4687 4263.533492092533
4688 4264.613449024373
4689 4265.427679019538
4690 4265.892067971068
4691 4266.368656517822
4692 4267.851875999724
4693 4268.243772934195
4694 4268.820517432229
4695 4270.012838221754
4696 4270.855725019441
4697 4271.703973547115
4698 4272.346523885688
4699 4272.875188355351
4700 4273.851561212917
4701 4274.391020983544
4702 4275.909243393164
4703 4276.241744094476
4704 4277.079406244263
4705 4278.049705375392
4706 4278.424973720642
4707 4279.293017014764
4708 4280.245349225651
4709 4281.319574797705
4710 4281.576147908576
4711 4282.797660887712
4712 4283.580983252755
4713 4284.200586067666
4714 4285.104773470842
4715 4285.225058531573
4716 4286.716758946395
4717 4287.727719786009
4718 4288.334034333668
4719 4288.799973765848
4720 4289.746672398111
4721 4290.477590018625
4722 4291.339879466423
4723 4292.128018083559
4724 4292.958694346297
4725 4293.916699648831
4726 4294.690103710551
4727 4295.223976022754
4728 4296.097089061802
4729 4296.834514803447
4730 4297.530509218856
4731 4298.528795504603
4732 4299.773729623815
4733 4300.154566564795
4734 4300.679525788740
4735 4301.591960339924
4736 4302.299155903401
4737 4303.387529214569
4738 4304.088907664797
4739 4305.079612793435
4740 4305.429740821204
4741 4306.682643684883
4742 4307.289246191617
4743 4308.093512588774
4744 4308.214321079150
4745 4309.918502952345
4746 4310.580629858039
4747 4311.176978535907
4748 4312.216012040595
4749 4312.687075920175
4750 4313.283431399213
4751 4314.452973970681
4752 4315.080874680541
4753 4316.370920219275
4754 4316.636761918163
4755 4317.548126018438
4756 4318.381207118945
4757 4319.092567282713
4758 4319.946971392966
4759 4320.477417892833
4760 4321.534743424320
4761 4322.792362085217
4762 4323.154471690073
4763 4323.815076449212
4764 4324.422681229728
4765 4325.384351135334
4766 4326.349161836699
4767 4327.249264111134
4768 4327.887669733546
4769 4328.645618723211
4770 4329.621091579202
4771 4330.144334731391
4772 4330.895349390299
4773 4331.818684110744
4774 4332.499586800783
4775 4333.797035106314
4776 4334.209712609913
4777 4335.012571775056
4778 4335.841274335985
4779 4336.529206639689
4780 4336.928233998506
4781 4338.534025208017
4782 4339.186890748417
4783 4339.743808352100
4784 4340.392161685753
4785 4341.381700304409
4786 4342.417838839470
4787 4342.522050521711
4788 4343.726759784962
4789 4344.538756578262
4790 4345.522617523695
4791 4346.324423518579
4792 4346.938272365729
4793 4347.302496058856
4794 4348.387430537069
4795 4349.344073998425
4796 4350.166083170612
4797 4350.993022730772
4798 4351.808319862461
4799 4352.389784047980
4800 4352.966830648263
4801 4354.244638693038
4802 4354.598872557086
4803 4355.720408472186
4804 4356.439851906299
4805 4357.315516633351
4806 4358.171731538756
4807 4358.759905718816
4808 4359.383439747303
4809 4360.019243579184
4810 4361.527955140584
4811 4362.125070923985
4812 4362.810973414179
4813 4363.441735435807
4814 4364.184582145270
4815 4365.361819367209
4816 4365.659292345586
4817 4366.631619871959
4818 4367.738772729472
4819 4368.369851514507
4820 4369.107295754238
4821 4369.953323673183
4822 4370.590020641552
4823 4371.239633371900
4824 4372.163729992582
4825 4373.301954470623
4826 4374.020271672283
4827 4374.848741645863
4828 4375.093028602325
4829 4376.322099833645
4830 4376.634304471454
4831 4378.170696491335
4832 4378.612083830357
4833 4379.130233460603
4834 4380.506793891043
4835 4381.104122419568
4836 4381.604556376239
4837 4382.363892131344
4838 4383.190323650059
4839 4384.230857627580
4840 4385.272125099100
4841 4385.791301888851
4842 4386.393880470885
4843 4387.246550964146
4844 4388.004808580793
4845 4388.796041573432
4846 4389.725669158618
4847 4390.700043529285
4848 4391.380658693170
4849 4391.850218161731
4850 4392.996275095643
4851 4393.648578790929
4852 4394.273369655392
4853 4394.946405478624
4854 4396.407872341588
4855 4396.889750391460
4856 4397.756183480167
4857 4398.363453636599
4858 4398.779612788453
4859 4399.999784321054
4860 4400.843743426845
4861 4401.639180235429
4862 4402.432251213354
4863 4403.091368226327
4864 4404.082628273215
4865 4404.751924173999
4866 4405.219974636921
4867 4406.232900791991
4868 4407.177479892670
4869 4408.169976357920
4870 4408.575196272382
4871 4409.770991129412
4872 4410.172985257722
4873 4410.626101284507
4874 4411.792219728372
4875 4413.013722489294
4876 4413.368181461160
4877 4414.381210352645
4878 4414.850016837192
4879 4415.785099931228
4880 4416.709069649863
4881 4417.242934099591
4882 4417.975173844646
4883 4419.072980354050
4884 4420.183574902907
4885 4420.664744604857
4886 4420.997114692587
4887 4422.066024492216
4888 4422.828045999951
4889 4423.640275567630
4890 4424.746350950925
4891 4425.571675488431
4892 4425.854739149227
4893 4426.909780557468
4894 4427.677086638743
4895 4428.263926718187
4896 4429.231503770463
4897 4430.275809395452
4898 4430.622504634351
4899 4432.019198762439
4900 4432.370522404351
4901 4433.239383449998
4902 4433.651352390657
4903 4434.557000979460
4904 4435.969049123260
4905 4436.673307565564
4906 4436.881202557460
4907 4437.997894559698
4908 4438.678513731836
4909 4439.492130255832
4910 4440.300510927290
4911 4440.953962753125
4912 4442.139642773454
4913 4442.746058047267
4914 4443.627149734475
4915 4444.189789484981
4916 4445.070342677296
4917 4445.509262823555
4918 4446.744145117660
4919 4447.495161610022
4920 4448.527392379582
4921 4449.136959428692
4922 4449.605055328621
4923 4450.306630167999
4924 4451.655213057941
4925 4452.027468639450
4926 4452.992732522543
4927 4453.787498839222
4928 4454.756374265503
4929 4455.347606322400
4930 4456.158214705995
4931 4456.777139104722
4932 4457.317664876165
4933 4458.986297179842
4934 4459.272728538100
4935 4460.341340681560
4936 4460.553372861689
4937 4461.818608876199
4938 4462.269587384297
4939 4463.024249728220
4940 4464.322171780924
4941 4464.850566867285
4942 4465.597930916539
4943 4466.468026320295
4944 4467.240635276401
4945 4467.994430401491
4946 4468.493426783287
4947 4469.473515950979
4948 4470.502447053352
4949 4471.539356907782
4950 4471.936705324139
4951 4472.595673892184
4952 4473.190597128541
4953 4474.415995796670
4954 4475.054420130206
4955 4476.051624098109
4956 4476.613917422795
4957 4477.532648439121
4958 4478.425166231148
4959 4479.027003111029
4960 4479.466729104101
4961 4480.739483930135
4962 4481.267607662191
4963 4482.519862430347
4964 4483.103742934121
4965 4483.733768507086
4966 4484.579623904339
4967 4485.064362512425
4968 4486.066056328116
4969 4487.092432697414
4970 4488.021868866835
4971 4488.464383661519
4972 4489.128869456681
4973 4490.230297235794
4974 4490.923630443870
4975 4491.610632620425
4976 4492.070793865222
4977 4493.693765945762
4978 4494.165600973819
4979 4494.782120234339
4980 4495.709837191675
4981 4496.224645112587
4982 4496.906374156882
4983 4498.237985130529
4984 4498.850380313648
4985 4499.546484391587
4986 4500.637428302812
4987 4500.976245994027
4988 4501.856492652337
4989 4502.667467072209
4990 4503.469986974257
4991 4504.360815971629
4992 4505.065756076970
4993 4506.145886859126
4994 4506.969528701822
4995 4507.138096940928
4996 4508.039558705231
4997 4508.853764762495
4998 4510.075762495721
4999 4510.950274186314
5000 4511.270882765931
5001 4512.115660170819
5002 4512.972072549772
5003 4513.882056865269
5004 4514.369285736196
5005 4515.241425595300
5006 4516.293334908347
5007 4517.108648913998
5008 4517.833065743177
5009 4518.430606097482
5010 4519.173469836263
5011 4520.021177031300
5012 4520.664876798923
5013 4521.930231583655
5014 4522.696882343484
5015 4523.367993138691
5016 4523.682005592650
5017 4524.879175615516
5018 4525.492957516249
5019 4526.391305088787
5020 4527.274806731086
5021 4527.961962708241
5022 4528.797777196967
5023 4529.931313823816
5024 4530.340280821173
5025 4530.653688985526
5026 4531.739820848752
5027 4533.002881978071
5028 4533.638391570146
5029 4534.266944253269
5030 4535.208731162859
5031 4535.669714992041
5032 4536.621671415571
5033 4537.259195259455
5034 4538.447939720530
5035 4538.916973295039
5036 4539.960891044337
5037 4540.792970298143
5038 4541.127054546544
5039 4542.337599866727
5040 4542.863121250168
5041 4543.325143454718
5042 4544.858696198000
5043 4545.634034747849
5044 4546.047345176106
5045 4546.972476697683
5046 4547.284008595041
5047 4548.548522521323
5048 4549.270437553309
5049 4550.107268751310
5050 4550.826311693803
5051 4551.813099211330
5052 4552.407748446627
5053 4553.270526467205
5054 4553.849734129729
5055 4554.502165698258
5056 4555.694014005450
5057 4556.554018793434
5058 4557.228731300287
5059 4558.022018245097
5060 4558.635992255282
5061 4559.372879177574
5062 4560.057266909676
5063 4561.259893474775
5064 4562.205520704274
5065 4562.551405935717
5066 4563.264012770437
5067 4564.602371351786
5068 4564.932109594635
5069 4565.503177402106
5070 4566.584118243402
5071 4567.339511203428
5072 4568.606098777615
5073 4569.051913128654
5074 4569.664258503103
5075 4570.307952182830
5076 4571.169479186790
5077 4572.402938575437
5078 4572.669247007692
5079 4574.006106205785
5080 4574.475220592149
5081 4575.259039143668
5082 4575.928191506583
5083 4576.921993405252
5084 4577.449079800821
5085 4578.368529701955
5086 4579.337267440840
5087 4580.141728477836
5088 4580.978085853718
5089 4581.440897418624
5090 4582.279801826097
5091 4582.743092503220
5092 4584.152171958551
5093 4585.048538304068
5094 4585.483465466932
5095 4586.064838926141
5096 4587.369369239137
5097 4587.637300854566
5098 4588.785042693023
5099 4589.077974276095
5100 4590.373148841650
5101 4591.217179732284
5102 4591.919635495795
5103 4592.548262516604
5104 4593.317623398489
5105 4594.073753232928
5106 4594.660747885105
5107 4596.088405995375
5108 4596.615761740439
5109 4597.315959460329
5110 4598.344704773603
5111 4598.513054070253
5112 4599.602850670654
5113 4600.623854264182
5114 4601.155150762595
5115 4601.956962013725
5116 4603.043902109886
5117 4603.809825751155
5118 4604.469194484607
5119 4604.862441973404
5120 4605.718668229607
5121 4606.925597659425
5122 4607.621875426324
5123 4608.694958776524
5124 4608.995884039871
5125 4609.703752285229
5126 4610.786173785863
5127 4611.486699286050
5128 4611.951734565153
5129 4613.447414347440
5130 4613.782215443310
5131 4614.628905523891
5132 4615.494469965096
5133 4616.297716905737
5134 4616.844577666395
5135 4617.427659845391
5136 4618.684076272142
5137 4619.740160360912
5138 4620.155542523325
5139 4620.966079154088
5140 4621.407983724860
5141 4622.481952154099
5142 4623.260159684391
5143 4624.176735356967
5144 4624.818046021405
5145 4625.659264147521
5146 4626.797169343656
5147 4627.062244884432
5148 4627.925468475754
5149 4628.545678106325
5150 4629.514477526025
5151 4630.680771032080
5152 4631.134645583691
5153 4632.063144449462
5154 4632.882534474776
5155 4633.154293076921
5156 4634.141349741886
5157 4635.123858849420
5158 4636.136410702257
5159 4636.576074523388
5160 4637.471221680103
5161 4638.287898537361
5162 4638.998233339919
5163 4639.840464668501
5164 4640.342670989623
5165 4641.169721420556
5166 4642.672211924372
5167 4643.205599774260
5168 4643.456725808939
5169 4644.357910003116
5170 4645.395255284373
5171 4645.799837620241
5172 4647.089116605419
5173 4647.641501419284
5174 4648.747420819897
5175 4649.015580133423
5176 4650.154619042333
5177 4650.736972686258
5178 4651.416378455600
5179 4652.299320449145
5180 4653.314497786307
5181 4653.955530347373
5182 4655.031472387372
5183 4655.535402454429
5184 4656.376338449799
5185 4656.481737099805
5186 4658.034441822932
5187 4658.900304092619
5188 4659.424117959433
5189 4660.462034951043
5190 4660.705212526791
5191 4662.117040718117
5192 4662.450981154906
5193 4663.124114449092
5194 4664.135975369810
5195 4665.171826681588
5196 4665.857831461605
5197 4666.641637964040
5198 4667.305076002882
5199 4667.761444907826
5200 4668.968003704121
5201 4669.450087344328
5202 4670.798065822443
5203 4671.337748759389
5204 4672.040990215731
5205 4672.669365843961
5206 4673.486825912757
5207 4674.484747157868
5208 4675.116655647966
5209 4675.774736487026
5210 4676.989836072861
5211 4677.651441521006
5212 4678.398732209829
5213 4679.016873807209
5214 4679.654535730433
5215 4680.395747185507
5216 4681.828701801681
5217 4682.561713487809
5218 4682.711710143842
5219 4683.846760015513
5220 4684.671479415559
5221 4685.261736807710
5222 4685.934889103623
5223 4687.133255568851
5224 4687.745283209416
5225 4688.551977930660
5226 4689.491846243908
5227 4690.081369191966
5228 4690.800541702972
5229 4691.443192858928
5230 4692.287302764739
5231 4693.495454044298
5232 4694.229025033659
5233 4695.040332768350
5234 4695.221276520772
5235 4696.212844300725
5236 4697.296566614010
5237 4697.836102810450
5238 4698.791261254089
5239 4699.420263352429
5240 4700.673343281095
5241 4701.030976578181
5242 4701.795495135739
5243 4702.583773774851
5244 4703.123412359685
5245 4704.383524367658
5246 4705.181904734067
5247 4705.858169796534
5248 4706.727330634429
5249 4707.213563782193
5250 4707.910539653610
5251 4709.005617575503
5252 4709.584069979795
5253 4710.864489375415
5254 4711.257939700051
5255 4711.881499528143
5256 4713.089506284267
5257 4713.747008675135
5258 4714.153961744714
5259 4714.854145575016
5260 4716.368835447666
5261 4716.868715754719
5262 4717.807527983158
5263 4718.131184627098
5264 4719.044831383162
5265 4719.748297253456
5266 4720.737620948839
5267 4721.594263196335
5268 4722.286909385329
5269 4723.103424116730
5270 4724.011161909179
5271 4724.603011609603
5272 4725.120455227145
5273 4726.335256129372
5274 4726.779407122797
5275 4727.776574538439
5276 4729.011593861154
5277 4729.339613707503
5278 4729.922374996747
5279 4730.893790473221
5280 4731.318122587662
5281 4732.650341394659
5282 4733.514864777772
5283 4733.963703425340
5284 4734.794697444808
5285 4735.608941036563
5286 4736.516953141004
5287 4737.139262282064
5288 4737.577658698014
5289 4738.853782170507
5290 4739.741744149167
5291 4740.597045405937
5292 4740.884240358124
5293 4741.870263000727
5294 4742.529862404534
5295 4743.264639106866
5296 4744.311203593488
5297 4745.285503929308
5298 4745.946133443259
5299 4746.370850758461
5300 4747.394456968328
5301 4748.106010756395
5302 4748.895559557551
5303 4749.626916497834
5304 4750.524500942209
5305 4751.428848624962
5306 4752.236223018907
5307 4753.104744603542
5308 4753.385574203152
5309 4753.948715605332
5310 4755.426477736053
5311 4756.161657058443
5312 4756.788687682444
5313 4757.589552540398
5314 4758.456256380575
5315 4758.922938539845
5316 4759.910566733329
5317 4760.655014121933
5318 4761.336594903763
5319 4762.545233111097
5320 4763.105110267790
5321 4763.814330898527
5322 4764.712506980853
5323 4765.279741573989
5324 4765.916682522874
5325 4766.874497247663
5326 4768.145132497660
5327 4768.776950537407
5328 4769.154349657175
5329 4769.869462075006
5330 4770.955468555290
5331 4771.658303866676
5332 4772.297697904394
5333 4773.452363574194
5334 4773.839941135078
5335 4775.162320253680
5336 4775.723635919894
5337 4776.034576683534
5338 4777.104454176949
5339 4777.677844108795
5340 4778.927043217855
5341 4779.738352014150
5342 4780.244032632113
5343 4781.138999235661
5344 4781.760148156078
5345 4782.519351253504
5346 4783.210269864243
5347 4784.616062549954
5348 4784.844275598192
5349 4785.731072564324
5350 4786.655552607009
5351 4787.582561096465
5352 4787.881488736831
5353 4788.761163500785
5354 4789.421088599075
5355 4790.869410288126
5356 4791.294410942550
5357 4792.399221931011
5358 4792.482772593986
5359 4793.337365607161
5360 4794.502739003674
5361 4795.162818583157
5362 4795.817210319164
5363 4796.964547973311
5364 4797.672973074178
5365 4798.139152456994
5366 4799.164711210012
5367 4799.780633433214
5368 4800.463182164001
5369 4801.334300323865
5370 4802.533135475949
5371 4803.069337523195
5372 4803.842181898889
5373 4804.603794080567
5374 4805.060372529507
5375 4805.884029028273
5376 4807.285040163292
5377 4807.700260067560
5378 4808.449952423194
5379 4809.226035270664
5380 4810.154042211249
5381 4810.941430264246
5382 4811.377403417387
5383 4812.109885742176
5384 4813.363994652034
5385 4814.182011210418
5386 4814.782723621184
5387 4815.631652646779
5388 4816.054630008363
5389 4817.012590351811
5390 4817.715879753623
5391 4818.794659242482
5392 4819.609117593266
5393 4820.264697586456
5394 4820.991210812751
5395 4821.661188644462
5396 4822.672253838976
5397 4823.114966573791
5398 4824.355224072108
5399 4824.568541718111
5400 4826.121591241349
5401 4826.635128778809
5402 4827.259502536203
5403 4827.630685749927
5404 4828.782724545370
5405 4829.529456484554
5406 4830.646115633037
5407 4831.434026157183
5408 4831.691440968577
5409 4832.745468039826
5410 4833.689313661725
5411 4834.089368011085
5412 4834.921009270263
5413 4835.884275808205
5414 4836.901721160559
5415 4837.464015789304
5416 4838.162410417742
5417 4839.214493569254
5418 4839.681414732953
5419 4840.037723718373
5420 4841.577325291250
5421 4842.262637810558
5422 4843.197308027046
5423 4843.469050006347
5424 4844.443349344621
5425 4845.082296038927
5426 4846.201939150660
5427 4846.688486567958
5428 4847.481715540797
5429 4848.574583302218
5430 4849.334837517907
5431 4850.054061471845
5432 4850.558805660851
5433 4851.244286157964
5434 4852.197380704311
5435 4853.298680713386
5436 4853.921841265651
5437 4854.732843018425
5438 4855.511279275095
5439 4856.001696786463
5440 4856.850377230285
5441 4857.756954933540
5442 4858.558079973408
5443 4859.495372851295
5444 4859.995624708314
5445 4861.177835112803
5446 4861.537589341215
5447 4862.532225139271
5448 4863.019591564737
5449 4863.672164725414
5450 4865.301658075222
5451 4865.692122466658
5452 4866.385833946862
5453 4866.927236649566
5454 4867.825766048529
5455 4868.936386513036
5456 4869.141687570921
5457 4870.374850860949
5458 4871.393292523148
5459 4871.540459549919
5460 4872.966289479062
5461 4873.272000460223
5462 4873.966678354534
5463 4874.789129272195
5464 4875.863089256308
5465 4876.494604897590
5466 4877.619120796594
5467 4878.229995492465
5468 4878.656066694210
5469 4879.427897347465
5470 4880.286319224583
5471 4881.480194310357
5472 4882.002669134408
5473 4882.747019534415
5474 4883.560897367997
5475 4884.535710780320
5476 4885.008780821020
5477 4885.868504050299
5478 4886.334214767822
5479 4887.542627479377
5480 4888.660309272939
5481 4889.066480066905
5482 4889.618018507676
5483 4890.672615933023
5484 4891.100196853311
5485 4892.076614723802
5486 4893.020496544557
5487 4893.831066269361
5488 4894.600863047543
5489 4895.366450930020
5490 4895.755364889129
5491 4897.070501581167
5492 4897.505722399074
5493 4898.084682871613
5494 4899.325195999705
5495 4900.168740653451
5496 4900.902826057126
5497 4901.477238120950
5498 4902.210348558132
5499 4902.700271747091
5500 4903.949431238898
5501 4904.949267530807
5502 4905.434820400520
5503 4906.049961982959
5504 4907.118563390879
5505 4907.948472247059
5506 4908.213269469288
5507 4909.197919179408
5508 4910.202776300554
5509 4910.935860485218
5510 4911.780452219615
5511 4912.710793797014
5512 4913.068418597591
5513 4913.876570951278
5514 4914.575948353421
5515 4915.575877632889
5516 4916.555581100532
5517 4917.442994461996
5518 4917.867760928987
5519 4918.360973332826
5520 4919.649332551065
5521 4920.202708560748
5522 4920.935987500134
5523 4921.701015719110
5524 4922.781217738552
5525 4923.673682117843
5526 4924.070050264211
5527 4925.083453223386
5528 4925.246586918255
5529 4926.453409138129
5530 4927.398987064032
5531 4928.197338583459
5532 4929.057944843145
5533 4929.472911301950
5534 4930.353299355899
5535 4931.226246743075
5536 4931.689079415880
5537 4932.875636072114
5538 4933.599638921947
5539 4934.290874847090
5540 4935.163815059276
5541 4936.056296509337
5542 4936.557074663553
5543 4937.253245220607
5544 4937.825355240984
5545 4939.508809650702
5546 4939.915439144113
5547 4940.350255496376
5548 4941.478627434885
5549 4941.876844516373
5550 4942.780364432698
5551 4943.801019996540
5552 4944.354956161799
5553 4945.179964740178
5554 4946.383237631989
5555 4946.706123989557
5556 4947.644362034822
5557 4948.037722588106
5558 4949.370124230519
5559 4949.461368787809
5560 4950.996255487318
5561 4951.558684572288
5562 4952.471124110588
5563 4952.915013923658
5564 4953.472403660172
5565 4954.663873181119
5566 4955.258684392399
5567 4956.381855945915
5568 4956.953241268092
5569 4957.578671105250
5570 4958.656607052636
5571 4959.450570891159
5572 4959.841504775514
5573 4960.425911834717
5574 4961.748260846473
5575 4962.613219120983
5576 4963.375465131536
5577 4963.835398626122
5578 4964.613671475043
5579 4965.471225024011
5580 4966.122835938982
5581 4967.041518652116
5582 4968.179664575846
5583 4968.523378759482
5584 4969.507470866279
5585 4970.046446971334
5586 4971.160474191334
5587 4971.501101553365
5588 4972.358271085720
5589 4973.368789643285
5590 4974.158516898902
5591 4975.261853145213
5592 4975.623225187341
5593 4976.183877897934
5594 4976.867570893184
5595 4978.085863687577
5596 4978.957935224706
5597 4979.474976252143
5598 4980.383851844324
5599 4981.130687577421
5600 4981.933804379357
5601 4982.517385427856
5602 4983.373883576954
5603 4984.039829917922
5604 4985.096266904018
5605 4986.180499354909
5606 4986.426179281492
5607 4987.265736461816
5608 4988.177887232202
5609 4988.648311493675
5610 4989.410990138607
5611 4990.903942973420
5612 4991.370906395360
5613 4991.835649542409
5614 4992.704323084002
5615 4993.668103051574
5616 4994.205950378753
5617 4995.206439586403
5618 4995.619453619930
5619 4996.828850593628
5620 4997.713046487097
5621 4998.347232397370
5622 4998.897792966424
5623 4999.707912483055
5624 5000.200764657571
5625 5001.774580753311
5626 5001.977951537943
5627 5003.078856339589
5628 5003.773426868188
5629 5004.343724936885
5630 5005.237714490054
5631 5005.889236823841
5632 5006.731657221454
5633 5007.823578687163
5634 5008.225128762854
5635 5009.259644779354
5636 5010.155297808196
5637 5010.688949352632
5638 5011.168531745083
5639 5012.030632136977
5640 5013.165321895647
5641 5014.049646929623
5642 5014.858505995582
5643 5015.217645145896
5644 5015.867877669525
5645 5017.109798833795
5646 5017.676223381075
5647 5018.271069371659
5648 5019.327664263726
5649 5020.318922937338
5650 5020.810151276823
5651 5021.630799408429
5652 5022.307524849983
5653 5023.079565712339
5654 5023.658436903279
5655 5024.879435355543
5656 5025.869915129755
5657 5026.142515103017
5658 5027.114650411883
5659 5027.862517939680
5660 5028.185538637385
5661 5029.543188168991
5662 5030.182639877481
5663 5031.174837147060
5664 5031.429378764194
5665 5032.810340916272
5666 5033.405045763798
5667 5033.826910059626
5668 5034.604744607556
5669 5035.484881121203
5670 5036.663479119675
5671 5037.437620780339
5672 5037.901599974048
5673 5038.592710611059
5674 5039.508603870699
5675 5040.113508120420
5676 5041.018921187777
5677 5041.959262217155
5678 5042.727137600697
5679 5043.386677662403
5680 5044.434681656328
5681 5044.632594171251
5682 5045.875959997643
5683 5046.333209069071
5684 5047.060917859802
5685 5048.280946747792
5686 5049.152704662293
5687 5049.712674719445
5688 5050.222670640164
5689 5050.899610740816
5690 5051.944093152208
5691 5052.776450373921
5692 5053.693457669450
5693 5054.246350399695
5694 5055.147841146426
5695 5055.772182756446
5696 5056.868512016418
5697 5057.257234855601
5698 5057.723768260738
5699 5059.314760421236
5700 5059.790286920791
5701 5060.469468595916
5702 5061.640721761767
5703 5061.866503100640
5704 5062.617981887337
5705 5063.422378437218
5706 5064.600935835074
5707 5065.304332047790
5708 5066.181815824401
5709 5066.487109058207
5710 5067.555277979507
5711 5068.291707225056
5712 5068.985680270654
5713 5069.822062316048
5714 5070.402197487425
5715 5071.855938217724
5716 5072.246885221946
5717 5073.038822217554
5718 5073.415848988175
5719 5074.387275167720
5720 5075.207370261330
5721 5076.284909946177
5722 5076.874188455811
5723 5077.761196879847
5724 5078.332826378743
5725 5079.171425247736
5726 5079.871593136716
5727 5080.582006661534
5728 5081.651749077891
5729 5082.151208120082
5730 5083.364978903080
5731 5083.811519852279
5732 5084.726690499771
5733 5085.343406654614
5734 5085.876980119380
5735 5086.734981376059
5736 5088.267989231300
5737 5088.555249739671
5738 5089.224582025638
5739 5089.857510800288
5740 5090.929101674136
5741 5091.751999956772
5742 5092.006569198638
5743 5093.329749326356
5744 5093.913468036576
5745 5094.888422952085
5746 5095.719379756154
5747 5096.128766838109
5748 5096.940161734904
5749 5097.597136140730
5750 5098.658380492540
5751 5099.555050923049
5752 5100.232365100618
5753 5101.194289887088
5754 5101.642550564688
5755 5102.112361510969
5756 5103.311836128400
5757 5104.285252172453
5758 5104.563633829575
5759 5105.802023186244
5760 5106.364078038303
5761 5107.280689736878
5762 5108.064789477276
5763 5108.506426255885
5764 5109.101036405037
5765 5110.406666637459
5766 5111.402222113986
5767 5111.838046188390
5768 5112.541178265499
5769 5113.275392247364
5770 5114.078744609479
5771 5114.924810660664
5772 5115.544482920439
5773 5116.674355398033
5774 5117.460314459586
5775 5117.859594200064
5776 5118.964003555230
5777 5119.514457417685
5778 5120.306426923293
5779 5120.904111657644
5780 5121.884070911971
5781 5123.075886992912
5782 5123.661610243240
5783 5124.071683847249
5784 5124.998953447003
5785 5125.523032851705
5786 5126.544812778568
5787 5127.596898853920
5788 5128.242654678487
5789 5128.632036178552
5790 5129.999041862569
5791 5130.600335752368
5792 5130.919063761732
5793 5131.908489167871
5794 5132.657946228453
5795 5133.757819289545
5796 5134.422325082677
5797 5135.307604368491
5798 5136.007311171768
5799 5136.293111668711
5800 5137.483736222493
5801 5137.997942251098
5802 5139.189414084627
5803 5139.989469424056
5804 5140.599565714655
5805 5141.125808945400
5806 5142.158958104132
5807 5143.003247888892
5808 5143.524154300626
5809 5144.115583690148
5810 5145.444959221941
5811 5146.250571535920
5812 5146.850913932090
5813 5147.419875341985
5814 5148.192553800087
5815 5148.839915688159
5816 5149.979780106252
5817 5150.819161129142
5818 5151.402860662180
5819 5152.301265606218
5820 5152.960445454195
5821 5153.701115623572
5822 5154.456354895942
5823 5155.154995253796
5824 5156.122783158255
5825 5156.941170218407
5826 5157.739489822172
5827 5158.474898781756
5828 5159.317102773981
5829 5159.979765420369
5830 5160.060902598453
5831 5161.902835717480
5832 5162.281693229599
5833 5163.298338812985
5834 5163.708291300454
5835 5164.498594734750
5836 5165.450463498770
5837 5166.147910904588
5838 5166.775327284230
5839 5167.701484634591
5840 5168.582805013950
5841 5169.591259183802
5842 5170.165368837424
5843 5170.445259892237
5844 5171.568880424837
5845 5172.293682927608
5846 5173.002193889577
5847 5174.300253791604
5848 5174.866400094013
5849 5175.341428584870
5850 5176.109011566432
5851 5177.057139209573
5852 5177.644722949645
5853 5178.607662266783
5854 5179.522499306110
5855 5179.975224452945
5856 5181.080079856402
5857 5181.919285288384
5858 5182.326139845884
5859 5182.986600782457
5860 5183.703700008767
5861 5185.192960128306
5862 5185.640098377596
5863 5186.411904411649
5864 5186.943687379351
5865 5188.042203213185
5866 5188.362701431697
5867 5189.501838889901
5868 5190.077784782448
5869 5191.197983396806
5870 5191.789127522901
5871 5192.589409063998
5872 5193.310993082425
5873 5194.171600429556
5874 5194.573595286317
5875 5195.504530224824
5876 5196.495687697840
5877 5197.466727975609
5878 5198.145633373575
5879 5198.682191063590
5880 5199.227377514296
5881 5200.134654963216
5882 5201.271640416328
5883 5201.868422878160
5884 5202.465508447167
5885 5203.666479986595
5886 5204.126739738994
5887 5205.012666364498
5888 5205.595793285086
5889 5206.352475296308
5890 5207.031454787788
5891 5208.475486790380
5892 5208.896816755615
5893 5209.488073367733
5894 5210.536309977463
5895 5210.898931789278
5896 5211.822113764730
5897 5212.503677088726
5898 5213.881124590855
5899 5214.271087059497
5900 5214.885862210110
5901 5215.760177678266
5902 5216.831733524552
5903 5217.154757062674
5904 5217.902492591098
5905 5218.796908832181
5906 5219.860157554259
5907 5220.628030824973
5908 5221.492660774786
5909 5221.799590944786
5910 5222.353463286180
5911 5223.725933563016
5912 5224.150622059988
5913 5225.344863401066
5914 5225.846664534030
5915 5226.646954749666
5916 5227.516507804889
5917 5228.157320157813
5918 5228.721441245608
5919 5229.770972670040
5920 5230.472346611058
5921 5231.330048283687
5922 5232.340743496970
5923 5232.895712275163
5924 5233.517734707665
5925 5234.273667910171
5926 5234.819751135918
5927 5236.124244561055
5928 5237.023975081459
5929 5237.396431635523
5930 5238.381913327776
5931 5238.721870383484
5932 5240.100737665966
5933 5240.485478513746
5934 5241.042723705755
5935 5242.141711587257
5936 5243.268606392585
5937 5243.782274983486
5938 5244.279424293300
5939 5245.394767382938
5940 5245.736149334889
5941 5246.509581147247
5942 5247.848259693549
5943 5248.380176693940
5944 5249.191037091768
5945 5249.924248201529
5946 5250.558217400672
5947 5251.268651323918
5948 5252.153402150561
5949 5253.110676698625
5950 5253.661490074526
5951 5254.475689501648
5952 5255.773341052122
5953 5255.952056367501
5954 5256.797971786833
5955 5257.276205042914
5956 5258.249142207751
5957 5259.474361000609
5958 5260.062409119438
5959 5260.821483536620
5960 5261.302270265907
5961 5262.282804706991
5962 5262.941644367750
5963 5263.828602845194
5964 5264.399960323617
5965 5265.597964898032
5966 5266.229284265575
5967 5266.845421493077
5968 5267.884586111438
5969 5268.253739893658
5970 5269.119216565961
5971 5269.811976917845
5972 5270.858497114434
5973 5271.948638863816
5974 5272.505478316420
5975 5272.809043966372
5976 5273.658878639770
5977 5274.775900431189
5978 5275.252140527612
5979 5276.323514825507
5980 5277.021657523311
5981 5277.669997865114
5982 5278.733077063555
5983 5279.379447649835
5984 5279.968142240654
5985 5280.414319154648
5986 5281.679843263019
5987 5282.635393400265
5988 5283.220025992005
5989 5283.970283949174
5990 5284.718381678981
5991 5285.491045551244
5992 5285.851431943111
5993 5287.139595635315
5994 5288.020305071416
5995 5288.473226998039
5996 5289.457555089448
5997 5290.177342950032
5998 5290.764201608090
5999 5291.816188553595
6000 5292.270171355699
